top,bot,topf,botf,height,n_chars,line_path,text
True,True,0.4727822580645161,0.3800403225806452,54,10,diksita1895__00c__line_1518610818277_1.png,जीवनचरित्र
True,False,0.3741258741258741,0.0,69,6,diksita1895__00c__r3l12.png,जिसमें
True,True,0.6059678653404744,0.03442999234889059,73,32,diksita1895__00c__r3l15.png,श्रीमान् भार्गवकुलकमलप्रकाशक मा-
True,True,0.20979591836734693,0.03183673469387755,62,29,diksita1895__00c__r3l20.png,"र्तण्ड मुंशी नवलकिशोर जी (सी,"
True,False,0.23132313231323132,0.0153015301530153,62,27,diksita1895__00c__r3l24.png,"आई, ई) का विमलचरित्र जन्ममे"
True,False,0.3110236220472441,0.010498687664041995,58,26,diksita1895__00c__r3l30.png,लेकर मरणपर्यन्त वर्णितहै ॥
True,False,0.5092592592592593,0.0,61,5,diksita1895__00c__r3l34.png,जिसको
True,True,0.21958925750394945,0.04660347551342812,59,34,diksita1895__00c__line_1518610839603_2.png,उन्नाम प्रदेशान्तर्गत मसवासी ग्राम
True,True,0.21560035056967572,0.11305872042068361,77,30,diksita1895__00c__line_1518610859368_3.png,निवासी पण्डित बन्दीदीन दीक्षित
True,False,0.386013986013986,0.0,66,24,diksita1895__00c__r3l48.png,ने उत्तम ललित छन्दों में
True,False,0.2532347504621072,0.0036968576709796672,60,14,diksita1895__00c__r3l51.png,निर्मित किया ॥
True,False,0.6888472352389878,0.023430178069353328,63,35,diksita1895__00c__r3l58.png,श्रीबाबू प्रयागनारायण की आज्ञानुसार
True,False,0.3826291079812207,0.0,67,9,diksita1895__00c__r3l62.png,प्रथम बार
True,True,0.2909090909090909,0.3090909090909091,54,1,diksita1895__00c__line_1518610885849_5.png,3
True,True,0.44642857142857145,0.21565934065934067,70,4,diksita1895__00c__line_1518610883333_4.png,लखनऊ
True,False,0.28818244644091223,0.025570145127850726,66,45,diksita1895__00c__r3l74.png,"मुंशी नवलकिशोर (सी, आई, ई) के छापेखानेमें छपा"
False,False,0.004497751124437781,0.0,79,16,diksita1895__00c__r3l76.png,मई सन् १८९४ ई० ॥
True,True,0.700228832951945,0.4874141876430206,58,15,diksita1895__01__line_1518611095647_6.png,श्री गणेशाय नमः
True,False,0.30105017502917153,0.022753792298716453,116,26,diksita1895__01__r3l5.png,श्रीमान् मुंशीनवलकिशोरजीको
True,False,0.3132434575733545,0.004758128469468675,125,22,diksita1895__01__r3l6.png,जीवनचरित्र प्रारम्भ: ॥
False,False,0.0,0.0,125,10,diksita1895__01__r3l7.png,षट्पदछंद ॥
True,False,0.03211859172328598,0.0,112,28,diksita1895__01__r3l8.png,लंबोदर गजबदन कदन घन विघन पगा
False,False,0.010688836104513063,0.0,109,32,diksita1895__01__r3l9.png,न । अशरन शरन कृपाल विकट संकट हठि
True,False,0.1783402001177163,0.015303119482048263,107,32,diksita1895__01__r3l10.png,रन ॥ सुर सरदार उदार दार चारहु फल
True,True,0.1257378984651712,0.031877213695395513,106,33,diksita1895__01__r3l11.png,को । यश अपार शुचिसार वेद विस्तारत
False,True,0.02333931777378815,0.036505086774386596,111,33,diksita1895__01__r3l12.png,को ॥ ध्याय ताहि लवलाय पग चाहि दया
True,False,0.10307982401005657,0.01508485229415462,103,34,diksita1895__01__r3l13.png,कोरको । बरणहुं जीवन चरित कछु श्रीम
True,False,0.2807625649913345,0.0,116,10,diksita1895__01__r3l14.png,लकिशोरको ॥
True,False,0.6902173913043478,0.0,105,7,diksita1895__01__r3l15.png,सोरठा ॥
True,False,0.10579345088161209,0.0,122,35,diksita1895__01__r3l16.png,ऋषिते उत्पत्ति ज्यहिकुलकीभइजगतमहँ ।
True,False,0.27256637168141595,0.0,105,12,diksita1895__02__r3l1.png,जीवनचरित्र ।
True,True,0.1568627450980392,0.27450980392156865,54,1,diksita1895__02__line_1518611272846_13.png,२
True,False,0.12171428571428572,0.0,117,40,diksita1895__02__r3l2.png,भार्गवकुलस्वइसत्ति विदित भयोअतिबृद्धिलहि
True,False,0.43197278911564624,0.0,81,6,diksita1895__02__r3l3.png,दाहा ॥
True,True,0.7984588026081803,0.046235921754593956,95,38,diksita1895__02__r3l4.png,जनमें त्यहिकुल धवलमहँ श्रीयमुनापरसाद ।
True,False,0.6301204819277109,0.0,104,33,diksita1895__02__line_1518611253183_12.png,जिनको यशवर्णनकरत भरत हृदय अहलाद ॥
True,False,0.2738336713995943,0.0,91,9,diksita1895__02__r3l9.png,सरसीछंद ॥
True,True,0.7420362273579013,0.04559650218613367,85,35,diksita1895__02__r3l10.png,पश्चिम देश प्रदेश बेश शुभ जासु अली-
False,False,0.026903262736119062,0.010875787063537493,115,38,diksita1895__02__line_1518611241198_11.png,गढ़ नाम । त्यहि अन्तर्ग्गत बसत लसत इक-
False,False,0.029344073647871116,0.0,109,42,diksita1895__02__line_1518611236236_10.png,सुभग सासनी ग्राम ॥ बृन्द भार्ग्गव बहुनि ब-
True,False,0.7637614678899083,0.0028669724770642203,93,33,diksita1895__02__r3l15.png,सत तहँ अति अनन्द दरशाय । औरहु इतर
True,False,0.7082794307891332,0.0,107,31,diksita1895__02__line_1518611226375_9.png,वर्ण राजत तहँ धनिक बनिक बरभाय ॥
True,False,0.35443037974683544,0.022151898734177215,56,6,diksita1895__02__r3l20.png,दोहा ॥
True,True,0.3008177570093458,0.04205607476635514,71,37,diksita1895__02__r3l21.png,श्री यमुना परसाद के पितृ पितामह आदि ।
True,True,0.06539966461710453,0.10452766908887647,86,41,diksita1895__02__line_1518611209604_7.png,बसेप्रथमत्यहि ग्राममहँ सुखसह रहित उपाधि ॥
True,True,0.826890756302521,0.33949579831932775,62,11,diksita1895__02__line_1518611217534_8.png,ककुभाछन्द ॥
True,True,0.43523002421307505,0.0599273607748184,64,38,diksita1895__02__r3l30.png,करी बहुत एकत्र रियासत महि ग्राम(...)दि
True,False,0.7304615384615385,0.012923076923076923,91,39,diksita1895__02__r3l31.png,इलाका । धाम ललाम रचे विरचे बाँ(...)ध्यो
True,False,0.05942995755003032,0.02304426925409339,100,33,diksita1895__02__r3l33.png,सुयश पताका ॥ करि बहुकाल विशाल भोग
True,False,0.03208232445520581,0.02784503631961259,100,44,diksita1895__02__r3l35.png,सुख अन्त गये सुर धामहिं । उज्ज्वल कीर(...)ति
True,False,0.7138221933809215,0.001946787800129786,91,38,diksita1895__02__r3l36.png,ते प्रगट्यो बहु जगत माहिं निज नामहिं ॥
True,True,0.7027027027027027,0.35,59,17,dudhadasa1900__01__line_1518443504242_245.png,रामाश्वमेध भाषा ॥
True,False,0.21666666666666667,0.0,60,3,dudhadasa1900__01__line_1518443500302_244.png,186
True,True,0.8351648351648352,0.04395604395604396,57,6,dudhadasa1900__01__line_1518443498082_243.png,जिसमें
True,True,0.7077798861480076,0.05502846299810247,48,41,dudhadasa1900__01__line_1518443484577_242.png,जीकी आज्ञानुसार बाल्मीक्याश्रम समीप जानकी
True,True,0.5054012345679012,0.10108024691358025,47,53,dudhadasa1900__01__line_1518443479612_241.png,का परित्याग व बाल्मीक्याश्रममें जानकी निवास व लवकुशो-
True,False,0.7661835748792271,0.021256038647342997,47,44,dudhadasa1900__01__line_1518443469633_240.png,मचन्द्रजी कृत अश्वमेध यज्ञार्थ वाजिपर्यटन और
True,True,0.5852036575228595,0.040731504571903575,49,48,dudhadasa1900__01__line_1518443465001_239.png,दिग्विजय व लव कुश कृत वाजिबन्धन पश्चात् शत्रुध्न
True,True,0.809040590405904,0.03413284132841329,45,46,dudhadasa1900__01__r7l39.png,भरत लक्ष्मणादि व लव कुशसे परस्पर युद्ध कथा अति
True,False,0.775,0.006521739130434782,46,40,dudhadasa1900__01__r7l41.png,विचित्र दोहा चौपाई आदि छंदोंमें वर्णितहै
True,True,0.10328638497652583,0.09859154929577464,60,5,dudhadasa1900__01__line_1518443451514_238.png,जिसको
True,True,0.49961089494163424,0.051361867704280154,48,54,dudhadasa1900__01__r7l43.png,श्रीपरमहंसाग्रगण्य श्रीबाबा दूधदासने रामरसरसिक पुरुषों
True,True,0.6767676767676768,0.03282828282828283,42,54,dudhadasa1900__01__r7l45.png,के अवलोकनार्थ भक्ति पूर्व्वक बड़े परिश्रमसे संस्कृत से
True,False,0.7177177177177178,0.012012012012012012,51,28,dudhadasa1900__01__r7l46.png,भाषा छंद बंधमें निर्मित किया
True,True,0.08256880733944955,0.05963302752293578,59,9,dudhadasa1900__01__line_1518443432065_237.png,दूसरी बार
True,False,0.20089285714285715,0.0,47,4,dudhadasa1900__01__r7l50.png,लखनऊ
True,False,0.14710743801652892,0.01818181818181818,53,44,dudhadasa1900__01__r7l51.png,"मुंशीनवलकिशोर (सी, आई, ई) के छापेखानेमें छपी"
True,True,0.030303030303030304,0.030303030303030304,53,11,dudhadasa1900__01__r7l52.png,सन् १९०० ई०
True,True,0.13333333333333333,0.15454545454545454,51,40,dudhadasa1900__01__r7l55.png,कापीराइट महफूज़ है बहक़ इस छापेखाने के ॥
True,True,0.5621399176954732,0.1794238683127572,65,31,dudhadasa1900__02__line_1518443564367_246.png,अश्वमेधयज्ञ श्रीरामचन्द्रजीकी ॥
False,True,0.026785714285714284,0.10714285714285714,60,7,dudhadasa1900__02__line_1518443567010_247.png,सोरठा ॥
True,True,0.05761641673243883,0.0978689818468824,68,38,dudhadasa1900__02__line_1518443573165_248.png,बन्दौं चरण पुनीत गुण प्रतिपालन गजवदन ।
True,True,0.10093896713615023,0.048513302034428794,74,36,dudhadasa1900__02__line_1518443581734_249.png,जे पूजत करि प्रीत होत परम कल्याणमय ॥
True,True,0.0875684128225176,0.10711493354182955,74,40,dudhadasa1900__02__line_1518443588669_250.png,बन्दौं गुरु पदरेनु मन रञ्जन अञ्जन दृगन ।
True,True,0.10401891252955082,0.1875492513790386,68,38,dudhadasa1900__02__line_1518443596014_251.png,मुद मंगल सुख देनु सूझिपरै रघुबर चरित ॥
True,True,0.1178318931657502,0.23644933228593873,65,38,dudhadasa1900__02__line_1518443603487_252.png,बन्दौं तनयसमीर ज्ञानखान रघुनाथ प्रिय ।
True,True,0.04094488188976378,0.09212598425196851,74,36,dudhadasa1900__02__line_1518443610532_253.png,जासु हृदय रघुबीर बसहिं सदा शरचापधर ॥
True,True,0.07187993680884676,0.04818325434439179,71,36,dudhadasa1900__02__line_1518443617602_254.png,बन्दौं अज सनकादि सनक सनातन जय विजय ।
True,True,0.07472178060413355,0.08187599364069953,74,37,dudhadasa1900__02__line_1518443625368_255.png,ऋषि परमारथवादि जे नित गावहिं राम यश ॥
True,True,0.09508716323296355,0.12123613312202852,65,39,dudhadasa1900__02__line_1518443632315_256.png,बन्दौं सिन्धुसुजान शैलसुता षटमुख सहित ।
True,True,0.09330143540669857,0.06220095693779904,77,34,dudhadasa1900__02__line_1518443642227_257.png,सकल सुमंगलखान नन्दीपति गिरिजारमण ॥
True,True,0.0705045278137128,0.09508408796895214,63,45,dudhadasa1900__02__line_1518443653535_258.png,बन्दौं रघुबर पद जलजाता । आरतिहरण परमसुखदाता ॥
True,True,0.05138086062941554,0.09698137443802184,65,51,dudhadasa1900__02__line_1518443663746_259.png,पुनि लक्ष्मण युगचरण नमामी । बीर धुरीण राम अनुगामी ॥
True,True,0.1055699481865285,0.06930051813471502,74,49,dudhadasa1900__02__line_1518443671365_260.png,बन्दौं चरण भरत द्वउ भाई । शील सनेह ज्ञान अधिकाई ॥
True,True,0.0952994204764971,0.07791371538956858,68,47,dudhadasa1900__02__line_1518443679868_261.png,बन्दौं तीरथराज प्रयागा । मज्जनते कोटिन अघभागा ॥
True,True,0.12580645161290321,0.03096774193548387,77,53,dudhadasa1900__02__line_1518443689348_262.png,बन्दौं साधु सन्त जग जेते । करौं प्रणाम नाय शिर तेते ॥
True,True,0.052869116698903935,0.07092198581560284,80,53,dudhadasa1900__02__line_1518443697579_263.png,गिरामूक शारद श्रुति शेशा । सुर मुनि नारद सप्त ऋषेशा ॥
True,True,0.3430232558139535,0.0355297157622739,71,47,dudhadasa1900__02__line_1518443706977_264.png,महि पाताल अकाश समेता । भूधर विटप पयोनिधि सेता ॥
True,False,0.4260355029585799,0.0,59,12,dudhadasa1900__03__r1l1.png,रामाश्वमेध ।
True,True,0.5862068965517241,0.20689655172413793,57,1,dudhadasa1900__03__line_1518446009048_265.png,३
True,True,0.04871794871794872,0.1032051282051282,84,48,dudhadasa1900__03__line_1518446019588_266.png,बन्दौं करजोरे सब काहू । दनुजमण्डली रवि शशिराहू ॥
True,True,0.07101355713363461,0.0987734021949645,93,50,dudhadasa1900__03__line_1518446027643_267.png,यह बर देउ धरौं पद माथा । बरणों यश निर्मल रघुनाथा ॥
True,True,0.07555898226676946,0.09560524286815729,75,45,dudhadasa1900__03__line_1518446035227_268.png,दो० श्रोता बक्ता युगों युग जे प्रवीण गुणखान ।
True,True,0.08848797250859107,0.16838487972508592,74,37,dudhadasa1900__03__line_1518446044784_269.png,कृपाकरहु सेवक समुझि तजि इरषा अभिमान ॥
True,True,0.06201550387596899,0.12338501291989665,83,46,dudhadasa1900__03__line_1518446052822_270.png,आगर जेते जीव जहाना । बरणों सबहिं जोरियुगपाना ॥
True,True,0.09302325581395349,0.11627906976744186,87,48,dudhadasa1900__03__line_1518446062256_271.png,रघुबर चरित चहूंदिशि पावन । सुखदभवनशुभमोरसुहावन ॥
True,True,0.08611825192802057,0.16838046272493573,73,49,dudhadasa1900__03__line_1518446075361_272.png,स्वइ रघुबीर अनूपम गाथा । कहिहौं गुरुपदरजधरिमाथा ॥
True,True,0.08,0.11483870967741935,80,45,dudhadasa1900__03__line_1518446086559_273.png,जोशिवमुदितउमासनभाषी । सुनतकथारुचिअतिअभिलाषी ॥
True,True,0.06274256144890039,0.14747736093143596,77,47,dudhadasa1900__03__line_1518446097907_274.png,बोलीं सरल सुधा सम बानी । पारबती गिरिराज भवानी ॥
True,True,0.05508749189889825,0.057679844458846406,83,51,dudhadasa1900__03__line_1518446111791_275.png,लव कुश जन्म यथा श्रुतिगाई । नाथ कृपाकरि कहौ बुझाई ॥
True,True,0.12210796915167095,0.06940874035989718,75,54,dudhadasa1900__03__line_1518446122953_276.png,सुनत बचन गिरिजा त्रिपुरारी । प्रभुपदप्रीतिजानिअधिकारी॥
True,True,0.03051948051948052,0.07727272727272727,83,51,dudhadasa1900__03__line_1518446134885_277.png,धन्य धन्य हिमवन्त कुमारी । तुससमनहिंक्वउजगहितकारी ॥
True,True,0.03495145631067961,0.11197411003236246,82,52,dudhadasa1900__03__line_1518446146200_278.png,जगहित प्रश्न तुम्हार भवानी । कहौंसुनहुनिश्चचयजियआनी॥
True,True,0.20077220077220076,0.12664092664092663,62,38,dudhadasa1900__03__line_1518446155124_279.png,दो० सुखसागर पावन परम रघुबर चरित अनूप ।
True,True,0.13584574934268187,0.04119193689745837,83,34,dudhadasa1900__03__line_1518446164360_280.png,चरण सरस्वति नायशिरबरणोंमतिअनुरूप ॥
True,True,0.1251604621309371,0.1116816431322208,75,50,dudhadasa1900__03__line_1518446179295_281.png,करौंललितशुभचरित अरम्भा । ज्यहिसुनिमिटैमोहमददम्भा ॥
True,True,0.0463618802318094,0.09207984546039923,91,45,dudhadasa1900__03__line_1518446187183_282.png,एक समय शंकर अविनाशी । सुखमासदन ज्ञानगुणराशी ॥
True,True,0.09511568123393316,0.11118251928020566,86,46,dudhadasa1900__03__line_1518446194422_283.png,योगासन रवि कामद सोहै । देखिस्वरूप चराचर मोहै ॥
True,True,0.10458360232408005,0.15171078114912848,80,45,dudhadasa1900__03__line_1518446201813_284.png,जगजननी तहँ शैलकुमारी । छिनछिनपतिआयसुअनुसारी ॥
True,True,0.0625,0.08311855670103092,76,46,dudhadasa1900__03__line_1518446209636_285.png,जो अनुशासन शंकर पावैं । करतसोकाजअबार न लावैं ॥
True,True,0.08198837959974177,0.11684958037443512,82,49,dudhadasa1900__03__line_1518446219742_286.png,नित नूतन हरिचरित अनूठे । प्रथमहिंशंभुबचनकह मीठे ॥
True,True,0.09185667752442997,0.15830618892508144,75,52,dudhadasa1900__03__line_1518446229878_287.png,गदगद कणठ होहिं बश प्रेमा । कृपानिधान शंभु दृढ़नेमा ॥
True,True,0.1394448030987734,0.0987734021949645,87,51,dudhadasa1900__03__line_1518446239665_288.png,दशाबिलोकि मुदित गिरिजाई । बाढ़ी प्रीति चरण रघुराई ॥
True,True,0.09902912621359224,0.11521035598705502,93,49,dudhadasa1900__03__line_1518446249531_289.png,प्रथमहिं ते सब चरितसुनावा । सियबनगमनसुनतदुखपावा ॥
True,True,0.13425925925925927,0.09259259259259259,84,39,dudhadasa1900__03__line_1518446258477_290.png,दो० नयन नीरभरबिकल तनु जक्त मात करजोरि ।
True,True,0.12937062937062938,0.131993006993007,76,38,dudhadasa1900__03__line_1518446267496_291.png,बोलीं सन्मुख प्राणपति बचन अमीरस बोरि ॥
True,True,0.10244845360824742,0.16494845360824742,84,55,dudhadasa1900__03__line_1518446278111_292.png,नाथ चरित प्रभु सिन्धु अपारा । को अस मूढ़ जु चाहै पारा ॥
True,True,0.42592592592592593,0.2222222222222222,56,1,dudhadasa1900__04__line_1518447017572_293.png,४
True,False,0.8005952380952381,0.01488095238095238,55,12,dudhadasa1900__04__r1l1.png,रामाश्वमेध ।
True,True,0.22857142857142856,0.14155844155844155,65,50,dudhadasa1900__04__line_1518447026867_294.png,प्रथमजोकहसियविपिननिकारी । सुनि संदेह भयो उर भारी ॥
True,True,0.033700583279325985,0.060272197018794556,83,55,dudhadasa1900__04__line_1518447036248_295.png,क्यहि कारण प्रभु दीनसनेही । दीन्ह्यो बास विपिन बैदेही ॥
True,True,0.1352405721716515,0.06176853055916775,72,49,dudhadasa1900__04__line_1518447048574_296.png,का अपराध जानकी कीन्हा । कृपासिंधुजेहिलगिबनदीन्हा॥
True,True,0.18803418803418803,0.04602235371466141,71,51,dudhadasa1900__04__line_1518447057199_297.png,भयो शोच प्रभुशोच निबेरी । कहो बुझाय जानिम्वहिंचेरी॥
True,True,0.12034009156311315,0.030739045127534337,67,49,dudhadasa1900__04__line_1518447065508_298.png,यावत नभ विधि विष्णुपुरारी । प्रथमलीकजगअवनिकुमारी॥
True,True,0.1964520367936925,0.09592641261498029,65,54,dudhadasa1900__04__line_1518447073182_299.png,जासु दृष्टि उपजैं गुण खानी । कोटिन रमा उमा ब्रह्मानी ॥
True,True,0.14145383104125736,0.07727570399476097,63,54,dudhadasa1900__04__line_1518447082085_300.png,इन्द्रबधू सुर मुनि ऋषिनारी । सदा जासु रुखरहैं निहारी ।
True,True,0.09084924292297564,0.031599736668861095,63,51,dudhadasa1900__04__line_1518447091737_301.png,त्यागन विपिन योगनहिं सीता । महादेवकह विधि विपरीता ॥
True,True,0.11191335740072202,0.03032490974729242,59,44,dudhadasa1900__04__line_1518447098181_302.png,दो० विपिन बास सुनि विकलभइँ गिरिनंदिनी खगेश ।
True,True,0.060926076360682375,0.07311129163281885,58,39,dudhadasa1900__04__line_1518447102213_303.png,प्रभु इतिहास अनूप तब कह्यो बुझाय महेश ॥
True,True,0.22083879423328964,0.05242463958060288,65,48,dudhadasa1900__04__line_1518447106251_304.png,असकछु दशाविलोकि भवानी । बोले हर प्रिय कोमलबानी ॥
True,True,0.18651832460732984,0.2630890052356021,62,46,dudhadasa1900__04__line_1518447110786_305.png,अतिअपारप्रियगतिजगदीशा । को जानै कह अस गौरीशा ॥
True,True,0.08088714938030006,0.037834311806914545,59,49,dudhadasa1900__04__line_1518447115928_306.png,धरि उरधीर भरम सब खोई । सुनहुकथा तुम पूँछ्यो जोई ॥
True,True,0.19504240052185257,0.06523157208088715,67,48,dudhadasa1900__04__line_1518447121659_307.png,पिता बचनसुनि रघुकुलकेतू । गवनेबन सिय अनुजसमेतू ॥
True,True,0.11676451402478799,0.05218525766470972,56,48,dudhadasa1900__04__line_1518447126727_308.png,मिलहिंबिपिनऋषिकुटीअनेका । सुन्दर बिमल एकते एका ॥
True,True,0.26583932070542127,0.17896799477465708,63,51,dudhadasa1900__04__line_1518447131564_309.png,करत मुनिन मग दंडप्रणामा । जाहिंचलेप्रभुछबिअभिरामा ॥
True,True,0.12726098191214472,0.05749354005167959,63,53,dudhadasa1900__04__line_1518447137191_310.png,देखिप्रीति ऋषि मुनिवर नारी । प्रेमबिबशभइँ जनककुमारी ॥
True,True,0.20234222511385816,0.04294079375406636,65,43,dudhadasa1900__04__line_1518447143601_311.png,असअभिलाष सियाउरआनी । ऋषिनबधूसन बोलीं बानी ॥
True,True,0.06523157208088715,0.05870841487279843,63,46,dudhadasa1900__04__line_1518447151327_312.png,करिपूरण पितु बचन प्रमाना । आवहिंकुशलअवधभगवान ॥
True,True,0.11172305271439811,0.03776553894571204,56,40,dudhadasa1900__04__line_1518447155321_313.png,दो० तब मैं आउब अवधसे पुजिहौं सबके पांय ।
True,True,0.09009009009009009,0.04594594594594595,61,34,dudhadasa1900__04__line_1518447160975_314.png,पहिरावों भूषण बसन भोजनविविध कराय ॥
True,True,0.09238776837996096,0.21340273259596618,56,48,dudhadasa1900__04__line_1518447166456_315.png,अस लालसा सिया मनमाहीं । प्रभुसनकहत मुनीशलजाहीं ॥
True,True,0.1262199089134678,0.1099544567338972,61,51,dudhadasa1900__04__line_1518447172127_316.png,प्रभु सिय हृदय मनोरथ जाना । बोलेबिहँसि राम भगवाना ।
True,True,0.14146658014276445,0.06554185593770279,62,55,dudhadasa1900__04__line_1518447178607_317.png,जो रुचिप्रिय तुम्हरे उर होई । मांगहु बेगि देउँ बर सोई ॥
True,True,0.08977719528178243,0.053735255570117955,63,49,dudhadasa1900__04__line_1518447185071_318.png,मो मनकी रुचिजानहु स्वामी । घटघटके तुम अन्तरयामी ॥
True,True,0.2943864229765013,0.03655352480417755,61,47,dudhadasa1900__04__line_1518447201572_319.png,तदपि नाथ ऐसो बर पावों । बहुरि नाथ यहिकाननआवों ॥
True,True,0.20881971465629054,0.11089494163424124,70,47,dudhadasa1900__04__line_1518447209202_320.png,एवमस्तु कह रघुकुलराया । दीन्ह सुभगबरसियमनभाया ॥
True,True,0.06521739130434782,0.5217391304347826,59,1,dudhadasa1900__05__line_1518447286640_322.png,५
True,False,0.08099688473520249,0.021806853582554516,59,12,dudhadasa1900__05__line_1518447283704_321.png,रामाश्वमेध ।
True,True,0.11555842479018721,0.18850871530019367,54,46,dudhadasa1900__05__line_1518447290225_323.png,अवधचलबजबअवधिसिराई । तुम्हैं विपिनसँग लषणपठाई ॥
True,True,0.6614583333333334,0.05078125,54,52,dudhadasa1900__05__line_1518447295113_324.png,विधिवत पूज्यो सुरमुनि पाऊ । रहै न फिर कछुमन पछिताऊ ॥
True,True,0.07617817947062622,0.09683666881859264,56,54,dudhadasa1900__05__line_1518447299428_325.png,जबलग साध कस्यो बनबासू । ह्वैहै सबविधि तुम्हैं सुपासू ॥
True,True,0.09772226304188097,0.0426157237325496,59,41,dudhadasa1900__05__line_1518447303850_326.png,दो० सुनिप्रभु वचन विनीतअति जनकसुताखगनाथ ।
True,True,0.05289256198347107,0.13140495867768595,56,37,dudhadasa1900__05__line_1518447307073_327.png,चरण सरोरुह नाथ निज मुदित नवायो माथ ।।
True,True,0.08197787898503578,0.044892648015614836,57,48,dudhadasa1900__05__line_1518447311282_328.png,असकहि विपिनचले रघुबीरा । सीता सहित अनुज रणधीरा ॥
True,False,0.1078114912846998,0.02065848934796643,59,50,dudhadasa1900__05__line_1518447315146_329.png,बनबसि चरित कीन्ह भगवाना । सो खगेश नहिं जायबखाना ।।
True,False,0.0914396887159533,0.026588845654993514,59,49,dudhadasa1900__05__line_1518447319101_330.png,सोकिसकैं अब कहि बागीशा । शारद कोटिन कोटि अहीशा ।।
True,True,0.12305699481865284,0.06476683937823834,62,56,dudhadasa1900__05__line_1518447323836_331.png,कौन लेख तहँ चेरे दासू । प्रभुपदप्रीति न दृढ़ बिश्वासू ।।
True,True,0.711413748378729,0.06614785992217899,61,52,dudhadasa1900__05__line_1518447327565_332.png,बीते अवधि अवध प्रभुआये । सुनहु उमा सो चरित सुहाये ।।
True,True,0.684346701164295,0.03686934023285899,57,49,dudhadasa1900__05__line_1518447333635_333.png,आयसु पाय केकयी माता । बैठे राज्य राम सुरत्राता ।।
True,True,0.06088082901554404,0.05829015544041451,59,49,dudhadasa1900__05__line_1518447340358_334.png,पुरजन आय भेंट धरि आगे । बोले वचन प्रेम रस पागे ।।
True,True,0.0774693350548741,0.17043253712072304,56,46,dudhadasa1900__05__line_1518447344215_335.png,नाथ आज बड़ि भाग्य हमारी । चरणकमलरजनयन निहारी ॥
True,True,0.4482535575679172,0.06015523932729625,56,51,dudhadasa1900__05__line_1518447348807_336.png,सुरनर असुर नाग मुनिदेवा । मिलिमिलिगयेन जान्योभेवा ॥
True,True,0.03205128205128205,0.23717948717948717,57,7,dudhadasa1900__05__line_1518447354060_337.png,छन्द ।।
True,True,0.7766348273328435,0.06245407788390889,61,47,dudhadasa1900__05__line_1518447359682_338.png,नहिं भेवकोऊ जान मिलि प्रभु देव मुनि हरषित चले ।
True,True,0.11609110947832477,0.055106539309331376,54,44,dudhadasa1900__05__line_1518447364226_339.png,तब आय ब्रह्मा कीन अस्तुति जोरि युगबानी भले ॥
True,False,0.13573000733675716,0.016140865737344093,64,42,dudhadasa1900__05__line_1518447369664_340.png,अब नाथ चलिये लोक निज बहुभांति नर लीलाकरी ।
True,True,0.25642909625275534,0.2490815576781778,61,42,dudhadasa1900__05__line_1518447374862_341.png,मुनि देवतनकी बन्दि छोरी भार सब बसुधा हरी ॥
True,True,0.12009063444108761,0.03700906344410876,57,40,dudhadasa1900__05__line_1518447380234_342.png,सो० सुनि चतुरानन बैन प्रेम लपेटे रसभरे ।
True,True,0.2025531914893617,0.04680851063829787,61,41,dudhadasa1900__05__line_1518447386449_343.png,विहँसे राजिवनैन उतर दीन्ह क्वउ जाननहिं ।।
True,True,0.18459191456903126,0.08695652173913043,57,38,dudhadasa1900__05__line_1518447391821_344.png,दो० रहे उमा हमहूं वहां देखा सकल समाज ।
True,True,0.565365025466893,0.04499151103565365,54,38,dudhadasa1900__05__line_1518447397775_345.png,प्रजासुखी अघलेश नहिं रामचन्द्रके राज ॥
True,True,0.6998063266623629,0.06778566817301485,57,48,dudhadasa1900__05__line_1518447401894_346.png,दूत चारि प्रभुलीन बुलाई । बोले वचन मधुर जलशाई ।।
True,True,0.26714100905562743,0.09184993531694696,64,49,dudhadasa1900__05__line_1518447407755_347.png,देशकोश पुर कुशल भुलाई । निशिदिनमोहिं सुनावहुआई ।।
True,True,0.5681084570690769,0.06649451258876694,59,46,dudhadasa1900__05__line_1518447412337_348.png,आयसु पाय दूत हरषाने । निज निज कारजगये सयाने ।।
True,False,0.5952533675432969,0.029506093649775498,59,51,dudhadasa1900__05__line_1518447418649_349.png,दिनप्रतिखबरि अवधपहुँचावैं । रामचरण पंकज शिरनावैं ।।
True,True,0.5714285714285714,0.16071428571428573,56,1,dudhadasa1900__06__line_1518447577538_350.png,६
True,True,0.32515337423312884,0.36809815950920244,54,12,dudhadasa1900__06__line_1518447580372_351.png,रामाश्वमेध ।
True,True,0.18466453674121405,0.08498402555910543,74,47,dudhadasa1900__06__line_1518447584689_352.png,बीते दिवस कछू यहि भांती । परमअनन्दअवध दिनराती ॥
False,True,0.005095541401273885,0.16687898089171974,72,45,dudhadasa1900__06__line_1518447588958_353.png,एक समय दशरथ कुलनायक । सुन्दरबदनश्यामसुखदायक ॥
True,True,0.06551059730250482,0.12138728323699421,79,45,dudhadasa1900__06__line_1518447592533_354.png,राज सभा शोभित रघुराजा । अनुजसहितपुरलोगसमाजा ॥
True,True,0.11246786632390746,0.18251928020565553,69,54,dudhadasa1900__06__line_1518447596772_355.png,राजनीति मुनिराज सुनावें । सुनिप्रभुअनुजसहितसुखपावें ।।
True,True,0.1414790996784566,0.0842443729903537,84,52,dudhadasa1900__06__line_1518447603274_356.png,और विविध इतिहास पुराना । कहैं वशिष्ठ सुनैं भगवाना ।।
True,True,0.10776186887716654,0.12735493594574226,71,40,dudhadasa1900__06__line_1518447608826_357.png,दो० त्यहिअवसर यकदूत तहँ खबरि सुनायो आय ।
True,True,0.0558848433530906,0.12616426756985605,69,38,dudhadasa1900__06__line_1518447613563_358.png,कछू प्रकट कछु राखिउर देखि सभा सकुचाय ॥
True,True,0.034571062740076826,0.07810499359795134,79,52,dudhadasa1900__06__line_1518447617428_359.png,दूत दशा चक्रित प्रभु जाना । किम्पतगातअधरकुम्हिलाना ॥
True,True,0.0911408540471638,0.16379859783301465,79,49,dudhadasa1900__06__line_1518447621930_360.png,पूंछा निकट बुलाय सप्रीती । कहहु यथारथ नीतिअनीती ॥
True,True,0.06773162939297124,0.09456869009584665,84,48,dudhadasa1900__06__line_1518447626071_361.png,लाग्यो कहन दूत शिरनाई । सकल चरित रघुबरहिसुनाई ।।
True,True,0.11217948717948718,0.09038461538461538,82,49,dudhadasa1900__06__line_1518447631267_362.png,नाथ एक रजगुन रिसिआई । पति गृहतजि कहुँरैनिगवाँई ।।
True,True,0.08762886597938144,0.05605670103092784,81,47,dudhadasa1900__06__line_1518447635227_363.png,भोरभये प्रातहि उठि आई । देखत क्रोध रजक उर छाई ॥
True,True,0.09700063816209317,0.10529674537332483,79,54,dudhadasa1900__06__line_1518447640596_364.png,मास्यो बहुविधि कहि कटुबानी । रेत्रिय निलज कलहकी खानी ॥
True,True,0.08664955070603338,0.14890885750962773,71,48,dudhadasa1900__06__line_1518447644246_365.png,राम समान मोहिं तैं जाने । रावणहरी नारिगृह आने ।।
True,True,0.1433141394753679,0.08829174664107485,69,58,dudhadasa1900__06__line_1518447649106_366.png,उन सम मैं नहिं सुनु अपकारी । जो राखों त्वहिं बिना बिचारी ॥
False,True,0.028115015974440896,0.13226837060702876,76,39,dudhadasa1900__06__line_1518447654856_367.png,वे समरथ कोशलपुर राऊ । भयवशकहतनअवधसमाऊ ॥
True,True,0.16981132075471697,0.11396226415094339,74,42,dudhadasa1900__06__line_1518447658987_368.png,दो० बिन सब भाइनके कहे जो राखों मैं तोहिं ।
True,True,0.08823529411764706,0.20588235294117646,61,38,dudhadasa1900__06__line_1518447662772_369.png,तुरत उठावें जाति ते जाति कबीला मोहिं ॥
True,True,0.04033290653008963,0.08066581306017925,77,44,dudhadasa1900__06__line_1518447667643_370.png,दूतवचनअटपट सुनिकाना । सकलसभासुनिअतिदुखमाना ॥
True,True,0.4532650448143406,0.04673495518565941,78,47,dudhadasa1900__06__line_1518447671496_371.png,नीचजाति नहिं कीन बिचारा । जो असअनुचितबैनउचारा ॥
True,True,0.06310367031551835,0.1442369607211848,74,42,dudhadasa1900__06__line_1518447678455_372.png,भयउ शोचबश अवधसमाजू । विधिअबकीन्हचहतकाआजू ॥
True,True,0.04353393085787452,0.1850192061459667,66,43,dudhadasa1900__06__line_1518447681710_373.png,जाना राम सभा भय पाई । बोले मधुर वचन हरषाई ॥
True,True,0.11481719050673508,0.25400898011545864,61,45,dudhadasa1900__06__line_1518447686165_374.png,बीती निशा याम युगभाई । शयनकरहु निजनिजगृहजाई ॥
True,True,0.07771355170199101,0.25112395632626844,76,44,dudhadasa1900__06__line_1518447690355_375.png,आयसु पाय चरण शिरनाई । गये भवन सब करत बड़ाई ॥
True,True,0.08397435897435897,0.16794871794871793,79,49,dudhadasa1900__06__line_1518447694623_376.png,गुरु पद रेणु शीशधरि रामा । भाइनसहित गये निजधामा ॥
True,True,0.0818937939859245,0.18234165067178504,76,51,dudhadasa1900__06__line_1518447700286_377.png,अनुजसमेत कीन्ह ज्यवनारा । पग धारे मन्दिर स्ववनारा ॥
True,True,0.12884615384615383,0.2032051282051282,74,53,dudhadasa1900__06__line_1518447707415_378.png,ज्यहि मन्दिर सोवहिं रघुराई । रचना तासु बरणिनहिं जाई ॥
True,True,0.3813813813813814,0.17117117117117117,54,13,dudhadasa1900__07__line_1518447882979_387.png,रामाश्वमेधा ।
True,False,0.034482758620689655,0.0,54,1,dudhadasa1900__07__line_1518447886051_388.png,७
True,True,0.18181818181818182,0.0748663101604278,64,6,dudhadasa1900__07__line_1518447890610_389.png,छन्द ॥
True,True,0.18888888888888888,0.1,73,43,dudhadasa1900__07__r1l6.png,नहिं बनै बरणत धाम शोभा चहूं दिशि सुबरण मई ।
True,True,0.2724505327245053,0.21385083713850836,87,40,dudhadasa1900__07__r1l7.png,बागीश शारद खोजि उपमा थकित ह्वौ बौरी भई ॥
True,True,0.3056179775280899,0.08014981273408239,82,40,dudhadasa1900__07__r1l8.png,मणिहेम मुकतालसित बहुविधि जगमगत देखतबनी ।
True,True,0.21066666666666667,0.08355555555555555,83,42,dudhadasa1900__07__r1l10.png,मत शेष निगम पुराण सकुचत कौन विधि चेरेभनी ॥
True,True,0.3007438894792774,0.08820403825717323,86,51,dudhadasa1900__07__r1l13.png,दो० ज्यहिमन्दिर स्ववनार प्रभु विविध विचित्र वितान ।
True,True,0.1111111111111111,0.09823848238482384,92,39,dudhadasa1900__07__line_1518447854399_386.png,लखि रचना विधि चारमुख हृदय बहुत सकुचान ॥
True,True,0.10984126984126984,0.2222222222222222,102,48,dudhadasa1900__07__line_1518447848897_385.png,पुानिसबभाइनआज्ञादीन्हा । निजनिजमहलशयन सबकीन्हा ॥
True,True,0.2191516709511568,0.2480719794344473,98,47,dudhadasa1900__07__line_1518447845091_384.png,सोय राम परयङ्क सुहाई । पौढ़ीं सिया रजायसु पाई ॥
True,True,0.29092071611253195,0.1636828644501279,89,54,dudhadasa1900__07__r1l21.png,अति सियदेखि प्रसन्न कृपाला । बोलीं मञ्जुल गिरा रसाला ॥
True,True,0.4115384615384615,0.11282051282051282,90,54,dudhadasa1900__07__line_1518447839308_383.png,नाथ विपिन महँ जोबर दीन्हा । अवशि नाथ सो चाहौं कीन्हा ॥
True,True,0.13604577240940877,0.15638906547997458,90,51,dudhadasa1900__07__line_1518447835496_382.png,आयसुहोय जाउँ बन स्वामी । सुनहु बिनयममअन्तर्य्यामी ॥
True,True,0.18053777208706787,0.12163892445582586,89,49,dudhadasa1900__07__line_1518447831205_381.png,सुनि प्रभुसीता बचनमनोहर । सजहुसाजहँसिकह्योविहगबर॥
True,True,0.35638297872340424,0.0678191489361702,84,48,dudhadasa1900__07__r1l32.png,भोर होतप्रिय करहु पयाना । जायहु विपिनवचनपरमाना ॥
True,True,0.14303877940241577,0.1080737444373808,97,45,dudhadasa1900__07__line_1518447811825_380.png,बोलत हँसत नयन अलसाने । सोवन हेतु पीतपट ताने ॥
True,True,0.36566687938736436,0.06445437141033823,85,43,dudhadasa1900__07__r1l35.png,राम सियासोवत यक साथा । लखिशोभारतिकामलजाता ॥
True,False,0.7572254335260116,0.0,57,6,dudhadasa1900__07__line_1518447959175_390.png,छन्द ॥
True,False,0.2445074415308292,0.029766123316796598,81,40,dudhadasa1900__07__r1l38.png,रतिकाम होहिं सनाथ शोभा देखि सीता रामकी ।
True,True,0.04782298358315489,0.14489650249821556,100,39,dudhadasa1900__07__line_1518447784459_379.png,बरणत परस्पर छबिसुहावन राम सुखमा धामकी ॥
True,True,0.14168530947054436,0.14392244593586875,90,40,dudhadasa1900__07__r1l41.png,भये भोर प्रथम विदेहतनया सखी सँग महलनगई ।
True,True,0.1933028919330289,0.04033485540334855,78,39,dudhadasa1900__07__r1l42.png,गहि चरण कौशल्या सुमित्रा केकयी आशिषलई ॥
True,True,0.16329479768786126,0.20014450867052022,99,45,dudhadasa1900__07__r1l43.png,बहुभांति सासुन दीन्ह आशिष चूमि बदन निहारहीं ।
True,True,0.1224188790560472,0.08333333333333333,98,39,dudhadasa1900__07__r1l44.png,चेरे सकल रनिवास दशरथ हेम मणिगण वारहीं ॥
True,True,0.3051948051948052,0.08658008658008658,81,43,dudhadasa1900__07__r1l45.png,दो० होत प्रात रघुकुल तिलक करि सरयू अस्नान ।
True,True,0.3592964824120603,0.10804020100502512,76,37,dudhadasa1900__07__r1l46.png,तबहिं नहाय वशिष्ठ पहँ आये कृपानिधान ॥
True,True,0.23462270133164237,0.12301838934686113,85,51,dudhadasa1900__07__r1l47.png,गुरु पूजाकरि विविध प्रकारा । आये गृह अवधेश कुमारा ॥
True,False,0.6238064926798218,0.02737110120942075,64,44,dudhadasa1900__07__r1l48.png,सब मातन पदनायो माथा । आशिष पाय हरषिरघुनाथा ॥
True,True,0.06646525679758308,0.3413897280966767,60,12,dudhadasa1900__08__line_1518448158335_399.png,रामाश्वमेध ।
False,True,0.0,0.0625,60,1,dudhadasa1900__08__line_1518448155345_398.png,८
True,True,0.07383419689119171,0.04987046632124352,83,47,dudhadasa1900__08__line_1518448162481_400.png,भरत लषण रिपुसूदन बीरा । आये जहँ राजित रघुबीरा ॥
True,True,0.08659397049390635,0.04746632456703015,73,51,dudhadasa1900__08__line_1518448165887_401.png,कीन्ह प्रणाम जोरि युग पानी । दीन अशीष राम सुखमानी ॥
True,True,0.041025641025641026,0.03012820512820513,72,47,dudhadasa1900__08__line_1518448170939_402.png,बहुरि जाय मातन शिर नावा । आशिषपाय परम सुखपावा ॥
True,True,0.0750481077613855,0.08210391276459268,69,47,dudhadasa1900__08__line_1518448174079_403.png,पुनि सीता पद नायोशीशा । लह्योपरमसुख पाय अशीशा ॥
True,True,0.06136950904392765,0.0872093023255814,60,48,dudhadasa1900__08__line_1518448180540_404.png,भोजन कीन्ह संग सब भाई । बैठे प्रभु सिंहासन जाई ॥
True,True,0.07266881028938907,0.07588424437299035,73,44,dudhadasa1900__08__line_1518448185678_405.png,पुरबासी सब आय जुहारी । आदर सहित राम बैठारी ॥
True,True,0.07271557271557272,0.05148005148005148,65,50,dudhadasa1900__08__line_1518448188977_406.png,आये तब बशिष्ठ मुनिज्ञानी ।करिदण्डवत मुनिहिंसनमानी॥
True,True,0.04939209726443769,0.057750759878419454,62,39,dudhadasa1900__08__line_1518448192292_407.png,दो० लगेकहन मुनिराजतब राजनीति कुल रीति ।
True,True,0.07796610169491526,0.06949152542372881,64,35,dudhadasa1900__08__line_1518448197687_408.png,सुनहिंरामभाइनसहित अतिआनन्दसप्रीति ॥
True,True,0.037155669442664956,0.03651505445227418,62,50,dudhadasa1900__08__line_1518448201356_409.png,सन्ध्या जानि उठे भगवाना । सरयू जाय कीन्ह अस्नाना ॥
True,False,0.06314432989690721,0.023195876288659795,67,50,dudhadasa1900__08__line_1518448205341_410.png,करिनित कर्म्म भवनप्रभुआये । भारतको तब बोलि पठाये ॥
True,True,0.03612903225806452,0.056129032258064517,67,45,dudhadasa1900__08__line_1518448209712_411.png,आय भरत प्रभुपद शिरनाई । बैठे राम रजायसु पाई ॥
True,True,0.7618741976893453,0.09050064184852374,54,50,dudhadasa1900__08__line_1518448214650_412.png,बोले रामचन्द्र युग पावन । सुधासुरस मृदुवचनसुहावन ॥
True,True,0.04676489429852659,0.057655349135169766,60,50,dudhadasa1900__08__line_1518448218110_413.png,तात कहौं तुमसन यह बानी । सियबनगमन प्रात मैं ठानी ॥
True,True,0.043281653746770024,0.08850129198966408,62,48,dudhadasa1900__08__line_1518448223736_414.png,सकहु तो तात पठैबनआवहु । भेदन यहतुमसियहिसुनावहु ॥
True,True,0.04059278350515464,0.05605670103092784,63,50,dudhadasa1900__08__line_1518448228280_415.png,दूत वचन सुनिकै निजकाना । ताते असप्रण अब मैं ठाना ॥
True,True,0.06306306306306306,0.15057915057915058,60,48,dudhadasa1900__08__line_1518448234143_416.png,सुनि प्रभुवचन भरत रणधीरा । भयो विकल लोचनबहनीरा ॥
True,True,0.06306306306306306,0.055341055341055344,62,48,dudhadasa1900__08__line_1518448238901_417.png,हृदयशोच मुख आव न बानी । समय देखि कछुकह्योभवानी ॥
False,True,0.02498107494322483,0.08554125662376987,56,40,dudhadasa1900__08__line_1518448244100_418.png,दो० धरिधीरज बोले भरत सुनहु भानुकुलचन्द ।
True,True,0.07552083333333333,0.10243055555555555,58,42,dudhadasa1900__08__line_1518448250545_419.png,प्रति उत्तर नहिं दैसकों बिनयकरों रघुनन्द ॥
True,True,0.2445019404915912,0.07373868046571798,58,49,dudhadasa1900__08__line_1518448261064_420.png,सियको कहा दोष प्रभुलाई । जो असप्रणकरिमोहिंसुनाई ॥
True,True,0.09435173299101413,0.15532734274711169,61,43,dudhadasa1900__08__line_1518448265312_421.png,आयसु नाथकरों शिर राखी । फिरनअवधआवोंअसभाखी ॥
True,True,0.08681672025723473,0.07266881028938907,63,49,dudhadasa1900__08__line_1518448271197_422.png,कह करजोरि शपथ प्रभुतोरी । मैं नहिं आउब अवधबहोरी ॥
True,True,0.0746941403734707,0.19253058596265293,61,53,dudhadasa1900__08__line_1518448276231_423.png,सुनि लघुभ्रात वचन रघुराई । सियपद प्रीति बहुतदृढ़पाई ॥
True,True,0.06794871794871794,0.11346153846153846,69,48,dudhadasa1900__08__line_1518448281503_424.png,कहिबहुचरितअनुज समुझाई । बहुरि राम रिपुदवनबुलाई ॥
True,True,0.08392056374119154,0.06342088404868675,72,50,dudhadasa1900__08__line_1518448285351_425.png,आय शत्रुहन बैठि निहोरी । दण्डप्रणाम कीन्ह करजोरी ॥
True,True,0.08810289389067524,0.2405144694533762,63,50,dudhadasa1900__08__line_1518448290077_426.png,आशिष दीन्ह निकट बैठावा । अति सुन्दरमृदुबचनसुनावा ॥
True,False,0.22254335260115607,0.0,70,12,dudhadasa1900__09__r1l1.png,रामाश्वमेध ।
False,True,0.0,0.3333333333333333,54,1,dudhadasa1900__09__line_1518448526020_431.png,९
True,False,0.3267008985879333,0.010911424903722721,73,55,dudhadasa1900__09__r1l2.png,सुनु शत्रुहन कीन्ह प्रण येही । आवहु छोड़ विपिन वैदेही ॥
True,False,0.2994891443167305,0.005108556832694764,73,45,dudhadasa1900__09__r1l4.png,इतना करहु तात हरषाई । साजिबिमान सियहि लैजाई ॥
False,True,0.0,0.109375,59,6,dudhadasa1900__09__line_1518448531381_432.png,छन्द ॥
True,True,0.22319034852546918,0.054959785522788206,80,42,dudhadasa1900__09__r1l8.png,रथसाजि सियहि चढ़ाय प्रातहिकाल बन लैजाइये ।
True,True,0.29961089494163423,0.07392996108949416,78,42,dudhadasa1900__09__r1l9.png,जहँ सघनबन तहँरारिव सीतहि तात फिर पुरआइये ॥
True,True,0.31488406881077036,0.09798055347793568,78,45,dudhadasa1900__09__r1l11.png,यहि भांति कह करुणाअयन रिपुदवनसुनि ठगिसे रहे ।
True,True,0.42595204513399154,0.047954866008462625,71,43,dudhadasa1900__09__r1l12.png,कहि दासचेरे प्रेमवश गहि चरण मृदु बानी कहे ॥
True,True,0.2975929978118162,0.05762217359591539,80,42,dudhadasa1900__09__r1l13.png,असकवनचूक विचारि प्रभु जो जानकी को परिहरी ।
True,True,0.2574762946754194,0.05324580598103574,77,42,dudhadasa1900__09__r1l14.png,यह समय नहिं सिय बसहिंबन इतनो कहो मेरोकरी ॥
True,True,0.3839479392624729,0.06073752711496746,75,41,dudhadasa1900__09__r1l15.png,बरसहिं जो बालक अवधमें तब नाथआयसुशिरधरों ।
True,True,0.36126373626373626,0.10370879120879122,80,41,dudhadasa1900__09__r1l16.png,कछु कालबीते उचित अस रघुबंशमणि बिनतीकरों ॥
True,True,0.5114678899082569,0.12041284403669725,71,41,dudhadasa1900__09__r1l17.png,सो० यदपिकही अति नीति रिपुसूदन भारत अनुज ।
True,True,0.29330065359477125,0.05392156862745098,78,40,dudhadasa1900__09__r1l19.png,बोले वचन सप्रीति विहँसि रामरघुकुल तिलक ।
True,True,0.45892169448010267,0.038510911424903725,69,52,dudhadasa1900__09__r1l20.png,नहिं त्यागों जो जनक कुमारी । लेहुं अयश शिरपातकभारी ॥
True,True,0.46311738293778065,0.07440667094291212,58,44,dudhadasa1900__09__r1l24.png,होय पाप भलकहै न कोई । करहु उपाय तात अब सोई ॥
True,True,0.26064516129032256,0.07290322580645162,78,48,dudhadasa1900__09__r1l25.png,जेहि न होय पाछे पछितावा । अस विचार मोरे मन आवा ॥
True,True,0.08604206500956023,0.0662842574888464,89,49,dudhadasa1900__09__r1l26.png,रघुबंशिन के कुल चलि आई । प्राणजाय बरु वचन न जाई ॥
True,False,0.3208521626856036,0.029051000645577793,83,47,dudhadasa1900__09__r1l27.png,भोर होत सिय संग लिवाई । त्यागि विपिनमा आवोभाई ॥
True,True,0.3279742765273312,0.05659163987138264,74,51,dudhadasa1900__09__r1l28.png,प्रभुरुखलखि शोचे रिपुदमनू । जानासत्यविपिन सियगमनू ॥
True,True,0.42650918635170604,0.08398950131233596,67,57,dudhadasa1900__09__r1l30.png,अतिव्याकुलतनकीसुधिनाहीं । परेतुरित मूर्च्छितक्षितिमाहीं ॥
True,True,0.3963963963963964,0.06396396396396396,66,48,dudhadasa1900__09__r1l33.png,देखि अनुज गति श्रीरघुराई । सियबिछोहदुखउरअधिकाई ॥
True,True,0.21237244897959184,0.07270408163265306,79,48,dudhadasa1900__09__line_1518448451092_430.png,कह प्रिय वचन रामरणधीरा । समुझायो रिपुसूदन बीरा ॥
True,True,0.15457413249211358,0.03706624605678233,80,41,dudhadasa1900__09__r1l39.png,दो० आयसु दीन्ही जाहु गृह चले चरण शिरनाय ।
True,True,0.3171733771569433,0.05751848808545604,79,40,dudhadasa1900__09__line_1518448426162_429.png,पठय दूत लिये बोलि तब लक्ष्मणकहँ रघुराय ॥
True,True,0.34894162924951894,0.09878127004490057,80,48,dudhadasa1900__09__line_1518448421238_428.png,लक्ष्मण आय चरण शिरनाई । दीन्ह अशीष मुदितरघुराई ॥
True,True,0.15389568576947843,0.05215711526078558,78,50,dudhadasa1900__09__r1l47.png,अति विनीत बोले मृदुबानी । प्रभुआगे अब सुनहुभवानी ॥
True,False,0.07110826393337603,0.015374759769378604,83,49,dudhadasa1900__09__line_1661422190808_933.png,आयसु होय नाथ सो करहूँ । बार बार पद पङ्कज धर हूं ॥
True,False,0.8070175438596491,0.005847953216374269,62,12,dudhadasa1900__10__r1l1.png,रामाश्वमेध ।
True,False,0.2608695652173913,0.0,56,2,dudhadasa1900__10__r1l2.png,१०
True,True,0.1628056628056628,0.2606177606177606,54,50,dudhadasa1900__10__line_1518448672752_433.png,कौनसोकाज जाहिलगिस्वामी । कीन शोच उर अन्तर्य्यामी ॥
True,True,0.2533589251439539,0.218170185540627,54,48,dudhadasa1900__10__line_1518448676964_434.png,जो सेवकहि रजायसु होई । पद शिरनाय करी प्रभू सोई ॥
True,True,0.15488431876606684,0.04434447300771208,67,49,dudhadasa1900__10__line_1518448681695_435.png,जो न करों आयसु रघुनाथा । तौ न धरों धनुशायक हाथा ॥
True,True,0.2,0.14838709677419354,59,47,dudhadasa1900__10__line_1518448685284_436.png,जबलग जीव रहै तनस्वामी । तबलगमोहिंजान्योअनुगामी॥
True,True,0.09021113243761997,0.09916826615483046,63,48,dudhadasa1900__10__line_1518448688887_437.png,सेवक धर्म्म स्वामि सेवकाई । करियसदातनमन चितलाई ॥
True,True,0.27325208466966006,0.10904425914047466,59,50,dudhadasa1900__10__line_1518448693506_438.png,जो प्रभुकहों कपट छल राखी । ईश सजाय देहिंशिव साखी ॥
True,True,0.28440366972477066,0.06986591390261115,60,40,dudhadasa1900__10__line_1518448699201_439.png,दो० अनुज वचन सुन्दर सलिल विगत मोहमदमान ।
True,True,0.27734375,0.09375,58,38,dudhadasa1900__10__line_1518448703328_440.png,सुनि हरषे रघुकुल कमल बोले वचन प्रमान ॥
True,True,0.2271273192578375,0.12603966730646193,59,48,dudhadasa1900__10__line_1518448707234_441.png,तुम सब लायक शीलनिधाना । बीर धुरीण तात मैं जाना ॥
True,True,0.2878111040204212,0.035737077217613274,61,48,dudhadasa1900__10__line_1518448718064_442.png,कस न नीति राखो तुम भाई । दीन सबै बिधि ईश बड़ाई ॥
True,True,0.08263933376041,0.17360666239590006,67,54,dudhadasa1900__10__line_1518448722250_443.png,अस प्रण कीन्ह सुनो मैं ताता । गवनहिंबनसिय होतप्रभाता ॥
True,True,0.18537524053880694,0.0686337395766517,60,51,dudhadasa1900__10__line_1518448732418_444.png,विपिनत्यागि मिथिलेशकुमारी । आवहु तात जाउँ बलिहारी ॥
True,True,0.05555555555555555,0.1922094508301405,60,47,dudhadasa1900__10__line_1518448740197_445.png,सुनत वचन रघुवंश खरारी । लक्ष्मणउर असमञ्जसभारी ॥
True,True,0.15054452274183217,0.20435618193465727,69,49,dudhadasa1900__10__line_1518448748166_446.png,भई दशा लक्ष्मणकी कैसी । पङ्ख बिहीन बिहँगगतिजैसी ॥
True,True,0.2940051020408163,0.0548469387755102,58,47,dudhadasa1900__10__line_1518448752616_447.png,जो सियको आवों बन त्यागी । मोहिंसमानकोअधमअभागी ॥
True,True,0.05979643765903308,0.04770992366412214,67,48,dudhadasa1900__10__line_1518448757998_448.png,जो न राम आयसु अनुसरहूँ । कोटिनजन्मअयश शिरधरहूँ ॥
True,True,0.05283259070655633,0.036282622533418206,74,48,dudhadasa1900__10__line_1518448762050_449.png,दोउभांति दारुणदुख ब्यापा । बरणैको उर लषण कलापा ॥
True,True,0.08226415094339623,0.03773584905660377,63,41,dudhadasa1900__10__line_1518448767170_450.png,दो० पुनि धरिधीरज लक्ष्मण हाथजोरि शिरनाय ।
True,True,0.10297872340425532,0.18808510638297873,61,36,dudhadasa1900__10__line_1518448770872_451.png,बोले सन्मुख अवधपति गिरा विनीतसुहाय ॥
True,True,0.08447098976109214,0.13651877133105803,65,34,dudhadasa1900__10__line_1518448776932_452.png,यदपिनाथअनुचितमहा त्यागनजनककुमारि ।
True,True,0.318606627017842,0.10025488530161428,54,34,dudhadasa1900__10__line_1518448781899_453.png,तदपि नाथ आयसुकरब सेवकधर्म विचारि ॥
True,True,0.21301020408163265,0.15943877551020408,54,49,dudhadasa1900__10__line_1518448786467_454.png,उठेत्वरित तजिसकल गलाना । कह्यो सारथी साज विमाना ॥
True,True,0.1757188498402556,0.05686900958466454,59,48,dudhadasa1900__10__line_1518448793756_455.png,सियपहँ गये विकलअति भारी । दोउकरजोरिविनयअनुसारी ॥
True,True,0.21561100447856685,0.07741522712731926,61,50,dudhadasa1900__10__line_1518448798213_456.png,मातु विपिनकर साजहु साजा । आयसुमोहिं दीन्हरघुराजा ॥
True,True,0.10810810810810811,0.16087516087516088,59,50,dudhadasa1900__10__line_1518448802321_457.png,चलहु विपिन आवहुँ पहुँचाई । सेवक उचितस्वामिसेवकाई ॥
True,True,0.09108402822322001,0.10262989095574086,65,48,dudhadasa1900__10__line_1518448806592_458.png,सिय समुझ्यो नहिं देवरबानी । सुनतवचनअतिशयहरषानी ॥
True,True,0.05098789037603569,0.043339706819630335,76,45,dudhadasa1900__10__line_1518448812413_459.png,बहु भोजन पकवान मिठाई । भूषण वसन गिनाय न जाई ॥
True,False,0.4781420765027322,0.01912568306010929,67,12,dudhadasa1900__11__r1l1.png,रामाश्वमेध ।
True,False,0.23840206185567012,0.01610824742268041,69,48,dudhadasa1900__11__line_1518448935376_460.png,होत प्रात सिय रथ बैठाई । लक्ष्मणचले राम शिरनाई ॥
True,True,0.1202572347266881,0.049517684887459806,69,46,dudhadasa1900__11__line_1518448942464_461.png,चलतसियाअशकुनभये भारी । तदपिलख्योनहिंजनककुमारी॥
True,True,0.4045161290322581,0.07290322580645162,59,49,dudhadasa1900__11__line_1518448957069_462.png,हांक्यो रथ लक्ष्मण बलवाना । पवनथकितअतिवेगउड़ाना ॥
True,False,0.49810174639331817,0.02885345482156416,61,38,dudhadasa1900__11__line_1518448960548_463.png,दो० उतरि नदि तमसात्वरित दीख गोमती आय ।
True,True,0.4905821917808219,0.05565068493150685,64,39,dudhadasa1900__11__line_1518448965360_464.png,नित्यक्रियाकरिसियसहित पहुंचेसुरसरिजाय ॥
True,False,0.14599483204134367,0.027131782945736434,66,48,dudhadasa1900__11__line_1518448968953_465.png,रथते उतरि कीन्ह परणामा । सियसमेत लक्ष्मणबलधामा ॥
True,False,0.11397295556986478,0.021249195106245976,73,43,dudhadasa1900__11__line_1518448973093_466.png,भोर होत उतरे सुरसरी । सघन बिपिनकी मारगधरी ॥
True,False,0.20734063103670317,0.027688345138441726,72,49,dudhadasa1900__11__line_1518448976319_467.png,देखिबिपिनघनअतिआँधियारी । केहरिनाद करैं जहँ भारी ॥
True,True,0.2565916398713826,0.037942122186495175,64,52,dudhadasa1900__11__line_1518448980150_468.png,देखि बिटप बट छांह घनेरो । सियलक्ष्मणतहँलीन्ह बसेरो ॥
True,False,0.2826923076923077,0.021153846153846155,66,46,dudhadasa1900__11__line_1518448984341_469.png,बिन भोजन सो बासर खोई । बटतर दोउमूरति रहे साई ॥
True,False,0.34964584674822924,0.0128783000643915,69,44,dudhadasa1900__11__line_1518448987465_470.png,निशाबिगत सोवत सियजागी । देखिबिषमबनअतिभयलागी॥
True,True,0.12146529562982006,0.05077120822622108,74,49,dudhadasa1900__11__line_1518448991976_471.png,सहम सहितलक्ष्मणसों बोली । पीपर पात सरिस तन डोली ॥
True,True,0.20514469453376205,0.09389067524115756,64,50,dudhadasa1900__11__line_1518448995460_472.png,यह बननहिंजहँ मुनितपकरहीं । खगमृगमुदितबैरतजिफिरहीं॥
True,True,0.08653846153846154,0.03076923076923077,71,46,dudhadasa1900__11__line_1518448999370_473.png,यह बन तात भयंकर भारी । डरपतउर बनघनहिं निहारी ॥
True,True,0.09682299546142209,0.21482602118003025,58,44,dudhadasa1900__11__line_1518449003423_474.png,दो० मैं जान्यों रघुनाथ मोहिं परम पातकी जान ।
True,True,0.13651591289782244,0.07537688442211055,69,37,dudhadasa1900__11__line_1518449007787_475.png,गवहिं निकास्यो देशते दशरथ कुलके भान ॥
True,True,0.45256410256410257,0.0967948717948718,71,45,dudhadasa1900__11__line_1518449011872_476.png,ताते यह बन नाथ पठई । जहँमोहिंबाघ सिंहधरिखाई ॥
True,True,0.6313423249839435,0.06679511881824021,66,52,dudhadasa1900__11__line_1518449015749_477.png,तुमहिं न दोष तात कछुलागी । मैं पापिनि सबभांतिअभागी ॥
True,True,0.2604233483001924,0.05195638229634381,67,45,dudhadasa1900__11__line_1518449019473_478.png,असकहिपुनिबिलापकरिसीता । देखिविपिनभइअधिकसभीता॥
True,True,0.5335051546391752,0.07087628865979381,67,50,dudhadasa1900__11__line_1518449022948_479.png,हा रघुनाथ कीन नहिं नीका । तज्योमोहिं दशरथकुलटीका ॥
True,True,0.12661498708010335,0.0710594315245478,71,51,dudhadasa1900__11__line_1518449026412_480.png,नाथ समुझिदेखो मनमाहीं । तुमबिन प्राण रहैं घटनाहीं ॥
True,True,0.21607717041800642,0.09131832797427653,66,49,dudhadasa1900__11__line_1518449030523_481.png,तुम सब लायक त्रिभुवनईशा । काहविचारितज्यो जगदीशा ॥
True,True,0.10723514211886305,0.18992248062015504,64,49,dudhadasa1900__11__line_1518449034764_482.png,देखिसियागति लक्ष्मणयोधा । विधिगतिबामसमुझिपरबोधा ॥
True,True,0.20801033591731266,0.2958656330749354,57,50,dudhadasa1900__11__line_1518449039614_483.png,धरो धीर कह लषण सुबानी । पोंछ्यो नेत्रनयन निजपानी ॥
True,True,0.20946822308690013,0.23865110246433205,56,50,dudhadasa1900__11__line_1518449043546_484.png,तलफतबहुत विकल बिनुबारी । सूख्यो कण्ठ विदेहकुमारी ॥
True,True,0.5067611075338055,0.15003219575016097,54,45,dudhadasa1900__11__line_1518449049917_485.png,लाय हाथमुख सियजलमांगी । देखिलषण उर दायालागी ॥
True,True,0.10213316095669037,0.09372979961215255,61,47,dudhadasa1900__11__line_1518449054670_486.png,धरो धीर जल लावों माता । असकहिबचनचले सुरज्ञाता ॥
True,True,0.425,0.2125,63,2,dudhadasa1900__12__r2l1.png,१२
True,False,0.8042168674698795,0.009036144578313253,66,12,dudhadasa1900__12__r2l2.png,रामाश्वमेध ।
True,True,0.2747005988023952,0.07859281437125748,82,45,dudhadasa1900__12__r2l3.png,दो० देखी लक्ष्ममण सियागति बिनजल त्यागतप्राण ।
True,True,0.23004291845493563,0.11759656652360514,82,35,dudhadasa1900__12__r2l4.png,चलेलेन जल विकल अति योजन एक प्रमाण ॥
True,True,0.29753168779186123,0.12074716477651767,87,47,dudhadasa1900__12__r2l5.png,करुणा करत विविध बैदेही । सो दुखबरणिजाय अबकेही ॥
True,True,0.11900065746219593,0.13609467455621302,99,54,dudhadasa1900__12__line_1518449162883_491.png,परीमुरछि व्याकुल क्षितिमाहीं । देखिदशा बनचर अकुलाहीं ॥
True,True,0.13273771537970644,0.04977664326738992,90,49,dudhadasa1900__12__line_1518449158790_490.png,रघुबरबिरह शूल उर व्यापी । दारुणबिपतिअधिकतनकांपी ॥
True,True,0.28287363694676076,0.11866581141757537,83,45,dudhadasa1900__12__r2l10.png,दुखितश्रमितगइसोयभवानी । लक्ष्मणतबजलघटभरिआनी ॥
True,True,0.25047679593134137,0.05785123966942149,80,54,dudhadasa1900__12__r2l12.png,लखिमुर्च्छितक्षितिअवनिकुमारी । भेलक्ष्मणदुखकेअधिकारी ॥
True,True,0.24091778202676864,0.07074569789674952,87,49,dudhadasa1900__12__line_1518449145838_489.png,भसम होन हित रच्यो उपाई । नभबानी त्यहि समय सुनाई ॥
True,True,0.1619718309859155,0.04353393085787452,89,47,dudhadasa1900__12__line_1518449140825_488.png,गवनहु लषण अवधकीघाहीं । जियै बाल कछुसंशय नाहीं ॥
True,True,0.0646606914212548,0.030089628681177975,87,48,dudhadasa1900__12__r2l19.png,सुनि नभगिरा लषणबलधारी । चढ़ि बटडार बांधिघटबारी ॥
True,True,0.18449711723254325,0.05637411915438821,84,47,dudhadasa1900__12__r2l20.png,धरि धीरज उर अनुज खरारी । जोततुरितरथ अवधसिधारी ॥
True,False,0.4046028210838901,0.025983667409057165,70,46,dudhadasa1900__12__r2l23.png,दो० मनहींमन पद बन्दि सिय बहुविधि कीन्ह निहोर ।
True,True,0.5454545454545454,0.044580419580419584,53,39,dudhadasa1900__12__r2l25.png,मन मलीन तन क्षीण अति हांक्यो रथ पुरओर ॥
True,True,0.12642947903430748,0.06670902160101652,88,50,dudhadasa1900__12__r2l27.png,त्यागि सिया बन सघन अनेरी । लक्ष्मण अवधचले रथफेरी ॥
True,True,0.1432225063938619,0.06010230179028133,93,52,dudhadasa1900__12__r2l28.png,सिया विरह अति दीन दुखारी । भयसभीत प्रियबन्धु खरारी ॥
True,True,0.06015523932729625,0.19469598965071153,99,44,dudhadasa1900__12__r2l29.png,चौथे दिवस अवध में आई । रघुनायक पद शीश नवाई ॥
True,False,0.3716129032258065,0.01935483870967742,73,44,dudhadasa1900__12__r2l30.png,पूछा रामसिया कुशलाई । तजिक्यहिबनसियआयहुभाई ॥
True,True,0.3601019757807521,0.04843849585723391,61,54,dudhadasa1900__12__r2l34.png,ब्रह्मावर्त्त सघन बन भारी । आयों त्यागि विदेह कुमारी ॥
True,True,0.32567049808429116,0.05300127713920817,72,54,dudhadasa1900__12__line_1518449115606_487.png,नाथ विरह गइ मुरि भवानी । तबमैं चल्यों प्रभुशारँगपानी ॥
True,True,0.06338939197930142,0.06727037516170763,85,52,dudhadasa1900__12__r2l40.png,सुनि रघुबीर हृदय दुख पावा । पुनिनिजराज्यकाजचितलावा ॥
True,True,0.12652536929993577,0.08863198458574181,83,46,dudhadasa1900__12__r2l41.png,सुनियहचरितसकलपुरबासी । शोच प्रबशहरिलेत उसासी ॥
True,False,0.19842312746386334,0.002628120893561104,93,50,dudhadasa1900__12__r2l42.png,एककहैंनहिं विधिभलकीन्हा । जोअसबिपतिजानकिहिदीन्हा ॥
True,False,0.6602870813397129,0.004784688995215311,62,6,dudhadasa1900__12__r2l43.png,छन्द ॥
True,True,0.17391304347826086,0.17391304347826086,93,37,dudhadasa1900__12__r2l44.png,असबिपतिदीनजोजानकी बिनकाजरघुबरपरिहरी ।
True,True,0.132319391634981,0.19315589353612167,95,35,dudhadasa1900__12__r2l45.png,जगसकल अपयशमोटबांधिबनायशिर अपनेधरी ॥
True,True,0.2410575427682737,0.20217729393468117,96,41,dudhadasa1900__12__r2l46.png,असकहैंपुर नरनारिमिलि दशपांच उरशोचहिंसही ।
True,False,0.3022188217291507,0.0,92,42,dudhadasa1900__12__r2l47.png,गुरुसचिवकिोउनबुझाय रामहिं उचितकीबातेंकही ॥
True,False,0.6203389830508474,0.0,64,12,dudhadasa1900__13__r1l1.png,रामाश्वमेध ।
False,True,0.0,0.27906976744186046,62,2,dudhadasa1900__13__line_1518449236040_492.png,१३
True,True,0.49527272727272725,0.04436363636363636,75,46,dudhadasa1900__13__line_1518449371305_503.png,सो० विधि असकरतब कीन्ह हस्यो बुद्धि पुरलोग सब ।
True,True,0.5345092024539877,0.08588957055214724,75,43,dudhadasa1900__13__r1l4.png,कोउ न मंत्र असदीन्ह समय नहीं सिय बसहिं बन ॥
True,False,0.5401785714285714,0.019345238095238096,70,44,dudhadasa1900__13__r1l5.png,चेरे पुर नर नारि शोचहिं व्याकुल जहँ सुनहिं ।
True,True,0.26445497630331755,0.03222748815165877,75,31,dudhadasa1900__13__line_1518449358727_502.png,यथा मीन बिन बारि तलफैं दोष लगाय
True,True,0.420817843866171,0.06245353159851301,74,44,dudhadasa1900__13__line_1518449350227_501.png,कौशल्यादि मातु उर शोचू । किमिकहिसकौंकहैंविधि
True,True,0.4084507042253521,0.06416275430359937,63,51,dudhadasa1900__13__r1l19.png,भयो देश पुर शोक निवासू । कहैं दीन प्रभुसिय बनबासु ॥
True,False,0.0744485294117647,0.029411764705882353,78,30,dudhadasa1900__13__line_1518449337550_500.png,यह इतिहास अनूपम गाई । आगे कहों
True,True,0.1866151866151866,0.0694980694980695,85,47,dudhadasa1900__13__line_1518449322294_499.png,जब लक्ष्मण आये पहुंचाई । सभयविपिनप्रभुआयसुपाई ॥
True,True,0.07815502882767457,0.04548366431774504,92,54,dudhadasa1900__13__line_1518449309386_498.png,पस्यो बुन्द जल घट मुखमाहीं । जागी सिय कहुं कोऊ नाहीं ॥
True,True,0.07608695652173914,0.08887468030690537,89,49,dudhadasa1900__13__r1l30.png,अतिब्याकुलकरि रोदनभारी । हा लक्ष्मणतुमसमहितकारी ॥
True,True,0.05941845764854614,0.12705436156763592,87,49,dudhadasa1900__13__r1l31.png,क्यहि अपराध मोहिंतुमत्यागे । गयोअवध लखिसोवतभागे ॥
True,True,0.10973220117570215,0.05225342913128674,77,50,dudhadasa1900__13__r1l32.png,तुमहिं देखि कछुधीरजरह्यऊ । तुमबिनअधिकमोहिंदुखभयऊ ॥
True,True,0.33013435700575816,0.04158669225847729,77,50,dudhadasa1900__13__r1l33.png,अब क्यहिभांतिधरों उरधीरा । देखिविपिनअतिगहनगँभीरा ॥
True,False,0.24942616679418517,0.019892884468247895,72,39,dudhadasa1900__13__r1l34.png,दो० यहिप्रकार अबजानकी शीशधुनहि बिलखाय ।
True,True,0.0683982683982684,0.0329004329004329,75,33,dudhadasa1900__13__r1l35.png,समय बिषाद न जातकहि काहूते खगराय ॥
True,True,0.09514687100893997,0.08812260536398467,88,47,dudhadasa1900__13__r1l36.png,गमनविपिनतबसुनिखगपाला । बायससों बोले त्यहिकाला ॥
True,True,0.30661577608142493,0.11768447837150127,81,50,dudhadasa1900__13__line_1518449296041_497.png,पूछों नाथ चरण शिरनाई । यह कौतुक प्रभु मोहिंसुनाई ॥
True,True,0.523145212428662,0.05326569435637286,64,46,dudhadasa1900__13__r1l40.png,माया कृत अवतार भवानी । नेतिनेति कहिनिगमबखानी ॥
True,False,0.4778761061946903,0.025916561314791402,50,51,dudhadasa1900__13__r1l42.png,जासु दृष्टि जग यावत माया । होहिं नाथ परिपूरण काया ॥
True,True,0.6274634456452638,0.14812460267005723,74,52,dudhadasa1900__13__line_1518449280785_496.png,शारद शेष देव मुनि वृन्दा । सेवहिं चरणत्यागिछलछन्दा ॥
True,True,0.7799871712636305,0.058370750481077614,68,51,dudhadasa1900__13__line_1518449272616_495.png,सोकि विदेह सुता बन योगू । सुनिकौतुकबिस्मितभयेलोगू ॥
True,True,0.2222222222222222,0.04888888888888889,81,49,dudhadasa1900__13__line_1518449268165_494.png,कहहु बुझाय सो बायसनाथा । कससियत्यागकीन्हरघुनाथा ॥
True,True,0.11291369240752758,0.09344581440622972,84,48,dudhadasa1900__13__r1l50.png,सुनि खगेश के बचन अनूपा । साधुसाधु कह बायस भूपा ॥
True,True,0.2707808564231738,0.06863979848866499,83,56,dudhadasa1900__13__line_1518449257065_493.png,प्रश्न तुम्हार नाथ म्वहिं भाई । चाहहु सुनन रामप्रभुताई ॥
True,False,0.32558139534883723,0.020255063765941484,70,35,dudhadasa1900__13__r1l54.png,सो० कहा वचन असकाग खग आगे करजोरिकर ।
True,True,0.36903765690376567,0.04435146443514645,73,38,dudhadasa1900__13__r1l55.png,चरितसुनावनलागज्यहिकारणप्रभुत्यागिसिय ॥
True,False,0.566944266495836,0.0,80,54,dudhadasa1900__13__r1l56.png,सियहि जोत्यागकीन्हरघुबीरा । सुनहुसो भेवगरु ड़मतिधीरा ॥
True,True,0.053763440860215055,0.3763440860215054,54,2,dudhadasa1900__14__line_1518449470560_504.png,१४
True,True,0.10682492581602374,0.04451038575667656,69,12,dudhadasa1900__14__line_1518449473015_505.png,रामाश्वमेध ।
True,True,0.05128205128205128,0.10192307692307692,100,44,dudhadasa1900__14__line_1518449476187_506.png,जबप्रभुजीति समरदशशीशा । अवधचलनचाह्योजगदीशा ॥
True,True,0.0927237604636188,0.06374758531873792,94,42,dudhadasa1900__14__line_1518449481941_507.png,देव सबै तेहि अवसर आई । विनयविनयजकोकसिधाई ॥
True,True,0.10718870346598203,0.07060333761232349,94,50,dudhadasa1900__14__line_1518449484851_508.png,ताहि समय दशेरथ नृप आये । रामहिं देखि नयन जल छाये ॥
True,True,0.14767663908338638,0.29408020369191595,99,48,dudhadasa1900__14__line_1518449488355_509.png,पितहि प्रणाम कीन्ह रघुराई । सीता अनुजसहितखगराई ॥
True,True,0.09323116219667944,0.10600255427841634,92,47,dudhadasa1900__14__line_1518449491929_510.png,अस अभिलाष नरेश खगेशा । मोहिंलै चलैं अवधअवधेशा ॥
True,True,0.09468969929622521,0.03838771593090211,97,49,dudhadasa1900__14__line_1518449495869_511.png,पितहि प्रेमवशलख्यो कृपाला । समुझायो कहिबचनरसाला ॥
True,True,0.054209183673469385,0.07908163265306123,90,51,dudhadasa1900__14__line_1518449500310_512.png,वर्ष सहस्र राव प्रभुताई । रह्यो सो भोग करबमैं जाई ॥
True,True,0.07913209955328654,0.09700063816209317,107,50,dudhadasa1900__14__line_1518449503490_513.png,असकहि रामपितहि शिरनावा । दीन्हज्ञान निजधाम पठावा ॥
True,True,0.17993874425727413,0.03215926493108729,79,38,dudhadasa1900__14__line_1518449506974_514.png,दो० सुनि असबचनबिनीतबहु भयोज्ञानखगराय ।
True,True,0.1449525452976704,0.12942191544434858,77,39,dudhadasa1900__14__line_1518449511166_515.png,प्रभु मूरति उर राखिनृप गेसुरपुर हरषाय ॥
True,True,0.2048401037165082,0.09680207433016422,70,38,dudhadasa1900__14__line_1518449514823_516.png,पिता राज्यके भोगहित असकौतुक प्रभुकीन ।
True,True,0.1630716134598792,0.08024158757549611,77,35,dudhadasa1900__14__line_1518449518449_517.png,रहैं सिया कछुदिनअनतत्यहिकारणबनदीन ॥
True,True,0.1898376852505293,0.0903316866619619,87,44,dudhadasa1900__14__line_1518449523868_518.png,सो० गयो शोच खगनाथ सुनिप्रभुचरितभुशुण्डिमुख ।
True,True,0.09944751381215469,0.04577742699289661,90,41,dudhadasa1900__14__line_1518449527684_519.png,परसि चरणपरमाथ अति नाथकृतारथ कीन्ह मोहिं ॥
True,True,0.0861280487804878,0.09298780487804878,76,39,dudhadasa1900__14__line_1518449531718_520.png,दो० पाछिलकथापुनीत अति सुनहु खगेशसुजान ।
True,True,0.11621856027753687,0.1023417172593235,76,36,dudhadasa1900__14__line_1518449535542_521.png,ज्यहि प्रकार रोदनकरैं सीता जगतभवान ॥
True,True,0.17579617834394903,0.13184713375796178,84,48,dudhadasa1900__14__line_1518449539761_522.png,महा बिलाप करति बैदेही । शोकबिकलतनुसुधिनहिंतेही ॥
True,True,0.11210762331838565,0.03971812940422806,89,49,dudhadasa1900__14__line_1518449544446_523.png,भे खग मृग बन जीव दुखारी । देखिजानकी चकित निहारी ॥
True,True,0.09484404837683004,0.09038828771483132,92,46,dudhadasa1900__14__line_1518449551280_524.png,स्रवतनयन जलदुखअधिकारी । बोले वचन समय अनुहारी ॥
True,True,0.2541507024265645,0.09961685823754789,87,51,dudhadasa1900__14__line_1518449554686_525.png,तजहु शोच सुनु राजकुमारी । विधिके अङ्क सकै को टारी ॥
True,True,0.08900190718372536,0.1048951048951049,92,53,dudhadasa1900__14__line_1518449560245_526.png,बन देवत धरि धरि मुनि नारी । समुझावें मृदु बैन उचारी ॥
True,True,0.10556621880998081,0.09149072296865003,97,51,dudhadasa1900__14__line_1518449564015_527.png,अवधते सरिस जानु बन माता । होइहैं सब विधि मंगलदाता ॥
True,True,0.2522464698331194,0.08279845956354301,84,45,dudhadasa1900__14__line_1518449568738_528.png,काहू दोष न लाइय रानी । जग जननी तुममातुभवानी ।
True,True,0.08637236084452975,0.15163147792706333,95,49,dudhadasa1900__14__line_1518449572575_529.png,करि प्रबोध मुख धोय सयानी । कन्दमूल लाईं मधुजानी ।
True,True,0.11768488745980707,0.18135048231511253,105,47,dudhadasa1900__14__line_1518449575696_530.png,धरि आगेसिय पुन समुझाई । हाथ जोरि करि विनयखबाई ॥
True,True,0.5944444444444444,0.07222222222222222,62,6,dudhadasa1900__14__line_1518449578750_531.png,छन्द ॥
True,True,0.12292118582791034,0.03759942154736081,90,44,dudhadasa1900__14__line_1518449583391_532.png,करजोरि विनय खवाय सीतहि बिदाह्वै गृह को गईं ।
True,True,0.4035608308605341,0.13056379821958458,59,10,dudhadasa1900__15__line_1518449663380_533.png,रामाश्वमेध
False,True,0.0,0.5970149253731343,59,2,dudhadasa1900__15__line_1518449665925_534.png,१५
True,True,0.12472647702407003,0.07439824945295405,88,42,dudhadasa1900__15__line_1518449669050_535.png,लखि विषम बन भारी भयंकर जानकी विस्मित भंई ॥
True,True,0.09338235294117647,0.07941176470588235,77,42,dudhadasa1900__15__line_1518449672009_536.png,त्यहि समय मुनिवर बालमीकि समेत चेलन बनगये ।
True,True,0.0652014652014652,0.09523809523809523,82,36,dudhadasa1900__15__line_1518449675053_537.png,सुनिरुदनअबलासघनबन शिषसहिततहँआवतभये ॥
True,True,0.08903605592347315,0.059602649006622516,88,38,dudhadasa1900__15__line_1518449678061_538.png,सो० देखा निपट मलीन बैठी तहँ रोदन करै ।
True,True,0.08168316831683169,0.09075907590759076,77,38,dudhadasa1900__15__line_1518449681590_539.png,मुनिवर परम प्रवीन निकटजाय. पूंछी कथा ॥
True,True,0.08440721649484537,0.0702319587628866,102,50,dudhadasa1900__15__line_1518449684149_540.png,देखि ऋषय बोलीं तब सीता । बानी मञ्जुल मधुर पुनीता ॥
True,True,0.08990944372574386,0.11513583441138421,85,47,dudhadasa1900__15__line_1518449689120_541.png,श्वशुर चक्कवे दशरथ राऊ । जनकपिताजगविदितप्रभाऊ ॥
True,True,0.10672703751617077,0.11901681759379043,93,54,dudhadasa1900__15__line_1518449692656_542.png,पति रघुनाथ लोकतिहुँस्वामी । कहों कहांलग अन्तर्य्यामी ॥
True,True,0.12435567010309279,0.05219072164948454,91,50,dudhadasa1900__15__line_1518449696295_543.png,ऋषिपँचबटि पुरलोकविचारी । तज्योमोहिं रघुनाथ खरारी ॥
True,True,0.3963963963963964,0.07722007722007722,71,48,dudhadasa1900__15__line_1518449700093_544.png,लक्ष्मण बन पहुंचाय बहोरी । गये अवधकहँजनककिशोरी ॥
True,True,0.09596928982725528,0.06397952655150352,85,46,dudhadasa1900__15__line_1518449704607_545.png,बालमीकि सियको पहिचानी । धीरज दीन पुराण बखानी ॥
True,True,0.06658047834518423,0.09114414996767937,88,50,dudhadasa1900__15__line_1518449708856_546.png,पुत्री धीर धरो उर माहीं । भयोबामविधिकछु न बसाहीं ॥
True,True,0.0666235446313066,0.0407503234152652,88,48,dudhadasa1900__15__line_1518449712335_547.png,करि प्रबोध बहु कथा सुनाई । चले संग आसनहि लिवाई ॥
True,True,0.2475759534583064,0.12411118293471235,83,53,dudhadasa1900__15__line_1518449715848_548.png,सुन्दर सदनबासलै दीन्ही । सेवा बहु प्रकार मुनिकीन्ही ॥
True,True,0.14121037463976946,0.06051873198847262,80,44,dudhadasa1900__15__line_1518449719690_549.png,दो० यहि मिसि बीते कालबहु विपति विषाद बिहाय ।
False,True,0.01948051948051948,0.125,85,37,dudhadasa1900__15__line_1518449723444_550.png,युगल तनय तब प्रकटभे सुदिन सुऔसर पाय ॥
True,True,0.08516129032258064,0.056129032258064517,94,54,dudhadasa1900__15__line_1518449727770_551.png,बालमीकि मुनि गन्त बिचारी । शुभ नक्षत्र लखिभये सुखारी ॥
True,True,0.07252888318356868,0.11296534017971759,91,44,dudhadasa1900__15__line_1518449732341_552.png,बोल लई महिसुर हरषाई । दीन दान सम्मान बड़ाई ॥
True,True,0.28903225806451616,0.08709677419354839,79,52,dudhadasa1900__15__line_1518449736795_553.png,सिय उर हर्ष भयो ज्यहिभांती । शारदहूते नहिं कहिजाती ॥
True,True,0.09817945383615084,0.07477243172951886,80,45,dudhadasa1900__15__line_1518449740609_554.png,जस दुखसही लहीसुखभारी । बदनसुभगदोउसुवननिहारी ॥
True,True,0.1278772378516624,0.08695652173913043,85,54,dudhadasa1900__15__line_1518449745086_555.png,त्यहि अवसर मुनिकुटी सुहाई । ऋद्धिसिद्धिसुख सम्पतिछाई ॥
True,True,0.15552699228791775,0.06619537275064268,83,49,dudhadasa1900__15__line_1518449747954_556.png,जो ज्यहिभावदीन्ह तेहिसोई । उत्सव परम जान जिनजोई ॥
True,True,0.08102893890675242,0.03858520900321544,91,50,dudhadasa1900__15__line_1518449752273_557.png,कीन्हवेद लौकिक सब रीती । बालमीकिमुनिवर अतिप्रीती ॥
True,True,0.3518398967075533,0.18657198192382182,68,51,dudhadasa1900__15__line_1518449755357_558.png,नामकरण उत्पत्ति उछाहू । कीन्हमुदितबिधि वेद निबाहू ॥
True,True,0.3138010794140324,0.10331534309946029,65,41,dudhadasa1900__15__line_1518449759245_559.png,दो० भे सयान विद्यासकल बालमीकिमुनि दीन्ह ।
True,True,0.07323452484742807,0.08108108108108109,85,41,dudhadasa1900__15__line_1518449762957_560.png,चार वेद षट शास्त्रको कौतुकही पढ़ि लीन्ह ॥
True,True,0.08891752577319588,0.057345360824742266,82,53,dudhadasa1900__15__line_1518449766289_561.png,बाल चरित सुन्दर दोउभ्रातू । हरषि निरखि सुख पावैमातू ॥
True,False,0.52,0.03,63,2,dudhadasa1900__16__r1l1.png,१६
True,False,0.5316091954022989,0.0,65,12,dudhadasa1900__16__r1l2.png,रामाश्वमेध ।
True,True,0.16913183279742766,0.0720257234726688,93,52,dudhadasa1900__16__r1l4.png,विद्या धनुषबाणमुनि दीन्ही । दोऊअनुजमुदितसिखिलीन्ही ॥
True,True,0.09539052496798976,0.176056338028169,95,46,dudhadasa1900__16__line_1518449981163_574.png,बीते जबै वर्ष दश चारी । भयेकुमार युगल बलधारी ॥
True,True,0.3222293401665599,0.1287636130685458,77,48,dudhadasa1900__16__r1l7.png,मुनिबालकसँग खेलतफिरहीं । निपटअशंक न कालहुडरहीं ॥
True,True,0.4509300833867864,0.055163566388710714,64,52,dudhadasa1900__16__r1l10.png,फिरहिंबिपिन करिबीरशृंगारा । बधैंमृगा दोउ राजकुमारा ॥
True,True,0.35009671179883944,0.22243713733075435,89,49,dudhadasa1900__16__line_1518449971215_573.png,अतुलितबलप्रताप दोउभाई । सुठिसुकुमार बरणिनहिंजाई ॥
True,True,0.3290239172592114,0.09049773755656108,85,53,dudhadasa1900__16__line_1518449946807_571.png,दिनप्रति करहिं अहेरबराहू । फिरहिंबिपिनलखिडरहिंनकाहू ॥
True,True,0.11336828309305373,0.17758846657929228,98,51,dudhadasa1900__16__line_1518449963127_572.png,निशिदिनसुखदमातुउरमाहीं । सपनेहुअवधसुरतित्यहिनाहीं ॥
True,True,0.28488372093023256,0.09366925064599484,86,49,dudhadasa1900__16__line_1518449934404_570.png,होत प्रात नित दोऊ भइया । करहिंप्रणाममुदितमनमइया ॥
True,True,0.20232558139534884,0.06434108527131784,86,40,dudhadasa1900__16__line_1518449928060_569.png,दो० मुदितअशीषहि मातुतब जोरीसुभग निहारि ।
True,True,0.1308016877637131,0.05063291139240506,89,36,dudhadasa1900__16__r1l30.png,बार बार चँबूति बदन जाय जाय बलिहारि ॥
True,True,0.3369774919614148,0.10546623794212219,87,47,dudhadasa1900__16__line_1518449917227_568.png,लवकुशजन्म उछाह भवानी । कह्यों यथामति वेदबखानी ॥
True,True,0.2282051282051282,0.23525641025641025,94,49,dudhadasa1900__16__line_1518449909533_567.png,अब जो कहों सुनो मन लाई । राम चरित सुन्दर सुखदाई ॥
True,True,0.24434087882822902,0.05392809587217044,80,51,dudhadasa1900__16__line_1518449900941_566.png,जबतेप्रभु सिय विपिन निकारी । तबतेनिशिदिनरहतदुखारी ॥
True,True,0.05313700384122919,0.19526248399487836,100,45,dudhadasa1900__16__line_1518449874377_565.png,एकबार सोवत रघुबीरा । देखा स्वप्न राम रणधीरा ॥
True,True,0.19501278772378516,0.23145780051150894,98,47,dudhadasa1900__16__line_1518449860842_564.png,लङ्खापति सजि निज कटकाई । घेस्यो अवध निशानबजाई ॥
True,True,0.04095778197857593,0.23251417769376181,100,52,dudhadasa1900__16__r1l48.png,कीन महारण प्रभुके साथा । ह्वै व्याकुल जागे रघुनाथा ॥
True,True,0.17305236270753513,0.07215836526181353,92,49,dudhadasa1900__16__r1l49.png,कछु न दीख तहँ कृपानिधाना । कीन जाय सरयू अस्नाना ॥
True,True,0.16912235746316465,0.2216527866752082,102,55,dudhadasa1900__16__line_1518449849153_563.png,नित्यक्रिया करि गुरु पहँ आई । गहिपद अम्बुजस्वप्नसुनाई ॥
True,True,0.08247422680412371,0.19845360824742267,110,50,dudhadasa1900__16__line_1518449844230_562.png,स्वप्रभेव जस मोहिं सुनाई । करो उपाय बेगि मुनिराई ॥
True,True,0.2335063009636768,0.05114899925871016,88,44,dudhadasa1900__16__r1l55.png,दो० कह्योबिचारि मुनीश तब बचन मधुर त्यहिकाल ।
True,True,0.28667225481978204,0.10729253981559095,87,34,dudhadasa1900__16__r1l56.png,ब्रह्मबीज राकस भयो बसिभुजा दशभाल ॥
True,True,0.13465220165922145,0.198468410976388,93,51,dudhadasa1900__16__r1l57.png,करहु यज्ञ अशुमेध सुहावन । सदा युगों युग पावन पावन ॥
True,True,0.23416506717850288,0.07165706973768395,91,51,dudhadasa1900__16__r1l58.png,जानिशिरोमणि मख अतिभारी । करहिं अवशनृपप्रभुदनुजारी ॥
True,True,0.24759461193072482,0.12379730596536241,89,49,dudhadasa1900__16__r1l59.png,बिन कीन्हे मख दीनदयाला । होय न क्षमितअसुरदशभाला ॥
True,True,0.17662170841361594,0.24213230571612074,99,53,dudhadasa1900__16__r1l60.png,तब प्रभुकहा सुनिय मुनिनायक । करिय अरम्भयज्ञ सुखदायक ॥
True,True,0.16485623003194888,0.2952076677316294,100,48,dudhadasa1900__16__r1l61.png,तब मुनिनाथ कह्यो समुझाई । श्यामकरणहय अमर मँगाई ॥
True,False,0.29577464788732394,0.0,97,48,dudhadasa1900__16__r1l62.png,राजनीति हम पत्र लिखाई । बाँधि शीशपर बाजि फिराई ॥
False,True,0.0,0.43956043956043955,57,2,dudhadasa1900__17__line_1518450035920_576.png,१७
True,True,0.0696969696969697,0.16363636363636364,57,12,dudhadasa1900__17__line_1518450032037_575.png,रामाश्वमेध ।
True,True,0.2109020116807268,0.1317326411421155,59,49,dudhadasa1900__17__line_1518450039841_577.png,चार क्षोहिणी दल सँगदीजे । सैनापति रिपुसूदन कीजे ॥
True,True,0.046044098573281456,0.10635538261997406,73,59,dudhadasa1900__17__line_1518450042460_578.png,जो नृप बांधे अश्व तुम्हारा । करहिं युद्ध त्यहि सङ्ग अपारा ॥
True,True,0.24207119741100325,0.12815533980582525,61,50,dudhadasa1900__17__line_1518450045245_579.png,ताहि जीतिमख बाजि मँगाई । चहूँदिशा यहिभांति फिराई ॥
True,True,0.0665646518745218,0.057383320581484314,73,38,dudhadasa1900__17__line_1518450051989_580.png,दो० सब भूपनमदमानमहि कुशल सो यह वरबाज ।
True,True,0.08318739054290718,0.16549912434325745,61,37,dudhadasa1900__17__line_1518450054271_581.png,रिपुसूदन आवहिं अवध यज्ञसिद्ध रघुराज ॥
True,False,0.0671400903808909,0.005810200129115558,82,54,dudhadasa1900__17__line_1518450057776_582.png,सुनि मुनीश के वचन सप्रेमा । मखहित राम कीन्ह दृढ़नेमा ॥
True,True,0.06796116504854369,0.1080906148867314,61,49,dudhadasa1900__17__line_1518450062284_583.png,बेगि तुरँग सुरनाथ मँगाई । पूजा कीन्ह वेद यश गाई ॥
True,True,0.2190721649484536,0.1095360824742268,56,51,dudhadasa1900__17__line_1518450065734_584.png,हेमपत्र बांध्यो हय शीशा । बांचतज्यहि कोपैं अवनीशा ॥
True,True,0.11772315653298836,0.0705045278137128,73,52,dudhadasa1900__17__line_1518450068993_585.png,यूथप रिपुसूदन को कीन्हा । कहिप्रभुपूनिअसआयसुदीन्हा ॥
True,False,0.05438259756877799,0.019193857965451054,75,45,dudhadasa1900__17__line_1518450072569_586.png,तात तुरंग करब रखवारी । सजगरहब धनुबाण सुधारी ।
True,True,0.09423076923076923,0.04871794871794872,66,51,dudhadasa1900__17__line_1518450076856_587.png,गे भूपति तजि इरषा मोहा । मिलै आयत्यहि कीन्हो छोहा ॥
True,True,0.09526895657809462,0.17368762151652625,54,45,dudhadasa1900__17__line_1518450080448_588.png,अभयकरबत्यहिसभय निहारी । करब बचन परमान हमारी ॥
True,True,0.340398201669878,0.056518946692357096,57,57,dudhadasa1900__17__line_1518450083756_589.png,जे नृप हठ बश बांध तुरंगा । प्रबलयुद्ध कीन्ह्यो तेहिसंगा ॥
True,True,0.3516624040920716,0.08056265984654731,59,45,dudhadasa1900__17__line_1518450086980_590.png,समरभूमि रणसेज सुवाई । तुरग छुड़ाय चलब हरषाई ॥
True,True,0.11812778603268945,0.07652303120356613,61,37,dudhadasa1900__17__line_1518450090332_591.png,दो० ताहि जीति मखबाजिलै सजगकरब सबकाज ।
True,True,0.08924103419516263,0.05421184320266889,72,37,dudhadasa1900__17__line_1518450093188_592.png,फिस्योअवधकहँप्राणप्रिय असकहिकोशलराज ॥
True,True,0.06862091938707528,0.072618254497002,68,47,dudhadasa1900__17__line_1518450096712_593.png,सुनि आयसु साहब सियरौनू । पद शिरनाय चले रिपुदौनू
True,True,0.08284789644012945,0.12815533980582525,61,51,dudhadasa1900__17__line_1518450099988_594.png,करि आगे मखहय मुनिनाथा । भोरे सुभट कीन्ह त्यहिसाथा ॥
True,True,0.42516129032258065,0.03225806451612903,66,48,dudhadasa1900__17__line_1518450103313_595.png,मुनिपद बन्दि चले रणधीरा । कर कमलन सोहत धनुतीरा ॥
True,True,0.07940606843124597,0.036797934151065206,76,46,dudhadasa1900__17__line_1518450106786_596.png,शत्रुदवन पुर बाहर जाई । बेगि सारथी बोलि पठाई ॥
True,False,0.04061895551257253,0.025145067698259187,75,51,dudhadasa1900__17__line_1518450110530_597.png,तुरित सारथी स्यन्दन आना । चढ़्यो बिमान बीर बलवाना ॥
True,True,0.07617817947062622,0.0316333118140736,78,45,dudhadasa1900__17__line_1518450113904_598.png,बीर धुरीण भरत लघुभाई । सुमिरि गजानन सैनचलाई ॥
True,True,0.11745619727449708,0.035691109669046074,73,48,dudhadasa1900__17__line_1518450117539_599.png,सैन अमितको गनै मुनीशा । सकुचैं शारद गिरा फणीशा ॥
True,True,0.1286360698125404,0.16418875242404654,61,49,dudhadasa1900__17__line_1518450121064_600.png,चार क्षौहिणी सैन भवानी । बड़े बड़े योधा अभिमानी ॥
True,True,0.05844572896596018,0.09633911368015415,66,50,dudhadasa1900__17__line_1518450125604_601.png,आगे चञ्चल चपल तुरंगू । पाछे सुभट जाहिं त्यहिसंगू ॥
True,True,0.0729483282674772,0.06838905775075987,66,41,dudhadasa1900__17__line_1518450129322_602.png,दो० त्यहि पाछे सेना सुभट भरत अनुज रणधीर ।
True,True,0.19810508182601205,0.16623600344530576,54,35,dudhadasa1900__17__line_1518450133684_603.png,धर बीरासन जात मग सुमिरत सियरघुबीर ॥
False,False,0.02108433734939759,0.024096385542168676,66,12,dudhadasa1900__18__line_1518450176884_605.png,रामाश्वमेध ।
True,False,0.13953488372093023,0.0,57,2,dudhadasa1900__18__line_1518450173440_604.png,१८
True,True,0.050774526678141134,0.06798623063683305,68,34,dudhadasa1900__18__line_1518450181646_606.png,सांझ समय सब बीरभट साजिसाजि सीपाह ।
True,True,0.4401041666666667,0.0920138888888889,56,37,dudhadasa1900__18__line_1518450185422_607.png,निजनिज बारी देखिहय चलैं भोर उठि राह ॥
True,True,0.22358247422680413,0.10051546391752578,61,47,dudhadasa1900__18__line_1518450188999_608.png,गिरामूक फण तब सकुचाई । जो अब कहै प्रताप बड़ाई ॥
True,True,0.13161290322580646,0.09096774193548388,68,52,dudhadasa1900__18__line_1518450193095_609.png,फूटे मेरु खेह ह्वै जाहीं । टूटे बिटप परे महि माहीं ॥
True,True,0.03479381443298969,0.10309278350515463,71,47,dudhadasa1900__18__line_1518450196567_610.png,रजसों पूरिगये नद नारे । कूप तड़ाग झूर भय सारे ॥
True,True,0.09762363519588953,0.1355170199100835,68,50,dudhadasa1900__18__line_1518450200642_611.png,जहँ जहँ जाय यज्ञबर बाजू । मिलहिंभूपतहँ सहितसमाजू ॥
True,True,0.3832258064516129,0.05419354838709677,68,51,dudhadasa1900__18__line_1518450205485_612.png,जहँ जे भूपति कीन्ह लड़ाई । मास्यो ताहि भरत लघुभाई ॥
True,True,0.033419023136246784,0.038560411311053984,77,52,dudhadasa1900__18__line_1518450211729_613.png,ताहि सँहारि वाजि अगुआई । उत्सव कहिं कछु शर्म न पाई ॥
True,True,0.07860824742268041,0.0895618556701031,68,54,dudhadasa1900__18__line_1518450216511_614.png,करहिंयुद्ध नहिं कालहु डरहीं । नृपमानी जीतत रण फिरहीं ॥
True,True,0.06872190109184328,0.07321772639691715,70,48,dudhadasa1900__18__line_1518450221125_615.png,कहौं कहांलग तेज बखाना । रिपुसूदन रिपुसूदन जाना ॥
True,True,0.2612323491655969,0.04300385109114249,72,50,dudhadasa1900__18__line_1518450224880_616.png,उदयअस्त महि मंडलमाहीं । । रिपुसूदन समान भट नाहीं ॥
True,True,0.05056179775280899,0.10674157303370786,54,6,dudhadasa1900__18__line_1518450227834_617.png,छन्द ॥
True,False,0.3148542999289268,0.019189765458422176,68,41,dudhadasa1900__18__line_1518450233001_618.png,रिपुदवनसम जगकोउ न भट जोआयअब सन्मुख लड़े ।
True,True,0.035277177825773935,0.06551475881929446,66,45,dudhadasa1900__18__line_1518450236865_619.png,सुर असुर जेते नाग नर भय मान पद नहिं रण खड़े ॥
True,True,0.3507516105941303,0.11023622047244094,54,42,dudhadasa1900__18__line_1518450240220_620.png,चहुँ ओर अश्व फिराय सैन समेत रिपुसूदन बली ।
True,False,0.04145818441744103,0.029306647605432452,73,41,dudhadasa1900__18__line_1518450243994_621.png,यमुना उतरि सुरसरीमज्यो पार उतर सैना चली ॥
True,True,0.302130898021309,0.0350076103500761,71,42,dudhadasa1900__18__line_1518450247030_622.png,सो० चल्योतुरंग त्यहिकाल बालमीकि आश्रमगयो ।
True,False,0.05115089514066496,0.029838022165387893,79,35,dudhadasa1900__18__line_1518450250073_623.png,लखि बन बागरसाल हरितदूब लाग्यो चरन ॥
True,True,0.06108597285067873,0.04675716440422323,87,42,dudhadasa1900__18__line_1518450253493_624.png,दो० रहेतहां रखवार लव देखि अश्व प्रिय लाग ।
True,True,0.23291139240506328,0.04810126582278481,77,40,dudhadasa1900__18__line_1518450257134_625.png,उठ अकेल बांध्यो तुरंग जानि चरत मुनिबाग ॥
True,True,0.286722257857601,0.04169339320076972,68,55,dudhadasa1900__18__line_1518450261080_626.png,बांधि तुरङ्ग पत्रलव बांचा । करोंयुद्ध नृपसों मन रांचा ॥
True,True,0.29255663430420714,0.13333333333333333,57,49,dudhadasa1900__18__line_1518450264723_627.png,जबलग जीवरहौ तनु माहीं । तबलग अश्व देब नृप नाहीं ॥
True,True,0.20782552918537525,0.15137908915971776,61,47,dudhadasa1900__18__line_1518450268531_628.png,त्यहि अवसर भटभीर समूहा । आये हय हेरत बहु जूहा ॥
True,True,0.37443511943189156,0.05551969012265978,61,50,dudhadasa1900__18__line_1518450271621_629.png,देखि अश्व सकुचे मनमाहीं । बालक बधब उचित कछुनाहीं ॥
True,True,0.39638476436410586,0.08198837959974177,61,50,dudhadasa1900__18__line_1518450276006_630.png,डाटि कुवँर हयलेहु छुड़ाई । रिपुसूदन पहँ गवनो भाई ॥
True,True,0.4235218508997429,0.03920308483290488,64,48,dudhadasa1900__18__line_1518450280414_631.png,सुनि अस बचन हँसे लवबीरा । कर कमलन फेरत धनुतीरा ॥
True,True,0.5067785668173015,0.036152356358941255,63,47,dudhadasa1900__18__line_1518450285318_632.png,सुभट जबै हय छोरनलागे । लखि लव तुरत बीर रसपागे ॥
True,True,0.16895874263261296,0.24361493123772102,67,14,giridharadasa1902__01__line_1518440085272_134.png,श्रीगणेशाय नमः
True,True,0.4147186147186147,0.22510822510822512,71,10,giridharadasa1902__01__line_1518440091205_135.png,भारतीभूषएा
True,True,0.46326836581709147,0.06146926536731634,54,24,giridharadasa1902__01__r2l27.png,श्रीगिरिधरदास कविराज कृत
True,False,0.2961165048543689,0.0,50,6,giridharadasa1902__01__r2l28.png,जिसमें
True,False,0.43443804034582134,0.02521613832853026,62,35,giridharadasa1902__01__r2l29.png,सम्पूर्ण अलंकार के लक्षण उदाहरणसहित
True,True,0.3290441176470588,0.07720588235294118,58,27,giridharadasa1902__01__r2l30.png,अतिसरलतापूर्व्वक वर्णित हैं
True,False,0.2634730538922156,0.0,50,9,giridharadasa1902__01__r2l31.png,तीसरी बार
True,True,0.6754807692307693,0.1778846153846154,64,4,giridharadasa1902__01__r2l34.png,लखनऊ
True,True,0.40324449594438005,0.06546929316338354,60,49,giridharadasa1902__01__line_1518440101814_136.png,"मुंशी नवलकिशोर ( सी, आर्ह, ई) के छापेखाने में छपा"
True,True,0.49282296650717705,0.05263157894736842,67,21,giridharadasa1902__01__line_1518440127738_137.png,अक्टूबर सन् १९०२ ई० ॥
True,False,0.06565656565656566,0.018518518518518517,75,16,giridharadasa1902__02__line_1518440189223_138.png,श्रीगणेशाय नम: ॥
True,False,0.6045081967213115,0.028005464480874317,145,21,giridharadasa1902__02__r2l2.png,भारतीभूषण प्रारम्भ: ॥
True,True,0.4646840148698885,0.05204460966542751,59,6,giridharadasa1902__02__line_1518440252110_140.png,दोहा ॥
True,False,0.594170403587444,0.011659192825112108,105,39,giridharadasa1902__02__r2l4.png,श्रीबल्लभआचार्य्यके भजतभजतसबपाप ॥ श्रीब
True,False,0.7667785234899329,0.01971476510067114,96,38,giridharadasa1902__02__r2l5.png,ल्लभकरुणाकरत हरतसकलसन्ताप १ विधिभवतरणी
True,True,0.5226130653266332,0.1390284757118928,48,37,giridharadasa1902__02__r2l7.png,हमलहीयमगरूरकरुनाहिं ॥ विधिभवतरणीनमतनि
True,False,0.7693602693602694,0.018518518518518517,103,38,giridharadasa1902__02__r2l8.png,तहरिपदममउरमाहिं २ मोहनमनमानीसदा बानीको
True,False,0.2749584026622296,0.013311148086522463,117,40,giridharadasa1902__02__r2l9.png,करिध्यान ॥ अलंकारवरणनकरत गिरिधरदाससुजान३
True,True,0.4785534062237174,0.2409587888982338,62,43,giridharadasa1902__02__line_1518440199549_139.png,सुन्दरवरणनगणरचित भारतिभूषणयेहु ॥ पढ़हुगुनहु
True,True,0.04751525719267655,0.06669572798605057,125,40,giridharadasa1902__02__r2l12.png,सीखहुसुनहुसतकविसहितसनेहु ४ ॥ उपमालक्षण ॥
False,False,0.02847571189279732,0.0,123,38,giridharadasa1902__02__r2l13.png,सोउपमाजहँवरणिये उपमेयरुउपमान ॥ समताईशो
True,True,0.5469583778014941,0.033084311632870865,106,38,giridharadasa1902__02__r2l14.png,भितसदाइमिकविकहहिंसुजान ५ ॥ उदाहरणयथा ॥
True,True,0.5059322033898305,0.042796610169491524,53,37,giridharadasa1902__02__r2l17.png,आननपंचाननतिलक पंचाननकटिसोह ॥ खरीरमासी
True,False,0.03762541806020067,0.0,115,44,giridharadasa1902__02__r2l18.png,राधिकाभरीमोदसंदोह ६ ॥ उपमानादिकेलक्षण ॥ जाकी
True,False,0.23255813953488372,0.0012458471760797341,111,37,giridharadasa1902__02__r2l20.png,समतादीजियेतिहिकहियेउपमान ॥ जाकोसमकरिव
True,False,0.03239202657807309,0.0,115,35,giridharadasa1902__02__r2l21.png,रणियेसोउपमेयनआन ७ उपमेयरुउपमानगतजोक
True,False,0.3763396537510305,0.023907666941467436,105,41,giridharadasa1902__02__r2l22.png,छुधरमलखाय ॥ सोसाधारणधर्महैइमिवरणहिंकविराय
True,False,0.30632235084594833,0.008904719501335707,86,37,giridharadasa1902__02__r2l24.png,८ समताबोधकशब्दको उपमाबाचकनाम ॥ वरणेगि
True,True,0.47888513513513514,0.05827702702702703,59,41,giridharadasa1902__02__r2l26.png,रिधरदासइमि लक्षणस्वच्छमुदाम ९ कम्बुकमलअरु
True,True,0.49246231155778897,0.04061976549413735,105,39,giridharadasa1902__02__r2l27.png,बिम्बफलशुकसुवरणकीसीप ॥ इनहिंआदिउपमानहैं
False,True,0.020100502512562814,0.05360134003350084,111,35,giridharadasa1902__02__r2l28.png,समुझहुकविकुलदीप १० कंठआंखिअलकावलीअध
True,True,0.800266311584554,0.05792276964047936,105,45,giridharadasa1902__02__r2l30.png,रनासिकाश्रौन ॥ इनहिं आदिउपमेयहैंवर्णहिंवरबुधि
True,True,0.734094616639478,0.24469820554649266,62,11,giridharadasa1902__03__line_1518440321755_141.png,भारतीभूषण ।
True,True,0.4626865671641791,0.23880597014925373,54,1,giridharadasa1902__03__line_1518440324783_142.png,३
True,True,0.1320675105485232,0.03080168776371308,116,40,giridharadasa1902__03__r2l2.png,मौन ११ सुन्दरतासुकुमारताश्यामलतासुललाम ॥
True,False,0.19841930116472545,0.02329450915141431,108,41,giridharadasa1902__03__r2l4.png,येसाधारणधर्म हैं मनहरतारसधाम १२ लौंसोसेसी
True,False,0.04030226700251889,0.020990764063811923,124,37,giridharadasa1902__03__r2l5.png,सींसरिस समसमानइवतूल ॥ ऐसोऐसेयेसकलउपमा
True,True,0.3058623619371283,0.037807986406117246,73,40,giridharadasa1902__03__r2l6.png,बाचकमूल १३ जिमितिमिजैसोइतैसोईयथातथाज्यों
True,False,0.5571428571428572,0.009243697478991597,107,43,giridharadasa1902__03__r2l10.png,त्योंहिं ॥ येऊउपमाबाचकहिदोयमिलेतेहोहिं १४ ॥
True,False,0.06906779661016949,0.010169491525423728,148,42,giridharadasa1902__03__r2l11.png,पूर्णोपमालक्षण ॥ उपमानरुउपमेयजहँउपमाबाचकहो
True,True,0.43978590544157004,0.0504014272970562,50,43,giridharadasa1902__03__r2l14.png,इ ॥ सहसाधारणधर्मकेपूरणउपमासोइ १५ ॥ उदाहरण ॥
True,True,0.08892617449664429,0.031879194630872486,122,38,giridharadasa1902__03__r2l15.png,मुखसुखकर निशिकरसरिसशफरीसेचलनैन ॥ छीनलं
True,False,0.4336691855583543,0.006297229219143577,112,43,giridharadasa1902__03__r2l16.png,कहरिलंकसीठाढ़ीऐनाऐन १६ ॥ लुप्तोपमा ॥ उपमाना
True,False,0.6192080876158382,0.02106149957877001,106,43,giridharadasa1902__03__r2l17.png,दिकजेकहेतिनचारिहूँमझारि ॥ इकबिनद्वैबिनतीनबि
True,False,0.837228714524207,0.019198664440734557,102,42,giridharadasa1902__03__r2l20.png,नलुप्तोपमाविचारि १७ बाचकलुप्ताप्रथमबिनउपमा
True,False,0.5594227504244482,0.023769100169779286,120,47,giridharadasa1902__03__r2l21.png,बाचकहोइ ॥ द्वितियधर्मलुप्ताकहियधर्मरहितहैसोइ १८
True,True,0.6788135593220339,0.043220338983050846,106,39,giridharadasa1902__03__r2l22.png,तीजीहैबाचकधरमलुप्तासुकविसुजान ॥ बिनबाचक
True,False,0.0982367758186398,0.028127623845507977,114,42,giridharadasa1902__03__r2l23.png,उपमेयकेलुप्ताचौथीजान १९ पँचंईहैउपमानबिनबिन
True,False,0.7274247491638796,0.00919732441471572,104,38,giridharadasa1902__03__r2l24.png,बाचकउपमान ॥ छठींधरमउपमानबिनसईंलुप्ताजा
True,False,0.09406354515050168,0.020066889632107024,118,38,giridharadasa1902__03__r2l25.png,न २० उपमानरुबाचकधरमलुप्ताअठईंजानि ॥ आठ
True,True,0.5440931780366056,0.04076539101497504,104,48,giridharadasa1902__03__r2l26.png,भांतिलुप्तोपमाकविजनकहहिंबखानि २१ ॥ बाचकलुप्तोदाह
True,True,0.031407035175879394,0.038107202680067,134,35,giridharadasa1902__03__r2l27.png,रण ॥ मुखपूरणशशिसोहनोअमलकमलदलनैन॥कनक
True,False,0.0528804815133276,0.022785898538263114,114,46,giridharadasa1902__03__r2l28.png,वेलिकलकामिनीमाखनमधुरेबैन २२ ॥ धर्मलुप्तोदाहरण॥
True,True,0.047372954349698536,0.03186907838070629,120,42,giridharadasa1902__03__r2l29.png,बिज्जुलतासीनागरीसजलजलदसेश्याम ॥ खरेकुंजमैं
True,False,0.04659949622166247,0.010495382031905962,118,45,giridharadasa1902__03__r2l30.png,छबिभरेदोऊअतिअभिराम २३ ॥ बाचकधर्मलुप्तोदाहरण ॥
True,False,0.0583756345177665,0.028341793570219966,120,41,giridharadasa1902__03__r2l31.png,बैनसुधादृगमैनशरसैनसैनकेऐन ॥ बदनरैनपतिलखहु
True,False,0.2909940526762957,0.006796941376380629,114,46,giridharadasa1902__03__r2l32.png,हरिरैनचैनबरदैन २४ ॥ बाचकोपमेयलुप्तोदाहरण ॥ अटा
True,True,0.5672268907563025,0.16036414565826332,52,37,giridharadasa1902__03__r2l34.png,उदयहोतोभयोछबिधरपूरणचन्द ॥ होंबलिचलिअव
False,True,0.02531645569620253,0.03375527426160337,108,42,giridharadasa1902__03__r2l37.png,लोकियेमनमथकरनअनन्द २५ ॥ उपमानलुप्तोदाहरण ॥
True,True,0.2673107890499195,0.2222222222222222,58,11,giridharadasa1902__04__line_1518440501103_146.png,भारतीभूषण ।
True,True,0.26804123711340205,0.32989690721649484,54,1,giridharadasa1902__04__line_1518440497535_145.png,४
True,True,0.4805194805194805,0.06103896103896104,64,40,giridharadasa1902__04__r2l9.png,सुन्दरकंठकपोतसोकेहरिसीकटिखीन ॥ जेहरिझमका
True,False,0.0952023988005997,0.029985007496251874,109,44,giridharadasa1902__04__r2l11.png,वैखरीहेहरिकुंजगलीन २६ ॥ बाचकोपमानलुप्तोपमा ॥
True,False,0.31218057921635434,0.008517887563884156,125,41,giridharadasa1902__04__r2l14.png,भवनदीपकामिनिदिपतिसरपसांसगुरलेति ॥ कौनहेतु
True,True,0.4203928123694108,0.08065190137902215,87,48,giridharadasa1902__04__line_1518440612370_149.png,हरिमौनवहबूझेहुउत्तरदेति२७॥ धर्मोपमानलुप्तोदाहरण॥
True,True,0.5840407470288624,0.06706281833616298,77,39,giridharadasa1902__04__r2l18.png,घनसमरणगरजतफिरैंकरैंकालसीमारि ॥ सागरसीगं
True,False,0.06133671742808799,0.01692047377326565,117,47,giridharadasa1902__04__line_1518440468882_144.png,भीरता समरधीरत्रिपुरारि २८ ॥ उपमानबाचकधर्मलुप्तो
True,True,0.41942703670546105,0.1477170993733214,53,43,giridharadasa1902__04__r2l22.png,दाहरण ॥ मृगनैनीगजगामिनीपिकबैनीसुकुमारि ॥ के
True,True,0.49527085124677556,0.040842648323301804,79,41,giridharadasa1902__04__r2l24.png,हरिकटिवारीखरीनारीलखोमुरारि २९ ॥ मालोपमा ॥
True,False,0.5366056572379367,0.015391014975041598,111,40,giridharadasa1902__04__r2l26.png,जहँएकहिउपमेयकेवरणेबहुउपमान ॥ ताहिकहहिंमा
True,False,0.27639235245220284,0.0228595178719867,107,39,giridharadasa1902__04__r2l27.png,लोपमाकविसुजानमतिमान ३० ॥ उदाहरण ॥ मृगसे
True,False,0.3922628951747088,0.00041597337770382697,103,39,giridharadasa1902__04__r2l28.png,मनमथबानसेपीनमीनसेस्वच्छ ॥ कंजनसेखंजननसे
True,False,0.44265676567656764,0.014026402640264026,101,41,giridharadasa1902__04__r2l29.png,मनरंजनतोअच्छ ३१ ॥ रसनोपमालक्षण ॥ कथितप्रथ
True,True,0.304421768707483,0.053854875283446714,78,38,giridharadasa1902__04__r2l31.png,मउपमेयजहँ होतजातउपमान ॥ ताहिकहहिंरसनोप
True,True,0.3787751677852349,0.031459731543624164,105,40,giridharadasa1902__04__r2l33.png,माजेजगसुकविप्रधान ३२ ॥ उदाहरण ॥ मतिसीनति
True,False,0.4969915764139591,0.006016847172081829,105,39,giridharadasa1902__04__r2l35.png,नतिसीबिनति बिनतीसीरतिचारु ॥ रतिसीगतिगति
True,False,0.03896961690885073,0.026420079260237782,117,41,giridharadasa1902__04__r2l38.png,सीभगति तोमैंपवनकुमारु ३३ ॥ अनवयलक्षण ॥ एक
True,True,0.5338093238135238,0.1986560268794624,75,43,giridharadasa1902__04__line_1518440568303_148.png,हिमैंउपमेयता उपमानताजुहोइ ॥ दूजेसोंसमतानहीं
True,True,0.27078651685393257,0.03258426966292135,105,43,giridharadasa1902__04__r2l43.png,यहैअनन्वैसोइ ३४ ॥ उदाहरण ॥ तुवकीरतिसीस्वच्छ
True,True,0.12486064659977704,0.07692307692307693,141,42,giridharadasa1902__04__r2l46.png,तर तुवकीरतिहैश्याम ॥ सुरसरितासीसुरसरी शोभा
True,True,0.5793650793650794,0.03968253968253968,79,46,giridharadasa1902__04__r2l50.png,भरीमुदाम ३५ ॥ उपमेयोपमालक्षण ॥ हैह्वैहीजहँपरसप
True,False,0.4888475836431227,0.0018587360594795538,59,41,giridharadasa1902__04__r2l54.png,र उपमेयरुउपमान ॥ सोहैउपमेयोपमा तीजेसोसमता
True,False,0.12352941176470589,0.02100840336134454,115,37,giridharadasa1902__04__line_1518440530057_147.png,न ३६ ॥ उदाहरण ॥ अमलकमलसेनयनहैं कमलनैन
True,False,0.17758186397984888,0.018052057094878254,113,47,giridharadasa1902__04__line_1518440406255_143.png,सेस्वच्छ ॥ रुचिरकामसेश्यामहैंहरिसमकामप्रतच्छ ३७
True,True,0.06160714285714286,0.033035714285714286,101,43,giridharadasa1902__04__r2l63.png,प्रतीपलक्षण ॥ उपमेयहिउपमानजबकीजैगिरिधरदास ॥
True,False,0.04699738903394256,0.0013054830287206266,111,46,giridharadasa1902__04__r2l65.png,ताकोपांचप्रतीपमैं प्रथमजानियेखास ३८ ॥ उदाहरण ॥
True,True,0.3146964856230032,0.2364217252396166,63,11,giridharadasa1902__05__line_1518440776103_157.png,भारतीभूषण ।
True,True,0.2808988764044944,0.19101123595505617,66,1,giridharadasa1902__05__line_1518440779199_158.png,५
True,True,0.8140200286123033,0.04291845493562232,97,39,giridharadasa1902__05__r2l3.png,तोऐसीतियकामकी तोमुखसोयेकेश ॥ नवपल्लवतवअ
True,True,0.36394271272114576,0.16512215669755687,53,47,giridharadasa1902__05__r2l6.png,घरसे कम्बुकण्ठसमवेश ३९ ॥ द्वितीयप्रतीपलक्षण ॥ ज
True,True,0.048576214405360134,0.04313232830820771,113,45,giridharadasa1902__05__r2l7.png,हँप्रतीउपमानको गर्बहरैउपमेय ॥ दूजोकहहिंप्रतीप
True,True,0.6601694915254237,0.036440677966101696,99,42,giridharadasa1902__05__r2l8.png,तेहि जिनकीबुद्धिअमेय ४० ॥ उदाहरण ॥ कहाकरति
True,False,0.38818027210884354,0.0195578231292517,101,38,giridharadasa1902__05__r2l9.png,निजरूपको गरबगहेअविवेक ॥ रमाउमाशचिशारदा
True,False,0.042796610169491524,0.010169491525423728,110,42,giridharadasa1902__05__r2l10.png,तोसीतीयअनेक ४१ ॥ तृतीयप्रतीपलक्षण ॥ अनआदरउ
True,True,0.2403393025447691,0.030160226201696512,76,45,giridharadasa1902__05__r2l13.png,पमेयसों जबपावैउपमान ॥ तीजोकहहिंप्रतीपतेहि कवि
True,False,0.7342150170648464,0.020904436860068258,95,41,giridharadasa1902__05__r2l14.png,अवनीपसुजान ४२ ॥ उदाहरण ॥ नीचपनेकोक्योंकरत
True,True,0.428087986463621,0.03553299492385787,56,43,giridharadasa1902__05__r2l17.png,तूउरबीचगुमान ॥ अन्त्यजतोसेअधिकजग हरिद्वेषीप
True,False,0.719812925170068,0.02976190476190476,101,46,giridharadasa1902__05__r2l18.png,हिचान ४३ ॥ चतुर्थप्रतीपलक्षण ॥ समतालायकहोयनहिं
True,True,0.7636211232187762,0.03143336127409891,102,43,giridharadasa1902__05__r2l19.png,जबजाहिरउपमान ॥ गिरिधरदासप्रतीपसोहैचतुर्थमति
False,True,0.018302828618968387,0.03993344425956739,127,40,giridharadasa1902__05__line_1518440747066_156.png,मान ४४॥ उदाहरण ॥ तोमुखऐसोपंकसुतअरुसशंकयह
True,False,0.03717948717948718,0.029914529914529916,117,45,giridharadasa1902__05__line_1518440739274_155.png,बात॥ वरणहिवृथाअशंककविबुद्दिरंकबिख्यात४५ ॥ पंच
True,False,0.6135593220338983,0.0,119,44,giridharadasa1902__05__r2l26.png,मप्रतीपलक्षण ॥ व्यर्थहोइउपमानजबवरउपमेयसमीप ॥
True,False,0.06700167504187604,0.020100502512562814,107,44,giridharadasa1902__05__r2l27.png,गिरिधरदासबखानियेपंचमताहिप्रतीप ४६ ॥ उदाहरण ॥
True,True,0.5765004226542688,0.030008453085376162,99,42,giridharadasa1902__05__r2l28.png,देखिरूपवतकामिनी कहाउरबशीनारि ॥ कहामैनकामैन
True,False,0.10714285714285714,0.007598784194528876,117,44,giridharadasa1902__05__r2l29.png,तियकमलाशैलकुमारि ४७ ॥ द्विविधरूपकलक्षण ॥ बिष
True,True,0.6089901477832512,0.058497536945812806,113,43,giridharadasa1902__05__r2l33.png,यीबिषयहिवरणियेकरि अभेदतद्रूप ॥ अधिकन्यूनसमक
True,False,0.04124860646599777,0.007803790412486065,109,44,giridharadasa1902__05__r2l34.png,रिसोईषटविधिरूपकरूप४८॥ अधिकोक्तिअभेदरूपकउदाह-
True,True,0.7711538461538462,0.06923076923076923,99,41,giridharadasa1902__05__r2l38.png,रण ॥ धनगजचढ़िआकाशमगचलेइन्द्रअरिजोइ ॥ सुधा
True,False,0.3875052764879696,0.018151118615449557,88,45,giridharadasa1902__05__line_1518440788780_159.png,स्रवतशशिछत्रशिरमोतिनजगमगहोइ४९ ॥ न्यूनोक्तिरूप
True,True,0.036514522821576766,0.07676348547717843,111,44,giridharadasa1902__05__line_1518440692438_153.png,कउदाहरण ॥ कुसुमधनुषबिनुकुसुमधनुदेखोकुंजगलीन॥
False,False,0.02092050209205021,0.018410041841004185,117,34,giridharadasa1902__05__line_1518440685702_152.png,चलीजातजगअमलयहकमलाकमलविहीन ५० ॥ समो
False,True,0.01900337837837838,0.04560810810810811,111,42,giridharadasa1902__05__line_1518440673843_151.png,क्तिअभेदरूपकउदाहरण ॥ तुवआननशशिदुखहरन सुधाव
True,True,0.6690800681431005,0.04386712095400341,95,40,giridharadasa1902__05__line_1518440658636_150.png,रनछबिखानि ॥ रजनीरंजनरसिकप्रिय तमहरआनँददा
True,True,0.11,0.16,63,1,giridharadasa1902__06__line_1518440898608_161.png,६
True,True,0.3632,0.2352,54,11,giridharadasa1902__06__line_1518440902010_162.png,भारतीभूषण ।
True,False,0.6953059513830679,0.017183570829840736,106,47,giridharadasa1902__06__r1l2.png,नि ५१॥ अधिकोक्तितद्रूपरूपकउदाहरण ॥ जसधुजवाधुजते
True,False,0.7044500419815282,0.012174643157010915,100,42,giridharadasa1902__06__r1l3.png,अधिक तीनलोकफहरात ॥ धर्ममित्रबड़मित्रसोंमरत
True,True,0.4859538784067086,0.19454926624737945,63,46,giridharadasa1902__06__line_1518440914193_163.png,जियतसँगजात ५२ ॥ न्यूनोक्तितद्रूपकउदाहरण ॥ अपरध
True,True,0.06658878504672897,0.03154205607476635,110,43,giridharadasa1902__06__r1l6.png,नेशजनेशयह नहिंपुष्पकआसीन ॥ द्वितियगणेशसुबेश
True,True,0.7106577851790175,0.054954204829308906,98,49,giridharadasa1902__06__r1l8.png,शुचिसोहतशुण्डबिहीन ५३ ॥ समोक्तितद्रूपरूपकउदाहरण ॥
True,False,0.6690376569037657,0.009623430962343096,100,37,giridharadasa1902__06__r1l9.png,यहपालतसंसारको घालतपरकोपच्छ ॥ अपरमनोहर
True,False,0.33725820016820857,0.013036164844407064,102,44,giridharadasa1902__06__r1l10.png,रूपधर अम्बुजअच्छप्रतच्छ ५४ ॥ परिणामलक्षण॥ वर
True,False,0.7460515378221114,0.012468827930174564,96,41,giridharadasa1902__06__r1l11.png,णनीयउपमानह्वै जबैकरैकुछकाम ॥ गिरिधरदासबखा
True,False,0.5948996655518395,0.012959866220735786,102,39,giridharadasa1902__06__r1l12.png,निये तासुनामपरिणाम ५५ ॥ उदाहरण ॥ पदपंकज
True,True,0.40025466893039047,0.04626485568760611,67,40,giridharadasa1902__06__r1l14.png,तेचलतवर करपंकजलैकुंज ॥ मुखपंकजतेकहतहरि व
True,False,0.643603133159269,0.0278503046127067,106,41,giridharadasa1902__06__r1l15.png,चनरचनमुदमंज ५६ ॥ उल्लेखलक्षण ॥ एकहिबहुबहु
True,True,0.7382943143812709,0.036371237458193977,96,41,giridharadasa1902__06__r1l16.png,विधिलखैंइकहिवरणिबहुरीति ॥ उल्लेखालंकृतउभय
True,False,0.6639966273187183,0.006323777403035413,104,46,giridharadasa1902__06__r1l17.png,कविवरणहिंकरिप्रीति ५७ ॥ प्रथमउल्लेखउदाहरण ॥ ति
True,False,0.22148209825145712,0.012489592006661115,108,38,giridharadasa1902__06__line_1518440878029_160.png,यनकामयादवनहित नन्दसुवननवअंग ॥ लख्योकंस
False,True,0.022802653399668325,0.03109452736318408,106,47,giridharadasa1902__06__r1l20.png,यममुनिनहरि मोहनप्रविशेरंग ५८ ॥ द्वितियउल्लेखउदा
False,True,0.02837171052631579,0.03248355263157895,122,40,giridharadasa1902__06__r1l21.png,हरण ॥ तेजतरणिमुददानिशशि शत्रुनकालमुदाम ॥
True,False,0.5152892561983471,0.019834710743801654,104,41,giridharadasa1902__06__r1l22.png,ब्रजनारिनकोकामसे अहौसदाघनश्याम ५९ ॥ सुमिर
True,True,0.4507042253521127,0.030654515327257662,63,48,giridharadasa1902__06__r1l24.png,णभ्रमसंदेहलक्षण ॥ सुमिरणभ्रमसन्देहये अलंकारहैंती
True,False,0.6244813278008299,0.016597510373443983,102,44,giridharadasa1902__06__r1l25.png,न ॥ लक्षणलक्षितनाममैं वरणहिंसुकविप्रवीन ६० ॥
True,True,0.0739817123857024,0.030756442227763924,128,40,giridharadasa1902__06__r1l26.png,सुमिरणउदाहरण ॥ सुनिकोकिलधुनिवचनकी आवतिहै
True,True,0.6776094276094277,0.05303030303030303,94,40,giridharadasa1902__06__r1l27.png,सुधिमोहिं ॥ लखिशशिमुखकीहोतिसुधि तनसुधिघन
True,False,0.5232558139534884,0.018687707641196014,92,40,giridharadasa1902__06__r1l28.png,कोजोहि ६१ ॥ भ्रमउदाहरण ॥ जानिश्यामघनघनतु
True,False,0.05168067226890756,0.02100840336134454,112,45,giridharadasa1902__06__r1l29.png,म्हैं नाचिउठैंबनमोर ॥ हेमशलाकामानितोहिं चोरफि
True,False,0.6628978224455612,0.011725293132328308,100,42,giridharadasa1902__06__r1l30.png,रैंसबओर ६२ ॥ संदेहउदाहरण ॥ रमाकिराधाकैगिरा
True,True,0.5127782357790602,0.06265457543281121,57,43,giridharadasa1902__06__r1l31.png,गिरिजाकैरतिजानि ॥ श्यामकामधौंकल्पतरु नारायण
False,False,0.0,0.0,112,1,giridharadasa1902__07__r2l1.png,७
True,False,0.0670926517571885,0.02875399361022364,132,9,giridharadasa1902__07__r2l2.png,भारतीभूषण
True,True,0.05016722408026756,0.04598662207357859,126,49,giridharadasa1902__07__line_1518441110817_168.png,भुददानि ६३ ॥ शुद्धापह्नुतिलक्षण ॥ धर्मदुरावैऔरहीक
True,True,0.03438030560271647,0.052207130730050934,124,43,giridharadasa1902__07__r2l5.png,रिआरोपसुजान ॥ शुद्धापह्नुतिकहहिंतेहिअलंकारम
True,False,0.06379310344827586,0.009051724137931035,120,41,giridharadasa1902__07__r2l6.png,तिमान ६४ ॥ उदाहरण ॥ पहिरेश्यामनपीतपटघनमैं
True,True,0.32127838519764507,0.05088309503784693,114,44,giridharadasa1902__07__r2l7.png,विज्जुविलास ॥ शिरसारीनहिंतासुकी इन्दुकलापरका
True,True,0.23690773067331672,0.03865336658354115,110,50,giridharadasa1902__07__r2l8.png,स ६५ ॥ हेत्वपहुतिलक्षण ॥ सोइशुद्धापह्नुतिबिषेउक्ति
True,True,0.08691588785046729,0.07289719626168224,126,46,giridharadasa1902__07__r2l10.png,युक्तियुतयत्र ॥ गिरिधरदासबखानिये हेतुअपह्नुतित
False,False,0.023618090452261306,0.017085427135678392,122,41,giridharadasa1902__07__r2l13.png,त्र ६६ ॥ उदाहरण ॥ तियननिशाघनबनचलै हेमबेलि
True,False,0.3576598311218335,0.013872135102533172,116,36,giridharadasa1902__07__r2l16.png,नहिंजाय ॥ छटकिजलदतेजलदबहु दामिनिजातल
True,False,0.03400503778337532,0.02938706968933669,119,43,giridharadasa1902__07__r2l17.png,खाय ६७ ॥ पर्यस्तापह्नुतिलक्षण ॥ औरबिषेगुणऔर
True,False,0.28324915824915825,0.01893939393939394,110,41,giridharadasa1902__07__r2l18.png,को जबकीजैआरोप ॥ तबपर्यस्तापह्नुती इमिकविक
True,False,0.3317596566523605,0.02832618025751073,102,40,giridharadasa1902__07__r2l19.png,हहिंसचोप ६८ ॥ उदाहरण ॥ नहींशक्रसुरपतिअहै
True,True,0.5123152709359606,0.03940886699507389,58,41,giridharadasa1902__07__r2l23.png,सुरपतिनन्दकुमार ॥ रतनाकरसागरनहीं मथुरानगर
False,False,0.02608142493638677,0.008905852417302799,130,52,giridharadasa1902__07__r2l27.png,बजार ६९ ॥ हेतुपर्यस्तापह्नुतिलक्षण ॥ पर्यस्तापह्नुति
True,True,0.2948073701842546,0.05862646566164154,115,46,giridharadasa1902__07__r2l28.png,बिषे हेतुसहितजोकोइ ॥ धर्मछपावैहेतुयुत वहीनामतब
False,False,0.029411764705882353,0.0068201193520886615,124,41,giridharadasa1902__07__line_1518441020409_167.png,होइ ७० ॥ उदाहरण ॥ तमहररविनहिंहरिभजन तमीहो
True,False,0.12353433835845896,0.018425460636515914,122,40,giridharadasa1902__07__line_1518441013812_166.png,इरविलोक ॥ कहुँतमरहैनहरिभजै इमिवरणहिंमतिओ
False,False,0.022783251231527094,0.0049261083743842365,112,45,giridharadasa1902__07__r2l37.png,क ७१ ॥ भ्रांतापह्नुतिलक्षण ॥ भ्रान्तिऔरकीऔरजब
True,False,0.05249110320284697,0.02802491103202847,134,42,giridharadasa1902__07__line_1518440999978_165.png,बचनसोंनास ॥ भ्रान्तापह्नुतिकहहिंतेहि कविजन
False,False,0.017201834862385322,0.016055045871559634,118,41,giridharadasa1902__07__r2l42.png,गिरिधरदास ७२ ॥ उदाहरण ॥ जीवनदीन्होश्यामघन
True,False,0.053822937625754526,0.0015090543259557343,124,40,giridharadasa1902__07__r2l43.png,सजनीरजनीआइ ॥ क्योंसखिबिनबरसातके नहिंनहिं
False,False,0.02619324796274738,0.024447031431897557,130,46,giridharadasa1902__07__r2l46.png,गोकुलराइ ७३ ॥ छेकापह्नुतिलक्षण ॥ शङ्कानाशैऔरकी
True,True,0.06585570469798657,0.037751677852348994,128,44,giridharadasa1902__07__line_1518440985201_164.png,सांचीबातदुराइ ॥ छेकापह्नुतिकहतहैं ताहिकविनके
True,False,0.11316287878787878,0.014204545454545454,112,40,giridharadasa1902__07__r2l50.png,राइ ७४ ॥ उदाहरण ॥ ऐंचिचीरतनसछतकिय हरेशृँ
True,False,0.05516014234875445,0.018386714116251483,130,45,giridharadasa1902__07__r2l52.png,गारसमक्ष ॥ कुंजनमेंक्योंश्यामसखि नहिंकरीलकोवृ
True,False,0.0580608793686584,0.02367531003382187,120,43,giridharadasa1902__07__r2l53.png,क्ष ७५ ॥ कैतवापह्नुतिलक्षण ॥ औरहिवरणैऔरई मि
True,True,0.7906976744186046,0.10465116279069768,63,1,giridharadasa1902__08__line_1518441212777_174.png,८
True,True,0.6051779935275081,0.2087378640776699,66,11,giridharadasa1902__08__line_1518441216774_175.png,भारतीभूषण ।
True,True,0.3595360824742268,0.04596219931271478,79,42,giridharadasa1902__08__r1l2.png,सिकरिवरपतिमान ॥ ताहिकैतवापह्नुती भूषणकहहिं
True,True,0.19950124688279303,0.030340814630091438,118,36,giridharadasa1902__08__r1l4.png,सुजान ७६ ॥ उदाहरण ॥ कुचमिसकरिमनमथमथन
True,False,0.06676706827309237,0.004016064257028112,113,44,giridharadasa1902__08__r1l5.png,तियउरकरतनिवास ॥ पावसमिसकरवज्नलै इन्द्रदेतव्र
True,False,0.4283746556473829,0.007805325987144169,102,56,giridharadasa1902__08__r1l7.png,जत्रास ७७ ॥ उत्प्रेक्षालक्षण ॥ उत्प्रेक्षाविधितीनहैं इहि
True,False,0.5729813664596274,0.004658385093167702,97,44,giridharadasa1902__08__r1l15.png,विधिकहहिंप्रवीन ॥ वस्तुहेतुफलरूपकरि जिनकीमति
True,False,0.3882450331125828,0.020281456953642384,127,50,giridharadasa1902__08__r1l16.png,रसपीन ७८ ॥ वस्तुहेतुफलभेदवर्णन ॥ वस्तुद्विविधउक्ता
True,True,0.2820627802690583,0.034080717488789235,121,40,giridharadasa1902__08__r1l19.png,सपद अनुक्तासपदजानि ॥ हेतुसुफलसिद्धासपद अ
True,True,0.3716442953020134,0.038171140939597316,123,53,giridharadasa1902__08__r1l22.png,सिद्धासपदमानि ७९ ॥ उक्तास्पदवस्तुत्प्रेक्षोदाहरण ॥ हा
True,False,0.36783042394014964,0.017871986699916874,105,39,giridharadasa1902__08__r1l23.png,लाहलनिकस्योमहा भरतज्वालकीजाल ॥ सिंधुमथत
True,True,0.32331975560081466,0.03411405295315682,105,50,giridharadasa1902__08__r1l26.png,मानोकढ़ीबड़वानलकीज्वाल ८० ॥ अनुक्तास्पदवस्तूत्प्रे
True,True,0.11844331641285956,0.031725888324873094,129,44,giridharadasa1902__08__r1l27.png,क्षोदाहरण ॥ बरषतमानोचन्द्रमा किरणवज्रकनबान ॥
True,True,0.45598006644518274,0.0303156146179402,113,39,giridharadasa1902__08__r1l28.png,सावनमैंधावनलगे घनुयमगनअसमान ८१ ॥ हेतुसि
True,True,0.27477102414654453,0.05870108243130724,125,50,giridharadasa1902__08__r1l29.png,द्धास्पदोत्प्रेक्षोदाहरण ॥ तुवकरएतेलसतमनु गहीहिंडो
True,False,0.36820428336079075,0.027182866556836903,92,42,giridharadasa1902__08__r1l32.png,राडोर ॥ तोपटछायापरतमनुश्यामलनन्दकिशोर ८२ ॥
True,True,0.5076142131979695,0.03934010152284264,83,52,giridharadasa1902__08__r1l34.png,हेतुअसिद्धास्पदोत्प्रेक्षोदाहरण ॥ तोईक्षणसमताचहत मान
True,False,0.412771285475793,0.013772954924874792,109,46,giridharadasa1902__08__r1l35.png,हुतीक्षणबाण ॥ छूटिमहीपकमानसों लेहिंमृगनकोप्राण
True,False,0.36569037656903763,0.02092050209205021,113,48,giridharadasa1902__08__line_1518441169200_173.png,८३ ॥ फलसिद्धास्पदोत्प्रेक्षोदाहरण ॥ मोहिंलखिचपला
True,True,0.4187554019014693,0.07000864304235091,68,46,giridharadasa1902__08__r1l39.png,सकुचिपुनि घनमैंजातिसमाइ ॥ योंगुनितियमनुमूँदिमु
True,False,0.07860824742268041,0.002147766323024055,128,51,giridharadasa1902__08__r1l43.png,ख मन्दिरबैठीआइ ८४ ॥ फलअसिद्धास्पदोत्प्रेक्षोदाहरण ॥
True,True,0.20915312232677502,0.07100085543199315,137,40,giridharadasa1902__08__line_1518441155910_172.png,तोकटिसमताहेतुमनुसिंहकरतवनबास ॥ कुचसमताहि
True,False,0.17317275747508307,0.014950166112956811,121,47,giridharadasa1902__08__line_1518441149380_171.png,तसहतमनु गिरिहिमघामबतास ८५ ॥ उत्प्रेक्षाव्यंजक ॥
True,True,0.18021793797150043,0.09430008382229674,133,48,giridharadasa1902__08__line_1518441143554_170.png,उत्प्रेक्षाव्यंजकमनहुँ मनुजनुआदिकआहिं ॥ जहांनहीं
True,True,0.08656224237427865,0.0717230008244023,135,56,giridharadasa1902__08__line_1518441137833_169.png,येजानियेगम्योत्प्रेक्षाताहिं ८६ ॥ गम्योत्प्रेक्षोदाहरण ॥
True,True,0.44661016949152543,0.06016949152542373,123,43,giridharadasa1902__08__r1l53.png,तोरितीरतरुकेसुमन वरसुगन्धकेभौन ॥ यमुनातोपूज
True,False,0.4985014985014985,0.015984015984015984,97,45,giridharadasa1902__08__r1l54.png,नकरत वृन्दाबनकोपौन ८७ ॥ रूपकातिशयोक्तिलक्षण ॥
True,True,0.39473684210526316,0.42105263157894735,54,1,giridharadasa1902__09__line_1518441357413_180.png,९
True,True,0.3677621283255086,0.11267605633802817,66,11,giridharadasa1902__09__line_1518441355184_179.png,भारतीभूषण ।
True,False,0.5068870523415978,0.020202020202020204,69,41,giridharadasa1902__09__r1l4.png,जहँव्यंजकउपमेयको कहिकेवलउपमान ॥ रूपकातिशय
True,True,0.2743547044129892,0.06827643630308076,123,47,giridharadasa1902__09__r1l6.png,उक्तितिहिवरणहिंबुद्धिनिधान८८ ॥उदाहरण ॥ शशिमेंबि
True,True,0.322420223787816,0.07045171985080813,115,47,giridharadasa1902__09__r1l7.png,द्रुमताबिषेंकुन्दावलिदरशाइ ॥ तापैशुकशुकपैधनुषवि
True,False,0.39192003331945025,0.007080383173677634,124,46,giridharadasa1902__09__r1l8.png,विसरसहितलखाइ ८९ ॥ सापह्नवरूपकातिशयोक्तिलक्षण ॥
True,False,0.3962655601659751,0.01701244813278008,110,47,giridharadasa1902__09__r1l11.png,पर्य्यस्तापहनुतिसहितयहीअलंकृतयत्र ॥ सापह्नवरूपक
True,True,0.40283569641367806,0.06380316930775647,76,41,giridharadasa1902__09__r1l12.png,सहितअतिशयोक्तिहैतत्र ९० ॥ उदाहरण ॥ तुवमुख
True,True,0.3497312939231087,0.08805291442744936,110,48,giridharadasa1902__09__r1l14.png,मेंनिवसतसुधाहेराधेसुकुमारि ॥ ताहिबखानैचन्द्रमाबि
True,True,0.28191268191268193,0.07442827442827443,122,46,giridharadasa1902__09__r1l15.png,नबूझेभ्रमधारि ९१ ॥ भेदकातिशयोक्तिलक्षण ॥ औरैपद
True,True,0.4253638253638254,0.0814968814968815,114,43,giridharadasa1902__09__r1l16.png,भेदकजहांअतिशयोक्तिमेंहोइ ॥ भेदकातिशयोक्तिबर
True,True,0.26898866974402014,0.09064204783885858,119,39,giridharadasa1902__09__r1l17.png,अलङ्कारहैसोइ ९२ ॥ उदाहरण ॥ अवलोकनिबोलनि
True,True,0.5101095197978096,0.039174389216512215,86,37,giridharadasa1902__09__r1l19.png,हँसनिडोलनिऔरैऔर ॥ आवनिमृदुगावनिसबैऔरै
True,True,0.31998331247392575,0.09136420525657071,129,49,giridharadasa1902__09__r1l20.png,याकेतौर ९५ ॥ सम्बन्धातिशयोक्तिलक्षण ॥ जहांदेतसम्ब
True,False,0.4011627906976744,0.01910299003322259,109,44,giridharadasa1902__09__r1l21.png,न्धसोंसुकबिअयोगहियोग ॥ सम्बन्धातिशयोक्तितिहि
True,False,0.2561127227517613,0.026108578532946538,109,37,giridharadasa1902__09__r1l22.png,बरणतपण्डितलोग ९४ ॥ उदाहरण ॥ चलतअवधपुर
True,True,0.3394880402853546,0.0721779269827948,122,40,giridharadasa1902__09__r1l23.png,पियतजलनभसरिकोभरिशुण्ड ॥ कलशलेतध्रुवधामके
True,True,0.318105616093881,0.03730092204526404,128,50,giridharadasa1902__09__r1l24.png,तुम्हरेरामभशुण्ड ९५ ॥ असम्बन्धातिशयोक्तिलक्षण ॥ जो
True,False,0.15025252525252525,0.0025252525252525255,146,39,giridharadasa1902__09__r1l25.png,गहिकरियअयोगजबमतिअनुसारप्रकास ॥ असम्बन्ध
True,True,0.28218029350104823,0.06918238993710692,136,39,giridharadasa1902__09__line_1518441330080_178.png,अतिशयउकुति कहियेगिरिधरदास ९६ ॥ उदाहरण ॥
True,True,0.5147625160462131,0.08515190415062045,76,44,giridharadasa1902__09__line_1518441324405_177.png,रविपावैसनमानक्यों तेजदेखितुवभूप ॥ पविसरतेकबि
True,True,0.47764530551415796,0.030551415797317436,122,48,giridharadasa1902__09__r1l35.png,बुद्धितेसदानिरादररूप ९७ ॥ अक्रमातिशयोक्तिलक्षण ॥
True,False,0.44987363100252736,0.003369839932603201,104,40,giridharadasa1902__09__r1l37.png,कारणऔकारजजबैदुहूंबरणियेसंग ॥ अक्रमातिशयउ
True,True,0.25566750629722923,0.05079764903442485,135,41,giridharadasa1902__09__r1l39.png,क्तिसोभूषणकविताअंग ९८ ॥ उदाहरण ॥ उठ्योसंग
True,False,0.27096502317741256,0.00969237252423093,122,42,giridharadasa1902__09__r1l40.png,गजकरकमलचक्रचक्रधरहाथ ॥ करतेंचक्रसुनक्रशिरध
True,True,0.255008347245409,0.0333889816360601,128,45,giridharadasa1902__09__line_1518441305409_176.png,रतेंबिलग्योसाथ ९९ ॥ चपलातिशयोक्तिलक्षण ॥ कारण
True,False,0.5710306406685237,0.018105849582172703,95,37,giridharadasa1902__09__r1l43.png,केनामहिसुने कारजआशुहिहोइ ॥ चपलाअतिशयउ
True,True,0.3741935483870968,0.04516129032258064,93,11,giridharadasa1902__10__r1l1.png,भारतीभूषण ।
True,False,0.34177215189873417,0.0,75,2,giridharadasa1902__10__line_1518441546817_185.png,१०
True,False,0.5472854640980735,0.024080560420315235,100,45,giridharadasa1902__10__r1l3.png,क्तियहअलंकारहैसोइ १०० ॥ उदाहरण ॥ जानकह्योपरदे
True,True,0.5503522585992541,0.035225859925404064,93,44,giridharadasa1902__10__r1l5.png,शपियसुनिसूखीयोंबाल ॥ मुँदरीकरपहुँचीभईपहुँचीउ
True,True,0.36314021830394627,0.030226700251889168,84,50,giridharadasa1902__10__line_1518441554472_186.png,रकीमाल १०१ ॥ अत्यन्तातिशयोक्तिलक्षण ॥ पूर्वापरक्रम
True,False,0.44309822587624403,0.0099524015577672,65,45,giridharadasa1902__10__r1l9.png,नामिलैजाकोगिरिधरदास ॥ अत्यन्तातिशयोक्तितेहि ॥
True,True,0.4225941422594142,0.11799163179916318,79,42,giridharadasa1902__10__line_1518441610219_187.png,कविजनकरहिंप्रकास १०२ ॥ उदाहरण ॥ हनूमानकीपू
True,False,0.4779717373233583,0.00831255195344971,96,39,giridharadasa1902__10__r1l12.png,छमेंलगननपाईआगि ॥ लङ्कासिगरीजरिगईगयेनिशा
True,False,0.42259933774834435,0.019867549668874173,106,44,giridharadasa1902__10__r1l13.png,चरभागि १०३ ॥ तुल्ययोगितालक्षण ॥ क्रियाऔरगुणक
True,False,0.5224066390041494,0.004979253112033195,110,46,giridharadasa1902__10__r1l15.png,रिजहांधर्मएकताहोइ ॥ बर्ण्यनकोकैइतरको तुल्ययोगि
True,True,0.4605263157894737,0.06027164685908319,114,46,giridharadasa1902__10__r1l16.png,तासोइ १०४ ॥ प्रस्तुततुल्ययोगिताउदाहरण ॥ अरुणउद
True,True,0.5393992163691772,0.052242054854157595,96,42,giridharadasa1902__10__r1l17.png,यअवलोकिकैसकुचहिंकुबलैचोर ॥ इन्दुउदयलखिस्वै
True,False,0.30021141649048627,0.02959830866807611,119,44,giridharadasa1902__10__r1l18.png,रिनीबदनबनजचहुँओर १०५ ॥ अप्रस्तुततुल्ययोगिताउ
True,False,0.4287739192062367,0.01630049610205528,90,42,giridharadasa1902__10__r1l19.png,दाहरण ॥ लखितेरीसुकुमारता एरीयाजगमाहिं ॥ कम
True,False,0.20509607351712614,0.029239766081871343,128,45,giridharadasa1902__10__r1l21.png,लगुलाबकठोरसे काकोभाषतनाहिं १०६ ॥ द्वितीयतुल्य
True,False,0.6376569037656904,0.02887029288702929,101,46,giridharadasa1902__10__line_1518441519527_184.png,योगितालक्षण ॥ तुल्यवृत्तिहितअहितमें जबबरणियनिर
True,True,0.5420319752449716,0.03558535327488396,116,41,giridharadasa1902__10__line_1518441513094_183.png,धारि ॥ तुल्ययोगिताअपरयह बरणहिंसुकबिबिचारि
True,False,0.3436179205409975,0.014792899408284023,104,39,giridharadasa1902__10__r1l27.png,१०७ ॥ उदाहरण ॥ गिरिधरदासजहानमें तुमअतिच
True,False,0.5635103926096998,0.003695150115473441,101,42,giridharadasa1902__10__line_1518441504360_182.png,तुरसुजान ॥ सरक्रीड़ाकरिहरतहौ तियकोअरिकोमान
True,True,0.44986326344576116,0.032816773017319965,56,46,giridharadasa1902__10__r1l32.png,१०८ ॥ तृतीयतुल्ययोगितालक्षण ॥ समकरियेउतकृष्टगु
True,True,0.5433422698838248,0.07953529937444147,109,43,giridharadasa1902__10__r1l34.png,णबहुकोएकहिल्याइ ॥ तुल्ययोगितातीसरी ताहिकहैं
True,True,0.4031986531986532,0.06313131313131314,78,42,giridharadasa1902__10__r1l35.png,कविराइ १०९ ॥ उदाहरण ॥ तुमविधिबुधविधुबिबुधप
True,True,0.47576906868942265,0.07669616519174041,119,45,giridharadasa1902__10__line_1518441491626_181.png,ति विधुधरबुद्धिनिधान ॥ तुमहिंभूपहौकल्पतरु गुण
True,False,0.4000841396718553,0.02440050483803113,105,45,giridharadasa1902__10__r1l39.png,निधिचतुरसुजान ११० ॥ दीपकलक्षण ॥ जहँअवर्ण्यअरु
True,True,0.5161425576519916,0.07756813417190776,104,42,giridharadasa1902__10__r1l40.png,वर्ण्यको धर्मएकगुणिलेहु ॥ अलंकारदीपकइहीनाम
True,True,0.3207171314741036,0.0398406374501992,85,42,giridharadasa1902__10__r1l42.png,तासुकहिदेहु १११ ॥ उदाहरण ॥ सोहतभूपतिदानसों
True,True,0.38527519656897785,0.08791994281629735,72,40,giridharadasa1902__10__r1l48.png,फलफूलनआराम ॥ ऊँचेतनसोंद्विरदवरगतिसोंअश्व
True,True,0.6229508196721312,0.058287795992714025,96,11,giridharadasa1902__11__r1l1.png,भारतीभूषण ।
True,False,0.4968553459119497,0.012578616352201259,66,2,giridharadasa1902__11__line_1518441814201_200.png,११
True,True,0.3844294003868472,0.033849129593810444,110,43,giridharadasa1902__11__r1l3.png,मुदाम ११२ ॥ आवृत्तदीपकलक्षण ॥ आवृतदापकतीनवि
True,False,0.29593147751605997,0.02184154175588865,83,39,giridharadasa1902__11__r1l4.png,धि पदआवृतइकजानि ॥ अर्थावृतिपद अर्थकीआवृ
True,False,0.6388400702987698,0.0,97,41,giridharadasa1902__11__r1l5.png,तिइमिपहिचानि ११३ ॥ पदआवृत्तिदीपकउदारहरण ॥
True,False,0.49013921113689096,0.027262180974477957,86,44,giridharadasa1902__11__r1l8.png,नन्दसुवनव्यारूकरत बाढ़ीप्रीतिअथोर ॥ परसतिसुं
True,False,0.23482498892334958,0.004430660168365086,107,43,giridharadasa1902__11__r1l9.png,दरिसरसतिय परसतदृगदृगकोर ११४ ॥ अर्थावृत्तिदी
True,True,0.4696969696969697,0.06228956228956229,80,43,giridharadasa1902__11__r1l10.png,पकउदाहरण ॥ दौरहिंसंगरमत्तगज धावहिंहयसमुदाइ॥
True,False,0.5178571428571429,0.021258503401360544,113,46,giridharadasa1902__11__r1l13.png,नटहिंरंगमहिंबहुनटी नाचहिंनटहरषाइ ११५ ॥ पदार्था
True,True,0.4847457627118644,0.0576271186440678,68,42,giridharadasa1902__11__line_1518441779996_198.png,वृत्तिदीपकउदाहरण ॥ गरजतहैंरणरामजू गरजतहैदश
True,True,0.37404580152671757,0.032230703986429174,92,39,giridharadasa1902__11__line_1518441786072_199.png,शीश ॥ धावतरिसिभरिरजनिचर दुहुंदिशिधावतकी
True,True,0.3459755583649389,0.22418879056047197,62,47,giridharadasa1902__11__line_1518441824602_201.png,श ११६ ॥ प्रतिवस्तूपमालक्षण ॥ होहिंबस्तुप्रतिसमज
True,True,0.37620849096258935,0.09583858764186633,82,46,giridharadasa1902__11__r1l27.png,बै उपमेयरुउपमान ॥ जुदेजुदेपदकरिकही प्रतिबस्तूप
True,False,0.38480392156862747,0.015196078431372549,98,41,giridharadasa1902__11__line_1518441860792_202.png,मजान ११७ ॥ उदाहरण ॥ साधुसंगपायहुनहीं खलको
True,True,0.4523411371237458,0.047658862876254184,106,38,giridharadasa1902__11__line_1518441754502_197.png,खलपनजाय ॥ सुधापियायहुअहिनहीं तजैगरलदुख
True,True,0.6490486257928119,0.045243128964059194,104,53,giridharadasa1902__11__line_1518441745354_196.png,दाय ११८ ॥ दृष्टान्तलक्षण ॥ वर्ण्यअवर्ण्यदुहूँनकोभिन्न
True,False,0.49284511784511786,0.01978114478114478,100,49,giridharadasa1902__11__line_1518441730788_195.png,धर्मदरशाइ ॥ जहांबिम्बप्रतिबिम्बसों सोदृष्टान्तकहा
True,True,0.3103266596417281,0.059009483667017915,88,39,giridharadasa1902__11__line_1518441726066_194.png,इ ११९ ॥ उदाहरण ॥ रूपवतीतुमहींअहौ रतीयशव
True,True,0.3446808510638298,0.05872340425531915,81,45,giridharadasa1902__11__line_1518441716825_193.png,तीजानि ॥ नृपतुमहींज्ञानीअहौदानीसुरतरुमानि १२०
True,False,0.627956081081081,0.015202702702702704,101,47,giridharadasa1902__11__line_1518441712390_192.png,निदर्शनालक्षण ॥ तीन प्रकारनिदर्शना कबिबरणहिंसवि
True,False,0.5184088023698689,0.011002962336013541,105,40,giridharadasa1902__11__line_1518441705863_191.png,वेक ॥ सदृशदोउवाक्यार्थको एकारोपणएक १२१ ॥
True,False,0.30685920577617326,0.0296028880866426,76,40,giridharadasa1902__11__r1l59.png,उदाहरण ॥ जोदाताकोसरलचित नहींकुटिलताभास ॥
True,True,0.3717344753747323,0.037687366167023555,103,36,giridharadasa1902__11__line_1518441691328_190.png,पूरणविधुअकलंकता जानियगिरिधरदास १२२ ॥
True,False,0.44089012517385257,0.0,53,44,giridharadasa1902__11__r1l67.png,दुतियनिदर्शनालक्षण ॥ उपमानौउपमेयकी धर्मधरैजब
True,True,0.42568203198494825,0.09501411100658513,50,47,giridharadasa1902__11__r1l70.png,ल्याइ ॥ पलटेहूंसुनिदर्शनादुतियकहहिंकविराइ १२३ ॥
True,False,0.6255265374894693,0.016427969671440605,105,41,giridharadasa1902__11__line_1518441661013_189.png,उदाहरण ॥ लईचपलईमीनकी तोदृगनारिनिहारु ॥ नृ
True,False,0.37132043734230447,0.029015979814970564,90,42,giridharadasa1902__11__line_1518441651384_188.png,पतोपाणिउदारता लीनीसुरतरुचारु १२४ ॥ तृतीयनि
True,True,0.37681159420289856,0.2463768115942029,54,11,giridharadasa1902__12__line_1518442006282_206.png,भारतीभूषण ।
True,True,0.6923076923076923,0.09230769230769231,78,2,giridharadasa1902__12__r1l3.png,१२
True,False,0.42534381139489197,0.023575638506876228,55,47,giridharadasa1902__12__r1l7.png,दर्शनालक्षण ॥ जहँसदर्थअसदर्थकोबोधक्रियाकरिहोइ ॥
True,False,0.4249053428691628,0.007572570466975179,103,40,giridharadasa1902__12__r1l11.png,तीजीतहांनिदर्शना वरणहिंकविसबकोइ १२५ ॥ सद
True,True,0.25571725571725573,0.035343035343035345,107,43,giridharadasa1902__12__r1l12.png,र्थउदाहरण ॥ गुरुपादोदकशिरधरिय सदाजतावतएहु ॥
True,True,0.6238297872340426,0.06340425531914894,85,43,giridharadasa1902__12__line_1518441979598_205.png,शिरधारतहैंगंगको महादेवकरिनेहु १२६ ॥ असदर्थउ
True,False,0.3693205502292622,0.004168403501458941,88,40,giridharadasa1902__12__r1l18.png,दाहरण ॥ निडरपनोकरिबड़ेनको नाशजनावतजाति ॥
True,True,0.6965174129353234,0.04809286898839138,97,42,giridharadasa1902__12__r1l19.png,करतमशालमुकाबिले बातीतुरतबुझाति १२७ ॥ व्यति
True,False,0.6451342281879194,0.008808724832214765,91,49,giridharadasa1902__12__r1l20.png,रेकलक्षण ॥ वरणियबर्ण्यअवर्ण्यमें जहँविशेषकविराइ ॥
True,False,0.39110365086026017,0.028955098615190935,82,38,giridharadasa1902__12__r1l21.png,अधिकन्यूनसमभेदकरि सोव्यतिरेककहाइ १२८ ॥
True,True,0.6421362489486964,0.03994953742640875,91,43,giridharadasa1902__12__line_1518441968032_204.png,अधिकउदाहरण ॥ भूपकल्पतरुसेअहौ वैभवबुद्धिविशे
True,False,0.37679324894514765,0.008016877637130802,82,38,giridharadasa1902__12__r1l26.png,खि॥तियपल्लवसेतोअधरअधिकअमृतरसपेखि १२९ ॥
True,True,0.4509151414309484,0.04076539101497504,102,44,giridharadasa1902__12__r1l27.png,न्यूनउदाहरण ॥ हरिसेहरिजनजानुपै हरिघटघटबिश्रा
True,False,0.3872340425531915,0.01641337386018237,83,39,giridharadasa1902__12__r1l28.png,म ॥ कुटिलसर्पसेपैसरप डसतहिकरततमाम १३० ॥
True,False,0.5782029950083195,0.011647254575707155,97,42,giridharadasa1902__12__r1l30.png,समउदाहरण ॥ जोनिजधेरेमेंपरत चूरकरतदलिताहि ॥
True,True,0.6457023060796646,0.2238993710691824,75,41,giridharadasa1902__12__line_1518442016784_207.png,पथ्यसंगपैगहतनहिं खलखलवृन्दसदाहि १३१ ॥ सहो
True,True,0.455,0.034166666666666665,83,44,giridharadasa1902__12__r1l33.png,क्तिलक्षण ॥ जहँमनरंजनवरणिये एकसंगबहुबात ॥ सो
True,True,0.4167371090448014,0.03550295857988166,66,45,giridharadasa1902__12__r1l35.png,सहोक्तिआभरणहैग्रन्थनमेंविख्यात १३२ ॥ उदाहरण ॥
True,False,0.4438860971524288,0.013819095477386936,93,37,giridharadasa1902__12__r1l36.png,आईचतुराईलियेतरुणाईतोअंग ॥ मनमोहनसोंमन
True,False,0.38728813559322034,0.0288135593220339,65,47,giridharadasa1902__12__r1l38.png,मिल्योइननैननकेसंग१३३ ॥ विनोक्तिलक्षण॥द्वैविधिकह
True,True,0.44213263979193757,0.05981794538361508,51,50,giridharadasa1902__12__r1l44.png,हिंबिनोक्तिकोसुकविबुद्धिकेऐन ॥ प्रस्तुतकछुबिनन्यून
True,True,0.3385002094679514,0.04189359028068706,76,44,giridharadasa1902__12__r1l47.png,अरुकछुबिनशोभादैन १३४ ॥ प्रथमबिनोक्तिउदाहरण ॥
True,False,0.4803216250528989,0.026661024121878967,90,40,giridharadasa1902__12__r1l48.png,कविबिननहिंसोहैसभा निशिबिनसुधानिवास ॥ फबत
True,False,0.49958298582151794,0.014178482068390326,87,41,giridharadasa1902__12__r1l49.png,नगिरिधरदासबिनगिरिधरगिरिधरदास १३५ ॥ द्विती
True,False,0.671395881006865,0.003203661327231121,90,43,giridharadasa1902__12__r1l51.png,यबिनोक्तिउदाहरण ॥ धन्यधन्यतोकोधनी बिनागरबसर
True,False,0.37986743993371996,0.029826014913007456,85,38,giridharadasa1902__12__r1l53.png,सात ॥रामराजतवसुयशकरतसकरपुनिदरशात १३६ ॥
True,True,0.5622157916494419,0.05704836709384043,93,54,giridharadasa1902__12__line_1518441928413_203.png,समासोक्तिलक्षण ॥ प्रस्तुतमेंजबहींफुरैं अप्रस्तुतवृत्ता
True,True,0.37168141592920356,0.4336283185840708,54,2,giridharadasa1902__13__line_1518442216727_214.png,१३
True,True,0.45110410094637227,0.06309148264984227,54,11,giridharadasa1902__13__line_1518442214060_213.png,भारतीभूषण ।
True,True,0.4004123711340206,0.0643298969072165,43,44,giridharadasa1902__13__r1l7.png,न्त ॥ समासोक्तिभूषणकहैं ताकोकबिकुलकान्त १३७॥
True,False,0.34537987679671456,0.014784394250513347,82,38,giridharadasa1902__13__r1l8.png,उदाहरण ॥ सजनीरजनीपाइशशि बिहरतरसभरपूर ॥
True,True,0.4092050209205021,0.03556485355648536,86,40,giridharadasa1902__13__r1l9.png,आलिंगतप्राचीमुदित करपसारिकैसूर १३८ ॥ परि
True,False,0.3406366267052501,0.020256304257957835,82,41,giridharadasa1902__13__r1l10.png,करलक्षण ॥ जहांविशेषणदीजिये सह आशयअभिराम ॥
True,False,0.5189979123173277,0.01837160751565762,100,39,giridharadasa1902__13__r1l11.png,गिरिधरदासबखानिये भूषणकरिपरणाम १३९ ॥ उदा
True,False,0.3587943848059455,0.026837324525185797,96,40,giridharadasa1902__13__line_1518442183827_212.png,हरण ॥ चक्रपाणिहरिकोनिरखि असुरजातभजिदूर ॥
True,False,0.46101949025487254,0.020989505247376312,93,39,giridharadasa1902__13__r1l16.png,रसबरसतघनश्यामतुम तापहरतमुदपूर १४० ॥ परि
True,False,0.28541810642709053,0.011748445058742226,105,27,giridharadasa1902__13__line_1518442173158_211.png,विशेष्यहिबरणिये अभिप्रायकेस
True,True,0.3500830564784053,0.05564784053156146,73,41,giridharadasa1902__13__line_1518442164235_210.png,ङ्ग ॥ परिकरअंकुरतौनहै भूषणकबिताअङ्ग १४१ ॥
True,False,0.6307363927427961,0.0,84,40,giridharadasa1902__13__r1l28.png,उदाहरण ॥ मोरसनानेआजबहु पियतेकहेकुबोल ॥ आ
True,False,0.3854415274463007,0.007756563245823389,63,45,giridharadasa1902__13__r1l33.png,वतहीपुजवावतो सूरप्रतापअतोल १४२ ॥ श्लेषलक्षण ॥
True,True,0.5899880810488677,0.08343265792610251,62,48,giridharadasa1902__13__r1l41.png,बहुतअर्त्थयुतश्लेष है भूषणकहहिंप्रबीन ॥ वर्ण्यअब
True,False,0.4120798830979055,0.028738431563565515,76,52,giridharadasa1902__13__r1l45.png,र्ण्यदुहूँनकेआश्रितभेदसुतीन १४३ ॥ प्रकृतानेकविषयश्ले
True,False,0.34307178631051755,0.0070951585976627716,82,36,giridharadasa1902__13__line_1518442130147_209.png,षोदाहरण ॥ अहिसवारअरिवानजित नरकदलकजित
True,True,0.483695652173913,0.04096989966555184,70,43,giridharadasa1902__13__r1l52.png,काक॥बिजयमित्रबलबन्धुयुत भजुकृतकुबरीवाक १४४॥
True,False,0.5034343434343435,0.01090909090909091,85,45,giridharadasa1902__13__r1l53.png,अप्रकृतानेकविषयश्लेषोदाहरण ॥ तियतोऐमीचंचलाजीव
True,True,0.3767693588676103,0.03746877601998335,79,40,giridharadasa1902__13__r1l54.png,नसुखदसमच्छ ॥ बसतिहृदयघनश्यामके वरसारंगसु
True,False,0.42448464450988643,0.019352124526714348,97,49,giridharadasa1902__13__r1l55.png,अच्छ १४५ ॥ प्रकृताप्रकृतानेकविषयश्लेषोदाहरण ॥ रति
True,True,0.4319327731092437,0.040756302521008404,85,46,giridharadasa1902__13__line_1518442103347_208.png,बल्लभकरकुसुमबर रङ्गश्यामघनचारु ॥ विषमेंसरपद्मै
True,False,0.4765625,0.020148026315789474,103,47,giridharadasa1902__13__r1l58.png,गहे जलचरकेतुउदारु १४६ ॥ अप्रस्तुतप्रशंसालक्षण ॥
True,True,0.4707112970711297,0.04225941422594142,82,48,giridharadasa1902__13__r1l59.png,अप्रस्तुतबरणनविषै प्रस्तुतबरण्योजाय ॥ अप्रस्तुतप
True,False,0.5457202505219206,0.019206680584551147,102,43,giridharadasa1902__13__r1l60.png,रशंसतेहि कहहिंकबिनकेराय १५७ ॥ उदाहरण ॥ धन्य
True,True,0.5248756218905473,0.03150912106135987,96,39,giridharadasa1902__13__r1l61.png,शेशशिर जगतहित धारतभुविकोभार ॥ बुरोबाघअप
True,False,0.37343984023964055,0.027958062905641536,67,47,giridharadasa1902__13__r1l62.png,राधबिनु मृगकोकरतअहार १४८ ॥ प्रस्तुतांकुरलक्षण ॥
True,True,0.40601503759398494,0.03968253968253968,114,52,giridharadasa1902__13__r1l65.png,द्योतनप्रस्तुतकोजबै प्रस्तुतहीसोंहोइ ॥ प्रस्तुतअंकुर
True,True,0.7350515463917526,0.30412371134020616,60,20,hajarilala1919__01__line_1518436527432_66.png,श्रीशिवविवाहकवितावली
True,False,0.09655172413793103,0.0,52,6,hajarilala1919__01__r2l22.png,जिसमें
True,False,0.30183727034120733,0.012248468941382326,43,39,hajarilala1919__01__r2l26.png,श्रीजगज्जननी पार्वती और श्रीमहादेवजी का
True,True,0.25031446540880503,0.03522012578616352,49,32,hajarilala1919__01__r2l31.png,ब्याह चरित्र सुन्दर कवित्तों में
True,False,0.6394849785407726,0.0,53,11,hajarilala1919__01__r2l35.png,वर्णित है ।
True,False,0.9041095890410958,0.0,50,5,hajarilala1919__01__r2l40.png,जिसको
True,True,0.27404718693284935,0.036297640653357534,50,37,hajarilala1919__01__r2l44.png,श्रीहज़ारीलाल साहब कुतुबफ़रोश ने शिव-
True,False,0.2751196172248804,0.0,45,29,hajarilala1919__01__r2l49.png,भक्तों के अवलोकनार्थ बनाया ।।
True,False,0.09701492537313433,0.007462686567164179,56,11,hajarilala1919__01__line_1518436536598_67.png,पांचवीं बार
True,False,0.17901234567901234,0.0,56,3,hajarilala1919__01__line_1518436575380_68.png,687
True,False,0.23076923076923078,0.0,49,4,hajarilala1919__01__r2l63.png,लखनऊ
True,False,0.16745283018867924,0.0,55,19,hajarilala1919__01__r2l67.png,केसरीदास सेठ द्वारा
True,True,0.4675105485232067,0.036286919831223625,45,41,hajarilala1919__01__r2l70.png,नवलकिशोर प्रेस में मुद्रित होकर प्रकाशित.
True,False,0.422680412371134,0.0,55,11,hajarilala1919__01__r2l73.png,सन् १९१९ ई०
True,False,0.7411873840445269,0.02504638218923933,48,43,hajarilala1919__01__r2l77.png,कापीराइट महफ़ूज़ है बहक़ इस छापेख़ाने के ।।
True,False,0.5540355677154583,0.005471956224350205,56,18,hajarilala1919__02__r2l1.png,अथ श्रीशिवविवाह ।।
True,False,0.717607973421927,0.02574750830564784,57,42,hajarilala1919__02__r2l4.png,"दो० । नमो युगल पंकजचरण, श्रीगणपति शिरनाइ ।"
True,False,0.6060606060606061,0.008417508417508417,55,40,hajarilala1919__02__r2l5.png,"कहौं कथा शुभब्याहशिव, छन्दकबित्त बनाइ ।।"
True,True,0.5059068797776234,0.03683113273106324,82,31,hajarilala1919__02__line_1518436725746_71.png,"सवैया ।। कण्ठबिराजत जाहि हलाहल,"
True,False,0.35918626827717737,0.0,59,34,hajarilala1919__02__line_1518436689267_70.png,शीश धरे सित गंग की धारा । बाम शिवा
True,True,0.603448275862069,0.11781609195402298,44,36,hajarilala1919__02__r2l14.png,"अरधंगिनि जो, कटिशार्दुलचर्म कसे अहि-"
True,True,0.42966263526416293,0.047740292807129214,52,34,hajarilala1919__02__r2l17.png,"डाँरा ।। भस्मसुअंग ललाटशशी, कर शूल"
True,False,0.4247787610619469,0.0,59,34,hajarilala1919__02__r2l21.png,धरे बसहा असवारा । सो शिव मोपर होहु
True,False,0.44627054361567636,0.018331226295828066,59,35,hajarilala1919__02__line_1518436748915_72.png,"दयाल, नमो चरणाम्बुज बारहिंबारा १ ।।"
True,True,0.06359102244389027,0.07044887780548628,87,40,hajarilala1919__02__line_1518436762710_73.png,धनाक्षरी ।। शङ्कर के ब्याहकी भईहै तइयारी
True,True,0.4390555201021059,0.06764518187619656,49,35,hajarilala1919__02__r2l37.png,"जब, गण सब दुल्लह शृँगार शिव करहीं ।"
True,True,0.821608040201005,0.15452261306532664,66,35,hajarilala1919__02__line_1518436780400_74.png,"माथेजटामुकुटभुजंगनकोमौरगूथि, कुण्डल"
True,True,0.4594594594594595,0.07668133249528598,45,35,hajarilala1919__02__r2l51.png,कानन पहिराये बिषधरहीं ।। हाथे ब्याल
True,True,0.28509045539613226,0.046163443543356206,71,33,hajarilala1919__02__line_1661421214712_520.png,"कङ्कण बिभूती सर्बअंगन में, शशिभाल"
True,True,0.36904761904761907,0.19444444444444445,54,37,hajarilala1919__02__r2l60.png,शशि गङ्गा सोहत सुँदरहीं । कांधे उपबीत
True,False,0.6222996515679442,0.00975609756097561,56,32,hajarilala1919__02__r2l64.png,"सर्पनैनतीनबिषकण्ठ,डालेगलेबीचमाला"
True,True,0.8421052631578947,0.27530364372469635,67,10,hajarilala1919__03__line_1518436909798_76.png,शिवविवाह ।
True,True,0.24528301886792453,0.1509433962264151,59,1,hajarilala1919__03__line_1518436913602_77.png,३
True,True,0.14842767295597484,0.09874213836477988,89,33,hajarilala1919__03__line_1518436923847_78.png,गूथी नरशिरहीं १ दुल्लह स्वरूप बनि
True,False,0.4373795761078998,0.01605651894669236,59,31,hajarilala1919__03__r1l6.png,"चढ़िशिव बसहापै, साजिके समाज निज"
True,False,0.5439384220654265,0.015394483643361129,61,38,hajarilala1919__03__r1l8.png,चले ले बराति जो । अमितप्रकार गण बेषहुँ
True,False,0.2384858044164038,0.013249211356466877,85,36,hajarilala1919__03__r1l11.png,"अनेक बिधि, निज निज बाहन चढ़े हैं बहु"
True,False,0.35700697526949904,0.019657577679137603,77,35,hajarilala1919__03__line_1518436887168_75.png,भाँति जो ।। खर श्वान असुर शृगाल बाघ
True,True,0.36712150747238464,0.031189083820662766,87,32,hajarilala1919__03__r1l15.png,"मूषगण,बिबिध स्वरूप सब अगणित जाति"
True,True,0.34205607476635513,0.0308411214953271,79,37,hajarilala1919__03__r1l18.png,"जो। भूत प्रेत योगिनी पिशाच बहुरंगनको,"
True,False,0.3126598465473146,0.013427109974424553,60,30,hajarilala1919__03__r1l24.png,चले सब हरषित सकलजमाति जो २ बि-
True,False,0.44776119402985076,0.0,72,34,hajarilala1919__03__r1l27.png,"कट सरूप बिकराल रुद्रगण जेते, अदभुत"
True,False,0.3755238893545683,0.020955574182732608,84,36,hajarilala1919__03__r1l31.png,शोभा नहिं बनत बखानते । काहू अंग मुख-
True,False,0.35398230088495575,0.019469026548672566,73,34,hajarilala1919__03__r1l32.png,"हीन काहू अति पुष्ट पीन, कोउ कृशगात"
True,False,0.3834745762711864,0.029661016949152543,65,37,hajarilala1919__03__r1l34.png,छीन कोउ हीन कानते ।। काहू कर पद नाहीं
True,False,0.3952755905511811,0.0,71,35,hajarilala1919__03__r1l42.png,"काहू बहुपगबाहीं, कोउ बिनु शीश धाहीं"
True,True,0.2869116698903933,0.05415860735009671,74,37,hajarilala1919__03__r1l49.png,नाचरंग ठानते । काहू को बिपुल नैन काहू
True,True,0.5482005141388174,0.08676092544987146,53,32,hajarilala1919__03__r1l52.png,"को एकहुहैन,कोउ बहुमुखबैनगावतसता-"
True,False,0.36255924170616116,0.0,83,10,hajarilala1919__04__r2l1.png,शिवविवाह ।
True,True,0.3333333333333333,0.4305555555555556,59,1,hajarilala1919__04__line_1518437040450_79.png,४
True,True,0.2440251572327044,0.05786163522012579,93,33,hajarilala1919__04__r2l3.png,"नते ३ मगबीच चलेजात परम तरङ्गी सब,"
True,False,0.5272842639593909,0.017766497461928935,95,38,hajarilala1919__04__r2l4.png,भूत प्रेत योगिनी पिशाच बहुभावते । हँसत
True,True,0.30566037735849055,0.03018867924528302,79,30,hajarilala1919__04__r2l5.png,"खेलत बहु करत तमाशा मिलि, बिबिध"
True,False,0.4030131826741996,0.01820464532328939,85,38,hajarilala1919__04__r2l6.png,बजाइ बाजा नाचि नाचि गावते ।। अङ्गन में
True,False,0.7672839506172839,0.011728395061728396,98,36,hajarilala1919__04__r2l7.png,"भूषण अनेक भाँति बिकराल, गले में कपाल"
True,True,0.47506234413965087,0.07917705735660847,43,29,hajarilala1919__04__r2l8.png,माल शोणित चूआवते । अतिही अपा-
True,False,0.7257653061224489,0.012755102040816327,85,31,hajarilala1919__04__r2l10.png,"वन डरावन सरूप सब, कूदतफांदत पंथ"
True,False,0.5459770114942529,0.027458492975734355,104,34,hajarilala1919__04__r2l11.png,चलतहैं धावते ४ हरि बिधि और हुँ सकल
True,True,0.3605351170568562,0.03411371237458194,72,33,hajarilala1919__04__r2l12.png,"देव दिशिराज, साजिके समाज निज बहुत"
True,False,0.42626011200995645,0.01804604853764779,44,36,hajarilala1919__04__r2l15.png,प्रकारहीं । चढ़ि चढ़ि बाहनन बिलगबिलग
True,False,0.2536082474226804,0.0,85,40,hajarilala1919__04__r2l17.png,"बृन्द, चले हैं बरात चित्त हरष अपारहीं ।।"
True,True,0.36380832282471626,0.07692307692307693,98,32,hajarilala1919__04__r2l19.png,"मगु महँ कौतुक अनेक बिधि होत जात,"
True,True,0.3184504267892318,0.08076165462902167,93,37,hajarilala1919__04__r2l20.png,शिवको समाज लखि हँसें बारबारहीं । सुर-
True,True,0.4538026398491515,0.036455059710873663,66,38,hajarilala1919__04__r2l22.png,"तियशस्भुहिंबिलोकि के कहति हँसि, दुल्लह"
True,False,0.2609511889862328,0.018147684605757195,83,37,hajarilala1919__04__r2l23.png,के योग्य दुलहिनि न संसारहीं ५ इत हिम-
True,True,0.4057971014492754,0.463768115942029,63,1,hajarilala1919__05__line_1518437191178_81.png,५
True,True,0.43685300207039335,0.2484472049689441,62,10,hajarilala1919__05__line_1518437188092_80.png,शिवविवाह ।
True,False,0.4471380471380471,0.0,66,34,hajarilala1919__05__r1l3.png,"गिरि निज नगर में नाना भाँति, अतिही"
True,False,0.43536977491961415,0.00964630225080386,67,34,hajarilala1919__05__r1l4.png,बिचित्र सुबितान रचवाये हैं । घर घर
True,False,0.47058823529411764,0.0,45,37,hajarilala1919__05__r1l7.png,"तोरण पताका ध्वज रङ्गराङ्ग, मण्डप अनेक"
True,False,0.4586092715231788,0.0,41,35,hajarilala1919__05__r1l13.png,भाँति शुचि बनवाये हैं ।। बनबाग उपबन
True,True,0.35082174462705434,0.04108723135271808,73,33,hajarilala1919__05__r1l15.png,"बापिकातङागकूप,सुन्दरअनूपरम्भाथम्भ"
True,True,0.37342304457527337,0.03280067283431455,59,40,hajarilala1919__05__r1l19.png,लगवाये हैं । जहां तहां गृह बहु राखे सँव-
True,False,0.4255591054313099,0.01597444089456869,56,33,hajarilala1919__05__r1l22.png,"राइ भल, सजल हाटक घट द्वारे धरवाये"
True,True,0.42995480955455134,0.04196255648805681,53,28,hajarilala1919__05__r1l24.png,हैं ६ सकल जगतमहँ लघु औ बिशाल
True,False,0.5596733668341709,0.0,69,32,hajarilala1919__05__r1l26.png,"शैल, सागर तलाव नद नदी बन जितनै ।"
True,False,0.39014906027219703,0.0,64,31,hajarilala1919__05__r1l28.png,"सब कहँ हिमवन्त नेवता पठाइ दिये,"
True,True,0.4936026936026936,0.030303030303030304,61,37,hajarilala1919__05__r1l29.png,सुनत चले हैं हरषित सब तितनै ।। सुन्दर
True,False,0.2895104895104895,0.021678321678321677,73,33,hajarilala1919__05__r1l33.png,"सुहावन समाज निज लेइ लेइ, नारिन स-"
True,False,0.40142210730446026,0.0200387847446671,78,36,hajarilala1919__05__r1l36.png,हित तन धरि धरि कितनै । पहुँचे हिमाचल
True,False,0.37939543491671807,0.011104256631708822,69,33,hajarilala1919__05__r1l37.png,"नगर माहँ आइ सब, टिके यथायोग्य ठौर"
True,False,0.3182957393483709,0.0,72,29,hajarilala1919__05__r1l38.png,ठौर जाको मितनै ७ उतते बरात आइ
True,True,0.6666666666666666,0.3150406504065041,57,10,hajarilala1919__06__line_1518437309530_83.png,शिवविवाह ।
True,True,0.4166666666666667,0.3333333333333333,54,1,hajarilala1919__06__line_1518437304563_82.png,६
True,True,0.31503431066749843,0.27074235807860264,72,36,hajarilala1919__06__line_1518437316531_84.png,"पहुँची नगर पास,सुनि पुरबासी लोग हिये"
True,False,0.41486603284356094,0.024200518582541054,51,33,hajarilala1919__06__r2l4.png,हरषाइ जो । हाथी घोड़ा ऊंट रथ आदिक
True,False,0.468125,0.0,102,30,hajarilala1919__06__r2l7.png,"अनेक भांति, सजि सजि बाहनन शोभा"
True,False,0.6695815115552779,0.01311680199875078,110,32,hajarilala1919__06__r2l8.png,अधिकाइ जो ।। चले लेन अगुवान सादर
True,False,0.5336266499057196,0.0,86,28,hajarilala1919__06__r2l9.png,"सकलमिलि, आनँद उछाह मन बरणी न"
True,True,0.49245283018867925,0.038364779874213835,96,32,hajarilala1919__06__r2l10.png,जाइजो । देवन समाज लखि मुदित हृदय
True,True,0.6171143035602749,0.10306058713304185,112,32,hajarilala1919__06__r2l11.png,"सब, हरिहिं बिलोकी अति आनँदहू छाइ"
True,False,0.7625628140703518,0.011306532663316583,96,30,hajarilala1919__06__r2l12.png,जो ८ शिवको समाज अवलोके पुरलोगन
True,False,0.3303628262253342,0.015276893698281349,97,33,hajarilala1919__06__r2l13.png,"जो, देखत चकित सब परमभयावनै । कहुँ"
True,False,0.8513513513513513,0.0,86,38,hajarilala1919__06__r2l14.png,"भूत प्रेतगण कहुँ बाघ ब्याल कहुँ, निशि-"
True,False,0.840952994204765,0.017385705086928525,98,33,hajarilala1919__06__r2l17.png,चर बिकट सरूप जो अपावनै ।। देखतहिं
True,False,0.8725296442687747,0.029644268774703556,98,35,hajarilala1919__06__r2l18.png,"बाहनबिडरि सब भागिचले,कहुँ हाथी कहुँ"
True,False,0.46520874751491054,0.0,88,34,hajarilala1919__06__r2l20.png,घोड़ा प्राणको बचावनै । बालक सकलडरि
True,False,0.8247291268323773,0.0019120458891013384,94,35,hajarilala1919__06__r2l21.png,"भागिगये घरघर, रहे धीर धरि स्यान गये"
True,True,0.2772785622593068,0.10397946084724005,89,34,hajarilala1919__06__r2l22.png,जो बुलावनै ९ पूछत घरन पितु मातु सब
True,True,0.3368421052631579,0.3157894736842105,61,1,hajarilala1919__07__line_1518437408644_85.png,७
True,False,0.4724576271186441,0.0,82,10,hajarilala1919__07__r2l2.png,शिवविवाह ।
True,False,0.2807244501940492,0.02069857697283312,79,32,hajarilala1919__07__r2l3.png,"बालकहिं, कम्पितशरीर भययुत बैन क-"
True,True,0.4535554131966688,0.03010890454836643,52,35,hajarilala1919__07__r2l4.png,"हहीं । हालकौन पूछतहौ कहत बनै न कछु,"
True,False,0.5445161290322581,0.0,85,32,hajarilala1919__07__r2l6.png,है सो बरिआत किधों यमधार अहहीं ।।
True,False,0.44977019041365723,0.010505581089954037,62,32,hajarilala1919__07__r2l7.png,"भूत प्रेत योगिनी पिशाचगण निशिचर,"
True,False,0.4268292682926829,0.019255455712451863,62,37,hajarilala1919__07__r2l10.png,डाले गले मुण्डमाल नाचें जहां तहँहीं ।
True,False,0.2828282828282828,0.015782828282828284,80,32,hajarilala1919__07__r2l11.png,"बाघ सिंह खर श्वान भुजग भयावन जो,"
True,False,0.27714646464646464,0.007575757575757576,77,33,hajarilala1919__07__r2l12.png,घनिभाग वाके देखि जीवत जो रहहीं १०
True,False,0.5009499683343889,0.0037998733375554147,62,32,hajarilala1919__07__r2l13.png,"बर बउराह सब अंगन लगाये छार, कंकन"
True,True,0.3337612323491656,0.04749679075738126,75,39,hajarilala1919__07__r2l16.png,भुजंगकर कुण्डलहुँ ब्याल हैं।सर्पको जनेउ
True,False,0.24798567591763654,0.0,82,37,hajarilala1919__07__r2l17.png,"कांधे माथहुँ में नागबांधे, देखत भयावन"
True,False,0.2364907819453274,0.007628734901462174,74,38,hajarilala1919__07__r2l19.png,गले में मुण्डमाल हैं ।। बस्त्र तन बाघ-
True,False,0.463768115942029,0.028985507246376812,50,36,hajarilala1919__07__r2l20.png,"छाला कटिकसे अहिकाला, गङ्गशीश चन्द्र-"
True,False,0.2001258653241032,0.0,78,29,hajarilala1919__07__r2l22.png,भाल नैन लाल लाल हैं । कहैं अस
True,True,0.27220812182741116,0.03680203045685279,84,29,hajarilala1919__07__r2l23.png,"सब बाल निज निज घर हाल, दुल्लह"
True,False,0.4670926517571885,0.0012779552715654952,78,30,hajarilala1919__07__r2l24.png,स्वरूप तो बड़ाहि बिकराल हैं ११
True,True,0.06097560975609756,0.10975609756097561,56,1,hajarilala1919__08__line_1518437523087_86.png,८
True,False,0.44375,0.0,73,10,hajarilala1919__08__r3l2.png,शिवविवाह ।
True,False,0.5655994978028877,0.010043942247332079,92,27,hajarilala1919__08__r3l3.png,"जननी जनक सब बालकन बैन सुनि,"
True,True,0.2558764271323036,0.06984553391537945,81,31,hajarilala1919__08__r3l4.png,शङ्कर समाज हाल बूझि मुसुकाइकै ।
True,True,0.3354714560615779,0.04425914047466325,75,34,hajarilala1919__08__r3l5.png,"कह्यो सो बहुत बिधि बालकहिं समुझाइ,"
True,True,0.3251612903225806,0.052258064516129035,88,34,hajarilala1919__08__r3l6.png,निडररहहु सबभय बिसराइकै ।। सुनिमातु
True,False,0.3047021943573668,0.0219435736677116,81,34,hajarilala1919__08__r3l7.png,"पितुबानी धीरज लहे सो बाल, करि अगु-"
True,True,0.27872062663185376,0.06984334203655353,92,35,hajarilala1919__08__r3l10.png,वान लोग फिरे सब आइकै । सुन्दर सुहा-
True,False,0.2620689655172414,0.0219435736677116,66,33,hajarilala1919__08__r3l11.png,"वन सुपावन जो ठौर तहाँ, जनवास दिये"
True,False,0.4569789674952199,0.0248565965583174,73,36,hajarilala1919__08__r3l13.png,हैं बरातहिं लिवाइकै १२ दुल्लहको परि-
True,True,0.4054820415879017,0.04725897920604915,40,34,hajarilala1919__08__r3l17.png,"छन हेतु बहु भाँतिनको, साजिके मङ्गल"
True,True,0.32878411910669975,0.062034739454094295,63,34,hajarilala1919__08__r3l19.png,साज मैना हरषाइकै । साथ बहु सुन्दरि
True,True,0.402363184079602,0.20833333333333334,61,33,hajarilala1919__08__line_1518437533893_87.png,"सोहागिनी शृङ्गार करि, भूषण बसन भल"
True,True,0.8939108600125549,0.030759573132454487,95,35,hajarilala1919__08__r3l26.png,अङ्गनसजाइकै।।दूब दधि रोचन अक्षत पान
True,True,0.890506329113924,0.04240506329113924,98,39,hajarilala1919__08__r3l27.png,"पुष्प दीप, धरि हेमथारन सुमङ्गल रचाइकै ।"
True,False,0.5807717462393721,0.025506867233485938,81,32,hajarilala1919__08__r3l28.png,"चलीं लेइ गीतशुभ गावती सुराग धरि,"
True,False,0.2507956715467855,0.004455760661998727,88,29,hajarilala1919__08__r3l29.png,सब पिकबैनी मन आनँद बढ़ाइकै १३
True,False,0.22727272727272727,0.0,62,1,hajarilala1919__09__line_1518437681116_91.png,९
True,False,0.4965034965034965,0.0,70,10,hajarilala1919__09__r1l1.png,शिवविवाह ।
True,True,0.426147077309868,0.14079195474544312,64,32,hajarilala1919__09__line_1518437688364_92.png,"बरके समीप जाइ पहुँची सुन्दरि जब,"
True,False,0.22159447583176398,0.0,77,30,hajarilala1919__09__line_1518437665626_90.png,बिकट स्वरूप लखि शोच उर छाइगै ।
True,False,0.2861635220125786,0.008176100628930818,81,32,hajarilala1919__09__r1l8.png,ब्याकुल शंकित होइ भागि भागि चलीं
True,True,0.4983984625240231,0.05445227418321589,56,35,hajarilala1919__09__r1l9.png,"घर, तनकर सुधि सब काहुहिं भुलाइगै ।।"
True,True,0.804416403785489,0.1804416403785489,71,35,hajarilala1919__09__line_1518437695968_93.png,"भूषण खसत कहुँ हारहुँ टूटत कहुँ, बसन"
True,True,0.8120253164556962,0.19240506329113924,67,36,hajarilala1919__09__line_1518437701206_94.png,फटत कहुँ मुख कुम्हिलाइगै । काहू बिधि
True,False,0.2868904369854338,0.01266624445851805,69,31,hajarilala1919__09__r1l35.png,"गिरति पड़ति धाइ धाइ सब, निज निज"
True,True,0.37610619469026546,0.2914032869785082,64,33,hajarilala1919__09__line_1518437708052_95.png,भवनमें आइकै लुकाइगै १४ शङ्कर समाज
True,False,0.3184713375796178,0.003821656050955414,82,34,hajarilala1919__09__line_1518437626625_89.png,"निज लिये जनवासे गये, मैनाउर शोकभये"
True,False,0.5473684210526316,0.0,86,37,hajarilala1919__09__r1l42.png,दुख अधिकायेहैं । गिरिजाहिं लीन्हीं सो
True,False,0.2793733681462141,0.01174934725848564,83,35,hajarilala1919__09__line_1518437615363_88.png,"बुलाइसहप्रीति बड़ि,गोद बिठलाई दृगआँ"
True,False,0.7965034965034965,0.01048951048951049,83,34,hajarilala1919__09__r1l46.png,सू भरि आये हैं॥कहती बिलखि पछताइ के
True,False,0.3722677595628415,0.006830601092896175,80,36,hajarilala1919__09__r1l48.png,"सुताहिं लखि, जौन बिधि तोहिं असरूपहूं"
True,False,0.25554850982878885,0.0057070386810399495,76,36,hajarilala1919__09__r1l49.png,बनाये हैं । तौन जड़कस बर किन्ह बउराह
True,False,0.4492939666238768,0.028883183568677792,73,38,hajarilala1919__09__r1l51.png,"फल, सुरतरु योग सो बबूरहिं लगाये हैं १५"
True,True,0.33620689655172414,0.21551724137931033,54,2,hajarilala1919__10__line_1518438778283_96.png,१०
True,False,0.32701421800947866,0.0,88,10,hajarilala1919__10__r2l2.png,शिवविवाह ।
True,False,0.7417302798982188,0.006997455470737914,97,34,hajarilala1919__10__r2l3.png,"गिरिपर चढ़ि गिरि मरौं धरनी पै बरु,"
True,True,0.24277854195323245,0.0577716643741403,89,31,hajarilala1919__10__r2l4.png,तुमहीं सहित जाइ जलनिधि परिहौं ।
True,False,0.24984187223276408,0.02403542061986085,82,33,hajarilala1919__10__r2l5.png,"घरहुँ उजरे अरु बसेकर शोच नहिं, जग"
True,False,0.37738246505717915,0.01207115628970775,75,36,hajarilala1919__10__r2l7.png,उपहास नहिं कुछ मन डरिहौं ।। मोह नहिं
True,True,0.245757385292269,0.03519798868636078,75,30,hajarilala1919__10__r2l8.png,"जीवनकी नेकहुँ कछुक मोहिं, लोगन"
True,False,0.21433021806853583,0.0,80,29,hajarilala1919__10__r2l9.png,हँसेन लाज बिषखाइ मरिहौं । सकल
True,True,0.5265486725663717,0.04677623261694058,72,33,hajarilala1919__10__line_1518438826617_97.png,"कलङ्क सहौं बिकल कहति मैना, जीवत न"
True,True,0.6256281407035176,0.1457286432160804,72,38,hajarilala1919__10__line_1518438835128_98.png,सुता ब्याह शिवसन करिहौं १६ ।। सवैया ।।
True,False,0.192722371967655,0.01549865229110512,77,30,hajarilala1919__10__r2l18.png,"जननी कहँ ब्याकुल शोचभरी, लखिके"
True,False,0.23655913978494625,0.012017710309930424,78,32,hajarilala1919__10__r2l19.png,गिरिजा अतिकोमल बानी । भरि युक्ति
True,True,0.45294117647058824,0.04411764705882353,59,35,hajarilala1919__10__r2l20.png,"बिबेक सुबोलि उठीं, सुनु मातु करौ मन"
True,True,0.7412718204488778,0.06359102244389027,107,37,hajarilala1919__10__r2l22.png,ब्यर्थ गलानी ।। बिधि जौन रच्यो टरि है
True,False,0.2604884157795867,0.01628052598622417,79,33,hajarilala1919__10__r2l23.png,"नहिं सो, किये कोटि उपाय हिये अनु-"
True,True,0.4371069182389937,0.03647798742138365,42,30,hajarilala1919__10__r2l24.png,मानी । तजि दो मन शोच न लाभ कछू
True,False,0.35910224438902744,0.021820448877805487,81,36,hajarilala1919__10__r2l27.png,बिधिअङ्क अमेट कहैं मुनि ज्ञानी १७ जो
True,False,0.8309278350515464,0.0,98,10,hajarilala1919__11__r1l1.png,शिवविवाह ।
True,False,0.23684210526315788,0.0,86,2,hajarilala1919__11__r1l2.png,११
True,False,0.8407193320488118,0.012845215157353885,94,34,hajarilala1919__11__r1l3.png,"मम भाग्य लिख्यो बर बाउर, तो अब दोष"
True,True,0.11314791403286978,0.053729456384323644,113,37,hajarilala1919__11__r1l4.png,लगाइये काहीं । मेटिसकै तुमसे बिधिअङ्क
True,True,0.34242232086239693,0.12428662016487001,70,39,hajarilala1919__11__line_1518438931501_99.png,"कि, मातु कलङ्क न लेहु बृथाहीं ।। जो सुख"
True,False,0.7439446366782007,0.02837370242214533,102,31,hajarilala1919__11__r1l12.png,"दुःख ललाट लिखा मम, जाब जहैं तहँ"
True,False,0.7697704081632653,0.01594387755102041,98,34,hajarilala1919__11__r1l14.png,"पाउब वाहीं । बूझि हिये अस शोच तजौ,"
True,False,0.5770218228498074,0.021822849807445442,90,30,hajarilala1919__11__r1l15.png,करहू करुणा कस औसर नाहीं १८ गि-
True,True,0.5732165206508135,0.05944931163954944,71,35,hajarilala1919__11__line_1518438941670_100.png,"रिजा मुखबैन बिनीत मृदू, सुनिकै अबला"
True,False,0.7685009487666035,0.018975332068311195,97,35,hajarilala1919__11__r1l18.png,सब शोचति भारी । बहुभांतिन दोष बिरं-
True,False,0.3284625158831004,0.0,88,35,hajarilala1919__11__r1l19.png,"चिहिं दै, पछताइ बिलोचन मोचति बारी।।"
True,True,0.5741206030150754,0.20728643216080403,62,33,hajarilala1919__11__line_1518438948720_101.png,"बिधि जौन रच्यो अस रूप उमा,गुण शील"
True,True,0.8276291225886746,0.2059738643434972,69,34,hajarilala1919__11__line_1518438955166_102.png,सुभाव भली सुकुमारी । कस सो बरसे अस
True,False,0.7656529516994633,0.02146690518783542,100,38,hajarilala1919__11__r1l28.png,"ब्याह लिख्यो, बिधि बुद्धिबड़ी अहही कु-"
True,False,0.8310090237899918,0.002461033634126333,98,33,hajarilala1919__11__r1l29.png,"बिचारी १९ सप्तऋषी सह नारदजू, तिहि"
True,True,0.8016717325227963,0.030395136778115502,94,29,hajarilala1919__11__r1l32.png,औसर आये हिमाचल गेहा । हालसुनी
True,True,0.4778523489932886,0.038926174496644296,49,31,hajarilala1919__11__r1l34.png,"समुझावत लोगन, पूर्बकथा शिव गौरि"
True,True,0.4090909090909091,0.25,57,2,hajarilala1919__12__line_1518439067303_104.png,१२
True,True,0.5031847133757962,0.19745222929936307,54,10,hajarilala1919__12__line_1518439070317_105.png,शिवविवाह ।
True,True,0.4519414385741566,0.033099936346276254,88,37,hajarilala1919__12__r1l3.png,"सनेहा ।। सत्य कहौं सुनहू मयना, गिरिजा"
True,False,0.5643212508884151,0.014214641080312722,93,34,hajarilala1919__12__r1l4.png,जु सुता जनमी तव एहा । है अबिनाशिनि
True,False,0.22926093514328807,0.01583710407239819,87,34,hajarilala1919__12__r1l5.png,"शक्ति अजा, जग जो रचि पालि करै पुनि"
True,False,0.7309753483386924,0.01714898177920686,84,34,hajarilala1919__12__r1l7.png,"खेहा २० शिवकी अरधङ्गिनि नित्य उमा,"
True,False,0.6291773778920309,0.004498714652956298,82,32,hajarilala1919__12__line_1518439041038_103.png,निज इच्छित देहधरे जग आई । प्रथमै
True,False,0.47431781701444625,0.02247191011235955,60,34,hajarilala1919__12__r1l14.png,"जनमीरहि दक्षघरै, तन सुन्दर नाम सती"
False,False,0.0,0.0,103,35,hajarilala1919__12__r1l18.png,"अस पाई ।। तहँऊँ सतिब्याह भयो हर से,"
True,True,0.6666666666666666,0.11340852130325814,72,38,hajarilala1919__12__line_1518439078341_106.png,जेहिकी सुप्रसिद्ध कथा जग छाई । तुम्हरे
True,False,0.39305993690851737,0.028391167192429023,92,34,hajarilala1919__12__r1l22.png,"घर जो अब जन्म लई, कुछ हाल कहौं ति-"
True,False,0.4342857142857143,0.017777777777777778,85,27,hajarilala1919__12__r1l23.png,हिको समुझाई २१ एक समय चलिआ-
True,True,0.29310344827586204,0.13218390804597702,91,37,hajarilala1919__12__r1l24.png,"वति जो रहि, शङ्कर सङ्ग सती मगुमाहीं ।"
True,False,0.32615579480683976,0.024065864471184292,78,36,hajarilala1919__12__r1l28.png,"देखि तहां बनमें रघुनाथहिं, मोह बिशेष"
True,False,0.780564263322884,0.0,103,35,hajarilala1919__12__r1l29.png,"भयो मनजाहीं।। मानो नहीं शिवको कहना,"
True,True,0.38455598455598455,0.039382239382239385,85,33,hajarilala1919__12__r1l31.png,यदपी समुझायउ सो बहुताहीं । बेषधरी
True,False,0.3787688442211055,0.0,86,34,hajarilala1919__12__r1l32.png,"सियको तहँवां, बश भावि बिचार रहा मन"
True,False,0.3083511777301927,0.0,84,10,hajarilala1919__13__r1l1.png,शिवविवाह ।
True,True,0.5826771653543307,0.1968503937007874,57,2,hajarilala1919__13__line_1518439177427_108.png,१३
True,False,0.6575121163166397,0.01050080775444265,87,32,hajarilala1919__13__r1l3.png,"नाहीं २२ जानकिबेष बनी सति जो, स-"
True,False,0.2775984506132989,0.023886378308586184,81,32,hajarilala1919__13__r1l6.png,मुझी शिव सो मन खेद बढ़ाई । याकहँ
True,False,0.2725,0.0,84,38,hajarilala1919__13__r1l7.png,"त्यागिदियो तुरतै, भइ स्वामि बियोग हिये"
True,True,0.41714285714285715,0.03238095238095238,94,32,hajarilala1919__13__r1l9.png,"बिकलाई ।। जाइ पिता के मखानल में,"
True,False,0.42205882352941176,0.01764705882352941,44,34,hajarilala1919__13__r1l11.png,जरि सो जनमी तुम्हरे गृह आई । शम्भु
True,False,0.28336495888678054,0.01265022137887413,78,36,hajarilala1919__13__r1l12.png,"प्रिया गिरिजा नितहीं, यह बूझि तजौ सब"
True,True,0.38847117794486213,0.08020050125313283,80,37,hajarilala1919__13__line_1518439184887_109.png,शोच बृथाई २३ ।। घनाक्षरी ।। सुनत नारद
True,False,0.5059635907093534,0.0,87,32,hajarilala1919__13__r1l15.png,"बानी मिटी मन शोच ग्लानी, उमा जग-"
True,False,0.3450064850843061,0.011673151750972763,84,37,hajarilala1919__13__r1l16.png,दम्बा जानी सब हरषाये हैं । क्षणही में
True,True,0.45050761421319796,0.06345177664974619,42,35,hajarilala1919__13__r1l17.png,"बात यह फैल गइ पुरमहँ, सुनि लोग जहाँ"
True,True,0.5366915422885572,0.06467661691542288,74,36,hajarilala1919__13__line_1518439193237_110.png,तहँ अति सुख पाये हैं ।। मैना हिमवन्त
True,True,0.41483343808925205,0.030798240100565682,88,29,hajarilala1919__13__line_1518439151157_107.png,"मन अतिमुद तेहि छन, भयो पुलकित"
True,False,0.3085173501577287,0.013249211356466877,84,34,hajarilala1919__13__r1l25.png,तन प्रेम अधिकाये हैं । उमा पद पुनि
True,False,0.27162849872773537,0.015267175572519083,100,37,hajarilala1919__13__r1l26.png,"पुनि सेवित जो सिद्ध मुनि, दम्पति स्व-"
True,False,0.5215490318550906,0.012492192379762648,88,36,hajarilala1919__13__r1l28.png,भाग्य गुनि बन्दी शीश नाये हैं २४ नगर
True,True,0.43548387096774194,0.1532258064516129,62,2,hajarilala1919__14__line_1518439343287_111.png,१४
True,True,0.5281837160751566,0.05845511482254697,72,10,hajarilala1919__14__line_1518439347547_112.png,शिवविवाह ।
True,False,0.3477851083883129,0.01885014137606032,76,32,hajarilala1919__14__r1l5.png,"की नर नारी आनँद हृदय भारी, मङ्गल"
True,False,0.3405336721728081,0.005082592121982211,69,34,hajarilala1919__14__r1l7.png,की तइयारी करें घरघरहीं । हेमघट भरि
True,False,0.4120715350223547,0.0,60,35,hajarilala1919__14__r1l13.png,"बारी निज निज द्वारे धारी, गावैं गीत"
True,True,0.7463994990607389,0.06825297432686286,77,38,hajarilala1919__14__line_1518439356854_113.png,शुभकारी तीये मृदुसुरहीं ।। तोरण बन्दन-
True,True,0.7504725897920604,0.043478260869565216,74,33,hajarilala1919__14__line_1518439366637_114.png,"वार अमित सुमनहार, शोमित सबन द्वार"
True,False,0.25928338762214986,0.028664495114006514,77,37,hajarilala1919__14__line_1518439436338_119.png,रचित सुन्दरहीं । बिबिध मङ्गलाचार करें
True,False,0.26567768037761297,0.0,79,30,hajarilala1919__14__line_1518439432528_118.png,"सब बारबार, शोभाकी न वारपार कहि"
True,False,0.2698412698412698,0.005079365079365079,76,37,hajarilala1919__14__line_1518439422856_117.png,किमि परहीं २५ शैलेश भंडार माहीं जेवँ-
True,True,0.47036328871892924,0.042702358189929894,49,35,hajarilala1919__14__r1l37.png,"नार बहुताहीं, षटरस स्वाद जाहीं अमित"
True,False,0.5818181818181818,0.023824451410658306,72,34,hajarilala1919__14__line_1518439378188_115.png,प्रकारकै । भयो सब तइयार सूपशास्त्र
True,False,0.2853107344632768,0.0,74,33,hajarilala1919__14__r1l47.png,"अनुसार, जस कु ब्यवहार है जो जेवँ-"
True,True,0.47003154574132494,0.03406940063091483,49,36,hajarilala1919__14__r1l54.png,नारकै ।। पठये बुलाइ तब आये हैं बराती
True,False,0.5118343195266272,0.0,52,36,hajarilala1919__14__r1l57.png,"सब, बैठे सो बिबिधढब पांतिन सँवारकै ।"
True,True,0.45346658338538415,0.08307307932542161,39,31,hajarilala1919__14__r1l60.png,"लागे तब परुसन निपुण सुआरजन, लाइ"
True,True,0.6101694915254238,0.07595731324544884,77,29,hajarilala1919__14__line_1518439392155_116.png,लाइ भोजन को बस्तुन सुधारकै २६
True,False,0.36325678496868474,0.0,82,10,hajarilala1919__15__r1l1.png,शिवविवाह ।
True,False,0.4838709677419355,0.0,73,2,hajarilala1919__15__r1l2.png,१५
True,True,0.3842739378566899,0.04819277108433735,91,37,hajarilala1919__15__r1l3.png,"देवन जेंवत जानी पुरकी सुन्दरि स्यानी,"
True,True,0.3864329268292683,0.08384146341463415,55,36,hajarilala1919__15__r1l5.png,मधुर सरस बानी हिये प्रेमभावहीं । गा-
True,False,0.4920229738353542,0.02169751116783663,53,35,hajarilala1919__15__r1l8.png,"वति मंगलगारी सुरन को नामधारी, ब्यंग"
True,False,0.23015873015873015,0.027777777777777776,74,33,hajarilala1919__15__r1l9.png,बैन मुदकारी बहुत सुनावहीं ।। सुनि
True,True,0.4192724952137843,0.0408423739629866,82,35,hajarilala1919__15__r1l13.png,"सुनि देवगन हँसत मुदित मन, प्रेमपुल-"
True,True,0.45634920634920634,0.04828042328042328,53,34,hajarilala1919__15__r1l16.png,कित तन बर सुख पावहीं । अधिक बिलम्ब
True,False,0.3844205193160228,0.01266624445851805,72,35,hajarilala1919__15__line_1518439535650_120.png,"लाइ जेंवें सब हरषाइ, सुखसो न कहिजाइ"
True,True,0.5110941086457537,0.060443764345830146,94,33,hajarilala1919__15__line_1518439539468_121.png,कैसेको बतावहीं २७ जेंई सुर समुदाइ
True,True,0.2926829268292683,0.05941213258286429,66,31,hajarilala1919__15__line_1518439581298_123.png,"हृदये आनन्दछाइ, अँचई गै पान पाइ"
True,True,0.49388280746941404,0.04700579523502898,91,32,hajarilala1919__15__line_1518439543530_122.png,निज निज बासहीं । आये पुनि मुनिजन
True,True,0.3568215892053973,0.037481259370314844,63,29,hajarilala1919__15__r1l35.png,"मुदित अधिकमन, गुणिब्याह लगनजो"
True,False,0.5857687420584498,0.026048284625158832,82,33,hajarilala1919__15__r1l37.png,हिमगिरि पासहीं ।। सुनि शुभलग्न बर
True,True,0.797542043984476,0.0407503234152652,91,33,hajarilala1919__15__r1l39.png,"मुदित गिरीश उर, पठये बुलाइ सुर सब"
True,False,0.3577185368877867,0.009299442033477991,80,32,hajarilala1919__15__r1l41.png,जनवासहीं । सुनतहिं ततक्षण आये सब
True,True,0.7554449284380834,0.0566272557560672,88,31,hajarilala1919__15__r1l42.png,"देवगण, पाइ बर आसनन बैठे सुहुला-"
True,True,0.31386861313868614,0.08029197080291971,62,2,hajarilala1919__16__line_1518439672501_126.png,१६
True,True,0.4666666666666667,0.05625,59,10,hajarilala1919__16__line_1518439675476_127.png,शिवविवाह ।
True,False,0.6766729205753595,0.021888680425265792,103,33,hajarilala1919__16__line_1518439664056_125.png,सहीं २८ ब्याहको मण्डप बर रचना बि-
True,False,0.35498108448928123,0.019546027742749054,83,33,hajarilala1919__16__r2l6.png,"चित्रतर,सकल मनोहर जो परम सहावनै ।"
True,True,0.4596622889305816,0.0600375234521576,61,37,hajarilala1919__16__r2l8.png,"बने हैं सुन्दराकार जस श्रुति ब्यवहार,"
True,False,0.28293601003764113,0.013801756587202008,82,35,hajarilala1919__16__r2l9.png,बेदिका सँवार तस रुचिर सुपावनै ।। गज
True,True,0.8440483768300445,0.032463399108847865,97,32,hajarilala1919__16__r2l10.png,"मणिमय रूरी रचि रचि चौकपूरी, ललित"
True,False,0.6845513413506013,0.0,94,30,hajarilala1919__16__r2l11.png,जो शोभाभूरी अति मनभावनै । कंचन
True,False,0.7741935483870968,0.0056925996204933585,97,34,hajarilala1919__16__r2l13.png,"कलशधारी दीपहुँ अनेक बारी, ब्याहगीत"
True,False,0.7328292375551355,0.023314429741650915,91,33,hajarilala1919__16__r2l14.png,गावें नारी आनँद बढ़ावनै २९ सुन्दर
True,False,0.30498721227621484,0.0,76,33,hajarilala1919__16__r2l15.png,"सिंहासन जो मणिन प्रकाशन सो, जड़ित"
True,False,0.8803258145363408,0.014411027568922305,92,39,hajarilala1919__16__line_1518439638586_124.png,कंजासनसों करते सँवारे हैं । सकल सुदिब्य
True,False,0.7945205479452054,0.0,95,34,hajarilala1919__16__r2l22.png,"बर शोभा रङ्ग मनोहर, रतनन द्युति तर"
True,False,0.7039350405996252,0.006870705808869456,99,35,hajarilala1919__16__r2l25.png,मण्डप सो धारे हैं ।। ताहीपर बैठे ईश
True,False,0.8125,0.01375,93,33,hajarilala1919__16__r2l26.png,"बिप्रन को नाइ शीश, सुमिरिकै जगदीश"
True,False,0.6902208201892744,0.013249211356466877,89,41,hajarilala1919__16__r2l27.png,जो निजेष्टप्यारे हैं । बेदधुनि बिप्रगन क-
True,True,0.3099304237824162,0.031625553447185324,86,34,hajarilala1919__16__r2l28.png,"रहिं मुदितमन, बार बार बन्दीजन सुयश"
True,True,0.35670103092783506,0.07628865979381444,61,10,hajarilala1919__17__line_1518439829341_129.png,शिवविवाह ।
True,True,0.304635761589404,0.3708609271523179,59,2,hajarilala1919__17__line_1518439831606_130.png,१७
True,True,0.28344958782498414,0.04185161699429296,72,34,hajarilala1919__17__r1l3.png,उचारे हैं ३० दूब दधि पुङ्गीफल रोचन
True,True,0.43883984867591425,0.06683480453972257,59,33,hajarilala1919__17__r1l5.png,"ताम्बूल दल, अक्षत सुमन भल दीप बहु"
True,True,0.4639438417358009,0.037013401403956606,48,36,hajarilala1919__17__r1l8.png,बारिकै । धरि धरि हेमथारी हृदये आनन्द
True,False,0.35561160151324084,0.0037831021437578815,77,34,hajarilala1919__17__r1l9.png,"भारी, आारति करति नारीशिहितकारिकै ।"
True,True,0.5189710610932476,0.047588424437299034,51,37,hajarilala1919__17__r1l15.png,"गावतीं मधुरगीत प्रमुदित सहप्रीत, करति"
True,False,0.7737870195337114,0.0,79,35,hajarilala1919__17__line_1518439767944_128.png,मंगल रीति बिबिध प्रकारिकै । बाजन अ-
True,True,0.28315182575272263,0.04228058936579116,59,33,hajarilala1919__17__r1l22.png,"नेकढंग बाजत बहुतरंग, सुनत उमंगअंग"
True,True,0.5185667752442997,0.06123778501628664,51,36,hajarilala1919__17__r1l26.png,होतनरनारिकै ३१ गिरिजाहिं मुनिन बुलाइ
True,False,0.46679815910585143,0.02564102564102564,50,33,hajarilala1919__17__r1l30.png,"पठये हैं तब, सखिन शृंगारसाज बिबिध"
True,False,0.3205047318611987,0.014511041009463722,61,31,hajarilala1919__17__r1l31.png,सजाइकै । अंग अंग भूषण मणिन नगज-
True,False,0.40239294710327456,0.004408060453400504,70,33,hajarilala1919__17__r1l33.png,"टित जो, बसन बिचित्र यथोचित पहिरा-"
True,False,0.3086185044359949,0.0,80,35,hajarilala1919__17__r1l35.png,"इकै ।। सकल मनोहर शृंगार नव सप्तकरि,"
True,False,0.329734219269103,0.0,72,33,hajarilala1919__17__r1l37.png,गावति मंगलगीत सखि हरषाइकै । ल्याइ
True,False,0.4333764553686934,0.0129366106080207,59,36,hajarilala1919__17__r1l40.png,"हैं उमाहिं जहां मण्डपअमर मनि, छबिसों"
True,True,0.338393421884883,0.03795066413662239,68,31,hajarilala1919__17__r1l43.png,जगत मातु कहे कौन गाइकै ३२ देवगण
True,True,0.376,0.128,57,2,hajarilala1919__18__line_1518439937049_132.png,१८
True,True,0.31275720164609055,0.06584362139917696,61,10,hajarilala1919__18__line_1518439940675_133.png,शिवविवाह ।
True,False,0.41228070175438597,0.02017543859649123,54,34,hajarilala1919__18__r2l4.png,"गिरिजाहिं देखिके मनहिं मन, जानि भव"
True,True,0.4394224733207784,0.0583804143126177,49,36,hajarilala1919__18__r2l7.png,बामा जु प्रणाम सब किये हैं । तब मुनि
True,False,0.28148614609571787,0.010705289672544081,85,34,hajarilala1919__18__r2l8.png,"आयसु भवानी मध्य मण्डप के, गवनी हैं"
True,False,0.38242730720606827,0.0018963337547408343,71,39,hajarilala1919__18__r2l9.png,जहां शिव प्राणपति प्रियेहैं ।। पतिपदपं-
True,False,0.5062972292191436,0.0163727959697733,57,33,hajarilala1919__18__r2l10.png,"कजमें मधुकर मन बस्यो, सकति बिलोकि"
True,False,0.47694251421351863,0.02021478205938092,54,32,hajarilala1919__18__r2l16.png,न सकोच अति हिये हैं । लोक कुललाज
True,False,0.4604767879548306,0.0037641154328732747,63,31,hajarilala1919__18__r2l18.png,"स्वइ भयोहै बियोग निशा, थकित चकई"
True,False,0.4131106988249845,0.02906617192331478,58,36,hajarilala1919__18__r2l19.png,दृग प्रीति बरजिये हैं ३३ पाइ अनुशासन
True,True,0.3983688833124216,0.04705144291091593,40,35,hajarilala1919__18__r2l23.png,"मुनीशनको शिवशिवा, पूजेहैं अनादि देव"
True,False,0.275797373358349,0.0075046904315197,77,32,hajarilala1919__18__r2l25.png,गणपति प्रीतिसो । जस कछु ब्याह को
True,False,0.5144138372837924,0.024983984625240232,57,32,hajarilala1919__18__r2l27.png,"बिधान बेदबरणन, मुनिन कराये तस स-"
True,False,0.3031203566121842,0.02897473997028232,82,33,hajarilala1919__18__r2l28.png,कल सुरीतिसो ।। मुदित गिरीश तब गहि
True,False,0.44199243379571246,0.025220680958385876,82,38,hajarilala1919__18__r2l33.png,"कुश कन्यापाणि, शंभुहिं समर्पे करि बिधि"
True,False,0.24262295081967214,0.0,68,29,hajarilala1919__18__r2l34.png,जस नीतिसो । सुन्दरि सकल कलबैन
True,False,0.3040103492884864,0.022639068564036222,86,32,hajarilala1919__18__line_1661421654623_724.png,"शुभ गीत गावें, अतिही उछाह उर कहे"
True,False,0.28809788654060065,0.011123470522803115,71,21,jacobi1897__02__r2l1.png,जैन और बौद्ध का भेद ॥
True,False,0.6955617198335645,0.0,71,41,jacobi1897__02__r2l2.png,अक्सर फरंगी विद्वान जैन और बौद्ध दोनों को
True,False,0.5340246273493195,0.008425145819831496,70,39,jacobi1897__02__r2l3.png,आरम्भ ही से अलग२ न समझ कर एक को दूसरेसे
True,True,0.7589974293059126,0.05141388174807198,76,51,jacobi1897__02__r2l4.png,निकला बतलाते हैं कोल्ब्रूक ने गौतम बुद्ध को वर्द्ध-
True,False,0.8340836012861736,0.0,67,41,jacobi1897__02__r2l5.png,मान महावीर का चेला समझा क्योंकि महावीर का
True,False,0.6724919093851133,0.004530744336569579,72,43,jacobi1897__02__r2l6.png,एक चेला इन्द्रभूति था कि जिस को गोतम स्वामी
True,False,0.6382428940568475,0.018733850129198967,69,46,jacobi1897__02__r2l7.png,और निरा गौतम के नाम से भी पुकारते हैं प्रिंसिप
True,False,0.7126213592233009,0.0025889967637540453,72,39,jacobi1897__02__r2l8.png,और टामस इन दोनों की भी यही राय है लेकिन
True,False,0.8651612903225806,0.023870967741935485,63,50,jacobi1897__02__line_1518434102824_15.png,बेबर कहताहै कि ऐसा नहीं होसक्ता क्योंकि इन्द्रभूति
True,False,0.5556261919898283,0.017164653528289893,63,48,jacobi1897__02__r2l12.png,ब्राह्मण था और गौतम बुद्ध क्षत्री उसका गोत्र गौ-
True,True,0.402680280791321,0.06253988513082323,44,47,jacobi1897__02__r2l15.png,तम होने से वह बुद्ध नहीं होसक्ता अगर इन्द्रभूति
True,False,0.7825242718446602,0.01488673139158576,71,44,jacobi1897__02__r2l16.png,वर्द्धमान महावीर का मत छोड़कर दूसरा मत अंगी-
True,False,0.7414571244358479,0.014829142488716958,74,42,jacobi1897__02__r2l17.png,कार करता तो जैन सूत्र कभी उसका अच्छा न कह-
True,True,0.8264462809917356,0.06887052341597796,62,48,jacobi1897__02__r2l19.png,ते उसकी पूरी बुराई लिखते क्योंकि सूत्र साफ़ कहते
True,False,0.41843971631205673,0.009671179883945842,61,44,jacobi1897__02__r2l24.png,हैं कि महावीर क भानजे जमालिने मतमें पहला भेद
True,False,0.7621173469387755,0.015306122448979591,68,42,jacobi1897__02__r2l25.png,डाला और महावीर के दूसरे चेले गोसाले मक्खलि
True,True,0.7764095917044718,0.059624108878807515,68,49,jacobi1897__02__r2l26.png,पुत्र का भी ठट्ठा किया है यह जाहिरा पाली सूत्र का
True,True,0.7192530585962653,0.0412105602060528,66,41,jacobi1897__02__r2l27.png,मक्खलि गोसाला है कि जो बुद्ध के छ: अनुमती
True,False,0.042224510813594233,0.005149330587023687,76,30,jacobi1897__02__r2l28.png,आचार्य्यवादियों में से एक था ॥
True,False,0.8094233473980309,0.002109704641350211,66,39,jacobi1897__02__r2l29.png,विलसन जैनियों को बौद्धों की एक शाखा बत-
True,False,0.7115384615384616,0.0019230769230769232,65,45,jacobi1897__02__r2l30.png,लाता है और उस को दसवींसदी में यहां बौद्धों के
True,True,0.13615023474178403,0.13145539906103287,54,3,jacobi1897__03__line_1518434193688_16.png,(३)
True,True,0.15202052597819116,0.23925593329057088,113,40,jacobi1897__03__r1l3.png,नाश होनेपर निकला समझता है वेबर जैन को इस
True,False,0.050550874918988985,0.014257939079714841,114,44,jacobi1897__03__r1l4.png,से पुराना जानता है लेकिन बौद्धों को उस से भी
True,True,0.12604501607717042,0.11768488745980707,112,40,jacobi1897__03__r1l5.png,आगे लासन वेबर का साथी है बिलसन के अनुसार
True,True,0.13107416879795397,0.16240409207161124,109,44,jacobi1897__03__r1l6.png,यह कहा जासक्ताहै कि जैन सूत्र महावीर को केवल
True,True,0.10669317428760769,0.06958250497017893,107,45,jacobi1897__03__r1l8.png,विहार का रहनेवालाही नहीं बतलाते कि जहां बुद्ध
True,True,0.2392438070404172,0.04563233376792699,86,41,jacobi1897__03__r1l10.png,रहा और उपदेश दिया बल्कि बुद्धका सहकाली और
True,True,0.31756318859364874,0.09721322099805574,85,48,jacobi1897__03__r1l12.png,उन्हीं राजाओं की सहाय में उसे लिखते हैं जो बुद्ध
True,True,0.06619537275064268,0.055912596401028275,104,43,jacobi1897__03__line_1518434202255_17.png,के सहकाली थे अगर्चि श्रेणिक और कूणिक या को-
True,True,0.11270358306188925,0.05863192182410423,103,49,jacobi1897__03__r1l15.png,णिक वह नहीं हैं जिनका नाम अक्सर बौद्ध ग्रन्थोंमें
True,True,0.08651911468812877,0.07914151576123407,108,46,jacobi1897__03__r1l16.png,पाया जाता है तौ भी श्रेणय या श्रेणिक बिम्बिसार
True,True,0.06489292667099286,0.05126541207008436,111,42,jacobi1897__03__r1l17.png,का विरुद मालूम होता है और उस के बेटे कूणिक
True,True,0.046975546975546977,0.24453024453024452,120,47,jacobi1897__03__r1l18.png,का नाम औपपात्तिक सूत्र में बिम्बिसार पुत्र लिखा
True,True,0.17147568013190437,0.05193734542456719,102,45,jacobi1897__03__r1l20.png,है हेमचन्द्र बम्भसार लिखता है यह बिम्बिसार का
True,True,0.0779305828421742,0.08971840209561231,107,43,jacobi1897__03__r1l21.png,बेटा अजातशत्रु मालूम होता है क्योंकि जैन और
True,False,0.1893298633702017,0.026024723487312947,101,45,jacobi1897__03__r1l22.png,बौद्ध दोनों उन दोनों को लिखते हैं कि अपने बाप
True,True,0.13009708737864079,0.0634304207119741,107,40,jacobi1897__03__r1l23.png,को मारडाला था कूणिक का बेटा उदायिन जिसने
True,True,0.05669083717864205,0.045484508899143045,102,46,jacobi1897__03__r1l24.png,जैनियों के मुताबिक़ पाटलिपुत्र बसाया था वही उ-
True,True,0.2326797385620915,0.05032679738562092,95,47,jacobi1897__03__r1l25.png,दयि अजातशत्रु का बेटा है जिसको बौद्ध पाटलिपुत्र
True,True,0.2870843989769821,0.04603580562659847,72,45,jacobi1897__03__r1l28.png,का बसानेवाला मानते हैं इस में किसी तरह का सं-
True,True,0.18181818181818182,0.06298701298701298,101,44,jacobi1897__03__r1l29.png,देह नहीं कि बुद्धके सहकाली बिम्बिसार और अजा-
True,False,0.15930388219544847,0.025435073627844713,98,47,jacobi1897__03__r1l30.png,तशत्रु श्रेणिक और कूणिक के नाम से जैन अंगों में
True,False,0.25142857142857145,0.018412698412698412,81,43,jacobi1897__03__r1l35.png,महावीर के सहकाली लिखे हैं इन से छोटों पर भी
True,False,0.06713554987212277,0.0,112,37,jacobi1897__03__r1l36.png,यह बात ठीक ठहरती है जैसे गोसाल मंखलिय
True,True,0.10043668122270742,0.08733624454148471,62,3,jacobi1897__04__line_1518435584489_44.png,(४)
True,False,0.4826923076923077,0.002564102564102564,68,40,jacobi1897__04__line_1518434459308_21.png,मक्खलि मंखलि या मक्खलि का बेटा बिम्बिसार
True,False,0.4029658284977434,0.0038684719535783366,59,42,jacobi1897__04__line_1518434463292_22.png,या बिब्भिसार और लिच्छवि या लेच्छई राजा वि-
True,True,0.481888745148771,0.03880983182406209,58,40,jacobi1897__04__line_1518434467518_23.png,लसन के मुवाफ़िक़ यह दलील ठहरती है कि शा-
True,True,0.39540816326530615,0.04336734693877551,42,44,jacobi1897__04__r2l17.png,क्यसिंह और वर्द्धमान के लकब और नाम वही बुद्ध
True,False,0.2773722627737226,0.012773722627737226,46,48,jacobi1897__04__r2l22.png,जिन और महावीर दोनों दर्जकरते कैं और स्त्री दोनों
True,False,0.6577718478985991,0.014009339559706471,68,40,jacobi1897__04__line_1518434397810_18.png,की यशोदा लिखी है लेकिन इसके सिवाय और कोई
True,True,0.16945876288659795,0.18878865979381443,59,49,jacobi1897__04__line_1518434514546_24.png,बात जो बुद्ध के लिये लिखीगई है वर्द्धमान के मुवा-
True,True,0.5297580117724002,0.03531720078482668,67,50,jacobi1897__04__line_1518434403424_19.png,फ़िक़ि नहीं पड़ती है मसलन् दोनों के रिश्तादारों के
True,False,0.5546108567691301,0.013734466971877043,58,38,jacobi1897__04__r2l35.png,नाम और जन्मभूमि चेले उमर और उनके वाकि-
True,True,0.36123631680618157,0.0360592401802962,43,38,jacobi1897__04__r2l38.png,आत और दोनों के चाल चलन जहांतक कि वे उन
True,True,0.08580645161290322,0.15741935483870967,70,49,jacobi1897__04__line_1518434544953_25.png,के उपदेश से मालूम होते हैं बिल्कुल जुदा २ हैं नि-
True,True,0.45285714285714285,0.06,39,42,jacobi1897__04__r2l49.png,दान महावीर और बुद्ध दो आदमी थे परन्तु एकही
True,False,0.35905349794238683,0.018518518518518517,48,41,jacobi1897__04__r2l51.png,समय में और इसीलिये दोनों का मत एकसा मालूम
True,True,0.1327720207253886,0.06930051813471502,72,43,jacobi1897__04__line_1518434568443_26.png,होता है क्योंकि दोनों की जड़ एक थी और दोनों
True,False,0.5289203084832905,0.017352185089974295,58,48,jacobi1897__04__r2l57.png,ब्राह्मणों के बर्ख़िलाफ़ कि जैसी उस समय के लोगों
True,False,0.720771850170261,0.026106696935300794,61,45,jacobi1897__04__r2l58.png,की तबीअत ही होगई थी क्योंकि सामन्नफलसूत्र में
True,True,0.5816655907036798,0.040025823111684955,64,49,jacobi1897__04__r2l60.png,छओं वादियों का हाल पढ़ने से जो बुद्ध के समयमें थे
True,True,0.40063694267515926,0.03184713375796178,45,43,jacobi1897__04__r2l61.png,ज़ाहिर होता है कि सब नये नये मत निकालना चा-
True,False,0.5865384615384616,0.027564102564102563,58,45,jacobi1897__04__r2l63.png,हते थे बुद्ध बढ़गया तो क्या अचरज है कि महावीर
True,False,0.5963894261766602,0.02192134107027724,62,37,jacobi1897__04__r2l64.png,का मत भी जड़ पकड़ गया अब हमको उनकी भी
True,True,0.2434077079107505,0.03313049357674104,50,46,jacobi1897__04__r2l66.png,सुननी चाहिये जो बौद्ध को जैन से पहले मानते हैं
True,False,0.3152804642166344,0.019342359767891684,50,51,jacobi1897__04__line_1518434422110_20.png,वह कहते हैं कि जैनियों में जातिभेद है अर्थात् ब्रा-
True,False,0.5985915492957746,0.0006402048655569782,64,45,jacobi1897__04__r2l75.png,ह्मण जब बौद्धों को निकालने लगे बौद्ध जाति भेद
True,True,0.1896551724137931,0.1206896551724138,54,3,jacobi1897__05__line_1518434800759_29.png,(५)
True,True,0.3710812539987204,0.04670505438259757,42,45,jacobi1897__05__r2l2.png,मानकर जैनी होगये पर यह वाहियात है जैनियों में
True,True,0.3659961064243997,0.035691109669046074,47,40,jacobi1897__05__r2l3.png,दोही भेद हैं साधु (यति) और श्रावक और अगर
True,False,0.46957878315132606,0.01326053042121685,41,46,jacobi1897__05__r2l7.png,वह जातिभेद मानते हैं तो लंका के बौद्ध भी मानते
False,True,0.029543994861913937,0.12010276172125883,64,41,jacobi1897__05__line_1518434808662_30.png,हैं इस्से मत से कुछ इलाक़ा नहीं यह तो आपस
True,False,0.3883183568677792,0.007060333761232349,50,46,jacobi1897__05__line_1518434776741_28.png,का ब्यौहार है यहबात भी कि बौद्धों की पाली भाषा
True,True,0.5132575757575758,0.054924242424242424,45,47,jacobi1897__05__r2l18.png,जैनियों की प्राकृत से पुरानी है लिहाज़ के लाइक़
True,False,0.3386683738796415,0.016645326504481434,44,51,jacobi1897__05__r2l24.png,नहीं क्योंकि जैनियों के सूत्र जैसे अब हैं महावीर के
True,False,0.39147286821705424,0.028423772609819122,46,46,jacobi1897__05__r2l27.png,निर्वाण से प्राय: एक हज़ार बरस पीछे लिखेगये इस
True,True,0.37056737588652483,0.0549645390070922,39,45,jacobi1897__05__r2l36.png,अर्से में ज़रूर बोली बदली होगी सिवाय इसके जै-
True,True,0.3339382940108893,0.038112522686025406,44,29,jacobi1897__05__r2l44.png,नियों के १४ पूर्व नाश होगये ॥
True,False,0.3958691910499139,0.004302925989672977,48,44,jacobi1897__05__r2l48.png,जैनियों के शास्त्र से साबित है कि महावीर बि-
True,False,0.33866666666666667,0.016,42,46,jacobi1897__05__r2l55.png,म्बिसार और अजातशत्रु के समय में थे सूत्रों में
True,True,0.2895981087470449,0.0508274231678487,40,45,jacobi1897__05__r2l58.png,जैन साधुओं को निग्रंथ और साध्विओं को निग्रंथी
True,False,0.3644859813084112,0.0,45,42,jacobi1897__05__r2l65.png,लिखा है बराहमिहिर और हेमचंद्र उनको निग्रंथ
True,False,0.39748953974895396,0.015690376569037656,43,39,jacobi1897__05__r2l69.png,लिखते हैं शंकर और आनंदगिरि इत्यादि और २
True,False,0.42225497420781133,0.0029476787030213707,49,41,jacobi1897__05__line_1518434878994_33.png,लिखनेवाले उसके बदल उनको विबसन और मुक्तां-
True,False,0.3362598770851624,0.010535557506584723,47,45,jacobi1897__05__line_1518434867866_32.png,बर के नाम से लिखते हैं अशोक के शिलास्तंभों पर
True,True,0.38960205391527597,0.03915275994865212,62,47,jacobi1897__05__line_1518434827037_31.png,बौद्ध श्रमणों से जुदा साधुओं को निगंठ कहा है कि
True,False,0.45263157894736844,0.00631578947368421,39,44,jacobi1897__05__r2l97.png,जिसको डाक्टर बुहलर जैनियों का निर्ग्रंथ समझ-
True,False,0.33661417322834647,0.0,43,50,jacobi1897__05__r2l105.png,ता है बौद्धों के पीटकों में अक्सर निगंठों को बुद्ध
True,False,0.3037230568256042,0.016329196603527107,46,44,jacobi1897__05__line_1518434632755_27.png,और बौद्धों का वादी लिखा है निदान इन बातों से
True,False,0.39116309291747886,0.011046133853151396,46,41,jacobi1897__05__r2l119.png,साबित होताहै कि जैनी और बौद्ध बराबर के मत
True,True,0.2578125,0.041666666666666664,43,40,jacobi1897__05__r2l123.png,वाले थे और आरंभही से इस बराबरी का प्रमाण
True,True,0.09049773755656108,0.11764705882352941,69,3,jacobi1897__06__line_1518435019725_36.png,(६)
True,False,0.6540469973890339,0.014360313315926894,75,43,jacobi1897__06__r1l2.png,उनके कई पुराने इतिहासों से हाथ लगता है जैसे
True,False,0.7727570399476097,0.023575638506876228,69,44,jacobi1897__06__r1l3.png,बौद्ध लोग साफ़ कहते हैं कि अजातशत्रु ने अपने
True,False,0.6941403734707019,0.015453960077269801,72,42,jacobi1897__06__r1l4.png,बापको मारडाला और वह बौद्ध होनेसे पहले बहुत
True,False,0.6866197183098591,0.023943661971830985,72,41,jacobi1897__06__r1l6.png,बद और ख़राब था जैनी लोग कूणिक अर्थात् उसी
True,True,0.33268101761252444,0.03718199608610567,76,42,jacobi1897__06__r1l8.png,अजातशत्रु को जानी बूझी पितृहत्या के दाग से
True,False,0.7077326343381389,0.0163826998689384,70,44,jacobi1897__06__r1l9.png,बचाने की कोशिश करते हैं क्योंकि निरयावलि सू-
True,True,0.5131494547787043,0.03399615137908916,72,43,jacobi1897__06__r1l10.png,त्र के अनुसार कूणिक ने अपने बापको अपने लिये
True,False,0.03406169665809768,0.02377892030848329,77,42,jacobi1897__06__r1l11.png,अन्याई समझ के क़ैद कर दिया था परंतु जब अप-
True,False,0.674344209852847,0.019193857965451054,70,42,jacobi1897__06__r1l12.png,नी मा से सुना कि उसका बाप तो उसे सदा प्यार
True,False,0.6802030456852792,0.0,74,37,jacobi1897__06__line_1518434996876_35.png,करता रहा है और कोई बात ऐसी नहीं की कि
True,False,0.3395739186571982,0.01872175597159458,71,43,jacobi1897__06__r1l16.png,जिस से क़ैद के योग्य हो कूणिक अपनी माकी बात
True,False,0.03936507936507937,0.009523809523809525,83,41,jacobi1897__06__r1l17.png,मान के एक कुठार लेके अपने बाप की बेड़ियां
True,False,0.09051724137931035,0.0,73,45,jacobi1897__06__r1l18.png,काटने को चला उसके बाप श्रेणिक अर्थात् बिम्बि-
True,True,0.2087912087912088,0.03555268261150614,72,41,jacobi1897__06__r1l20.png,सार ने यह समझके कि कुठार से मुझे मारने को
True,False,0.7658064516129032,0.00903225806451613,69,43,jacobi1897__06__r1l21.png,आता है उसे इस पाप से बचाने के लिये अपने तईं
True,False,0.046894803548795945,0.00697084917617237,76,37,jacobi1897__06__line_1518434983041_34.png,आप मारडाला अर्थात् आत्मघात किया कूणिक
True,False,0.18324607329842932,0.02225130890052356,74,42,jacobi1897__06__r1l24.png,बहुत पछताया और बाप को मरा देख के बड़ा दुखी
True,True,0.16353017521090202,0.03763789746917586,74,47,jacobi1897__06__r1l25.png,हुआ इस से मालूम होता है कि अजातशत्रु ने बौद्धों
True,False,0.09137709137709138,0.0,75,49,jacobi1897__06__r1l26.png,का मदद देने से पहले जैनियों पर कृपादृष्टि की थी ॥
True,False,0.4163237311385459,0.019204389574759947,71,39,jacobi1897__06__r1l27.png,मथुरा में कंकली टीले से जेनरल कनिंघम ने
True,True,0.3503134796238245,0.06583072100313479,45,41,jacobi1897__06__r1l30.png,एक नंगी खड़ी मूरत निकाली है उस पर खुदाहुआ
True,False,0.12397921306607275,0.0014847809948032665,79,41,jacobi1897__06__r1l32.png,"है ""नमो अर्हत महावीर देवनास"" इस से ज़ाहिर"
True,True,0.7432082794307892,0.03557567917205692,66,50,jacobi1897__06__r1l33.png,है कि यहां महावीर से मुराद वर्द्धमान है बुद्ध नहीं
True,True,0.08928571428571429,0.08035714285714286,54,3,jacobi1897__07__line_1518435229129_37.png,(७)
True,True,0.05779220779220779,0.04350649350649351,101,39,jacobi1897__07__r1l2.png,और उस सूरत पर संवत्सर ९८ खुदा है और उसी
True,True,0.0523961661341853,0.07412140575079872,85,43,jacobi1897__07__line_1518435242078_38.png,जगह से निकले हुए दूसरे पत्थरों पर हविश्क और
True,True,0.08524590163934426,0.09377049180327869,103,45,jacobi1897__07__r1l6.png,कनिश्क के नाम रहने से साबित है कि वह विक्रमही
True,True,0.1,0.03333333333333333,99,53,jacobi1897__07__r1l7.png,का संवत्सर है सिवाय इसके बौद्धों के शास्त्रों में जैन
True,True,0.05057618437900128,0.08578745198463508,110,44,jacobi1897__07__r1l8.png,मत स्थापन करनेवाले अथवा उसे दुरुस्त करनेवाले
True,True,0.08118556701030928,0.06894329896907217,105,44,jacobi1897__07__r1l9.png,का चरचा है कुछ जैनियों के नाम से नहीं किन्तु
True,True,0.0649772579597141,0.050032488628979854,103,42,jacobi1897__07__r1l10.png,निगंठनाथ या निगंठनात पुत्त के नाम से निगंठ
True,True,0.05551926845199216,0.041802743305029394,98,42,jacobi1897__07__r1l11.png,तो जैनी साधुओं का नाम मालूम ही है नातपुत्त
True,True,0.0494469746258946,0.062459336369551074,93,45,jacobi1897__07__r1l12.png,हम नायपुत्त जो कल्पसूत्र और उत्तराध्ययन सूत्र
True,True,0.08928571428571429,0.07461734693877552,103,43,jacobi1897__07__r1l13.png,में महावीर का विरुद लिखा है समझते हैं नयपाल
True,True,0.14540816326530612,0.06186224489795918,104,49,jacobi1897__07__r1l15.png,के बौद्ध पुस्तकों में निगंठनाथ को ज्ञाति का पुत्र
True,True,0.05519480519480519,0.08896103896103896,101,44,jacobi1897__07__r1l16.png,लिखा है और जैन लोग महावीर को ज्ञात पुत्र कह-
True,True,0.05976520811099253,0.03948772678762007,104,51,jacobi1897__07__r1l19.png,ते हैं हेमचन्द्र के परिशिष्ट पर्व्व का यह श्लाके है
True,False,0.10122358175750834,0.008898776418242492,94,43,jacobi1897__07__r1l22.png,"""कल्याणपादपरमं श्रुतगङ्गाहिमाचलम् । विश्वां"
True,True,0.04212572909915749,0.03499675955930007,111,49,jacobi1897__07__r1l23.png,"भोजरविं देवं वन्दे श्रीज्ञातनन्दनम् ॥ ,,महावीर को"
True,True,0.21533546325878594,0.06773162939297124,98,45,jacobi1897__07__r1l24.png,ज्ञातनन्दन इसवास्ते कहा कि कल्पसूत्र में उनके
True,True,0.041343669250646,0.08785529715762273,100,48,jacobi1897__07__r1l25.png,बाप को ज्ञात क्षत्रिय लिखा है सामन्नफल सूत्र में
True,True,0.0774693350548741,0.06778566817301485,113,43,jacobi1897__07__r1l26.png,निगंठनाथ पुत्र को अग्नि वैश्यायन लिखा है यह
True,True,0.060063897763578275,0.06325878594249201,103,46,jacobi1897__07__r1l27.png,बौद्धों कीभूल मालूम होती है उन्होंने शायद महा-
True,True,0.05412371134020619,0.07474226804123711,107,44,jacobi1897__07__r1l28.png,वीर को उस के मुख्य शिख्य सुधर्मासे मिलाकर एक
True,True,0.07083599234205488,0.03318442884492661,99,41,jacobi1897__07__r1l29.png,कर दिया क्योंकि सुधर्मा अग्नि वैश्यायन था
True,True,0.056015276893698285,0.0547422024188415,111,45,jacobi1897__07__r1l30.png,अफ़सोस सामन्नफल सूत्र में जहां निगंठनात पुत्त
True,False,0.06834300451321727,0.0,98,43,jacobi1897__07__r1l31.png,का मत वर्णन किया है शाका और संवत् नहीं लिखा
True,True,0.07589285714285714,0.06696428571428571,59,3,jacobi1897__08__line_1518435507360_43.png,(८)
True,True,0.11757188498402556,0.14249201277955273,72,39,jacobi1897__08__line_1518435392027_39.png,तौ भी उस में कोई बात ऐसी नहीं है कि जिस
True,False,0.3870307167235495,0.023208191126279865,56,45,jacobi1897__08__r1l12.png,से निगंठनात पुत्त और महावीर दोनों एक न होसकें
True,True,0.4007936507936508,0.09126984126984126,37,45,jacobi1897__08__r1l16.png,आत्मावतार और वैश्यन्तर इत्यादि बौद्ध पुस्तकों
True,False,0.4403183023872679,0.001326259946949602,59,44,jacobi1897__08__r1l23.png,में लिखाहै कि अपने पहले शिष्य उपालि से कि जो
True,False,0.3755656108597285,0.0,57,42,jacobi1897__08__r1l27.png,बौद्ध होगया था लड़कर निगंठनात पावा में मरे
True,True,0.4502923976608187,0.04223521767381416,71,46,jacobi1897__08__r1l29.png,कल्पसूत्र महावीर का निर्वाण पावा में बतलाता है
True,False,0.4789272030651341,0.009578544061302681,60,43,jacobi1897__08__r1l30.png,और जैन जती निगंठ कहलाते थे पस इसमें कुछ सं-
True,True,0.12097812097812098,0.05276705276705277,96,43,jacobi1897__08__r1l32.png,देह नहीं कि निगंठनाथसे मतलब महावीरहीसे है ॥
True,True,0.5388383484954513,0.0496850944716585,80,37,jacobi1897__08__r1l33.png,सिवाय इसके इस बात का कि बुद्ध और महा-
True,True,0.383464005702067,0.03207412687099073,59,44,jacobi1897__08__r1l38.png,वीर दोनों जुदा जुदा थे पर एकही समय में जैनकी
True,False,0.49700996677740866,0.019933554817275746,64,49,jacobi1897__08__r1l39.png,तारीख़ों से पक्का पता लग जाता है बुद्ध का निर्वाण
True,True,0.5183515775917579,0.056020605280103025,76,38,jacobi1897__08__r1l40.png,सन् ईसवी से ४७७ बरस पहले हुआ और महावीर
True,False,0.4187540141297367,0.01605651894669236,58,44,jacobi1897__08__r1l42.png,का निर्वाणस्वेताम्बरी जैनियों के कहने बमूजिब
True,False,0.5879629629629629,0.009259259259259259,60,44,jacobi1897__08__line_1518435437179_42.png,विक्रमके संवत्से ४७० बरस पहले और दिगम्बरियों
True,True,0.43714103382259095,0.03190810465858328,60,37,jacobi1897__08__r1l46.png,के बमूजिब ६०५ बरस पहले हुआ यह १३५ बरस
True,False,0.4181459566074951,0.01051939513477975,62,48,jacobi1897__08__r1l48.png,का फ़र्क़ जो दोनों आमनायवालों के बीच में पड़ा है
True,False,0.6345407503234153,0.00517464424320828,63,47,jacobi1897__08__r1l49.png,विक्रमके संवत् और शालिवाहन के शाके का है विक्रम
True,False,0.3847158719790986,0.020248203788373612,64,45,jacobi1897__08__r1l50.png,के संवत् से ४७० बरस पहले निर्वाण हुआ यह स्वे-
True,True,0.441591784338896,0.04878048780487805,58,49,jacobi1897__08__line_1518435418931_41.png,ताम्बरियों की बहुत पुस्तकों में लिखा है सब से पु-
True,False,0.40384615384615385,0.010256410256410256,67,47,jacobi1897__08__r1l60.png,राना प्रमाण वह है जो मेरुतुंगके विचार श्रेणी की
True,False,0.4849068721901092,0.02697495183044316,64,43,jacobi1897__08__r1l61.png,जड़ है और निर्वाण का संवत् राजाओं के काल से
True,False,0.04220183486238532,0.027522935779816515,65,16,jacobi1897__08__line_1518435406324_40.png,निर्णय किया है ॥
True,False,0.09834938101788171,0.008253094910591471,83,39,jacobi1897__08__r1l63.png,"""जंरयणिं काल गओ अरिहा तित्थं करो महावी-"
True,True,0.0425531914893617,0.06914893617021277,59,3,jacobi1897__09__line_1518435787448_56.png,(९)
True,False,0.42636655948553054,0.01157556270096463,63,44,jacobi1897__09__r1l3.png,रो तं रयणिं अवंति वई अहिसितो पालगोराया ॥ १ ॥
True,True,0.4079031230082855,0.045889101338432124,65,39,jacobi1897__09__r1l4.png,सट्ठी पालग रण्णोपणवण्ण सयं तु होइनं दाण
True,True,0.4075829383886256,0.07740916271721959,40,43,jacobi1897__09__r1l6.png,अट्ठसयं मुरियाणं तीसं चिअ पूसमित्तस्स ॥ २ ॥
True,True,0.45983554712207464,0.05313092979127135,71,42,jacobi1897__09__line_1518435844895_57.png,बलमित्त भानुमित्ता सट्ठीवरिसाणि चत्तनहवहणे
True,True,0.42604298356510745,0.0347661188369153,66,42,jacobi1897__09__r1l15.png,तहगद्दभिल्ललारज्जं तेरसवरिसा सगस्सचौ ॥ ३ ॥
True,False,0.42811906269791006,0.01013299556681444,57,44,jacobi1897__09__line_1518435761033_55.png,अर्थात् पालक अवन्ती के राजा का उस रात को रा-
True,True,0.36878539962240403,0.04216488357457521,73,41,jacobi1897__09__r1l19.png,ज्याभिषेक हुआ कि जिस रात को अर्हत तीर्थकर
True,True,0.4292961318960051,0.031071655041217502,63,40,jacobi1897__09__r1l20.png,महावीर का निर्वाण हुआ ॥ १ ॥ साठ बरस राजा
True,False,0.40514469453376206,0.0045016077170418,54,43,jacobi1897__09__r1l22.png,पालक के लेकिन १५५ बरस नन्दों के १०८ मौर्यों
True,False,0.4142947501581278,0.022770398481973434,70,45,jacobi1897__09__line_1518435746870_54.png,के और ३० पूसमित्त अर्थात् पुष्पमित्र के ॥ २ ॥
True,False,0.41113219481340924,0.015180265654648957,77,42,jacobi1897__09__line_1518435737996_53.png,६० बरस बलमित्र और भानुमित्र ने राज किया ४०
True,False,0.47079037800687284,0.009450171821305841,74,38,jacobi1897__09__r1l30.png,नभोवाहन ने १३ बरस इसी तरह गर्दभिल्ल का
True,True,0.3200531208499336,0.03386454183266932,76,40,jacobi1897__09__line_1518435708330_50.png,राज रहा और शाका ४ है ॥ ३ ॥ यह श्लोक बहुत
True,False,0.5416968817984047,0.012327773749093546,65,45,jacobi1897__09__line_1518435711811_51.png,पोथियों में लिखे हैं और पुराने जैनियों ने इसी
True,True,0.4794344473007712,0.038560411311053984,74,41,jacobi1897__09__r1l40.png,के अनुसार महावीर और विक्रम के संवत् ठहरा-
True,False,0.4587289992695398,0.026296566837107377,71,37,jacobi1897__09__line_1518435692943_49.png,ये हैं पर इन की असल नहीं मालूम होती ४
True,False,0.38373570520965694,0.015247776365946633,59,40,jacobi1897__09__r1l44.png,शाके का १३ गर्दभिल्ल का ४० नभोवाहन का ६०
True,True,0.2559029993618379,0.07721761327377154,79,43,jacobi1897__09__r1l45.png,बलमित्र और भानुमित्र का ३० पुष्पमित्र का और
True,True,0.2344650864830237,0.04163997437540039,79,42,jacobi1897__09__line_1518435682098_48.png,१०८ मौर्यों का जोड़ने से २५५ होता है और उस
True,True,0.33524173027989823,0.061068702290076333,85,51,jacobi1897__09__line_1518435673715_47.png,में विक्रम के संवत् का ५७ बरस मिलाने से चन्द्रगुप्त
True,False,0.4772277227722772,0.00891089108910891,67,34,jacobi1897__09__line_1518435658931_46.png,का अभिषेक ३१२ बरस सन् ईसवी से पहले
True,True,0.26344086021505375,0.043010752688172046,48,45,jacobi1897__09__r1l63.png,ठहरता है और यूनानियों के संवत् से इस संवत् के
True,False,0.08958068614993647,0.0,86,42,jacobi1897__09__line_1518435628127_45.png,पास पास मिलजाने से साबित होता है कि विक्रम
True,True,0.07106598984771574,0.1065989847715736,57,4,jacobi1897__10__line_1518436072130_62.png,(१०)
True,False,0.3329007138221934,0.02855288773523686,98,46,jacobi1897__10__r1l2.png,जो तीसरे श्लोक में लिखा है वही विक्रम है जिसने
True,False,0.24322396576319544,0.016405135520684736,84,38,jacobi1897__10__r1l5.png,सन् ईसवी से ५७ बरस पहले संवत् चलाया और
True,True,0.19171974522292995,0.05031847133757962,96,38,jacobi1897__10__r1l6.png,सन् ईसवी ७८ का शाका चलानेवाला शालिवाहन
True,False,0.03495145631067961,0.009708737864077669,105,38,jacobi1897__10__r1l7.png,ही है ६० बरस पालक के राज के और १०५ नव-
True,True,0.2525839793281654,0.05555555555555555,83,50,jacobi1897__10__r1l10.png,नन्दों के अर्थात् २१५ बरस चंद्रगुप्त के अभिषेक में
True,True,0.2070930968967701,0.07283090563647879,104,42,jacobi1897__10__line_1518435983712_61.png,अर्थात् सन् ईसवी से पहले ३१२ में मिलाने से
True,True,0.2262357414448669,0.053231939163498096,102,41,jacobi1897__10__r1l18.png,महावीर का निर्वाण सन् ईसवी से ५२७ बरस पह-
True,True,0.1444794952681388,0.1608832807570978,101,41,jacobi1897__10__r1l19.png,ले ठहरता है सिंहल अथात् लंकावाले बुद्ध का
True,True,0.2099483204134367,0.04780361757105943,101,42,jacobi1897__10__line_1518435975440_60.png,निर्वाण सन् ईसवी से ५४३ बरस पहले मानते हैं
True,True,0.25234270414993304,0.07028112449799197,91,35,jacobi1897__10__r1l24.png,पस कुल १६ बरस का फ़र्क रह जाता है ॥
True,True,0.2664310954063604,0.0911660777385159,84,46,jacobi1897__10__r1l26.png,"हेमचन्द्र अपने परिशिष्टापर्व में लिखता है ""एवं"
True,True,0.09096858638743456,0.07984293193717278,109,49,jacobi1897__10__r1l27.png,च श्रीमहावीरे मुक्ते वर्ष शते गते । पंच पंचाशदधि-
True,True,0.2378826530612245,0.13010204081632654,102,48,jacobi1897__10__r1l29.png,के चंद्रगुप्तो भवन्नृपः ॥ १ ॥ ''इससे यह बात निक-
True,True,0.2060491493383743,0.04158790170132325,95,43,jacobi1897__10__r1l30.png,लती है कि महावीर के निर्वाण से १५५ बरस पीछे
True,True,0.28598848368522073,0.04734484964811261,80,45,jacobi1897__10__r1l33.png,चंद्रगुप्त का अभिषेक हुआ हेमचंद्र पालक के राज
True,False,0.21036007580543273,0.025900189513581806,90,37,jacobi1897__10__r1l35.png,का ६० बरस नहीं लेता इस कारन महावीर का
True,True,0.24665391969407266,0.06309751434034416,83,43,jacobi1897__10__r1l38.png,निर्वाण हेमचंद्र के अनुसार ४६७ बरस सन् ईसवी
True,True,0.13668150031786394,0.056579783852511126,102,40,jacobi1897__10__r1l39.png,से पहले पड़ता है और सिंहलवालों की भूल जो
True,True,0.16687979539641945,0.03324808184143223,99,45,jacobi1897__10__r1l40.png,अब सही की गई है उस के अनुसार बुद्ध का निर्वा-
True,False,0.13986013986013987,0.02542911633820725,97,38,jacobi1897__10__line_1518435939265_59.png,ण भी ४७७ बरस सन् ईसवी से पहले पड़ता है
True,False,0.21131339401820545,0.025357607282184655,78,40,jacobi1897__10__line_1518435920346_58.png,कि जिस से कुल १० बरस का फ़र्क रह जाता है
True,False,0.2252707581227437,0.004332129963898917,92,34,jacobi1897__10__r1l51.png,और यही शुद्धतर मालूम होता है ॥ इति
False,True,0.0,0.3888888888888889,59,5,jagannatha1955__0000a__line_1518186766703_82.png,श्रीः
True,True,0.40253565768621236,0.32171156893819336,63,9,jagannatha1955__0000a__line_1518186764045_81.png,गङ्गालहरी
True,False,0.4941747572815534,0.0,63,20,jagannatha1955__0000a__r2l7.png,पद्यात्मक टीका सहिता
True,False,0.21068548387096775,0.0,79,24,jagannatha1955__0000a__line_1518186734673_80.png,टीकाकार-राधेलाल त्रिवेदी
True,False,0.5405224380442063,0.0,62,44,jagannatha1955__0000a__r2l27.png,कविरत्न-पं० रूपनारायण पाण्डेय द्वारा संशोधित
True,True,0.36252189141856395,0.043782837127845885,58,18,jagannatha1955__0000a__r2l29.png,मुद्रक तथा प्रकाशक
True,True,0.33716075156576203,0.06263048016701461,55,30,jagannatha1955__0000a__r2l30.png,"(राजा) रामकुमार-प्रेस, बुकडिपो"
True,False,0.08197932053175776,0.011078286558345642,71,42,jagannatha1955__0000a__r2l31.png,उत्तराधिकारी--नवलकिशोर-प्रेस बुकडिपो लखनऊ.
True,False,0.11238532110091744,0.0,68,11,jagannatha1955__0000a__r2l33.png,सन् १९५५ ई०
False,True,0.0,0.15086206896551724,62,5,jagannatha1955__0000a__line_1518186726237_79.png,मूल्य
True,True,0.06607142857142857,0.24821428571428572,54,16,jagannatha1955__0001__line_1518187030965_86.png,गंगा-भक्तशिरोमणि
True,False,0.43762575452716296,0.0,94,22,jagannatha1955__0001__r2l2.png,पण्डितराज जगन्नाथजी का
True,True,0.7514619883040936,0.26608187134502925,63,5,jagannatha1955__0001__line_1518187034427_87.png,परिचय
True,False,0.05699481865284974,0.0,86,3,jagannatha1955__0001__r2l5.png,(१)
False,True,0.0,0.05512820512820513,121,50,jagannatha1955__0001__r2l6.png,"सरस्वती के वरद पुत्र, सुन्दरता से मुखचन्द्र खिला ।"
True,False,0.031756318859364877,0.019442644199611146,106,50,jagannatha1955__0001__r2l7.png,'पण्डितराज' खिताब उन्हें था दिल्ली के दरबार मिला ॥
True,True,0.03684550743374273,0.03361344537815126,98,47,jagannatha1955__0001__r2l8.png,"यौवन में प्रभुत्व जो पाया, तबियत भी रंगीन हुई ।"
False,False,0.008883248730964468,0.00951776649746193,110,41,jagannatha1955__0001__r2l9.png,"ब्याहा एक शाहजादी को, यही चूक संगीन हुई ॥"
False,False,0.018404907975460124,0.0,91,3,jagannatha1955__0001__r2l10.png,(२)
True,True,0.03828972559029994,0.03190810465858328,103,46,jagannatha1955__0001__r2l11.png,दुलहिन ले काशी को लौटे कहीं न कुछ सत्कार हुआ ।
False,False,0.022464698331193838,0.01668806161745828,99,49,jagannatha1955__0001__r2l12.png,ब्राह्मणवंश सदा का त्यागी घर ही से बहिष्कार हुआ ॥
True,False,0.041122715404699736,0.024151436031331592,95,43,jagannatha1955__0001__r2l13.png,जी भर-भर सबको समझाया प्रायश्चित पूजा कीनी ।
True,False,0.042976266837716486,0.0,97,45,jagannatha1955__0001__r2l14.png,पर लाये थे यवनकुमारी कोई न बात कुछ चित दीनी ॥
False,False,0.018404907975460124,0.0,88,3,jagannatha1955__0001__r2l15.png,(३)
True,False,0.031612903225806455,0.02967741935483871,94,42,jagannatha1955__0001__r2l16.png,धर्म सनातन के थे पक्के सभी ओर देखा झगड़ा ।
False,False,0.029468289557975657,0.018577834721332478,95,43,jagannatha1955__0001__r2l17.png,धर्ममूल श्रीगंग-चरण को आतुर होकर जा पकड़ा ॥
False,True,0.01911667765326302,0.04812129202373105,91,45,jagannatha1955__0001__r2l18.png,पूत कपूत निकल जाता है मातु कुमातु न होती है ।
True,False,0.10051546391752578,0.002577319587628866,100,55,jagannatha1955__0001__r2l19.png,"फँसा विपद में, फिरूँ तिरस्कृत धर्म-मातु, क्या सोती है ॥"
False,False,0.0,0.0,87,3,jagannatha1955__0001__r2l20.png,(४)
True,False,0.28270580727504785,0.029993618379068283,67,42,jagannatha1955__0001__r2l22.png,आराधन कर देवनदी का अति प्रसन्न उनको कीना ।
False,True,0.02557544757033248,0.03644501278772379,106,46,jagannatha1955__0001__r2l23.png,खोज-खोजकर धर्मग्रन्थ उत्तर विरोधियों को दीना ॥
True,False,0.038511749347258484,0.0293733681462141,92,49,jagannatha1955__0001__r2l24.png,फिर भी बढ़ता देख दुराग्रह कहा न हम बोलें ज्यादे ।
True,False,0.0391276459268762,0.0,93,43,jagannatha1955__0001__r2l25.png,माता की किरपा हो जाये चमत्कार एक दिखला दे ॥
False,False,0.02702702702702703,0.0,83,5,jagannatha1955__0002__r2l1.png,[ २ ]
True,False,0.05789473684210526,0.0,79,3,jagannatha1955__0002__r2l2.png,(५)
True,False,0.5343361674296926,0.01896664486592544,44,43,jagannatha1955__0002__r2l4.png,ऐंठ रहे पंडित अभिमानी अब थे आप स्वयं ऐंठे ।
True,False,0.07702349869451697,0.01174934725848564,59,41,jagannatha1955__0002__r2l5.png,घाट पुनीत पंचगंगा के बावनवीं सीढ़ी बैठे ॥
True,True,0.32066967160334836,0.0437862202189311,51,46,jagannatha1955__0002__r2l9.png,लिये हुए गोदी में दुलहिन 'गंगालहरी' गान किया ।
True,False,0.046753246753246755,0.022727272727272728,70,50,jagannatha1955__0002__r2l10.png,हृदय कंठ के मधुर स्वरों ने वाद्यों का स्थान लिया ॥
True,True,0.056179775280898875,0.08426966292134831,58,3,jagannatha1955__0002__line_1518187400594_99.png,(९)
True,False,0.15960912052117263,0.0071661237785016286,61,45,jagannatha1955__0002__r2l12.png,दृढ सेवक माता के ठहरे भक्ति-लहर दम-दम बढ़ती ।
True,True,0.45068582625734815,0.06727629000653168,40,46,jagannatha1955__0002__r2l14.png,'लहरी' का सुन एक छन्द गंगा भी इक सीढ़ी चढ़ती ॥
True,True,0.030181086519114688,0.04225352112676056,66,43,jagannatha1955__0002__r2l15.png,बावन छन्द हुए जब पूरे बावन सीढ़ी चढ़ि आईं ।
True,False,0.08151476251604621,0.006418485237483954,71,42,jagannatha1955__0002__r2l17.png,दोनों को ले गोदी चूमा हाथ फेर अति हरषाईं ॥
True,True,0.0582010582010582,0.047619047619047616,57,3,jagannatha1955__0002__line_1518187403860_100.png,(७)
True,False,0.07712418300653595,0.011764705882352941,67,44,jagannatha1955__0002__r2l19.png,बोलीं यह मेरी लीला थी तुझको इतना कष्ट मिला ।
False,False,0.026957637997432605,0.021822849807445442,67,45,jagannatha1955__0002__r2l20.png,मुझको दिखलाना जग को था जाग्रत् मेरी सदा कला ॥
True,False,0.10484927916120576,0.012450851900393184,72,51,jagannatha1955__0002__r2l21.png,स्रोत सभी शुभ कर्मों की हूँ तूने तो हैं बहुत किये ।
True,False,0.0775588048315321,0.0,74,43,jagannatha1955__0002__r2l22.png,आशिष मेरी नित रहती है धर्म सनातन सदा जिये ॥
True,True,0.07017543859649122,0.08187134502923976,58,3,jagannatha1955__0002__line_1518187406969_101.png,(८)
True,False,0.040549378678875085,0.011772400261608895,75,44,jagannatha1955__0002__r2l24.png,तू सच्चा है भक्त वत्स अब अमर लोक को जायेगा ।
False,False,0.029601029601029602,0.010939510939510939,77,42,jagannatha1955__0002__r2l25.png,भाग्यवती वर बधू सहित अतिशय आनन्द मनायेगा ॥
True,False,0.053385416666666664,0.0,71,45,jagannatha1955__0002__r2l26.png,अरु वे नर जिनको लीलावश तव निन्दा का पाप लगा ।
False,False,0.020064724919093852,0.0,74,48,jagannatha1955__0002__r2l27.png,तर जायेंगे न्हाइ न्हाइ धर ध्यान सदा मेरा सुभगा ॥
False,True,0.023529411764705882,0.11764705882352941,54,3,jagannatha1955__0002__line_1518187410995_102.png,(९)
True,False,0.045513654096228866,0.009102730819245773,67,50,jagannatha1955__0002__r2l29.png,गंगभक्ति से जगन्नाथ यों प्रस्तुत किये प्रमाण नये ।
True,False,0.06748071979434447,0.005784061696658098,69,50,jagannatha1955__0002__r2l30.png,स्तोत्रश्रेष्ठ गंगालहरी का छोटों के हित छोड़ गये ॥
True,False,0.0623768877216021,0.005252790544977019,74,45,jagannatha1955__0002__r2l31.png,गा गाथा गंगाभक्तों की आनन्दों की मिसरी घोलो ।
True,False,0.06314432989690721,0.0,81,42,jagannatha1955__0002__r2l32.png,राधेलाल प्रेम से मन से गंगाजी की जय बोलो ॥
True,False,0.04047976011994003,0.0,64,21,jagannatha1955__0002__r2l33.png,बोलो श्रीगंगाजी की जय
True,True,0.03898635477582846,0.09161793372319688,65,18,jagannatha1955__0002__line_1518187372159_98.png,"गंगे, हर, हर, हर ।"
True,False,0.07057256990679095,0.0,103,15,jagannatha1955__001__r2l1.png,टीकाकार की विनय
True,True,0.16759776536312848,0.12849162011173185,54,3,jagannatha1955__001__line_1518186978343_85.png,(१)
False,False,0.0,0.0,100,46,jagannatha1955__001__r2l4.png,करि प्रणाम श्रीजगन्नाथ को चरणचिह्न उनके पाये ।
False,False,0.0,0.0,112,44,jagannatha1955__001__r2l6.png,मूल सहारा ले तिनका ही भाषा छन्द स्वयं गाये ॥
False,False,0.0,0.0,110,44,jagannatha1955__001__r2l7.png,राधेलाल त्रिवेदी ने जब गंगाजी का ध्यान धरा ।
True,False,0.24899598393574296,0.0,50,41,jagannatha1955__001__r2l9.png,हुआ अनुग्रह तरनतारिनी चर्मरोग घनघोर हरा ॥
True,True,0.12307692307692308,0.05641025641025641,54,3,jagannatha1955__001__line_1518186948265_84.png,(२)
False,False,0.0,0.0,99,30,jagannatha1955__001__r2l11.png,काम आयो बैद ना हकीम कोऊ डाक्टर
False,False,0.026938775510204082,0.0,99,31,jagannatha1955__001__r2l12.png,सात आठ वर्ष बीते झेलते मुसीबतें
False,False,0.0,0.009700889248181084,103,43,jagannatha1955__001__r2l13.png,"जाबे जोग कहूँ नाहिं, घृणा दृष्टि देखे जाहिं"
False,False,0.0,0.0,110,35,jagannatha1955__001__r2l14.png,छाँड़ि गंगतीर ठौर कोऊ ना सुनावतें ॥
True,False,0.056677018633540376,0.0,92,37,jagannatha1955__001__r2l15.png,पैसा हूँ गँवायो अरु हाथ पाँय तोरे तोऊ
False,False,0.009630818619582664,0.0,119,38,jagannatha1955__001__r2l16.png,चर्मरोग बाढ़्यो सुनी कैसी का कहावतें ।
False,False,0.0,0.0,109,36,jagannatha1955__001__r2l17.png,"धन्य है उदार, गंगधार, पापी तार तोहिं"
False,False,0.021243115656963022,0.0,107,36,jagannatha1955__001__r2l18.png,कर गहि खैंच्यो दुःख-सागर के डूबतें ॥
True,True,0.20967741935483872,0.11290322580645161,57,3,jagannatha1955__001__line_1518186922206_83.png,(३)
False,False,0.023444544634806132,0.0,97,30,jagannatha1955__001__r2l20.png,"कलि काल के बीच प्रतच्छ है मात,"
False,False,0.0,0.0,106,28,jagannatha1955__001__r2l21.png,जो नीच कपूत को आदर देति है ।
True,False,0.1092436974789916,0.0,94,3,jagannatha1955__002__r1l1.png,(२)
False,False,0.0,0.005484460694698354,117,23,jagannatha1955__002__r1l2.png,जन देखि दुखी शरणागत पूत
False,False,0.0153015301530153,0.004500450045004501,121,32,jagannatha1955__002__r1l3.png,बनाय के निर्मल गोद में लेति है ॥
False,False,0.0027100271002710027,0.0018066847335140017,125,23,jagannatha1955__002__line_1518187321194_97.png,सब हारे बखानत हैं महिमा
False,False,0.0,0.0,118,36,jagannatha1955__002__r1l7.png,सभी शास्त्र पुराण कहैं नित नेति है ।
False,False,0.0,0.0,118,29,jagannatha1955__002__r1l10.png,तुम दीन्यो है दास-सररि सुधारि
False,False,0.00818926296633303,0.0,129,31,jagannatha1955__002__r1l11.png,बताओ तो प्रेम कबै चित चेति है ॥
True,False,0.07853403141361257,0.0,88,3,jagannatha1955__002__r1l12.png,(४)
False,False,0.0,0.0,120,26,jagannatha1955__002__r1l14.png,गंगे को ध्यान है मुख्य सदा
False,False,0.01958955223880597,0.0,116,29,jagannatha1955__002__r1l15.png,नित भागीरथी उठि प्रात मनाऊँ ।
False,False,0.02254791431792559,0.006764374295377677,109,26,jagannatha1955__002__r1l17.png,"खान में, पान में, पूजन में"
False,False,0.0,0.011926605504587157,124,27,jagannatha1955__002__r1l18.png,बस देवनदी के सदा गुन गाऊँ ॥
True,False,0.03330249768732655,0.0,118,27,jagannatha1955__002__line_1518187282045_96.png,दीन्हे हैं मेरे दरिद्र मिटा
False,False,0.0,0.0,123,34,jagannatha1955__002__line_1518187270777_95.png,अब छाँड़ि के मातु कहाँ तोहि जाऊँ ।
False,False,0.02231404958677686,0.009917355371900827,115,20,jagannatha1955__002__line_1661420719858_351.png,है बिनती कर जोरि यही
True,False,0.03458498023715415,0.003952569169960474,99,33,jagannatha1955__002__r1l29.png,प्रिय दर्शन तेरे बिना श्रम पाऊँ ॥
True,True,0.08743169398907104,0.07103825136612021,61,3,jagannatha1955__002__line_1518187248390_93.png,(५)
False,False,0.0,0.008910212474297465,121,43,jagannatha1955__002__r1l33.png,श्री गंगाजी की जय बोलो बस काम यही है चंगा ।
False,True,0.007859733978234583,0.12394195888754535,147,43,jagannatha1955__002__r1l34.png,"भोले को दिन रात मनाओ, हृदय नहाकर गंगा ॥ १ ॥"
False,False,0.006993006993006993,0.002797202797202797,116,41,jagannatha1955__002__r1l35.png,"गंगा तट पर बास करूँ मैं, गोता रोज लगाऊँ ।"
True,False,0.1399152029073289,0.0030284675953967293,95,49,jagannatha1955__002__r1l37.png,"तृष्णा से हो रहित सदा शिव, पूजा भेंट चढ़ाऊँ ॥ २ ॥"
True,False,0.1384083044982699,0.0,93,5,jagannatha1955__003__r2l1.png,[ ३ ]
False,False,0.01680672268907563,0.0,109,43,jagannatha1955__003__r2l2.png,"अन्त समय में दर्शन करता, गंगा नाम पुकारूँ ।"
False,False,0.004154302670623145,0.0,118,46,jagannatha1955__003__r2l3.png,पापहरण गंगाजल पीकर अन्तिम बुद्धि सुधारूँ ॥ ३ ॥
False,False,0.0,0.0,109,39,jagannatha1955__003__r2l4.png,"गंगाजल का एकमात्र कण, सारे पाप मिटाता ।"
True,False,0.03592814371257485,0.0,118,48,jagannatha1955__003__r2l5.png,"पापनाशिनी की महिमा को, रे मन, तू क्या गाता ॥ ४ ॥"
False,False,0.023287671232876714,0.0,102,43,jagannatha1955__003__r2l6.png,"अहो ईश्वरी त्रिभुवन माता, बचा नरक से लीजै ।"
False,False,0.01020408163265306,0.0,122,44,jagannatha1955__003__r2l7.png,"पापभार के दूर हटा, बैकुण्ठ बास ही दीजै ॥ ५ ॥"
False,False,0.014915254237288136,0.0,106,41,jagannatha1955__003__r2l8.png,"महायात्रा के उत्सव में, भक्ती भाव जगाना ।"
False,False,0.0018083182640144665,0.004822182037371911,118,45,jagannatha1955__003__r2l9.png,"श्री गंगाजी की जय बोलो, रोम रोम से गाना ॥ ६ ॥"
False,False,0.009569377990430622,0.0,108,39,jagannatha1955__003__r2l10.png,"बाग बनारस लखनपुरी में, गंगे भाव जगाया ।"
True,False,0.043817527010804325,0.0078031212484993995,112,46,jagannatha1955__003__r2l11.png,"राधेलाल त्रिवेदी ने, अनुवाद किया मन भाया ॥ ७ ॥"
False,False,0.027453671928620454,0.0,109,43,jagannatha1955__003__r2l12.png,"दो सहस्र नौ सम्बत में, उल्लास भरी होली आई ।"
True,False,0.09192546583850932,0.0,109,49,jagannatha1955__003__r2l13.png,"पूर्ण किया यह लेख भेंट को, जय बोलो गंगे माई ॥ ८ ॥"
True,False,0.040584415584415584,0.0,103,21,jagannatha1955__003__r2l14.png,"मातु गंगे, हर, हर, हर"
False,False,0.012738853503184714,0.0,118,12,jagannatha1955__004__r2l1.png,आवश्यक सूचना
False,False,0.004519044544867657,0.0,118,61,jagannatha1955__004__r2l2.png,पंडित राधेलाल त्रिवेदी भूतपूर्व इन्सपेक्टर शॉर्टहैंड रिपोर्टर
False,False,0.01951854261548471,0.0006506180871828237,101,55,jagannatha1955__004__r2l3.png,की अन्य निम्नाङ्कित पुस्तकें भी हमारे यहाँ मिलती हैं:--
False,False,0.010966415352981495,0.0,110,48,jagannatha1955__004__r2l4.png,"१ - कीर्तनमाहात्म्य --- इसमें राम नाम माहात्म्य,"
False,False,0.005421686746987952,0.0018072289156626507,112,49,jagannatha1955__004__r2l5.png,"एकादश प्रश्न और उनके उतर, श्रीराम न क्यों फिर मिल"
False,False,0.010746268656716417,0.0,115,43,jagannatha1955__004__r2l6.png,जायँ ? नाम जाप श्रीराम बाण औषधि है आदि अनेक
True,False,0.04353083434099154,0.009673518742442563,97,45,jagannatha1955__004__r2l7.png,भक्तिभाव पूर्ण कविताएँ बड़ी मनोहर हैं । मूल्य
False,False,0.0,0.0,116,46,jagannatha1955__004__r2l8.png,२ --- अमृत गुटका --- इसमें बंसीधर की घर घर में
False,False,0.0,0.0,118,51,jagannatha1955__004__r2l9.png,"रासलीला, गीतासार, हरिस्थापना, गुरु उपदेश, त्रिवेणी-"
False,False,0.0,0.013157894736842105,129,48,jagannatha1955__004__r2l10.png,"स्नान, बेलौन भवानी, शिवदर्शन, और शिवाष्टक शीर्षक"
False,False,0.0,0.0,121,39,jagannatha1955__004__r2l11.png,बड़ी ही आनन्ददायिनी कविताएँ हैं । मूल्य
False,False,0.0,0.0013956734124214933,130,56,jagannatha1955__004__r2l13.png,३ --- श्री ब्रह्माक्षरप्रकाश अथवा हिन्दी शोर्टहैंड मैनु-
False,False,0.0,0.0,127,63,jagannatha1955__004__r2l14.png,अल --- इसमें ब्रह्माक्षर ॐ से शॉर्टहैंड का सम्बन्ध बड़े मनोरंजक
False,False,0.0,0.013797240551889621,133,49,jagannatha1955__004__r2l15.png,ढंग से दिखलाकर बड़ी ही सुगमता से पिटमैन सिस्टम पर
False,False,0.01907032181168057,0.01966626936829559,127,56,jagannatha1955__004__r2l16.png,हिन्दा शॉर्टहैंड सिखाने की सुन्दर विधि बतलाई है । पुस्तक
False,False,0.016959418534221685,0.008479709267110842,116,58,jagannatha1955__004__r2l17.png,हाईस्कूल और इन्टर के कोर्स में स्वीकृत है । इससे सुन्दर और
False,False,0.009769713886950453,0.0,124,47,jagannatha1955__004__r2l18.png,सुगम इस विषय पर दूसरी पुस्तक नहीं है । मूल्य ४)
False,False,0.0,0.0222972972972973,133,52,jagannatha1955__004__r2l19.png,४ --- कुंजी श्रीब्रह्माक्षरप्रकाश --- इसकी सहायता से
False,False,0.0,0.009720534629404616,137,56,jagannatha1955__004__r2l20.png,विद्यार्थी बिना अध्यापक के भी हिन्दी शॅार्टहैंड सीख लेता
False,False,0.0,0.0,111,15,jagannatha1955__004__r2l21.png,है । मूल्य १ ॥)
True,False,0.05531914893617021,0.0,100,31,jagannatha1955__004__r2l22.png,"(राजा) रामकुमार-प्रेस, बुकडिपो,"
False,False,0.0,0.023008849557522124,105,39,jagannatha1955__004__r2l23.png,"उत्तराधिकारी -- नवलकिशोर-प्रेस, बुकडिपो"
False,False,0.02968270214943705,0.0020470829068577278,103,32,jagannatha1955__004__r2l24.png,"पोस्टबक्स नं० १५२, हजरतगंज लखनऊ,"
True,True,0.4156510583707505,0.18537524053880694,59,26,jagannatha1955__01__r2l1.png,अथ श्रीगंगालहरी प्रारभ्यते
True,False,0.5304767652383826,0.029571514785757393,80,38,jagannatha1955__01__r2l8.png,समृद्ध सौभाग्यं सकल वसुधायाः किमपि तन्
True,True,0.3659016393442623,0.03081967213114754,51,35,jagannatha1955__01__r2l12.png,महैश्वर्यं लीलाजनितजगत: खण्डपरशो: ।
True,True,0.3881918819188192,0.07380073800738007,49,40,jagannatha1955__01__r2l15.png,श्रुतीनां सर्वस्वं सुकृतमथमूर्तं सुमनसां
True,True,0.3778801843317972,0.030941408821593155,62,38,jagannatha1955__01__r2l17.png,सुधा सौन्दर्यं ते सलिलमशिवं न: शमयतु ॥
True,False,0.10683760683760683,0.0,59,3,jagannatha1955__01__r2l18.png,(१)
True,False,0.22010869565217392,0.005434782608695652,64,49,jagannatha1955__01__r2l19.png,सारे पृथ्वी-मण्डल का जो एक महत् सौन्दर्य स्वरूप ।
False,False,0.024161073825503355,0.014093959731543624,75,44,jagannatha1955__01__r2l20.png,जगत-जनक भगवान सदाशिव का जो है ऐश्वर्य अनूप ॥
False,False,0.029291553133514985,0.010217983651226158,74,47,jagannatha1955__01__r2l21.png,"वेदों का सर्वस्व, देवताओं के जिसमें पुण्य भरे ।"
True,False,0.06711409395973154,0.0,76,45,jagannatha1955__01__r2l22.png,अमृत-तुल्य वह मधु जल तेरा पाप हमारे दूर करे ॥
True,True,0.1259259259259259,0.05925925925925926,57,5,jagannatha1955__02__line_1518187142840_92.png,[ २ ]
True,True,0.08921933085501858,0.10408921933085502,54,3,jagannatha1955__02__line_1518187139686_91.png,(२)
True,True,0.3448529411764706,0.054411764705882354,88,39,jagannatha1955__02__r2l4.png,दरिद्राणां दैन्यं दुरितमथ दुर्वासनहृदां
True,True,0.30702389572773353,0.0999275887038378,52,43,jagannatha1955__02__r2l7.png,द्रुतं दूरीकुर्वन् सकृदुपगतो दृष्टिसरणिम् ।
True,True,0.38858905165767155,0.04240555127216654,51,36,jagannatha1955__02__r2l9.png,अपिद्रागाविद्याद्रुमदलनदीक्षागुरुरिह
True,False,0.31521739130434784,0.0038363171355498722,76,41,jagannatha1955__02__r2l10.png,प्रवाहस्ते वारां श्रियमयमपारां दिशतु न: ॥
False,True,0.008928571428571428,0.07142857142857142,58,3,jagannatha1955__02__line_1518187136998_90.png,(२)
True,False,0.0513675783855904,0.0,73,41,jagannatha1955__02__r2l12.png,केवल एक बार दर्शन से दुसह दीनता जाती है ।
True,False,0.07190412782956059,0.0,73,44,jagannatha1955__02__r2l13.png,पापात्मा पापी को निर्मल बिठला पास बनाती है ॥
False,False,0.02458471760797342,0.0,78,48,jagannatha1955__02__r2l14.png,वृक्ष अविद्या का उखाड़ता गुरूमन्त्र के सदृश जो ।
False,False,0.010107816711590296,0.0,77,45,jagannatha1955__02__r2l15.png,जलप्रवाह तेरा ये माता दे अपार लक्ष्मी मुझको ॥
True,True,0.11481481481481481,0.08148148148148149,57,3,jagannatha1955__02__line_1518187133339_89.png,(३)
True,True,0.41693393200769724,0.11353431686978832,52,39,jagannatha1955__02__r2l21.png,स्मृतिं याता पुं सामकृतसुकृतानामपि च या
True,False,0.4852459016393443,0.029508196721311476,74,43,jagannatha1955__02__r2l23.png,हरत्यन्तस्तन्द्रां तिमिरमिव चण्डांशुसरणि: ।
True,True,0.41119557705597787,0.07601935038009675,54,36,jagannatha1955__02__r2l25.png,इयं सा ते मूर्ति: सकलसुरसंसेव्यसलिला
True,False,0.3794561933534743,0.0,73,42,jagannatha1955__02__r2l26.png,ममान्त: सन्तापं त्रिविधमपि पापञ्च हरताम् ॥
True,True,0.1324200913242009,0.0867579908675799,54,3,jagannatha1955__02__line_1518187129898_88.png,(३)
True,False,0.042974079126875855,0.0034106412005457027,70,44,jagannatha1955__02__r2l28.png,सूर्यकिरण जैसे जग में आ अन्धकार को हरती है ।
True,False,0.04143258426966292,0.006320224719101123,70,46,jagannatha1955__02__r2l29.png,याद तुम्हारी आ हिरदे में नष्ट पाप को करती है ॥
True,False,0.04226312201772325,0.0,77,43,jagannatha1955__02__r2l31.png,सभी देवताओं से सेवित कर करुणा जो दुःख हरे ।
True,False,0.035522788203753354,0.0,82,48,jagannatha1955__02__r2l32.png,"त्रिविध ताप मेरे, तव मूरति, गंगा माता, दूर करे ॥"
False,False,0.0,0.0,110,3,jagannatha1955__03__r2l1.png,[३]
True,True,0.12547528517110265,0.07224334600760456,58,3,jagannatha1955__03__line_1518187492175_104.png,(४)
False,False,0.0029498525073746312,0.0,98,33,jagannatha1955__03__r2l3.png,तवालम्बादम्ब स्फुरदलघुगर्वेण सहसा
False,False,0.02384020618556701,0.0,101,36,jagannatha1955__03__r2l4.png,मया सर्वेऽवज्ञासरणिमथ नीता: सुरगण: ।
True,True,0.0845442536327609,0.0726552179656539,113,34,jagannatha1955__03__r2l5.png,इदानीमौदास्यं यदि भजसि भागीरथि तदा
True,False,0.04889178617992177,0.0,95,36,jagannatha1955__03__r2l6.png,निराधारो हा रोदिमि कथय केषामिहपुर: ॥
True,True,0.05803571428571429,0.07589285714285714,58,3,jagannatha1955__03__line_1518187494800_105.png,(४)
True,False,0.04269513008672448,0.004669779853235491,86,47,jagannatha1955__03__r2l8.png,"अम्बे, पा अवलम्ब तुम्हारा अहंकार चित में लीना ।"
False,False,0.020229265003371546,0.0,97,44,jagannatha1955__03__r2l9.png,सब देवों का मैंने एकदम तिरस्कार ही कर दीना ॥
True,False,0.04739010989010989,0.0,100,41,jagannatha1955__03__r2l10.png,"भागीरथी, समय ऐसे पर जो निराश मैं होऊँगा ।"
True,False,0.06283422459893048,0.0,97,45,jagannatha1955__03__r2l11.png,"तुम्हीं बताओ, मा, फिर जाकर किसके आगे रोऊँगा ॥"
True,True,0.08029197080291971,0.09124087591240876,61,3,jagannatha1955__03__line_1518187497875_106.png,(५)
True,False,0.03467843631778058,0.0,97,41,jagannatha1955__03__r2l13.png,अपि प्राज्यं राज्यं तृणमिव परित्यज्य सहसा
True,True,0.035558328134747345,0.038053649407361195,103,39,jagannatha1955__03__r2l14.png,विलोलद्वानीरं तव जननि तीरं श्रितवताम् ।
True,False,0.40373470701867353,0.0103026400515132,71,38,jagannatha1955__03__r2l15.png,सुधातः स्वादीयः सलिलमिदमातृप्ति पिबतां
True,True,0.39593908629441626,0.04314720812182741,45,36,jagannatha1955__03__r2l17.png,जनानामानन्द: परिहसति निर्वाणपदवीम् ॥
True,True,0.06018518518518518,0.05555555555555555,54,3,jagannatha1955__03__line_1518187478269_103.png,(५)
False,False,0.02576271186440678,0.006779661016949152,95,48,jagannatha1955__03__r2l19.png,"जननी, छोड़ बड़े राज्यों को बड़भागी जो तट सेवें ।"
False,False,0.009265387160820648,0.0,105,44,jagannatha1955__03__r2l20.png,काँसादिक लहराते जिसमें उत्तम अमृत जल पीवें ॥
False,False,0.020611702127659573,0.0,99,43,jagannatha1955__03__r2l21.png,"उनके आनन्दों की सीमा कहो, कौन वर्णन कर दे ।"
False,False,0.022117962466487937,0.0,103,48,jagannatha1955__03__r2l22.png,मोक्ष-सुखों की क्या बिसात जो उसके आगे मन भर दे ॥
True,False,0.09923664122137404,0.0,76,5,jagannatha1955__04__r3l1.png,। ४ ।
True,True,0.19081272084805653,0.10954063604240283,54,3,jagannatha1955__04__line_1518187643571_107.png,(६)
True,False,0.551829268292683,0.01753048780487805,90,34,jagannatha1955__04__r3l3.png,उदञ्चन्मार्तण्डस्फुटकपटहेरम्बजननी-
True,False,0.4418918918918919,0.008783783783783784,63,38,jagannatha1955__04__r3l6.png,कटाक्षव्याक्षेपक्षणजनितसंक्षोभनिवहा: ।
True,True,0.4694903086862886,0.10193826274228285,54,38,jagannatha1955__04__r3l9.png,भवन्तु त्वङ्गन्तो हरशिरसि गङ्गातनुभुव-
True,False,0.44675324675324674,0.024025974025974027,72,45,jagannatha1955__04__r3l11.png,स्तरङ्गाः प्रोत्तुङ्गा दुरितभयभङ्गाय भवताम् ॥
True,True,0.08542713567839195,0.10050251256281408,54,3,jagannatha1955__04__line_1518187646644_108.png,(६)
True,False,0.035326086956521736,0.0,83,46,jagannatha1955__04__r3l13.png,सूर्योदय के समय पार्वती ने कटाक्ष से जब देखा ।
True,False,0.07343124165554073,0.0,92,50,jagannatha1955__04__r3l14.png,उपजा क्षोभ क्षणिक हिरदे में पर विनोद कर तुम लेखा ॥
True,False,0.07364074328974536,0.0,95,46,jagannatha1955__04__r3l15.png,जो शिव-जटा बीच हर्षित हो सदा खेलती मातु रहें ।
True,False,0.07681849082256968,0.0,105,40,jagannatha1955__04__r3l16.png,ऊँची ऊँची लहरें उनकी पाप आपके दूर करें ॥
True,True,0.2084942084942085,0.07722007722007722,58,3,jagannatha1955__04__line_1518187649698_109.png,(७)
True,True,0.7618729096989967,0.04080267558528428,86,38,jagannatha1955__04__r3l18.png,प्रभाते स्नातीनां नृपतिरमणीनां कुचतटी-
True,False,0.35499316005471954,0.015047879616963064,59,36,jagannatha1955__04__r3l20.png,गतो यावन्मातर्मिलति तवतोयैमृर्गमदः ।
True,False,0.430635838150289,0.018063583815028903,80,36,jagannatha1955__04__r3l21.png,मृगास्तावद्वैमानिकशतसहस्रैः परिवृताः
True,True,0.4405125076266016,0.03477730323367907,55,40,jagannatha1955__04__r3l24.png,विशन्ति स्वच्छन्दं विमलवपुषो नन्दनवनम् ॥
True,True,0.056338028169014086,0.06103286384976526,54,3,jagannatha1955__04__line_1518187653357_110.png,(७)
False,False,0.02165087956698241,0.0,77,49,jagannatha1955__04__r3l26.png,राजाओं की रमणी आकर प्राप्त करें तव जल में स्नान ।
True,False,0.04688546550569324,0.0026791694574681848,86,47,jagannatha1955__04__r3l27.png,कुचलिपटी कस्तूरीवाले मृग पाते हैं मुक्ति महान ॥
True,False,0.06643598615916955,0.0,84,52,jagannatha1955__04__r3l28.png,देवों के सँग चढ़ विमान वे क्या क्या मौज उड़ाते हैं ।
True,False,0.056628914057295136,0.0,87,43,jagannatha1955__04__r3l29.png,करने को आनन्द यहाँ से नन्दनवन को जाते हैं ॥
True,True,0.48201438848920863,0.07194244604316546,46,15,jayadeva1926__000c__r1l14.png,गीतगोविन्दादर्श
True,False,0.5,0.0,73,7,jayadeva1926__000c__r1l17.png,अर्थात्
True,False,0.2997076023391813,0.02046783625730994,56,16,jayadeva1926__000c__r1l18.png,रायचन्द नागर-कृत
True,True,0.27153284671532846,0.03941605839416058,50,18,jayadeva1926__000c__r1l19.png,गतिगोविन्द संस्कृत
False,True,0.0,0.31521739130434784,54,2,jayadeva1926__000c__line_1518184819107_39.png,का
True,False,0.28,0.0,51,14,jayadeva1926__000c__r1l21.png,भाषा-प्रतिबिंब
True,False,0.6487341772151899,0.0,56,9,jayadeva1926__000c__r1l22.png,दसवीं बार
True,True,0.6484149855907781,0.0893371757925072,48,4,jayadeva1926__000c__r1l24.png,लखनऊ
True,False,0.5571725571725572,0.0,55,19,jayadeva1926__000c__r1l25.png,केसरीदास सेठ द्वारा
True,False,0.3702359346642468,0.013611615245009074,53,38,jayadeva1926__000c__r1l26.png,नवलकिशोर प्रेस में मुद्रित और प्रकाशित
True,False,0.4869109947643979,0.013089005235602094,48,11,jayadeva1926__000c__r1l27.png,सन् १९२६ ई०
True,False,0.690631808278867,0.0,46,19,jayadeva1926__000c__r1l36.png,सर्वाधिकार रक्षित ।
True,True,0.5015290519877675,0.03669724770642202,70,17,jayadeva1926__001__r1l33.png,गीतगोविन्दादर्श ।
True,False,0.3106796116504854,0.0,60,11,jayadeva1926__001__r1l34.png,मङ्गलाचरण ।
True,True,0.45673758865248226,0.04609929078014184,71,49,jayadeva1926__001__r1l35.png,"सो॰ हरसुत सरस्वति गाय, पांय दुहुन के बन्दि पुनि ।"
True,False,0.2744665194996321,0.004415011037527594,59,41,jayadeva1926__001__r1l36.png,"भोजदेवसुत ध्याय, श्रीजयदेवहि प्रणति करि १"
True,False,0.25133282559025133,0.027418126428027417,58,41,jayadeva1926__001__r1l37.png,"जिन यह गीतगोबिन्द, भूषण गुणरस धुनि सहित ।"
True,False,0.3100833965125095,0.008339651250947688,46,42,jayadeva1926__001__r1l38.png,"श्रीराधा ब्रजचन्द, रहसि बिलास कियो प्रकट २"
True,False,0.18688024408848208,0.0,58,37,jayadeva1926__001__line_1518184935558_40.png,"ताको अति मतिमन्द, हौं भाषौं भावारथै ।"
True,False,0.321483771251932,0.02241112828438949,48,38,jayadeva1926__001__r1l41.png,"चाहत कियो सुछन्द, स्वामी शासन पाई बल ३"
True,False,0.29281345565749234,0.0,56,37,jayadeva1926__001__r1l42.png,"नागर ज्ञाति अधीन, हीन छीन मतिपनिअति ।"
True,False,0.2157968970380818,0.0,65,42,jayadeva1926__001__r1l43.png,"रायचन्द द्विज दीन, नांव गांव गुजराज जिहि ४"
True,False,0.3275991024682124,0.005235602094240838,60,37,jayadeva1926__001__r1l44.png,"जानत कछू न भेद, कबिता के गुण दोष को ।"
True,True,0.3034188034188034,0.07692307692307693,51,40,jayadeva1926__001__r1l45.png,"कीजै कृपा अभेद, दीजै सुमति दयालु प्रभु ५"
False,True,0.0,0.09803921568627451,54,1,jayadeva1926__002__line_1518185015454_42.png,२
True,False,0.1168032786885246,0.0,92,17,jayadeva1926__002__r2l1.png,गीतगोविन्दादर्श ।
True,False,0.059087509349289455,0.0,97,37,jayadeva1926__002__line_1518185083117_44.png,"सुजन सजनता सार, जे जन तिनसों कहत अब ।"
True,False,0.052374301675977654,0.0,87,41,jayadeva1926__002__r2l4.png,"ग्रन्थ लियो अवतार, तासु प्रयोजनहेतु हित ६"
True,False,0.08552138034508627,0.0,91,37,jayadeva1926__002__r2l5.png,"नगर मुरशिदाबाद, आदि सुरिसरी तीर शुभ ।"
True,False,0.0364656381486676,0.014025245441795231,83,36,jayadeva1926__002__r2l6.png,"सुबस बसैं अबिषाद, जहां आशरम बरण सब ७"
True,False,0.061886792452830186,0.0,83,43,jayadeva1926__002__r2l7.png,"तिहिं पुर अन्तर माहिं, महिमापुर महिमा महत ।"
True,False,0.05894886363636364,0.004971590909090909,82,39,jayadeva1926__002__r2l8.png,"महीमाहिं, सरि नाहिं, जाके पर एकौ कहूं ८"
False,False,0.0,0.0,97,34,jayadeva1926__002__r2l9.png,"सज्जनगन जनराज, लाज समाज जहाज नृप ।"
True,False,0.06317300789662599,0.0,90,33,jayadeva1926__002__r2l10.png,"ऐसो और न आज, शोधी बसुधा बसत तहँ ९"
True,False,0.3959121877365632,0.005299015897047691,75,37,jayadeva1926__002__r2l11.png,"गुणगाहक गुणवान, गुणथापक मो निगुण के ।"
True,False,0.1787773933102653,0.0,64,45,jayadeva1926__002__r2l13.png,"सुन्दर सुघर सुजान, सुखद सुबुधि सुबचन सुहृद १०"
True,True,0.3360840210052513,0.05326331582895724,49,37,jayadeva1926__002__r2l17.png,"आनँदकन्द अमन्द, सजन कुमुदकुलचन्दनृप ।"
True,False,0.03536754507628294,0.0,84,42,jayadeva1926__002__r2l18.png,"डालचन्द कुलचन्द, रायचन्द प्रतिपाल प्रभु ११"
True,False,0.07039187227866474,0.0,88,40,jayadeva1926__002__line_1518185047879_43.png,"इकदिन सुनि यह गीत, गोबिन्दगुणगणमणिजटित ।"
True,False,0.09029192124915139,0.0,81,43,jayadeva1926__002__r2l21.png,"बाढ़ी प्रीति प्रतीत, सरसरहस रसरीति प्रति १२"
True,False,0.046037735849056606,0.0,87,40,jayadeva1926__002__r2l22.png,"यद्यपि समुझि सुजान, परम अरथ समुदित भये ।"
True,False,0.06597938144329897,0.003436426116838488,96,38,jayadeva1926__002__r2l23.png,"तदपि अल्प मति जान, मोसे मूरख नरन की १३"
True,False,0.11018237082066869,0.0,100,44,jayadeva1926__002__r2l24.png,"जिन्हैं संसकृत ज्ञान, स्वपनेहूं सम्भव नहीं ।"
False,False,0.02477632484514797,0.0,83,42,jayadeva1926__002__r2l25.png,"तिनहित जान सुजान, चह्यो ग्रन्थ भाषा करन १४"
False,False,0.013731825525040387,0.0,91,34,jayadeva1926__002__r2l26.png,"मोसे परम अजान, तासों यह आज्ञा दई ।"
False,False,0.0068212824010914054,0.0,84,35,jayadeva1926__002__r2l27.png,"सरसछन्द मन आन, सुगम करो भाषा रचन १५"
True,False,0.030943396226415093,0.0,93,39,jayadeva1926__002__r2l28.png,"यद्यपि अज्ञ अजान, आयसु बल मैं हूं तबै ।"
True,False,0.134,0.0,87,17,jayadeva1926__003__r1l1.png,गीतगोविन्दादर्श ।
True,True,0.675,0.325,54,1,jayadeva1926__003__line_1518185114796_45.png,३
True,False,0.04068965517241379,0.0,97,36,jayadeva1926__003__line_1518185200554_51.png,"यथाबुद्धि अनुमान, भावारथ भाषा करी १६"
True,False,0.1601642710472279,0.0,98,44,jayadeva1926__003__r1l5.png,"सुनि हर्षे नरराज, बर्षे हित चित प्रीति करि ।"
True,False,0.08783783783783784,0.0,93,41,jayadeva1926__003__line_1518185182941_50.png,"याके दोष समाज, गुण करि लीन्हें मानि सब १७"
True,False,0.07822085889570553,0.0,91,37,jayadeva1926__003__line_1518185180201_49.png,"ऐसे जे पर बीन, पण्डित पुरुष नवीनमति ।"
True,False,0.03691045796308954,0.0,91,41,jayadeva1926__003__line_1518185172976_48.png,"पढ़त सुनत रसलीन, होहु जबै या ग्रन्थ को १८"
True,False,0.03763440860215054,0.0,86,37,jayadeva1926__003__r1l15.png,"लीजो चूक सुधारि, जान सुजान आजान लहि ।"
True,False,0.08525506638714186,0.0,91,39,jayadeva1926__003__line_1518185161197_47.png,"देखि दोष उरधारि, हांसी हर्ष न कीजियो १९"
False,False,0.01819560272934041,0.0,84,40,jayadeva1926__003__r1l18.png,"करत ग्रन्थ आरम्भ, अब सुनि ताको नाम शुभ ।"
True,False,0.07083333333333333,0.0,87,42,jayadeva1926__003__r1l19.png,"रति रसरन जय खम्भ, गीतगोबिन्द्वादर्श कहि २०"
True,False,0.13363705391040243,0.0,81,39,jayadeva1926__003__r1l20.png,"इक दिशि गीतगोबिन्द, इक दिशि ताकी आरसी ।"
True,False,0.07137907137907137,0.0,81,46,jayadeva1926__003__r1l21.png,"सुगम अष्टपदछन्द, जहां लख्यो त्यों हीं रख्यो २१"
True,False,0.5478645066273933,0.0,105,16,jayadeva1926__003__r1l22.png,अथ ग्रन्थारम्भ ।
False,False,0.0,0.0,85,25,jayadeva1926__003__r1l23.png,तत्र द्वितीयमङ्गलाचरणम् ।
True,False,0.05782312925170068,0.0,84,42,jayadeva1926__003__r1l24.png,"सो० गोप गणेश मनाय, सुमिरि सरस्वति राधिका ।"
True,False,0.03576341127922971,0.0,93,41,jayadeva1926__003__line_1518185137144_46.png,"श्रीजयदेवहि ध्याय, करत ग्रन्थ रचना सरस २२"
True,False,0.0653061224489796,0.0,87,8,jayadeva1926__003__r1l27.png,श्लोकः ।
True,True,0.6823607427055703,0.03912466843501326,90,44,jayadeva1926__003__r1l28.png,मेधैर्मेदुरमम्बरं वनभुवः श्यामास्तमालद्रुमै-
True,False,0.434,0.0,86,47,jayadeva1926__003__r1l29.png,र्नक्तम्भीरुरयन्त्वमेव तदिमं राधे गृहं प्रापय ।
True,False,0.3958333333333333,0.0,67,1,jayadeva1926__004__r3l1.png,४
True,False,0.863849765258216,0.0,69,17,jayadeva1926__004__r3l2.png,गीतगोविन्दादर्श ।
True,True,0.2808842652795839,0.05266579973992198,73,46,jayadeva1926__004__r3l3.png,इत्थं नन्दनिदेशतश्चलितयोः प्रत्यध्वकुञ्जद्रुमं
True,True,0.41645244215938304,0.032133676092544985,45,39,jayadeva1926__004__r3l5.png,राधामाधवयोर्जयन्ति यमुनाकूले रहःकेलयः १
True,False,0.1320754716981132,0.0,79,8,jayadeva1926__004__r3l6.png,कवित्त ।
True,False,0.1292808219178082,0.0,77,30,jayadeva1926__004__r3l7.png,"घन घेरि आयो बन सघन तिमिर छायो,"
True,False,0.04967801287948482,0.0,79,38,jayadeva1926__004__r3l8.png,रैनि को डरैंगे लेखि देखि यों दृगनतैं ।
True,True,0.36344969199178645,0.043121149897330596,69,35,jayadeva1926__004__r3l10.png,नन्दजू कहत बृषभानुनन्दिनी सों नन्द-
True,False,0.06905594405594405,0.0,83,36,jayadeva1926__004__r3l12.png,नन्दनहिं घरै जाहु लैकै बेगि बनतैं ।।
False,False,0.021684737281067557,0.0,82,32,jayadeva1926__004__line_1518185275336_52.png,"गुरु क बचन पाइ प्रेम की रचन भरे,"
True,False,0.45600756859035,0.0,70,34,jayadeva1926__004__r3l15.png,चले कुञ्जतीर तरु देखि क बिपिनतैं ।
True,False,0.23621399176954733,0.0,74,33,jayadeva1926__004__r3l16.png,"यमुना के कूल मैं रहसि रस केलिमयी,"
True,False,0.047664442326024785,0.0,79,35,jayadeva1926__004__r3l17.png,ऐसे राधा माधो बाधा हरो मेरे मनतैं १
False,False,0.028225806451612902,0.0,71,8,jayadeva1926__004__r3l18.png,श्लोकः ।
True,False,0.5522388059701493,0.012437810945273632,59,30,jayadeva1926__004__r3l21.png,वाग्देवताचरितचित्रितचित्तसद्मा
True,False,0.4668769716088328,0.0,79,26,jayadeva1926__004__r3l23.png,पद्मावतीचरणचारणचक्रवर्ती ।
True,True,0.25259515570934254,0.11764705882352941,75,26,jayadeva1926__004__r3l25.png,श्रीवासुदेवरतिकेलिकथासमेत-
True,False,0.46296296296296297,0.021043771043771045,53,32,jayadeva1926__004__r3l28.png,मेतं करोति जयदेवकविः प्रबन्धम् २
True,False,0.5151515151515151,0.017763845350052248,83,22,jayadeva1926__004__r3l29.png,यदि हरिस्मरणे सरसं मनो
True,False,0.22189349112426035,0.009861932938856016,89,25,jayadeva1926__004__r3l30.png,यदि विलासकलासु कुतूहलम् ।
True,False,0.1540041067761807,0.0,97,17,jayadeva1926__005__r1l1.png,गीतगोविन्दादर्श ।
True,False,0.2765957446808511,0.0,57,1,jayadeva1926__005__line_1518185345968_53.png,५
True,False,0.7411225658648339,0.0,90,20,jayadeva1926__005__r1l2.png,मधुरकोमलकान्तपदावलीं
True,False,0.41731409544950054,0.02885682574916759,41,25,jayadeva1926__005__r1l4.png,शृणु तदा जयदेवसरस्वतीम् ३
False,False,0.0,0.0,88,8,jayadeva1926__005__r1l6.png,कवित्त ।
True,False,0.10458715596330276,0.0,89,38,jayadeva1926__005__r1l7.png,"वाणी के चरित्रन को चित्रतिहि चित्रगेह,"
False,False,0.026804123711340205,0.0,91,26,jayadeva1926__005__r1l8.png,पदमा पदम पद सेवकन शिरताज ।
False,False,0.024850042844901457,0.0,84,41,jayadeva1926__005__r1l9.png,"हरि रतिरङ्ग के प्रसङ्ग यह कीन्हों ग्रन्थ,"
True,False,0.06203007518796992,0.0,94,31,jayadeva1926__005__r1l10.png,सिरी जयदेव कविराजन के महाराज ।।
True,False,0.09161624891961971,0.0,92,32,jayadeva1926__005__r1l11.png,"जाते हरिराधिका विलास सुमिरन करि,"
False,False,0.005230125523012552,0.0,92,25,jayadeva1926__005__r1l12.png,मन रसमय होत सरस सुखदसाज ।
False,False,0.028388278388278388,0.0,90,26,jayadeva1926__005__r1l13.png,"बरन पदावली मधुरकल कोमल ये,"
True,False,0.0412573673870334,0.0,88,29,jayadeva1926__005__r1l14.png,सुनि जयदेव बागदेवता गुरसमाज २
True,False,0.057777777777777775,0.0,92,8,jayadeva1926__005__r1l15.png,श्लोकः ।
True,False,0.7178502879078695,0.013435700575815739,93,44,jayadeva1926__005__r1l16.png,"वाचः पल्लवयत्युमापतिधरः संदर्भशुद्धिं गिरां,"
True,False,0.8040455120101138,0.01706700379266751,95,42,jayadeva1926__005__r1l17.png,जानीते जयदेव एव शरणः श्लाघ्योदुरूहद्रुतेः।
True,False,0.06987577639751552,0.0,118,42,jayadeva1926__005__r1l18.png,शृङ्गारोत्तरसत्प्रमेयरचनैराचार्यगोवर्द्धनः
True,False,0.10087719298245613,0.0,109,46,jayadeva1926__005__r1l20.png,स्पर्धीकोपिनविश्रुतःश्रुतिधगेधोयीकविक्ष्मापतिः
True,False,0.0748702742772424,0.0,100,37,jayadeva1926__005__r1l21.png,दो० गोबर्धन शरणरु उमा-पतिधर धोयी आद ।
True,False,0.07930214115781126,0.007930214115781126,101,37,jayadeva1926__005__r1l22.png,"जेते कबि बर्णत सरस, रसपति भेद बिबाद १"
True,False,0.12392156862745098,0.005490196078431373,96,40,jayadeva1926__005__r1l23.png,"भूषणरसध्वनिसकलगुण, तिन कबिता मैं नाहिं ।"
True,False,0.06469648562300319,0.0,89,38,jayadeva1926__005__r1l24.png,"सो इक श्रीजयदेव कबि, बाग देवता माहिं २"
True,False,0.19444444444444445,0.0,106,17,jayadeva1926__006__r2l1.png,गीतगोविन्दादर्श ।
False,False,0.0,0.0,108,12,jayadeva1926__006__r2l2.png,अथ अष्टपदी ।
True,False,0.05862646566164154,0.0,117,30,jayadeva1926__006__r2l3.png,प्रलयपयोधिजले धृतवानसि वेदम् ।
True,False,0.0962962962962963,0.0,116,26,jayadeva1926__006__r2l4.png,विहितवहित्रचरित्रमखेदम् ।।
True,False,0.050505050505050504,0.0,114,30,jayadeva1926__006__r2l5.png,केशव धृतमीनशरीर जय जगदीश हरे १
True,False,0.7434819175777965,0.0,109,37,jayadeva1926__006__r2l6.png,क्षितिरतिविपुलतरे तव तिष्ठति पृष्ठे ।
True,False,0.08418891170431211,0.0,122,24,jayadeva1926__006__r2l7.png,धरणिधरणकिणचक्रगरिष्ठे ।।
False,False,0.01581325301204819,0.0,115,31,jayadeva1926__006__r2l8.png,केशव धृतकच्छपरूप जय जगदीश हरे २
True,False,0.04891740176423416,0.0,110,29,jayadeva1926__006__r2l9.png,वसति दशनशिखरे धरणी तव लग्ना ।
True,False,0.054835493519441676,0.0,112,26,jayadeva1926__006__r2l10.png,शशिनि कलङ्ककलेव निमग्ना ।।
False,False,0.024371667936024372,0.0,118,30,jayadeva1926__006__r2l11.png,केशव धृतशुकररूप जय जगदीश हरे ३
False,False,0.004642525533890436,0.0,117,29,jayadeva1926__006__r2l12.png,तव करकमलवरे नखमद्भुतशृङ्गम् ।
True,False,0.03925233644859813,0.0,114,28,jayadeva1926__006__r2l13.png,दलितहिरण्यकशिपुतनुभृङ्गम् ।।
False,False,0.020172910662824207,0.0,110,31,jayadeva1926__006__r2l14.png,केशव धृतनरहरिरूप जय जगदीश हरे ४
True,True,0.03425774877650897,0.049755301794453505,109,30,jayadeva1926__006__r2l15.png,छलयसि विक्रमणे बलिमद्भुतवामन ।
True,False,0.033622559652928416,0.0,106,20,jayadeva1926__006__r2l16.png,पदनखनीरजनितजनपावन ।।
False,False,0.024079320113314446,0.0,119,30,jayadeva1926__006__r2l17.png,केशव धृतवामनरूप जय जगदीश हरे ५
True,False,0.42284219703574544,0.0,112,30,jayadeva1926__006__r2l18.png,क्षत्रियरुधिरमये जगदपगतपापम् ।
True,True,0.8181818181818182,0.3181818181818182,54,1,jayadeva1926__006__line_1518185487403_55.png,६
False,False,0.0,0.0,91,1,jayadeva1926__007__r1l1.png,७
True,False,0.14285714285714285,0.0,100,17,jayadeva1926__007__r1l2.png,गीतगोविन्दादर्श ।
True,False,0.4430379746835443,0.0,101,27,jayadeva1926__007__r1l3.png,स्नपयसि पयसि शमितभवतापम् ।।
True,False,0.035075653370013754,0.0,112,33,jayadeva1926__007__r1l4.png,केशव धृतभृगुपतिरूप जय जगदीश हरे ६
True,False,0.07380952380952381,0.01746031746031746,105,33,jayadeva1926__007__r1l5.png,वितरसि दिक्षुरणे दिक्पतिकमनीयम् ।
True,False,0.07048872180451128,0.0,106,24,jayadeva1926__007__r1l6.png,दशमुखमौलिबलिं रमणीयम् ।।
True,False,0.7659863945578231,0.012244897959183673,92,32,jayadeva1926__007__r1l8.png,केशव धृतरघुपतिरूप जय जगदीश हरे ७
True,False,0.7305071915215746,0.0,102,31,jayadeva1926__007__r1l9.png,चहसि वपुषि विशदे वसनं जलदाभम् ।
True,False,0.8839724680432645,0.0,92,25,jayadeva1926__007__r1l10.png,हलहतिभीतिमिलितयमुनाभम् ।।
True,False,0.47368421052631576,0.0,97,30,jayadeva1926__007__r1l11.png,केशव धृतहलधररूप जय जगदीश हरे ८
True,False,0.14392678868552414,0.0,111,34,jayadeva1926__007__r1l12.png,निन्दसि यज्ञविधेरहहः श्रुतिजातम् ।
True,False,0.04234527687296417,0.013029315960912053,105,24,jayadeva1926__007__r1l13.png,सदयहृदयदर्शितपशुघातम् ।।
True,False,0.5312934631432545,0.012517385257301807,85,32,jayadeva1926__007__r1l14.png,केशव धृतबुद्धशरीर जय जगदीश हरे ९
True,False,0.21972443799854968,0.01015228426395939,70,32,jayadeva1926__007__r1l16.png,म्लेच्छनिवहनिधने कलयसि करवालम् ।
True,False,0.2885662431941924,0.006352087114337568,105,28,jayadeva1926__007__r1l17.png,धूम्रकेतुमिव किमपि करालम् ।।
True,False,0.3342409802586794,0.0,103,33,jayadeva1926__007__line_1518185543387_58.png,केशव धृतकल्किशरीर जय जगदीश हरे १०
True,False,0.21394910461828465,0.0,103,29,jayadeva1926__007__line_1518185533558_57.png,श्रीजयदेवकवेरिदमुदितमुदारम् ।
True,False,0.6693069306930693,0.0,99,27,jayadeva1926__007__r1l22.png,शृणु सुखदं शुभदं भवसारम् ।।
True,False,0.12248995983935743,0.0,110,32,jayadeva1926__007__line_1518185520267_56.png,केशव धृतदशविधरूप जय जगदीश हरे ११
True,False,0.12842105263157894,0.0,84,17,jayadeva1926__008__r4l1.png,गीतगोविन्दादर्श ।
True,False,0.08740359897172237,0.0,82,16,jayadeva1926__008__r4l2.png,प्रतिबिम्बभाषा ।
True,False,0.08364661654135339,0.0,85,30,jayadeva1926__008__r4l3.png,प्रलय पयोनिधि जलते बेद उधारे ।
True,False,0.10920770877944326,0.022483940042826552,85,30,jayadeva1926__008__r4l4.png,बिनु श्रम पोत चरित बिस्तारे ।।
True,False,0.08875739644970414,0.0,85,32,jayadeva1926__008__r4l5.png,केशव धरि मीन शरीर जय जगदीश हरे १
True,False,0.1905697445972495,0.0,92,36,jayadeva1926__008__r4l6.png,क्षिति अति बिपुल तिहारी पीठ बिराजै ।
True,False,0.15498938428874734,0.0,88,28,jayadeva1926__008__r4l7.png,धरणि धरनसों किण जिमि छाजै ।।
True,False,0.08444816053511706,0.0,89,32,jayadeva1926__008__r4l8.png,केशव धरि कच्छपरूप जय जगदीश हरे २
True,False,0.08487804878048781,0.025365853658536587,95,26,jayadeva1926__008__r4l9.png,दशनशिखरपर धरणि सोहति ऐसे ।
True,False,0.04012671594508976,0.0,96,24,jayadeva1926__008__r4l10.png,अङ्क मयङ्क कलापर जैसे ।।
True,False,0.07263513513513513,0.0,92,31,jayadeva1926__008__r4l11.png,केशव धरि शूकररूप जय जगदीश हरे ३
True,False,0.055977229601518026,0.0009487666034155598,87,28,jayadeva1926__008__r4l12.png,अचरजमय करकमल नखाग्र तिहारे ।
True,False,0.12162162162162163,0.0,100,27,jayadeva1926__008__r4l13.png,हिरणकशिपु अलि उदर बिदारे ।।
True,False,0.2673434856175973,0.005076142131979695,73,32,jayadeva1926__008__r4l14.png,केशव धरि नरहरिरूप जय जगदीश हरे ४
True,False,0.13388734995383195,0.02123730378578024,86,35,jayadeva1926__008__r4l16.png,अद्भुतबामन बपु धरि बलि छलि लीन्हे ।
False,False,0.023887079261672096,0.0,89,24,jayadeva1926__008__r4l17.png,पदनखजल जन पावन कीन्हे ।।
True,False,0.047619047619047616,0.0,95,31,jayadeva1926__008__r4l18.png,केशव धरि बामनरूप जय जगदीश हरे ५
True,False,0.3422090729783038,0.0029585798816568047,53,34,jayadeva1926__008__r4l19.png,क्षत्री रुधिरनीर में स्नान कराये ।
True,False,0.043663471778487756,0.0,92,23,jayadeva1926__008__r4l21.png,जग जनके सब पाप नशाये ।।
True,True,0.07109879963065559,0.04986149584487535,100,34,jayadeva1926__008__r4l22.png,केशव धरि भृगुपतिरूप जय जगदीश हरे ६
True,False,0.11782786885245902,0.0194672131147541,101,34,jayadeva1926__008__r4l23.png,दशदिशिदिग्पतिरण में मोदित कीन्हे ।
True,False,0.128068303094984,0.020277481323372464,93,28,jayadeva1926__008__line_1518185612477_61.png,दशमुख के दशशिर बलि दीन्हे ।।
False,False,0.0,0.0,54,1,jayadeva1926__008__line_1518185601253_60.png,८
True,False,0.43137254901960786,0.0,59,1,jayadeva1926__009__line_1518185703094_62.png,९
True,False,0.7393075356415478,0.0,64,17,jayadeva1926__009__r1l1.png,गीतगोविन्दादर्श ।
True,False,0.2838283828382838,0.014026402640264026,79,33,jayadeva1926__009__r1l2.png,केशव धरि रघुपातरूप जय जगदीश हरे ७
True,False,0.24977698483496877,0.007136485280999108,76,32,jayadeva1926__009__r1l3.png,गोरे तन घनरुचि शुचि बसन बिराजै ।
True,False,0.28600612870275793,0.0,76,24,jayadeva1926__009__r1l4.png,हलहतिभय यमुनारँग छाजै ।।
True,False,0.32035398230088497,0.0,74,31,jayadeva1926__009__r1l5.png,केशव धरि हलधररूप जय जगदीश हरे ८
True,False,0.24448705656759348,0.0,69,27,jayadeva1926__009__r1l6.png,यज्ञ बेदबिधि निन्दित कीनो ।
True,True,0.3170731707317073,0.033934252386002124,69,25,jayadeva1926__009__r1l7.png,पशुबध देखि दयाचित दीनो ।।
True,False,0.3316283034953112,0.015345268542199489,72,33,jayadeva1926__009__r1l8.png,केशव धरि बुद्धशरीर जय जगदीश हरे ९
True,False,0.24978317432784042,0.0,70,33,jayadeva1926__009__r1l9.png,म्लेच्छनि मारन कारन असि कर लीनो ।
True,True,0.2684703433922997,0.044745057232049947,71,26,jayadeva1926__009__r1l10.png,धूम्रकेतुसम जिन भय दीनो ।।
True,False,0.28314238952536824,0.0,70,34,jayadeva1926__009__r1l11.png,केशव धरि कल्किशरीर जय जगदीश हरे १०
True,False,0.46950629235237173,0.016456921587608905,70,31,jayadeva1926__009__r1l12.png,श्रीजयदेव सुकबिकृत सुखशुभदायक ।
True,False,0.2700587084148728,0.02446183953033268,69,26,jayadeva1926__009__r1l13.png,सुन यह गीतगोबिन्द सहायक ।।
True,False,0.26608419380460685,0.0,76,36,jayadeva1926__009__r1l14.png,केशव धरि दशबिधरूप जय जगदीश हरे ।। ११
True,False,0.05240174672489083,0.0,62,8,jayadeva1926__009__r1l15.png,श्लोकः ।
True,True,0.35467980295566504,0.038177339901477834,50,40,jayadeva1926__009__r1l25.png,वेदानुद्धरते जगन्निवहते भूगोलमुद्बिभ्रते
True,True,0.38823529411764707,0.10588235294117647,49,46,jayadeva1926__009__r1l36.png,दैत्यं दारयते बलिं छलयते क्षत्रक्षयं कुर्वते ।
True,True,0.44528301886792454,0.04716981132075472,53,40,jayadeva1926__009__r1l39.png,पौलस्त्यं जयते हलं कलयते कारुण्यमातन्वते
True,True,0.3476863753213368,0.037275064267352186,78,41,jayadeva1926__009__r1l43.png,म्लेच्छान् मूच्छर्यते दशाकृतिकृते कृष्णाय
True,True,0.4357298474945534,0.10021786492374728,64,12,jayadeva1926__009__r1l44.png,तुभ्यं नमः ५
True,False,0.10583153347732181,0.0,80,17,jayadeva1926__010__r4l1.png,गीतगोविन्दादर्श ।
True,False,0.09405940594059406,0.0,75,8,jayadeva1926__010__r4l2.png,कवित्त ।
True,False,0.08235294117647059,0.0,91,34,jayadeva1926__010__r4l3.png,"बेदन उधारि भूमि भार पीठि धारि धरा,"
True,False,0.425531914893617,0.0,66,34,jayadeva1926__010__r4l4.png,दशन उबारि हिरणकशिपु को मास्यो है ।
True,False,0.177107501933488,0.02165506573859242,54,42,jayadeva1926__010__r4l6.png,"बलि छलि लैकै क्षिति क्षत्री बिनु कै कै रण,"
True,False,0.0660377358490566,0.0,83,32,jayadeva1926__010__r4l7.png,दशशिर जैकै हलधर बपु धास्यो है ।।
True,False,0.13361344537815126,0.0,86,36,jayadeva1926__010__r4l8.png,"करुणा बिचारि यज्ञबिधिहि निवारि फेरि,"
True,False,0.05742049469964664,0.0,85,45,jayadeva1926__010__r4l9.png,कलि में कलङ्की ह्वै कुलम्लेच्छन संहास्यो है ।
True,False,0.06646058732612056,0.0,96,37,jayadeva1926__010__line_1518185876882_65.png,"नन्द के कुमार तुम्हैं नमो बारबार ऐसे,"
True,False,0.031865042174320526,0.0,82,29,jayadeva1926__010__r4l12.png,दशअवतार अवतारि जग तास्यो है ५
True,False,0.0898876404494382,0.0,82,9,jayadeva1926__010__r4l13.png,अष्टपदी ।
True,True,0.45670995670995673,0.09740259740259741,42,29,jayadeva1926__010__r4l14.png,श्रितकमलाकुचमण्डलधृतकुण्डलए ।
True,False,0.4260515603799186,0.02103120759837178,82,33,jayadeva1926__010__r4l17.png,कलितललितवनमाल।।जयजयदेवहरे १ ध्रु०
True,False,0.598114824335904,0.00856898029134533,81,26,jayadeva1926__010__r4l18.png,दिनमणिमण्डलमण्डनभवखण्डनए ।
True,False,0.19880863737900223,0.0,86,31,jayadeva1926__010__r4l19.png,मुनिजनमानसहंस ।। जय जय दव हरे २
True,False,0.6626409017713365,0.0,83,26,jayadeva1926__010__r4l20.png,कालियविषधरगञ्जन जनरञ्जनए ।
True,False,0.7730968218773097,0.014781966001478197,101,33,jayadeva1926__010__r4l21.png,यदुकुलकमलदिनेश ।। जय जय देव हरे ३
True,True,0.4704761904761905,0.037142857142857144,42,26,jayadeva1926__010__r4l26.png,मधुमुरनरकविनाशन गरुडासनए ।
True,True,0.4649061848505907,0.05489923558026407,81,34,jayadeva1926__010__r4l28.png,सुरकुलकेलिनिदान ।। जय जय देव हरे ४
True,False,0.24112303881090008,0.0,82,21,jayadeva1926__010__r4l29.png,अमलकमलदललोचनभवमोचनए ।
True,True,0.1836734693877551,0.15306122448979592,54,2,jayadeva1926__010__line_1518185832953_64.png,१०
True,False,0.11530398322851153,0.0,87,17,jayadeva1926__011__r1l2.png,गीतगोविन्दादर्श ।
True,False,0.4868421052631579,0.0,42,2,jayadeva1926__011__r1l3.png,११
True,True,0.7583274273564847,0.03614457831325301,79,35,jayadeva1926__011__r1l4.png,त्रिभुवनभवननिधान ।। जय जय देव हरे ५
True,True,0.5773930753564155,0.09368635437881874,81,25,jayadeva1926__011__r1l6.png,जनकसुताकृतभूषण जितदूषणए ।
True,False,0.26996805111821087,0.0,83,32,jayadeva1926__011__r1l7.png,समरशमितदशकण्ठ ।। जय जय देव हरे ६
True,True,0.8432087511394712,0.049225159525979945,78,26,jayadeva1926__011__r1l8.png,अभिनवजलधरसुन्दरधृतमन्दरए ।
True,False,0.4109874826147427,0.02294853963838665,83,36,jayadeva1926__011__r1l9.png,श्रीमुखचन्द्रचकोर ।। जय जय देव हरे ७
True,True,0.6982968369829684,0.05271695052716951,89,31,jayadeva1926__011__line_1518185972964_66.png,श्रीजयदेवकवेरिदं कुरुते मुदम् ।
True,False,0.6921473245309242,0.019457956914523976,88,37,jayadeva1926__011__r1l16.png,मङ्गलमुज्ज्वलगीतम् ।। जय जय देव हरे ८
True,False,0.03690036900369004,0.0,85,12,jayadeva1926__011__r1l17.png,प्रतिबिम्ब ।
True,False,0.05572139303482587,0.0,85,34,jayadeva1926__011__r1l18.png,आश्रित श्रीकुचमण्डल श्रुतिकुण्डल ।
True,False,0.06412103746397695,0.01440922190201729,80,40,jayadeva1926__011__r1l19.png,लसित ललित बनमाल ।। जय जय देव हरे १ ध्रु॰
True,False,0.08568075117370892,0.025821596244131457,82,26,jayadeva1926__011__r1l20.png,रबिद्युतिदीपतिभूषणभवदूषण ।
True,False,0.048223350253807105,0.0,92,32,jayadeva1926__011__r1l21.png,मुनिजनमनकलहंस ।। जय जय देव हरे २
True,False,0.07641196013289037,0.0,98,24,jayadeva1926__011__r1l22.png,नट नाथन अहिकाली जनपाली ।
False,False,0.019376579612468407,0.0,88,36,jayadeva1926__011__r1l23.png,यदुकुल अम्बुजमानु ।। जय जय देव हरे ३
False,False,0.023529411764705882,0.0,89,26,jayadeva1926__011__r1l24.png,मधुमुरनरकविनाशन गरुड़ासन ।
False,False,0.027777777777777776,0.0,95,36,jayadeva1926__011__r1l25.png,सुरकुल के सुखहेतु ।। जय जय देव हरे ४
False,False,0.0,0.0,106,28,jayadeva1926__011__r1l26.png,मञ्जुकञ्जद्दगरञ्जन भवभञ्जन ।
True,False,0.058634538152610445,0.0,96,36,jayadeva1926__011__r1l27.png,त्रिभुवनभवन निधान ।। जय जय देव हरे ५
True,False,0.03567318757192175,0.0,109,24,jayadeva1926__011__r1l28.png,जनकसुताकृतभूषण जितदूषण ।
True,False,0.4563106796116505,0.0,83,2,jayadeva1926__012__r2l1.png,१२
True,False,0.0907258064516129,0.0,86,17,jayadeva1926__012__r2l2.png,गीतगोविन्दादर्श ।
False,False,0.029812606473594547,0.0,91,33,jayadeva1926__012__r2l3.png,समरशमित दशकण्ठ ।। जय जय देव हरे ६
False,False,0.022067363530778164,0.0,97,28,jayadeva1926__012__r2l5.png,अभिनवजलधर सुन्दर धृतमन्दर ।।
False,False,0.01171875,0.00859375,90,36,jayadeva1926__012__r2l6.png,श्रीमुखचन्द्रचकोर ।। जय जय देव हरे ७
True,False,0.06437291897891231,0.0,94,32,jayadeva1926__012__r2l7.png,श्रीजयदेव कवेरिदं कुरुते मुदम् ।
True,False,0.20317220543806647,0.0,86,43,jayadeva1926__012__r2l8.png,मङ्गलमुज्ज्वलगीतम् ।। जय जय देव हरे ।। ८ ।।
False,False,0.010998307952622674,0.0,86,46,jayadeva1926__012__r2l9.png,श्रीमद्राजाडालचन्दस्याज्ञापरिपालकरायचन्दनागरेण
True,False,0.11847389558232932,0.0,80,41,jayadeva1926__012__r2l10.png,विरचिते गीतगोविन्दादर्शग्रन्थे मङ्गलाचरण-
True,False,0.033287101248266296,0.0,82,27,jayadeva1926__012__r2l11.png,वर्णनं प्रथमावलोकनम् ।। ९ ॥
True,False,0.15897435897435896,0.0,82,7,jayadeva1926__012__r2l12.png,चौपाई ।
True,False,0.10743285446595878,0.0,93,49,jayadeva1926__012__r2l13.png,पहिले बरणि बहार बिलासा । रसिक रसीली को रस रासा ।।
True,False,0.13741935483870968,0.0,95,49,jayadeva1926__012__r2l14.png,बहुरि नायिका अष्ट बखानी । जेरसरसनिधिमथिपहिंचानी १
True,False,0.1341991341991342,0.006184291898577613,89,48,jayadeva1926__012__r2l15.png,तिनकी बिरह अवस्था कही । फिरिसँयोगसुखबिधिजोलही ।।
False,False,0.016811955168119553,0.0037359900373599006,90,48,jayadeva1926__012__r2l16.png,कहौं प्रथम अब रास बिलासा । बरणत पूरण रस परकासा २
True,False,0.05065123010130246,0.0,81,23,jayadeva1926__012__r2l17.png,आशीर्वादात्मकः श्लोकः ।
True,True,0.28013029315960913,0.13811074918566776,78,39,jayadeva1926__012__line_1518186100738_68.png,रासोल्लासभरेण विभ्रमभृतामाभीरवामभ्रुवा-
True,False,0.09453376205787781,0.0,112,46,jayadeva1926__012__r2l20.png,मभ्यर्णं परिरभ्यनिर्भरमुरः प्रेमान्धया राधया ।
True,True,0.26103646833013433,0.03742802303262956,77,44,jayadeva1926__012__r2l29.png,साधुत्वद्वदनं सुधामयमिति व्याहृत्यगीतस्तुति-
True,True,0.3836915297092288,0.0347661188369153,76,43,jayadeva1926__012__r2l34.png,व्याजादुद्भटचुम्बितस्मितमनोहारीहरिःपातुवः।।
True,True,0.26855123674911663,0.053003533568904596,62,23,jayadeva1926__012__r2l36.png,अनेकनारीपरिरम्भसम्भ्रम-
True,True,0.5822676896845694,0.06223358908780904,78,28,jayadeva1926__012__line_1518186031252_67.png,स्फुरन्मनोहारि विलासलालसम् ।
True,True,0.43354430379746833,0.5411392405063291,58,14,jnanadasa1895__01__line_1518182431913_1.png,श्रीगणेशाय नमः
True,True,0.39171974522292996,0.09872611464968153,69,12,jnanadasa1895__01__r2l13.png,अपरोक्षानुभव
True,True,0.543002915451895,0.04591836734693878,46,35,jnanadasa1895__01__r2l14.png,अपरोक्षानुभूती नागरिक भाषाटीका सहित
True,False,0.1262135922330097,0.0,54,4,jnanadasa1895__01__line_1518182497763_2.png,जिसे
True,False,0.5370942812982998,0.021638330757341576,48,43,jnanadasa1895__01__r2l17.png,परब्रह्मानवद्याखण्ड स्वरूप जगदीश के निर्गुण
True,True,0.6887631366208569,0.030719482619240096,47,43,jnanadasa1895__01__r2l18.png,स्वरूप जानने के निमित्त इन्द्रप्रस्थस्थ नील
True,False,0.6809480401093893,0.006381039197812215,53,33,jnanadasa1895__01__r2l19.png,कटरा निवासि परब्रह्म ज्ञानकैतत्पर
True,True,0.50730282375852,0.0691333982473223,44,34,jnanadasa1895__01__r2l20.png,भास्कर ज्ञानदास कविने सुंदरसंस्कृत
True,False,0.45,0.004651162790697674,50,31,jnanadasa1895__01__r2l21.png,श्लोकों में निर्म्मित कियाथा ।।
True,True,0.06060606060606061,0.06060606060606061,47,3,jnanadasa1895__01__r2l22.png,वही
True,True,0.5377358490566038,0.04354136429608128,46,43,jnanadasa1895__01__r2l23.png,श्रीबाबू हकूमतराय अंग्रेज़ी नवीस महकमःफिनै-
True,True,0.38591117917304746,0.09877488514548238,42,42,jnanadasa1895__01__r2l24.png,न्शियल कमिश्नर बहादुर मुल्क अवधकी आज्ञानु-
True,False,0.7457627118644068,0.00847457627118644,54,21,jnanadasa1895__01__r2l25.png,सार भाषा टीका सहित ।।
True,True,0.5663265306122449,0.07142857142857142,43,8,jnanadasa1895__01__r2l26.png,दूसरीबार
True,True,0.3957597173144876,0.038869257950530034,53,4,jnanadasa1895__01__r2l27.png,लखनऊ
True,False,0.11156685808039377,0.02543068088597211,44,52,jnanadasa1895__01__r2l28.png,"मुन्शी नवलकिशोर ( सि, आई, ई) के छापेख़ाने में छपा ।।"
False,False,0.02494802494802495,0.02702702702702703,44,19,jnanadasa1895__01__r2l29.png,दिसम्बर सन् १८९५ ई०
True,False,0.036468330134357005,0.0,85,16,jnanadasa1895__02__r2l1.png,श्रीगणेशायनमः ।।
True,False,0.3117309269893355,0.022969647251845776,74,20,jnanadasa1895__02__r2l2.png,अथ अपरोक्षानुभव सटीक
True,True,0.2992,0.032,65,40,jnanadasa1895__02__r2l4.png,उोंश्रीहरिंपरमानन्दमुपदेष्टारमीश्वरम् ।।
True,False,0.37103448275862067,0.009655172413793104,63,42,jnanadasa1895__02__r2l9.png,व्यापकंसर्वलोकानांकारणंतंनमाम्यहम् ।। १ ।।
True,True,0.3149671052631579,0.04029605263157895,71,41,jnanadasa1895__02__r2l11.png,अपरोक्षानुभूतिर्वैप्रोच्यतेमोक्षसिद्धये ।
True,True,0.3759231905465288,0.07902511078286559,53,45,jnanadasa1895__02__r2l13.png,सद्भिरेवप्रयत्नेनवीक्षणीयामुहुर्मुहुः ।। २ ।।
True,False,0.5733445096395641,0.005029337803855826,81,34,jnanadasa1895__02__r2l14.png,स्ववर्णाश्रमधर्मेणतपसाहरितोषणात् ।
True,True,0.37448275862068964,0.044137931034482755,61,46,jnanadasa1895__02__r2l16.png,साधनंप्रभवेत्पुंसांवैराग्यादिचतुष्टयम् ।। ३ ।।
True,True,0.48428835489833644,0.04251386321626617,47,41,jnanadasa1895__02__r2l22.png,ब्रह्मादिस्थावरांतेषुवैराग्यंविषयेष्वनु ।
True,False,0.41944444444444445,0.004166666666666667,62,47,jnanadasa1895__02__r2l25.png,यथैवकाकविष्ठायांवैराग्यंतद्धिनिर्म्मलम् ।। ४ ।।
True,False,0.06455542021924482,0.012180267965895249,77,52,jnanadasa1895__02__r2l26.png,श्रीगणेशायनमः अथ अपरोक्षानुभवग्रंथ भाषा प्रारम्भः ।।
True,False,0.28637147786083955,0.013801035077630822,76,55,jnanadasa1895__02__r2l27.png,दो० । शंकर स्वामी जो कह्यो अप्रोक्ष अनुभव जोइ ।। सोभाषा
True,False,0.3911007025761124,0.007611241217798595,50,50,jnanadasa1895__02__r2l31.png,करि कहतहौं जेहि समझै सबकोइ १ ग्रंथ चौपाई । श्रीहरि
True,False,0.039102932719954,0.0,74,53,jnanadasa1895__02__r2l32.png,परमानंद रूपजो । उपदेष्टा अरु ईश्वर है सो ।। ब्यापक सब
True,False,0.37039170506912444,0.0,61,53,jnanadasa1895__02__r2l34.png,लोकन को कारन ।। ताहिनमो मैं करौं हजारन ।। मोक्ष सिद्ध
True,False,0.22266973532796316,0.012082853855005753,73,59,jnanadasa1895__02__r2l36.png,को अर्थ सुजोई । ज्ञान प्रत्यक्ष कहौं मैं सोई ।। ताते साधजनो
True,False,0.11886901327178304,0.029428736295441432,73,52,jnanadasa1895__02__r2l37.png,यत्नन करि । पुनि पुनि यह बिचार हिय में धरि २ अपनोबर-
True,False,0.12228571428571429,0.004571428571428572,75,55,jnanadasa1895__02__r2l38.png,णाश्रम धर्म जोई। तेहि तपकरि प्रसन्न हरि होई ।। साधन होत
True,False,0.08386350491613649,0.002891844997108155,79,57,jnanadasa1895__02__r2l39.png,पुरुष को चारि । बैराग्यादि सुलेहु निहारि ३ चार साधन कहिये
True,True,0.11757925072046109,0.035734870317002884,77,59,jnanadasa1895__02__r2l40.png,हैं बैराग्य बिबेक शम दमादि मुमुक्षु प्रथम बैराग्य को स्वरूप
True,False,0.339850488786659,0.0034502587694077054,76,57,jnanadasa1895__02__r2l41.png,कहिये ।। चौ० ।। ब्रह्मादिक भुवि भोगहि जेते । काक बिष्ठ सम
True,False,0.518107476635514,0.012266355140186916,74,60,jnanadasa1895__02__r2l42.png,जाने तेते ।। सोनिर्मल बैराग्यकहावै । रागादिक मलदूरिबहावै ४।।
False,False,0.022375215146299483,0.0189328743545611,79,17,jnanadasa1895__03__r1l1.png,अपरोक्षानुभव स० ।
True,False,0.4576547231270358,0.007328990228013029,86,40,jnanadasa1895__03__r1l2.png,नित्यमात्मस्वरूपंहिदृश्यंतद्विपरीतगम् ।।
True,False,0.41847826086956524,0.016983695652173912,79,42,jnanadasa1895__03__r1l5.png,एवंयोनिश्चयःसम्यग्विवेकोवस्तुनःसवै ।। ५ ।।
True,True,0.4391459074733096,0.052669039145907474,109,32,jnanadasa1895__03__r1l6.png,सदैववासनात्यागःशमोयमितिशब्दितः ।
True,False,0.4811250925240563,0.007401924500370096,77,40,jnanadasa1895__03__r1l9.png,निग्रहोवाह्यवर्तीनादमइत्यभिधीयते ।। ६ ।।
True,False,0.3577906018136851,0.01236603462489695,100,35,jnanadasa1895__03__r1l11.png,विषयेभ्यःपरावृत्तिःपरमोपरतिर्हिसा ।
True,False,0.33244147157190634,0.0274247491638796,97,41,jnanadasa1895__03__r1l12.png,सहनंसर्वदुःखानांतितिक्षासाशुभामता ।। ७ ।।
True,False,0.2511177347242921,0.02533532041728763,89,43,jnanadasa1895__03__line_1518182689116_6.png,निगमाचार्यवाक्येषुभक्तिःश्रद्धेतिविश्रुता ।
True,False,0.4151898734177215,0.0,73,51,jnanadasa1895__03__r1l18.png,चित्तैकाग्र्यंतुसल्लक्ष्येसमाधानमितिस्मृतम् ।। ८ ।।
True,False,0.5075456711675933,0.015885623510722795,74,40,jnanadasa1895__03__r1l20.png,संसारबंधनिर्मुक्तिःकथंस्यान्मेकदाविधे ।।
True,False,0.42282842785355346,0.0,85,47,jnanadasa1895__03__r1l23.png,इतियासुदृढाबुद्धिर्वक्तव्यासामुमुक्षुता ।। ९ ।।
True,True,0.07692307692307693,0.039081885856079406,109,50,jnanadasa1895__03__r1l25.png,अब बिबेक को स्वरूप कहिये हैं ।। चौ० ।। नित्य आत्मा
True,True,0.04480183802412407,0.053417576105686385,111,49,jnanadasa1895__03__r1l26.png,रूपहि जानौ । दृश्य सकल बिनाशवत मानौ ।। ऐसो निश्चय
True,True,0.09815242494226328,0.06351039260969978,101,55,jnanadasa1895__03__line_1518182675355_5.png,होवै जबहीं । भयो बिवेक जानिये तबहीं ५ अब षट् संपत्ति शम
True,True,0.039511911679256245,0.05345729227193492,113,55,jnanadasa1895__03__line_1518182671367_4.png,दमादि कहिये हैं ।। सदा बासना त्यागि है जोई ।। शम स्वरूप
True,True,0.10241657077100115,0.06559263521288838,113,58,jnanadasa1895__03__r1l32.png,कहियत है सोई ।। वाह्येंद्री वृत्ति निग्रहकरै । दमस्वरूप यह
True,False,0.30732292917166865,0.015606242496998799,83,56,jnanadasa1895__03__r1l34.png,मुनि उच्चरै ।। उपरति कहिये हैं ६ बिषयनते मन हटिरहै जोई ।
True,True,0.0628242074927954,0.04438040345821326,112,48,jnanadasa1895__03__line_1518182646259_3.png,परम उपरति कहावै सोई ।। सहनो सब दुःखन को जोई । सो
True,True,0.0660486674391657,0.042294322132097335,112,54,jnanadasa1895__03__r1l37.png,सुख रूप तितिक्षा होई ७ श्रुति गरुबाक्य बिषय बिश्वासा ।
True,True,0.0471584038694075,0.032648125755743655,106,53,jnanadasa1895__03__r1l38.png,ताहि कहिय श्रद्धा सुप्रकासा ।। चितको रोक राखिबो जोई ।
True,True,0.04904306220095694,0.05083732057416268,120,45,jnanadasa1895__03__r1l39.png,समाधान कहियत है सोई ८ हे हरि यह जग बंधन जोई ।
True,True,0.03768115942028986,0.05217391304347826,117,59,jnanadasa1895__03__r1l40.png,कैसे कब छूटैगो सोई ।। यह दृढ़ बुद्धि भई है जाकों । सो मुमु-
True,False,0.0856353591160221,0.0027624309392265192,94,26,jnanadasa1895__03__r1l41.png,क्षुता कहिये ताकों ।। ९ ।।
False,False,0.0,0.0,157,1,jnanadasa1895__03__r2l1.png,३
True,False,0.05,0.0,58,1,jnanadasa1895__04__line_1518182748279_7.png,४
False,False,0.008665511265164644,0.0,90,17,jnanadasa1895__04__r4l1.png,अपरोक्षानुभव स० ।
True,False,0.3754416961130742,0.020318021201413426,106,32,jnanadasa1895__04__r4l2.png,उक्तसाधनयुक्तेनविचारःपुरुषेणहि ।
True,False,0.3860182370820669,0.01702127659574468,70,49,jnanadasa1895__04__r4l4.png,कर्तव्योज्ञानसिद्ध्यर्थमात्मनःशुभमिच्छता ।। १० ।।
True,False,0.08326661329063251,0.0,107,39,jnanadasa1895__04__r4l5.png,नोत्पद्यतेविनाज्ञानंविचारेणान्यसाधनैः ।
True,False,0.06074168797953964,0.017263427109974423,112,43,jnanadasa1895__04__r4l6.png,यथापदार्थभानंहिप्रकाशेनविनाक्वचित् ।। ११ ।।
True,False,0.15512927439532945,0.0,102,37,jnanadasa1895__04__r4l7.png,कोहंकथमिदंजातंकोवैकत्तार्स्यविद्यते ।
True,True,0.14441591784338895,0.04749679075738126,115,39,jnanadasa1895__04__r4l8.png,उपादानंकिमस्तीहविचारःसोयमीदृशः ।। १२ ।।
True,False,0.43934426229508194,0.005737704918032787,90,32,jnanadasa1895__04__r4l9.png,नाहंभूतगणोदेहोनाहंचाक्षगणस्तथा ।
True,True,0.041719342604298354,0.04108723135271808,124,43,jnanadasa1895__04__r4l10.png,एतद्विलक्षणःकश्चिद्विचारःसोयमीदृशः ।। १३ ।।
True,False,0.0847926267281106,0.0,103,36,jnanadasa1895__04__r4l11.png,अज्ञानप्रभवंसर्वंज्ञानेनप्रविलीयते ।
True,False,0.395093608779858,0.0,118,42,jnanadasa1895__04__r4l12.png,संकल्पोविविधःकर्ताविचारःसोयमीदृशः ।। १४ ।।
False,True,0.026151930261519303,0.10523038605230386,111,48,jnanadasa1895__04__r4l14.png,साधनचारकहे समुझाय । तिनकर पुरुष युक्तजो आय । तिह
True,False,0.08605851979345955,0.022948938611589215,106,60,jnanadasa1895__04__r4l16.png,विचारकरनोहै यातें । ज्ञान सिद्धिके अर्थसुजातें १० बिना बिचार
True,False,0.39077809798270896,0.01095100864553314,65,59,jnanadasa1895__04__r4l20.png,ज्ञान नहिं होई । साधन और करौ किन कोई ।। ज्यों सूर्यादि प्र-
True,True,0.08735632183908046,0.05862068965517241,115,56,jnanadasa1895__04__r4l21.png,काश बिनाते । बस्तु घटादि नाहि न देखियते ११ मैं हौं को जग
True,True,0.043153049482163405,0.07364787111622555,115,56,jnanadasa1895__04__r4l22.png,उपज्यो कातें । जग को कर्ता कौन सुतातें ।। अरुया जगको का-
True,True,0.06743515850144093,0.08414985590778098,118,49,jnanadasa1895__04__r4l23.png,रण कौन । याको नाम बिचारै तौन १२ भौतिक देह नहीं हो
True,True,0.07638483965014577,0.060641399416909623,109,65,jnanadasa1895__04__r4l24.png,जातें । हों इन्द्रिन समूह नहिं तातें ।। इनको साक्षी मैं हौं जौन ।
False,True,0.026285714285714287,0.07485714285714286,116,52,jnanadasa1895__04__r4l25.png,याको नाम बिचारै तौन १३ यह सब जग अज्ञानते भयऊ । ज्ञान
True,False,0.07705677867902665,0.027809965237543453,115,54,jnanadasa1895__04__r4l26.png,भयजुलीन ह्वै गयऊ ।। बहु बिधि कर्त्ता संकल्प जौन । याको
True,False,0.039473684210526314,0.0,80,23,jnanadasa1895__04__r4l27.png,नाम बिचारौ तौन ।। १४ ।।
True,False,0.03292894280762565,0.0,107,17,jnanadasa1895__05__r2l1.png,अपरोक्षानुभव स० ।
False,False,0.0,0.0,58,1,jnanadasa1895__05__line_1518182840250_8.png,५
True,False,0.0653386454183267,0.016733067729083666,132,38,jnanadasa1895__05__r2l2.png,येतयोर्यदुपादानमेकं सूक्ष्मंसदव्ययम् ।
True,True,0.03987138263665595,0.04372990353697749,129,41,jnanadasa1895__05__r2l3.png,यथैवमृद्घटादीनां विचारःसोयमीदृशः ।। १५ ।।
True,False,0.030873493975903613,0.0,118,39,jnanadasa1895__05__r2l4.png,अहमेकोपिसूक्ष्मश्चज्ञातासाक्षीसदव्ययः ।
True,True,0.04709897610921502,0.07030716723549488,123,40,jnanadasa1895__05__r2l6.png,तदहंनात्रसंदेहः विचारःसोयमीदृशः ।। १६ ।।
True,False,0.09565217391304348,0.003952569169960474,114,37,jnanadasa1895__05__r2l7.png,तयोरैक्यंप्रपश्यंति किमज्ञानमतःपरम् ।
True,True,0.11125569290826284,0.04749512036434613,131,44,jnanadasa1895__05__r2l8.png,आत्माविनिष्कलोह्येकोदेहोबहुभिरावृतः ।। १७ ।।
True,False,0.06929740134744947,0.0,119,41,jnanadasa1895__05__r2l9.png,आत्मानियाम्यकश्चांत र्देहोनियम्यवाह्यकः ।
True,True,0.05418060200668896,0.046153846153846156,128,44,jnanadasa1895__05__r2l11.png,तयोरैक्यंप्रपश्यंति किमज्ञानमतःपरम् ।। १८ ।।
True,False,0.06786271450858035,0.0234009360374415,114,38,jnanadasa1895__05__r2l12.png,आत्माज्ञानमयःप्रज्ञोदेहोमांसमयोशुचिः ।
False,False,0.026737967914438502,0.001336898395721925,118,44,jnanadasa1895__05__r2l13.png,तयोरैक्यंप्रपश्यंति किमज्ञानमतःपरम् ।। १९ ।।
False,True,0.0,0.06365740740740741,132,46,jnanadasa1895__05__r2l14.png,याजग कारण एक सु जोई । सूक्षम सत अबिनाशी सोई ।।
True,True,0.05287623474723998,0.04009296920395119,119,48,jnanadasa1895__05__r2l15.png,ज्यों घटादि कारण मृद जौन । याको नाम बिचारैतौन १५
True,True,0.040851553509781355,0.061565017261219795,126,59,jnanadasa1895__05__r2l16.png,मैंहौं सूक्ष्म एकज्ञाता पुनि । साक्षी सत अविनाशी जो सुनि ।।
True,True,0.037922987164527425,0.039089848308051345,122,56,jnanadasa1895__05__r2l17.png,सो मैं यामें संशय नाहीं । याको नाम बिचार सुआहीं १६ आत्मा
True,True,0.038953488372093024,0.03662790697674419,117,48,jnanadasa1895__05__r2l18.png,अकल एकहै जोई । देह बहुत करि आबृति सोई ।। तिन दोउ
False,True,0.0180547466511357,0.033197437390797904,120,57,jnanadasa1895__05__r2l19.png,एक सु देखै जौन ।। यातें परे अज्ञान सु कौन १७ आत्मा न्यामक
True,True,0.05023364485981308,0.0689252336448598,120,52,jnanadasa1895__05__r2l20.png,अंतर जोई । देह नियम्य वाह्य पुनि सोई ।। तिन दोउ एकसु
True,True,0.06969875959834614,0.05375073833431778,116,55,jnanadasa1895__05__r2l21.png,देखै जौन । याते परे अज्ञान सुकौन १८ आत्मा शुद्ध ज्ञानमय
True,True,0.053061224489795916,0.03323615160349854,117,51,jnanadasa1895__05__r2l22.png,जोई । देह मांस मय अशुचि जुसोई ।। तिन दोउ एक सु देखै
True,False,0.050514499532273154,0.0018709073900841909,110,36,jnanadasa1895__05__r2l23.png,जौन । याते परे अज्ञानसु कौन ।। १९ ।।
False,True,0.01592920353982301,0.03185840707964602,83,17,jnanadasa1895__06__r3l1.png,अपरोक्षानुभव स० ।
True,True,0.5714285714285714,0.1836734693877551,54,1,jnanadasa1895__06__line_1518182917192_9.png,६
True,False,0.054519368723098996,0.0007173601147776184,100,38,jnanadasa1895__06__r3l2.png,आत्माप्रकाशकःस्वच्छो देहस्तामसउच्यते ।
True,False,0.43093570973901973,0.012730744748567792,88,44,jnanadasa1895__06__r3l3.png,तयोरैक्यंप्रपश्यंति किमज्ञानमतःपरम् ।। २० ।।
True,True,0.37832167832167835,0.044755244755244755,52,42,jnanadasa1895__06__r3l7.png,आत्मानित्योहिसद्रूपो देहोनित्योह्यसन्मयः ।
True,False,0.40685640362225095,0.014230271668822769,55,44,jnanadasa1895__06__r3l11.png,तयोरैक्यंप्रपश्यंति किमज्ञानमतःपरम् ।। २१ ।।
True,False,0.030906593406593408,0.0013736263736263737,103,40,jnanadasa1895__06__r3l12.png,आत्मनस्तत्प्रकाशत्वं यत्पदार्थावभासनम् ।
True,False,0.1465798045602606,0.008469055374592834,101,52,jnanadasa1895__06__r3l13.png,नाग्न्यादिदीप्तिवद्दीप्तिर्भवत्यांधंयतोनिशि ।। २२ ।।
True,False,0.12715340442986053,0.019688269073010665,104,39,jnanadasa1895__06__r3l14.png,देहोहंमित्ययंमूढो धृत्वातिष्ठत्यहोजनः ।
True,False,0.42704863424383743,0.022651565622918056,61,45,jnanadasa1895__06__r3l18.png,ममायमित्यपिज्ञात्वा घटदृष्टेएवसर्वदा ।। २३ ।।
True,False,0.5723732549595886,0.0029390154298310064,85,39,jnanadasa1895__06__r3l19.png,ब्रृह्मैवाहंसमःशांतः सच्चिदानंदलक्षणः ।
True,False,0.37898936170212766,0.0199468085106383,61,48,jnanadasa1895__06__r3l22.png,नाहंदेहोह्यसद्रूपोज्ञानमित्युच्यतेबुधैः ।। २४ ।।
True,True,0.07050889025137952,0.0539546290619252,101,49,jnanadasa1895__06__r3l23.png,आत्मा स्वच्छ प्रकाशक जोई । देह तामसी जड़ है सोई ।
True,False,0.03663423010875787,0.0011448196908986834,92,49,jnanadasa1895__06__r3l24.png,तिन दोउ एक सु देखै जौन । याते परे अज्ञान सुकौन २०
True,False,0.04385458742065782,0.010963646855164455,96,56,jnanadasa1895__06__r3l25.png,आत्मा नित्यरु सत्य रूप जो । देह अनित्य असत्य मय है सो ।।
True,False,0.05654933641084824,0.02308136180034622,95,51,jnanadasa1895__06__r3l26.png,तिन दोउ एकसु देखै जौन । याते परे अज्ञान सुकौन २१ सो
True,False,0.07147007553747821,0.009296920395119116,92,64,jnanadasa1895__06__r3l27.png,प्रकाश आत्माको तातें । सब पदार्थ भासतहैं जातें ।। नहिं सूर्य्या-
True,False,0.08299240210403273,0.0005844535359438924,92,54,jnanadasa1895__06__r3l28.png,दि प्रकाश सु ऐसो । दिवस होत निशि होत न तैसो २२ मैं हौं
True,True,0.036799065420560745,0.09521028037383178,97,55,jnanadasa1895__06__r3l29.png,देह मूढ़ या इमि कहै । यह धरि रह्यो अज्ञ जन वहै ।। मम यह
True,False,0.1058893515764426,0.022605591909577633,99,55,jnanadasa1895__06__r3l30.png,देह जानि करि जोई । जिमि घट वृष्टि सर्बदा सोई २३ मैं हौं
True,True,0.09675550405561993,0.06720741599073002,104,60,jnanadasa1895__06__r3l31.png,ब्रह्म शांत सम जोई । हौं सच्चिदानंद पुनि सोई ।। हों नहिं देह
True,False,0.1502659574468085,0.0,86,45,jnanadasa1895__06__r3l32.png,असत जो आहि । बुधजन ज्ञान कहतहैं ताहि ।। २४ ।।
True,False,0.06076388888888889,0.017361111111111112,83,17,jnanadasa1895__07__r1l1.png,अपरोक्षानुभव स० ।
False,False,0.0,0.0,58,1,jnanadasa1895__07__line_1518183062250_10.png,७
True,False,0.27336999214454044,0.002356637863315004,91,37,jnanadasa1895__07__r1l2.png,निर्विकारोनिराकारो निर्वद्योहमव्ययः ।
True,True,0.48350923482849606,0.04353562005277045,78,49,jnanadasa1895__07__r1l4.png,नाहंदेहोह्यसद्रूपो ज्ञानमित्युच्यतेबुधैः ।। २५ ।।
True,False,0.3731800766283525,0.0007662835249042146,91,36,jnanadasa1895__07__r1l5.png,निरामयोनिराभासो निर्विकल्पोहमांततः ।
True,False,0.44266666666666665,0.024666666666666667,91,49,jnanadasa1895__07__r1l8.png,नाहंदेहोह्यसद्रूपो ज्ञानमित्युच्यतेबुधैः ।। २६ ।।
True,False,0.051618547681539804,0.019247594050743656,100,45,jnanadasa1895__07__r1l9.png,निर्गुणोनिष्क्रियोनित्योनित्यमुक्तोहमुच्यतः ।
True,True,0.5358788676761027,0.032916392363396975,103,49,jnanadasa1895__07__r1l11.png,नाहंदेहोह्यसद्रूपो ज्ञानमित्युच्यतेबुधैः ।। २७ ।।
True,False,0.3720748829953198,0.0,91,35,jnanadasa1895__07__r1l13.png,निर्मलोनिश्चलोनंतः शुद्धोहमजरोमरः ।
True,False,0.44315068493150683,0.0013698630136986301,91,48,jnanadasa1895__07__r1l14.png,नाहंदेहोह्यसद्रूपोज्ञानमित्युच्यतेबुधैः ।। २८ ।।
True,False,0.4287739192062367,0.005669737774627924,69,40,jnanadasa1895__07__r1l16.png,स्वदेहेशोभनं त्यक्त्वापुरुषाख्यचसंमतम् ।
True,False,0.6716906946264745,0.012450851900393184,88,46,jnanadasa1895__07__r1l18.png,किंमूर्षशून्यमात्मानं देहातीतंकरोषिभो ।। २९ ।।
True,False,0.09152334152334152,0.0085995085995086,95,56,jnanadasa1895__07__r1l19.png,निर्विकार निराकारहों । अबिनाशी निरवद्य सारहों ।। होंनहिं
True,False,0.07536231884057971,0.012753623188405797,94,47,jnanadasa1895__07__r1l20.png,देह असत जो आहि । बुधजन ज्ञान कहत हैं ताहि २५ ।।
True,False,0.043453070683661645,0.0,91,58,jnanadasa1895__07__r1l21.png,रोग रहित हों निराभास हों । निर्बिकल्प ब्यापक प्रकाश हों ।।
True,False,0.2099125364431487,0.0,80,54,jnanadasa1895__07__r1l22.png,होंनहिं देह असत्य जो आहि । बुधजन ज्ञान कहत हैं ताहि ।।
True,False,0.05113306217315514,0.01917489831493318,80,61,jnanadasa1895__07__r1l23.png,२६ ।। निर्गुण निष्क्रिय नित्य हों जोई । नित्यमुक्त अच्युत हों
True,False,0.06717289719626168,0.004672897196261682,85,54,jnanadasa1895__07__r1l24.png,सोई ।। हों नहिं देह असत्य जो आहि । बुधजन ज्ञान कहत हैं
True,False,0.08420441347270616,0.013356562137049941,77,50,jnanadasa1895__07__r1l25.png,ताहि २७ हौं निर्मल निश्चल अनंत पुनि । शुद्धहों अजर
True,False,0.03765932792584009,0.012746234067207415,79,52,jnanadasa1895__07__r1l26.png,अमर निश्चय सुनि ।। होंनहिं देह असत्त जो आहि ।। बुधजन
True,False,0.16953035509736541,0.021764032073310423,73,56,jnanadasa1895__07__r1l27.png,ज्ञान कहत हैं ताहि ।। हे मूरख आतम है जोई । देहातीत सुशो-
True,True,0.031070195627157654,0.047180667433831994,76,60,jnanadasa1895__07__r1l28.png,भन सोई ।। श्रुतिकर बर्णित पुरुष पुरान । ताहि शून्य क्यों करत
True,False,0.030849825378346914,0.013969732246798603,76,48,jnanadasa1895__07__r1l29.png,बखान २८ बचन का शिष्य बचन देह अतीत आपको पुरुष जा-
True,False,0.031464530892448515,0.005720823798627002,82,57,jnanadasa1895__07__r1l30.png,नना इसका नाम ज्ञानहै सो शून्य हुआ गुरु बचन ब्रह्मी श्रुति
True,False,0.03575076608784474,0.0,74,34,jnanadasa1895__07__r1l31.png,विषय आत्मा देहते भिन्न कहाहै २९ ।।
False,False,0.027586206896551724,0.022413793103448276,82,17,jnanadasa1895__08__r4l1.png,अपरोक्षानुभव स० ।
False,False,0.0,0.0,54,1,jnanadasa1895__08__line_1518183208403_11.png,८
True,True,0.46223776223776225,0.07762237762237763,52,51,jnanadasa1895__08__r4l2.png,स्वात्मानंशृणुमूर्खत्वं श्रुत्यायुक्त्याचपुरुषम् ।।
True,False,0.2879944482997918,0.016655100624566273,80,40,jnanadasa1895__08__r4l4.png,देहातीतंसदाकारं सुददर्शभवादृशैः ।। ३० ।।
True,False,0.24619085805934243,0.0008019246190858059,86,32,jnanadasa1895__08__r4l6.png,अहंशब्देनविख्यातएकएवःस्थितःपरः ।
True,True,0.3098063710181137,0.048094940662086194,70,52,jnanadasa1895__08__r4l7.png,स्थूलत्वनैकतांप्राप्तः कथंस्याद्देहकःपुमान् ।। ३१ ।।
True,True,0.4386503067484663,0.05521472392638037,55,38,jnanadasa1895__08__r4l10.png,अहंदृष्टतयासिद्धो देहोदृश्यतयास्थितः ।
True,False,0.7985933503836317,0.02237851662404092,82,49,jnanadasa1895__08__r4l12.png,समायमितिनिर्द्देशात्कथंस्याद्देहकःपुमान् ।। ३२ ।।
True,False,0.41047040971168436,0.015933232169954476,88,36,jnanadasa1895__08__r4l13.png,अहंविकारहीनस्तु देहोनित्यविकारवान् ।
True,False,0.7547416612164813,0.002616088947024199,85,48,jnanadasa1895__08__r4l14.png,इतिप्रतीयतेसाक्षात्कथंस्याद्देहकःपुमान् ।। ३३ ।।
True,True,0.1836890243902439,0.0350609756097561,88,39,jnanadasa1895__08__r4l15.png,यस्मात्परमितिश्रुत्वा तयापुरुषलक्षणम् ।
True,False,0.6993377483443709,0.0,94,48,jnanadasa1895__08__r4l16.png,विनिर्नीतंविमूढ़ेन कथंस्याद्देहकःपुमान् ।। ३४ ।।
True,False,0.2896208825357365,0.0,82,49,jnanadasa1895__08__r4l17.png,चौ० । हे मूरुख सुन आतम जोहै ।। श्रुति युक्तिन करि
True,False,0.054441260744985676,0.0017191977077363897,86,47,jnanadasa1895__08__r4l18.png,वर्णित सोहै ।। देहातीत हेतु जग जोई । अति अदृश्य
True,True,0.396999422965955,0.03462204270051933,49,49,jnanadasa1895__08__r4l20.png,गुरु श्रुति कहै सोई ३० अहंशब्द करि जानौ जाहि । एक
True,False,0.03279631760644419,0.0,89,49,jnanadasa1895__08__r4l21.png,सर्बते परे सु आहि ।। देहस्थूल अनेक सु जोय । सो वह
True,False,0.042382588774341354,0.00859106529209622,87,61,jnanadasa1895__08__r4l22.png,पुरुष सु कैसे होय ३१ हों द्रष्टा विषयादिक को पुनि । देह दृश्य
True,False,0.05151688609044076,0.029765311963365768,80,53,jnanadasa1895__08__r4l23.png,यह ताहि जानि सुनि ।। मम यह देह ब्योहार सु जोय । पुरुष
True,False,0.034403669724770644,0.0034403669724770644,84,54,jnanadasa1895__08__r4l24.png,देह कैसे करि होय ३२ हों बिकार षट रहित सु जोई । देह सदा
False,False,0.022988505747126436,0.0011494252873563218,89,58,jnanadasa1895__08__r4l25.png,बिकार युत सोई ।। यह साक्षात प्रत्यक्ष प्रमान । कैसे होय सु
True,False,0.14819004524886878,0.004524886877828055,82,54,jnanadasa1895__08__r4l26.png,देह पुमान ३३ सबते परे पुरुष है जोई । श्रुति तेहि लक्षण
True,False,0.04243119266055046,0.0017201834862385322,88,53,jnanadasa1895__08__r4l27.png,कहत सुजोई ।। ज्ञानिन करके बर्णित जोय । पुरुष देह कैसे
True,False,0.08519269776876268,0.0,73,15,jnanadasa1895__08__r4l28.png,करिहोय ।। ३४ ।।
False,False,0.006956521739130435,0.0,91,17,jnanadasa1895__09__r1l1.png,अपरोक्षानुभव स० ।
False,False,0.0,0.0,82,1,jnanadasa1895__09__r1l2.png,९
True,False,0.12867956265769553,0.001682085786375105,118,37,jnanadasa1895__09__r1l3.png,सर्वंपुरुषएवेति सूक्तेपुरुषसंज्ञिके ।
True,False,0.03211586901763224,0.0006297229219143577,115,51,jnanadasa1895__09__r1l5.png,अप्युच्यतेयतःश्रुत्या कथंस्याद्देहकःपुमान् ।। ३५ ।।
True,False,0.06692015209125475,0.0007604562737642585,117,35,jnanadasa1895__09__r1l6.png,असंगपुरुषःप्रोक्तो बृहदारण्यकेपिच ।
True,False,0.44180225281602004,0.023779724655819776,81,47,jnanadasa1895__09__r1l9.png,अनन्तमलसंश्लिष्टः कथंस्याद्देहकःपुमान् ।। ३६ ।।
True,True,0.4293606945540647,0.03235990528808208,94,40,jnanadasa1895__09__r1l10.png,तत्रैवचसमाख्यातः स्वयंज्योतिर्हिपूरुषः ।
True,False,0.08541392904073587,0.0,103,46,jnanadasa1895__09__r1l11.png,जड़परप्रकाश्यौसौ कथंस्याद्देहकःपुमान् ।। ३७ ।।
True,False,0.44781382228490835,0.0,95,46,jnanadasa1895__09__r1l12.png,प्रोक्तोपिकर्मकाण्डेन ह्यात्मादेहाद्विलक्षणः ।
True,False,0.49047931713722914,0.0,95,43,jnanadasa1895__09__r1l13.png,नित्यश्चतत्फलंभुक्तेदेहपातादनंतरम् ।। ३८ ।।
True,False,0.44148506860371267,0.0,98,37,jnanadasa1895__09__line_1518183341008_12.png,लिंगंचानेकसंयुक्तं चलंदृश्यंविकारिच ।
False,False,0.009162303664921465,0.0006544502617801048,117,45,jnanadasa1895__09__r1l17.png,अव्यापकमसद्रूपं तत्कथंस्यात्पुमानयम् ।। ३९ ।।
True,True,0.049151550614394385,0.04095962551199532,108,60,jnanadasa1895__09__r1l18.png,सबये परम पुरुषहै जोई । ब्रह्मसूक्त मैं कह्योंजुसोई ।। निश्च-
True,True,0.059572006940427996,0.045112781954887216,104,56,jnanadasa1895__09__r1l19.png,य श्रुति जेहि कहत प्रमान । कैसे होय सुदेह पुमान ३५ पुरुष
True,False,0.04866743916570104,0.00869061413673233,104,57,jnanadasa1895__09__r1l20.png,असंख्य कह्यो श्रुति जोई । वृहदारण्य माहिं कह्यो सोई ।। मल
True,True,0.05647058823529412,0.06235294117647059,108,53,jnanadasa1895__09__r1l21.png,अनंत करि लपट्यो जोय । देह आत्मा कैसे होय ३६ ताही वृह-
True,False,0.05724299065420561,0.028621495327102803,105,60,jnanadasa1895__09__r1l22.png,दारण्य के मांहि । स्वयं ज्योति कह्यो पुरुष जु ताहि ।। तन जड़
True,False,0.07171775592828225,0.004626951995373048,97,57,jnanadasa1895__09__r1l23.png,पर प्रकाश्य सु जोई । देह आत्मा कैसे होई ३७ कर्म काण्ड में
True,True,0.06836616454229433,0.08922363847045191,110,57,jnanadasa1895__09__r1l24.png,कह्यो जु सोई । देहते भिन्न आत्मा जोई ।। नित्य कर्म फल भु-
True,True,0.06983744732089103,0.07104154124021674,109,62,jnanadasa1895__09__r1l25.png,क्तै जातें । देह पात के भये सुतातें ३८ लिंग अनेक युक्तहै जोई ।
True,True,0.04899135446685879,0.05936599423631124,112,50,jnanadasa1895__09__r1l26.png,चंचल दृश्य विकारिक सोई ।। असत रूप अब्यापक जोय । सो
True,False,0.10296010296010295,0.0,98,23,jnanadasa1895__09__r1l27.png,आत्मा कैसे करिहोय ३९ ।।
True,False,0.030100334448160536,0.0,104,17,jnanadasa1895__10__r3l1.png,अपरोक्षानुभव स० ।
False,True,0.022727272727272728,0.19318181818181818,58,2,jnanadasa1895__10__line_1518183461952_13.png,१०
True,True,0.7752081406105458,0.05550416281221091,73,33,jnanadasa1895__10__r3l3.png,एवंदेहद्वयादन्यआत्मापुरुषईश्वरः ।
True,True,0.42385786802030456,0.037436548223350255,41,48,jnanadasa1895__10__r3l5.png,सर्व्वात्मासर्वरूपश्चसर्व्वातीतोहमव्ययः ।। ४० ।।
False,False,0.02154828411811652,0.0,102,37,jnanadasa1895__10__r3l6.png,इत्यात्मदेहभागेन प्रपञ्चस्यैवसत्यता ।
True,False,0.08724388631857237,0.0,97,47,jnanadasa1895__10__r3l7.png,यथोक्तातर्कशास्त्रेणकिंततःपुरुषार्थिता ।। ४१ ।।
True,False,0.05734485467399843,0.0,107,39,jnanadasa1895__10__r3l8.png,इत्यात्मदेहभेदेन देहात्मत्वंनिवारितम् ।
True,False,0.10259917920656635,0.027359781121751026,110,45,jnanadasa1895__10__r3l9.png,इदानींदेहभेदस्य ह्यसत्वंस्फुटमुच्यते ।। ४२ ।।
True,False,0.11721907841552143,0.0,99,42,jnanadasa1895__10__r3l10.png,चैतन्यस्यैकरूपत्वाद्भेदोयुक्तोनकर्हिचित् ।
True,False,0.082425068119891,0.01907356948228883,109,43,jnanadasa1895__10__r3l11.png,जीवत्वचमृषाज्ञेयं रज्जोसर्पगृहोयथा ।। ४३ ।।
True,False,0.05059288537549407,0.0,107,44,jnanadasa1895__10__r3l12.png,रज्ज्वज्ञानात्क्षणेनैवयद्वद्रज्जुहिसर्पिणी ।
True,False,0.2412252712188896,0.0,104,48,jnanadasa1895__10__r3l13.png,भातितद्वच्चितिःसाक्षाद्विश्वाकारेणकेवला ।। ४४ ।।
False,False,0.02706027060270603,0.010455104551045511,112,56,jnanadasa1895__10__r3l14.png,ऐसे दोऊ देहते न्यारो । आत्मा पुरुष जु ईश्वर प्यारो ।। स-
True,False,0.06375646180356118,0.02527283170591614,110,52,jnanadasa1895__10__r3l15.png,र्वात्मा सबरूप जु सोई । सर्ब परे हो अव्यय सोई ४० आतम
True,True,0.04395604395604396,0.03932909196067091,110,58,jnanadasa1895__10__r3l16.png,देह भिन्नइमिकहो । असत्यप्रपंच सत्यकरिलहो ।। तर्कशास्त्रकरि
False,False,0.028504944735311226,0.008726003490401396,103,54,jnanadasa1895__10__r3l17.png,बर्णितजोय । यामें कह पुरुषारथ सोय ४१ आत्मा देह भेद करि
True,True,0.0421792618629174,0.035735207967193906,110,49,jnanadasa1895__10__r3l18.png,जोई । तनआत्मत्व निवास्यो सोई ।। अब तन भेद असत्यसु
True,True,0.07446189645142524,0.03723094822571262,107,53,jnanadasa1895__10__r3l19.png,जैसे । सोअस्पष्ट कहतहौं तैसे ४२ चेतन एकरूपजोआहि । भेद
True,True,0.05539358600583091,0.08338192419825073,113,57,jnanadasa1895__10__r3l20.png,युक्ति सो कबहूं नाहि ।। जीव भाव मिथ्या करिजानि। ज्यों रजु
True,True,0.04720782959124928,0.04145077720207254,108,55,jnanadasa1895__10__r3l21.png,माहिं सर्प बुधि ठानि ४३ रजु अज्ञान ते छिन इक जोई । जैसे
True,False,0.05807200929152149,0.010452961672473868,112,57,jnanadasa1895__10__r3l22.png,सर्पनिरजुहै सोई ।। तैसे चेतन है साक्षात । बिश्व रूपकरि सो
False,False,0.0,0.0,93,11,jnanadasa1895__10__r3l23.png,दरशात ४४ ।।
True,False,0.0313588850174216,0.0,96,17,jnanadasa1895__11__r2l1.png,अपरोक्षानुभव स० ।
True,True,0.38461538461538464,0.358974358974359,54,2,jnanadasa1895__11__line_1518183572943_15.png,११
True,False,0.07570977917981073,0.0,101,40,jnanadasa1895__11__r2l2.png,उपादानंप्रपंचस्य ब्रह्मणोन्यन्नविद्यते ।
True,False,0.0693135935397039,0.0006729475100942127,112,49,jnanadasa1895__11__r2l3.png,तस्मात्सर्वप्रपंचोयंब्रह्मैवास्तिनचेतरत् ।। ४५ ।।
True,False,0.07123098201936376,0.0006915629322268327,115,43,jnanadasa1895__11__r2l4.png,व्याप्यव्यापकतामिथ्या सर्वमात्मेतिशासनात् ।
True,False,0.417074877536739,0.002099370188943317,97,44,jnanadasa1895__11__r2l5.png,इतिज्ञातेपरेतत्त्वे भेदस्यावसरःकुतः ।। ४६ ।।
True,False,0.15901898734177214,0.0,113,41,jnanadasa1895__11__r2l6.png,श्रुत्यानिवारितंनूनं नानात्वंस्वमुखेनहि ।
True,False,0.07793923381770146,0.0,111,42,jnanadasa1895__11__r2l7.png,कथंभासोभवेदन्यः स्थितेचाद्वयकारणे ।। ४७ ।।
True,False,0.08995080815179199,0.0,107,43,jnanadasa1895__11__r2l8.png,दोषापिविहितःश्रुत्या मृत्योमृत्युंसगच्छति ।
True,False,0.2979452054794521,0.0,97,39,jnanadasa1895__11__r2l9.png,इहपश्यतिनानात्वंमाययावंचितोनरः ।। ४८ ।।
True,True,0.4847266881028939,0.03536977491961415,51,36,jnanadasa1895__11__r2l10.png,ब्रह्मणःसर्वभूतानि जायंतेपरमात्मनः ।
True,False,0.7528696826468603,0.0,93,44,jnanadasa1895__11__r2l12.png,तस्मादेतानिब्रह्मैव भवतीत्यवधारयेत् ।। ४९ ।।
True,False,0.10690287110568113,0.0,96,48,jnanadasa1895__11__r2l13.png,ब्रह्महि कारण जगको जानो । ताबिन कोई और न मानो ।।
True,False,0.09260337798485731,0.0017472335468841002,98,52,jnanadasa1895__11__r2l14.png,ताते यह प्रपंच सबजोई । ब्रह्महि है नहिं और जु कोई ४५
True,False,0.07004120070629782,0.00824014125956445,107,52,jnanadasa1895__11__r2l15.png,व्याप्य औ व्यापक मिथ्या जानौ । सर्बमात्म इमि बचन सु-
True,False,0.12281722933643772,0.0005820721769499418,100,59,jnanadasa1895__11__r2l16.png,मानौ ।। ऐसे जान्यौ परम तत्त्व जब । भेद बुद्धि फिर कहों कहां
True,False,0.11367473269555431,0.0005627462014631402,93,54,jnanadasa1895__11__r2l17.png,तब ४६ निज मुख निश्चय करिके जोई । श्रुति ना तत्त्वनिवा-
True,False,0.14186046511627906,0.0,95,60,jnanadasa1895__11__r2l18.png,स्योसोई ।। कैसे द्वैत भासहै तबै । अद्वय ब्रह्म भयोथिर जबै ४७
True,False,0.18670520231213872,0.0011560693641618498,98,60,jnanadasa1895__11__r2l19.png,भेद दृष्टि श्रुति बिहित सुजानि । जन्म मरण तेहि होतहै मानि ।।
True,False,0.12209302325581395,0.0029069767441860465,97,47,jnanadasa1895__11__r2l20.png,यह नानत्व बिलोकै जोई । माया करि वंचित नर सोई ।।
True,False,0.07856730213749277,0.0,98,55,jnanadasa1895__11__r2l21.png,४८ परमात्मा अरु ब्रह्म सुजोई । सर्ब भूत ताते भये सोई ।।
True,False,0.07225433526011561,0.003468208092485549,95,57,jnanadasa1895__11__r2l22.png,ताते इनको ब्रह्महि जानौ । ब्रह्म बिना कछु और न मानौ ४९ ।।
True,False,0.03430531732418525,0.0,97,17,jnanadasa1895__12__r3l2.png,अपरोक्षानुभव स० ।
True,False,0.5384615384615384,0.0,54,2,jnanadasa1895__12__line_1518183698106_16.png,१२
True,False,0.11281708945260348,0.01335113484646195,101,36,jnanadasa1895__12__r3l3.png,ब्रह्मैवसर्वनामानि रूपाणिविविधानिच ।
True,False,0.11538461538461539,0.0031525851197982345,99,48,jnanadasa1895__12__r3l4.png,कर्माण्यपिसमग्राणि विभर्तीतिश्रुतिर्जगौ ।। ५० ।।
False,False,0.020895522388059702,0.025373134328358207,99,39,jnanadasa1895__12__r3l5.png,सुवर्णाज्जायमानस्यसुवर्णत्वंचशास्वतम् ।
True,False,0.051451187335092345,0.012532981530343008,97,46,jnanadasa1895__12__r3l6.png,ब्रह्मणोजायमानस्य ब्रह्मत्वंचतथाभवेत् ।। ५१ ।।
True,False,0.03625377643504532,0.0,99,40,jnanadasa1895__12__r3l7.png,स्वल्पमप्यंतरंकृत्वा जीवात्मपरमात्मनोः ।
True,False,0.0764449968924798,0.001243008079552517,106,46,jnanadasa1895__12__r3l8.png,यःसंतिष्ठतिमूढ़ात्माभयंतस्याभिभाषितम् ।। ५२ ।।
False,False,0.02389843166542196,0.0,97,39,jnanadasa1895__12__r3l9.png,यत्राज्ञानाद्भवेद्वैतमितरस्तत्रपश्यति ।
True,False,0.036152356358941255,0.0,109,44,jnanadasa1895__12__r3l10.png,आत्मत्बेनयदासर्वं नेतरस्तत्रचान्यपि ।। ५३ ।।
True,False,0.07703180212014134,0.019081272084805655,100,41,jnanadasa1895__12__r3l11.png,यस्मिन्सर्वाणिभूतानिह्यात्मत्वेनविजानतः ।
True,False,0.4969979986657772,0.01067378252168112,45,40,jnanadasa1895__12__r3l13.png,नवैतस्यभवेन्मोहोनचशोकोद्वितीयतः ।। ५४ ।।
True,False,0.08462455303933254,0.005363528009535161,95,49,jnanadasa1895__12__r3l14.png,नाम रूप सब बिबिध सुजोई । ब्रह्म बिना कछु औरनहोई ।
True,False,0.0642148277875073,0.0,95,54,jnanadasa1895__12__r3l15.png,कर्महु सकल ब्रह्म ही जान । यह श्रुति निश्चय कहत प्रमान
True,False,0.08208092485549133,0.023699421965317918,91,53,jnanadasa1895__12__r3l16.png,५० सुबरण ते उपज्यो है जौन । सो निश्चय सुबरण है तौन ।।
True,False,0.07634032634032634,0.0,98,55,jnanadasa1895__12__r3l17.png,ब्रह्मसों उपजो ब्रह्महि जानौ । यामें संशय कछू न मानौ ५१
True,False,0.05575326215895611,0.0,93,54,jnanadasa1895__12__r3l18.png,जीवात्मा परमातम माहीं । थोरो भेद करत जो आहीं ।। सो मू-
True,False,0.08078476630121177,0.001154068090017311,102,50,jnanadasa1895__12__r3l19.png,ढ़ात्मा निश्चय जानौ । जन्म मरण भयताहि पिछानौ ५२ जा
True,False,0.10880829015544041,0.0017271157167530224,101,57,jnanadasa1895__12__r3l20.png,अज्ञान ते द्वैत सुहोई । और तहां देखत है सोई ।। आत्मा सर्ब
True,False,0.10936591041303083,0.0,95,50,jnanadasa1895__12__r3l21.png,जबै यह जानौ । नहीं और तहँ निश्चय मानौ ५३ जब सब भूत
True,False,0.08564814814814815,0.004050925925925926,91,60,jnanadasa1895__12__r3l22.png,आत्मा जान्यो । तासु द्वैत भ्रम सबै बिलान्यो ।। नहिं तेहि शोक
True,False,0.11764705882352941,0.0,97,38,jnanadasa1895__12__r3l23.png,मोह भय जोई । अद्वितीय जानेते सोई ५४ ।।
False,True,0.006980802792321117,0.03315881326352531,87,17,jnanadasa1895__13__r1l1.png,अपरोक्षानुभव स० ।
False,False,0.025,0.0,92,2,jnanadasa1895__13__r1l2.png,१३
True,False,0.03403565640194489,0.012965964343598054,96,38,jnanadasa1895__13__r1l3.png,अयमात्माहिब्रह्मैवसर्वात्मकतयास्थितः ।
True,False,0.402834008097166,0.0,94,48,jnanadasa1895__13__r1l5.png,इतिनिर्द्धारतंश्रुत्वा वृहदारण्यसंस्थया ।। ५५ ।।
True,True,0.6777434312210201,0.04250386398763524,87,36,jnanadasa1895__13__r1l6.png,अनुभूतोप्ययंलोको व्यवहारक्षमोपिसन् ।
True,False,0.056049213943950786,0.00683526999316473,101,39,jnanadasa1895__13__r1l7.png,असदयोयथास्वप्न उत्तरक्षणवाधृतः ।। ५६ ।।
True,False,0.06754658385093168,0.0007763975155279503,104,37,jnanadasa1895__13__r1l8.png,स्वप्नोजागरणेलोकः स्वप्नोपिजागरेनहि ।
True,False,0.5914051841746248,0.022510231923601638,88,42,jnanadasa1895__13__r1l9.png,द्वयमेवलयेनास्तिलयोपिह्युभयोर्नहि ।। ५७ ।।
False,False,0.02467232074016962,0.025443330763299923,86,40,jnanadasa1895__13__r1l10.png,त्रयमेव भवेन्मिथ्या गुणत्रयविनिर्मितम् ।
True,False,0.0328580285182889,0.0,97,49,jnanadasa1895__13__r1l11.png,अस्यद्रष्टागुणातीतो नित्योह्येकचिदात्मकः ।। ५८ ।।
True,False,0.060167555217060166,0.012947448591012947,95,41,jnanadasa1895__13__r1l12.png,यद्वन्मृदिधटभ्रांतिः शुक्तोवारजतस्थितिः ।
True,False,0.7041866849691146,0.0,86,45,jnanadasa1895__13__r1l13.png,तद्ब्रह्मणिजीवत्वंवीक्ष्यमाणेनपश्यति ।। ५९ ।।
True,False,0.05125148986889154,0.0,86,55,jnanadasa1895__13__r1l14.png,यह जीवात्मा ब्रह्महिजाने । सर्बात्मक ताकोयहि माने ।। यह
True,False,0.09548313321898227,0.007432818753573471,86,56,jnanadasa1895__13__r1l15.png,निर्द्धार कियो श्रुति सही । वृहदारण्य विषयसोकही ५५ या जग
True,False,0.05577918343875791,0.017251293847038527,86,53,jnanadasa1895__13__r1l16.png,के ब्योहार सु जोई । अनुभव करिके देख्यो सोई ।। असत रूप
True,False,0.052204176334106726,0.014501160092807424,87,57,jnanadasa1895__13__r1l17.png,ज्यों सुप्ना जोय । जागतही नाश्यो सब सोय ५६ स्वप्नो जाग्रत
True,False,0.08566433566433566,0.0,85,64,jnanadasa1895__13__r1l19.png,में नहिं होई । जाग्रत स्वप्न माहिं नहिं कोई ।। दोऊ सुषुप्त माहिं
True,False,0.08657757117954677,0.010459035444509006,87,61,jnanadasa1895__13__r1l20.png,नहिं पइये ।। दोउनमें सुषुप्त नहिं लहिये ५७ तातें तीनों मिथ्या
True,False,0.0994733762434172,0.021064950263311878,82,55,jnanadasa1895__13__r1l21.png,जानौ । तीनों गुण करि निर्मित मानौ ।। इनको द्रष्टा एक सु
True,False,0.08675534991324466,0.017929438982070563,84,57,jnanadasa1895__13__r1l22.png,जोई । गुणातीत चित नित्य जु सोई ५८ ज्यों मृतिका घट भ्रांति
True,False,0.0739231664726426,0.02619324796274738,83,65,jnanadasa1895__13__r1l23.png,सु जोई ।। शुक्तिमें रजत भ्रमहै सोई ।। त्यों ब्रह्म माहिं जीव भ्रम
True,False,0.08995137763371151,0.0,88,33,jnanadasa1895__13__r1l24.png,होई । किये बिचार न दीखै कोई ५९ ।।
True,True,0.4766260162601626,0.061991869918699184,62,24,nivajakavi1895__00a__r2l27.png,श्री गुरुचरणकमलेभ्यो नम:
True,True,0.4784,0.132,60,17,nivajakavi1895__00a__r2l37.png,शकुन्तला उपाख्यान
True,True,0.5640547263681592,0.19527363184079602,48,39,nivajakavi1895__00a__r2l55.png,श्रीयुत कबिकुलकमलप्राभाकर कालिदासबिरचित
True,False,0.3983050847457627,0.0,48,8,nivajakavi1895__00a__r2l63.png,जिसको कि
True,True,0.21936459909228442,0.17246596066565809,58,33,nivajakavi1895__00a__line_1518177767912_159.png,निवाज कबि ने अनेक मनोहर छंदों में
True,True,0.4914004914004914,0.11547911547911548,62,26,nivajakavi1895__00a__r2l81.png,संस्कृत नाटक से उल्था किया
True,True,0.4217391304347826,0.24906832298136647,50,39,nivajakavi1895__00a__line_1518177741603_158.png,प्रथम चौधरी अयोध्याप्रसाद व पंडित लालमन
True,True,0.45112781954887216,0.08270676691729323,52,31,nivajakavi1895__00a__line_1518177730684_157.png,ने छपवाकर रसिकजनों के बिनोदार्थ
True,True,0.3983050847457627,0.06779661016949153,58,16,nivajakavi1895__00a__r2l107.png,प्रकाशित किया था
True,False,0.35344827586206895,0.0,56,2,nivajakavi1895__00a__r2l115.png,और
True,True,0.2911073825503356,0.03355704697986577,64,26,nivajakavi1895__00a__r2l122.png,अब श्री पण्डित लालमन जी की
True,True,0.5402010050251256,0.07788944723618091,70,10,nivajakavi1895__00a__r2l130.png,आज्ञानुसार
True,True,0.4375,0.05859375,50,8,nivajakavi1895__00a__r2l137.png,प्रथमबार
True,True,0.40053763440860213,0.051075268817204304,58,4,nivajakavi1895__00a__r2l144.png,लखनऊ
True,True,0.45624195624195624,0.12676962676962678,46,46,nivajakavi1895__00a__r2l152.png,"मुंशी नवलकिशोर (सी, आई, ई) के छापेखाने में छपी"
True,True,0.4215189873417722,0.10632911392405063,56,20,nivajakavi1895__00a__r2l158.png,फ़रवरी सन् १८९५ ई० ॥
True,True,0.5572755417956656,0.06656346749226007,46,39,nivajakavi1895__00a__r2l165.png,हक़तसनीफ़ महफ़ूज़है बहक़ नवलकिशोर प्रेस
True,True,0.3762135922330097,0.05825242718446602,60,14,nivajakavi1895__00a__r2l176.png,३ जुज़ २ वर्क़
True,True,0.6437707247749882,0.0738986262434865,100,47,nivajakavi1895__00b__r2l1.png,इस मतबे में जितने प्रकारकी काब्यकी पुस्तकैं छपी
True,False,0.5360623781676414,0.009096816114359974,113,36,nivajakavi1895__00b__r2l2.png,हैं उनमें से कुछ नीचे लिखीजाती हैं ॥
True,False,0.5945945945945946,0.0,85,12,nivajakavi1895__00b__r2l4.png,नवीनसंग्रह ॥
True,True,0.47687007874015747,0.13730314960629922,116,51,nivajakavi1895__00b__r2l5.png,जिसमें भक्तभयहारी कुञ्जविहारी रसिकशिरोमणि श्रीकृष्ण
True,True,0.2801703738760057,0.11831519167061051,119,54,nivajakavi1895__00b__r2l6.png,चन्द्र और श्रीराधिकाजीके लीलाविषयक नानाप्रकारके अत्यु-
True,True,0.5319849482596425,0.10018814675446848,96,57,nivajakavi1895__00b__r2l8.png,त्तम कबित्त और सवैयादि वर्णितहैं जिसको हफ़ीजुल्लाहखांसां-
True,True,0.5246971109040075,0.13560111835973904,74,56,nivajakavi1895__00b__r2l9.png,ड़ीनिवासि सुदर्रिस मदर्सा मौज़ा बन्नापुर परगनै बंगर थाना
True,True,0.5298472929199445,0.13373438223044887,97,53,nivajakavi1895__00b__r2l12.png,बघौली स्टेशन ज़िला हरदोई ने अपने शौक़ीन दोस्तोंके दि-
True,False,0.2778993435448578,0.019146608315098467,106,45,nivajakavi1895__00b__r2l13.png,लबहलानेके निमित्त अति परिश्रमसे संग्रह किया ॥
True,True,0.8892857142857142,0.07976190476190476,114,19,nivajakavi1895__00b__r2l14.png,षट्ऋतुकाव्यसंग्रह ॥
True,True,0.45485939812530835,0.14306857424765665,121,58,nivajakavi1895__00b__r2l15.png,"हफ़ीतुल्लाहख़ां संग्रहीत जिसमें वसन्त, ग्रीष्म, वर्षा, शरद"
True,True,0.2469368520263902,0.30442978322337416,133,52,nivajakavi1895__00b__line_1518177958743_163.png,"हेमन्त, शिशिर, छओ ऋतुओंके कबित्त व सवैया ऐसे२ अत्यु-"
True,True,0.20102373196835738,0.23406235458352723,134,54,nivajakavi1895__00b__r2l18.png,"त्तम लहलहे रँगीले परमचुहचुहे रसीले, अपने रसिकमित्रों व"
True,True,0.3011100832562442,0.16281221091581868,127,55,nivajakavi1895__00b__line_1518177950750_162.png,रंगीन तबीयतवाले महाशयोंके चित्तविनोदार्थ बड़े परिश्रमसे
True,False,0.4226267880364109,0.02080624187256177,101,23,nivajakavi1895__00b__r2l21.png,छांट २ कर लिखेगये हैं ॥
True,True,0.7983193277310925,0.07226890756302522,100,15,nivajakavi1895__00b__r2l22.png,प्रेमतरङ्गिनी ॥
True,True,0.541604384653712,0.09367214748380667,69,55,nivajakavi1895__00b__r2l23.png,मुंशीहफ़ीजुल्लाहख़ां संग्रहीत इसमें चित्रविचित्र सामयिक
True,True,0.5487347703842549,0.302717900656045,116,57,nivajakavi1895__00b__line_1518177922801_161.png,देवपक्ष व प्रत्येक ऋतुओं के कबित्त सवैया हरएक कविके बनाये
True,True,0.18236940298507462,0.14365671641791045,134,53,nivajakavi1895__00b__r2l27.png,हुये संग्रह किये गये हैं इसकी उत्तमता देखनेहीसे मालूम
True,False,0.29916897506925205,0.00554016620498615,91,9,nivajakavi1895__00b__r2l28.png,होती है ॥
True,False,0.739963503649635,0.021897810218978103,99,25,nivajakavi1895__00b__r2l29.png,हफ़ीजुल्लाहखांका हज़ारा ॥
True,True,0.24836272040302268,0.3858942065491184,139,49,nivajakavi1895__00b__r2l30.png,इसमें नानाप्रकार के बहुतही उत्तम २ सब १९८४ कबित्त
True,True,0.2629350893697084,0.4553151458137347,146,61,nivajakavi1895__00b__line_1518177902275_160.png,लिखे गये हैं स्थान २ पर तसवीरैं भी बनी हैं ऐसा ग्रंथ कबित्तों
True,True,0.5042816365366318,0.24595623215984777,90,51,nivajakavi1895__00b__r2l33.png,का संग्रह कियाहुआ आजतक देखनेमेंनहीं आया उत्तमता दे-
True,False,0.2025375939849624,0.010808270676691729,157,55,nivajakavi1895__00b__r2l35.png,खनेसे प्रकटहोगी रसिकपुरुषोंके लिये अत्यन्त आनन्दकारीहै॥
True,True,0.515527950310559,0.3002070393374741,73,14,nivajakavi1895__01__line_1518178165248_167.png,श्रीगणेशाय नमः
True,False,0.375,0.0,90,12,nivajakavi1895__01__r2l3.png,कथाप्रारंभ ॥
True,False,0.17038539553752535,0.0,98,10,nivajakavi1895__01__r2l4.png,काब्य बद्ध
True,False,0.32105263157894737,0.01291866028708134,98,46,nivajakavi1895__01__line_1518178128561_166.png,शकुन्तला दुष्यन्त के गन्धर्व विवाह के विषय में
True,False,0.5684647302904564,0.0,85,5,nivajakavi1895__01__r2l8.png,सवैया
True,False,0.6561264822134387,0.025691699604743084,91,36,nivajakavi1895__01__r2l9.png,एक समय मुनिनायक कौशिक कानन जाय महातप
True,True,0.4177057356608479,0.033042394014962596,83,46,nivajakavi1895__01__r2l11.png,कीन्हों । देह को दीन्होंकलेश महा मिटि भेष गयोन
True,False,0.32299393122049896,0.0033715441672285905,77,44,nivajakavi1895__01__r2l16.png,"परै कछु चीन्हों ॥ निशिबासर नेमकियो ही निवाज,"
True,False,0.5519023015500235,0.0,87,47,nivajakavi1895__01__line_1518178091755_165.png,निरंजन के पद मैं चित दीन्हों । साधिकै योग को आ-
True,True,0.6364481636448164,0.27708042770804275,59,49,nivajakavi1895__01__line_1518178084182_164.png,सन यों इन्द्रासन इन्द्र को चाहत लीन्हों ८ अन्हैबे
True,False,0.6044568245125348,0.003714020427112349,90,42,nivajakavi1895__01__r2l29.png,कों तीरथ कोऊ बचो न फिस्यो सिगरीं सरतानि के
True,True,0.28624363131079206,0.03242241778601204,76,46,nivajakavi1895__01__r2l30.png,कूलनि । चारिहू आगि के बीच में बैठि सह्यो सविता
True,False,0.5871301080319399,0.02160638797557539,85,41,nivajakavi1895__01__r2l32.png,सन्ताप के शूलनि ॥ धूम को पान अमान कियो पग
True,False,0.4118470149253731,0.025186567164179104,76,41,nivajakavi1895__01__r2l34.png,ऊरध बांधि अधोमुख झूलनि । चौंसठि साल विशाल
True,True,0.43943826799297836,0.05090696313633704,46,36,nivajakavi1895__01__r2l38.png,ऋषीश्वर खाइ रह्यो बन के फल फूलनि ९ ॥
True,False,0.362962962962963,0.005555555555555556,95,12,nivajakavi1895__01__r2l40.png,घनाक्षरी छंद
True,True,0.5613160518444666,0.0707876370887338,88,43,nivajakavi1895__01__r2l41.png,धूपके दिननि हेरैमन मुख सूरज सों सन्मुख चाहे
True,False,0.29967274427302476,0.004675081813931743,78,43,nivajakavi1895__01__r2l42.png,अरु प्रबल अनल वारि धरि कें । जाड़े के दिननि
True,True,0.2222222222222222,0.11428571428571428,59,3,nivajakavi1895__02__line_1518178386119_171.png,(२)
True,True,0.27658582089552236,0.08022388059701492,132,44,nivajakavi1895__02__r2l1.png,यों रहत जल सोइबैठि रहत नदीमें गरे लों जल भरि
True,True,0.38161029061457835,0.07003334921391138,121,47,nivajakavi1895__02__r2l3.png,कें ॥ देखि विश्वामित्रको बिशालनेम संयमयों अतिही
True,True,0.24988301357042583,0.13617220402433317,144,47,nivajakavi1895__02__r2l4.png,सुरेश सो सरल भयो डरिकें । मन को प्रपंच करिबेकों
True,True,0.32740046838407494,0.041217798594847775,134,46,nivajakavi1895__02__r2l5.png,मघवाने तब मेनका बुलाई सन्मान बड़ों करिकें १० ॥
True,True,0.33932912007778315,0.052989790957705396,122,41,nivajakavi1895__02__r2l6.png,दोहा । आदर देखि सुरेशको हरषति हिरदयखोलि ।
True,True,0.24833702882483372,0.04988913525498891,132,34,nivajakavi1895__02__r2l7.png,याविधितबमघवानसों उठीमेनकाबोलि ११ ॥
True,True,0.2900269541778976,0.26738544474393533,129,46,nivajakavi1895__02__r2l9.png,घनाक्षरी छन्द । और की कहाहै ब्रह्म हरिहरहू कों
True,True,0.23632075471698114,0.14669811320754716,134,43,nivajakavi1895__02__r2l11.png,जो कहो तो मन्मथ बश काम करि आऊं सो । मेरेमहा
True,True,0.41042345276872966,0.05956258724988367,89,45,nivajakavi1895__02__r2l14.png,मोह में ठहरि सको छिन भरि ऐसो तिहूंलोक में मैं
True,True,0.2140858208955224,0.04151119402985075,125,44,nivajakavi1895__02__line_1518178344063_169.png,योगी ठहराऊं सो ॥ विश्वामित्र जू को जप तप नेम
True,True,0.2576255279211638,0.0689816987329892,104,42,nivajakavi1895__02__r2l19.png,संयम घरी में खोइ आऊं नेक अवसु करिपाऊं सो ।
True,True,0.21288782816229118,0.09021479713603818,144,44,nivajakavi1895__02__r2l21.png,मुनि के जो मेनकेत नाच गान चाउ महाराजकी दुहाई
True,True,0.28742994395516414,0.07285828662930344,121,25,nivajakavi1895__02__r2l22.png,मैं न मैनका कहाऊं सो १२ ॥
True,False,0.16933867735470942,0.02555110220440882,136,43,nivajakavi1895__02__r2l23.png,छप्पै । गहिकर बीन प्रवीन निपटपरवीन पियारी ।
True,True,0.31876484560570073,0.052731591448931116,98,42,nivajakavi1895__02__line_1518178314630_168.png,चढ़ि बिमान असमान लोकतें भूमि सिधारी ॥ सोरह
True,True,0.2656758012076173,0.09614491407338598,123,41,nivajakavi1895__02__r2l29.png,करि शृंगार पहरि द्वादश आभूषण । लखि जु अंग
True,True,0.20441729323308272,0.08411654135338346,124,43,nivajakavi1895__02__r2l30.png,की ज्योति गये छिपि शशि अरुपूषण ॥ तप भंग कर-
True,True,0.2958199356913183,0.08773541570969223,105,43,nivajakavi1895__02__r2l31.png,न की बेलि सी फुरसति सी फूलीफली । मूरति बनाइ
True,True,0.2298728813559322,0.03336864406779661,140,36,nivajakavi1895__02__r2l33.png,निज मोहनी मुनिके मनहिं मोहन चली १३ ॥
True,True,0.27839195979899495,0.036683417085427134,108,40,nivajakavi1895__02__r2l35.png,हरिगीत छन्द । सुखिचंद की नहिं होति अब ल-
True,True,0.2242817423540315,0.051899907321594066,128,44,nivajakavi1895__02__r2l36.png,खि ज्योति जा मुखचंदकी । लरिव चरनकर सुखमा भजी
True,False,0.2484988452655889,0.02771362586605081,120,42,nivajakavi1895__02__r2l38.png,सुखमा सरोरुहचंदकी ॥ लखि नैन जाके ललित खंजन
True,True,0.26651270207852196,0.03094688221709007,137,43,nivajakavi1895__02__r2l39.png,मीन अरु मृगनैन की । मुनिमैन के बश करन को उ-
True,True,0.27813357731015553,0.07410795974382434,109,21,nivajakavi1895__02__r2l40.png,तरी तपोबन मेन की १४ ॥
True,False,0.27427427427427425,0.0,132,37,nivajakavi1895__02__r2l41.png,हरिगीत छंद । फहरात अंचल नैन चंचल निपट
True,True,0.17682926829268292,0.1402439024390244,54,3,nivajakavi1895__03__line_1518178496948_173.png,(३)
True,True,0.17693376563223714,0.03195924038906901,115,42,nivajakavi1895__03__r2l2.png,लचकत लंफतें । करत विविधकटाक्ष अलपत रागऊंचे
True,True,0.502854177477945,0.05812143227815257,97,54,nivajakavi1895__03__r2l4.png,सुरनतें ॥ सुनिरागके मृदु सुरनिमुनि दृगखोलिदीन्हें ध्या
True,False,0.09475150952159778,0.009289363678588018,131,48,nivajakavi1895__03__r2l7.png,न तें । छबि लखत लूट्यों तपजुछूट्यो छुट्यो ऋषि तप
True,False,0.3083778966131907,0.0,87,13,nivajakavi1895__03__r2l8.png,ज्ञानतें १५ ॥
True,False,0.21859039836567926,0.02093973442288049,134,43,nivajakavi1895__03__r2l9.png,चौपाई । मास्यो मन्मथ साधि शरासन । छोड़ि दि-
True,True,0.19341372912801486,0.06029684601113173,131,41,nivajakavi1895__03__r2l10.png,यो मुनि योग को आसन ॥ जप तप संयम धर्म नशा-
True,True,0.2042910447761194,0.05037313432835821,125,43,nivajakavi1895__03__r2l11.png,यो । मोहि मेनका के ढिग आयो ॥ अंग अंग सों आ-
True,True,0.42035187826913933,0.048026628625772706,88,44,nivajakavi1895__03__r2l12.png,नि लगायो । योग कियेको फल मनु पायो ॥ एक मुहू-
True,True,0.21428571428571427,0.0700280112044818,139,44,nivajakavi1895__03__r2l14.png,रत के सुख कारन । खोयो तप करिबर्ष हजारन ॥ पी-
True,True,0.3043682480037576,0.040394551432597466,109,46,nivajakavi1895__03__r2l16.png,छे निकट बहुत पछितानो । वा बन तें मुनि अनत परा-
True,False,0.373190098085007,0.025688930406352173,98,47,nivajakavi1895__03__r2l19.png,नो ॥ गर्भ मेनका कीन्हों धारन । तब सो मन में लगी
True,True,0.1218369259606373,0.08247422680412371,126,45,nivajakavi1895__03__r2l20.png,बिचारन ॥ नर गर्भहि ले कें जो जावै । तो सुरपुर
True,False,0.16936251189343482,0.017126546146527116,128,44,nivajakavi1895__03__r2l21.png,महँ पैठि न पावे ॥ भई सुता नौ मास भये जब । गई
True,True,0.19488817891373802,0.037539936102236424,122,25,nivajakavi1895__03__r2l22.png,मेनका सुरपुर को तब ॥ १६ ॥
True,True,0.21164556962025316,0.06329113924050633,124,40,nivajakavi1895__03__r2l23.png,सवैया । डर डारि सुता कों गई सुरलोकहि दूध
True,False,0.3580074487895717,0.017690875232774673,95,43,nivajakavi1895__03__r2l25.png,पियायो न एक घरी । यह जानि कें मानस की जन्मी
True,True,0.2597098736546561,0.03837154890032756,103,45,nivajakavi1895__03__r2l28.png,कछु मेनका नेकु दयानधरी ॥ कुलमाहिंन कोऊ जोराखे
True,True,0.27231920199501247,0.04937655860349127,123,47,nivajakavi1895__03__r2l31.png,कहूं वह काहे को धौं करतार करी । सुधिलेबे की कोऊ
True,True,0.32215122470713525,0.04792332268370607,85,44,nivajakavi1895__03__line_1518178512982_174.png,नहीं सँगमें बन सूने शकुन्तला रोवे परी ॥ १७ ॥
True,False,0.2001008064516129,0.01310483870967742,113,46,nivajakavi1895__03__r2l38.png,सवैया । न्हैबेकों जाय कढ़्यो तिहि मारग देखि के
True,False,0.16752456715021058,0.029480580252690687,114,46,nivajakavi1895__03__r2l39.png,कण्व कृपा अति कीन्ही । देव कि दानवकै नर की कि-
True,True,0.23449248120300753,0.06484962406015038,118,49,nivajakavi1895__03__r2l40.png,धौं नाग की है न परै कुछचीन्ही ॥ सुंदर ऐसी सुताकि-
True,True,0.35235849056603774,0.052830188679245285,101,49,nivajakavi1895__03__r2l41.png,हि कारण को बन में गहि डारि धों दीन्ही । रोवे अके-
True,True,0.344392523364486,0.04018691588785047,100,44,nivajakavi1895__03__r2l43.png,ली परी बनमें ऋषिआय उठाय शकुन्तला लीन्ही १८ ॥
True,False,0.4255111976630964,0.01557935735150925,104,42,nivajakavi1895__03__r2l44.png,दोहा । लीहें सुता शकुन्तला कलपत आश्रम आय ।
True,True,0.1762917933130699,0.17325227963525835,54,3,nivajakavi1895__04__line_1518178682169_175.png,(४)
True,False,0.41089108910891087,0.023762376237623763,80,44,nivajakavi1895__04__r2l2.png,कह्यो गौतमी बहनि सों याकों देहु जिवाय ॥ १९ ॥
True,True,0.3036701860231272,0.10457516339869281,59,43,nivajakavi1895__04__line_1518178686863_176.png,छप्पै । सुन्दर गात निहारि गौतमी गरैं लगाई ।
True,False,0.3091579594345421,0.008604794099569761,74,47,nivajakavi1895__04__r2l5.png,आयुर्बल तें जिअत नहीं करि यतन जिवाई ॥ करैं कृपा
True,False,0.2539298669891173,0.006650544135429262,89,40,nivajakavi1895__04__r2l8.png,ऋषि बहुत सबै सबके मन भाई । सकल तपोबन मा-
True,True,0.4619289340101523,0.03784033225657591,80,47,nivajakavi1895__04__r2l10.png,हिं कण्वकी सुता कहाई ॥ दिन दिन कन्या बढ़त प्रभा
True,True,0.3143884892086331,0.030215827338129497,71,43,nivajakavi1895__04__r2l12.png,छबि अंग अंग फैलिनलगी । गहिबांह सखिनि के संग
True,True,0.22617124394184168,0.22697899838449112,54,26,nivajakavi1895__04__line_1518178697254_177.png,द्रुमनछांह खेलन लगी ॥ २० ॥
True,True,0.44250513347022585,0.044147843942505136,72,43,nivajakavi1895__04__r2l17.png,दोहा । शकुन्तला सँग दुइ सखी रहतीं आठौ याम ।
True,False,0.42257462686567165,0.01585820895522388,76,41,nivajakavi1895__04__r2l18.png,यक अनसूया नाम अरु प्रियम्बदा यकनाम ॥ २१ ॥
True,True,0.3141122913505311,0.03186646433990895,74,43,nivajakavi1895__04__r2l21.png,सवैया । बैस हैं तीनों समान सखीं दिन हूं दिन
True,True,0.4372822299651568,0.06097560975609756,47,58,nivajakavi1895__04__r2l29.png,तीनहुं प्रीतिबढ़ाई । प्राण तिहूंनके ह्वैरहे यों यक देह में
True,True,0.33117932148626816,0.11954765751211632,49,46,nivajakavi1895__04__r2l38.png,तीनहुं देह दिखाई ॥ शोभा तिहूंन के अंगनि की कबि
True,False,0.3791130185979971,0.0195517405817835,81,49,nivajakavi1895__04__line_1518178759449_181.png,केतो करे बरणी नहिं जाई । राखी तिहूंन के अंगनि में
True,True,0.3688673531193216,0.06359781950333132,81,35,nivajakavi1895__04__line_1518178750465_180.png,बिधि तीनहुं लोक की सुन्दरताई ॥ २२ ॥
True,False,0.4865211810012837,0.023106546854942234,77,40,nivajakavi1895__04__r2l54.png,सवैया । काम कमान चढ़ाइ मनो जबहीं कसि कें
True,False,0.17926565874730022,0.0,73,51,nivajakavi1895__04__r2l61.png,कहुं मोंहनि फेरे । बात कहे हँसि कें जबहीं तब श्रौन-
True,True,0.24782608695652175,0.03130434782608696,65,47,nivajakavi1895__04__r2l69.png,नि माहिं सुधासो निचोरे ॥ जामग ह्वैके धरे पगतामग
True,True,0.3724381625441696,0.06925795053003533,70,50,nivajakavi1895__04__r2l76.png,आनि अनंग अगारू ह्वै दौरे । सुन्दर हैं वे तीनोंसखीं
True,False,0.3281423804226919,0.028921023359288096,70,33,nivajakavi1895__04__r2l82.png,पै शकुन्तला की छविहै कछु औरे २३ ॥
True,False,0.37579306979014154,0.027818448023426062,94,45,nivajakavi1895__04__r2l88.png,दोहा । कछुकदिनन में कण्व मुनि बनते कियोपयान ।
True,True,0.3002159827213823,0.03725701943844492,71,35,nivajakavi1895__04__r2l90.png,आश्रमराखिशकुन्तलातीरथचल्योनहान २४ ॥
True,True,0.39028056112224446,0.052104208416833664,80,44,nivajakavi1895__04__r2l91.png,सवैया । कछु खैबे कों माँगो चहो जब हीं तब हीं
True,False,0.4332706766917293,0.015977443609022556,92,43,nivajakavi1895__04__r2l92.png,तुम गौतमी सों कहियो। ऋषि आवे जो कोऊइतै तिहि
True,True,0.4616096207215541,0.07955596669750231,86,41,nivajakavi1895__04__line_1661353804255_1767.png,को करि आदर पांइन को गहियो ॥ यह सीख शकुन्त
True,True,0.36672794117647056,0.08272058823529412,85,44,nivajakavi1895__04__line_1661353822578_1777.png,लै दै जू गयो हवै उदास कछू करियो न हियो । कछु
True,True,0.18042813455657492,0.08868501529051988,60,3,nivajakavi1895__05__line_1518178900848_182.png,(५)
True,False,0.2637571157495256,0.027039848197343452,74,46,nivajakavi1895__05__r1l2.png,द्योसनि में फिरि आवतु हों तब लों तुम आनन्द सों
True,False,0.3270321361058601,0.0,86,10,nivajakavi1895__05__r1l3.png,रहियो २५ ॥
True,False,0.5198291641244661,0.017083587553386213,86,38,nivajakavi1895__05__r1l5.png,लागी रहन बाप बिन बनमें । भई उदासी कछुक
True,False,0.3453103126458236,0.00979934671021932,74,43,nivajakavi1895__05__r1l7.png,दिनन में ॥ आश्रम कोउ अतीत जो आवे । ताकों आ-
True,True,0.25046992481203006,0.042293233082706765,78,48,nivajakavi1895__05__r1l9.png,दर निपट दिवावे ॥ पासहि के तंदुल गहि ध्यावे । मृग
True,False,0.44848771266540643,0.019376181474480152,54,45,nivajakavi1895__05__r1l11.png,छौननि कों आनि खवावे ॥ पानी भरि मूलनि ढरकावे ।
True,True,0.3125585754451734,0.038425492033739454,92,50,nivajakavi1895__05__line_1518178979493_187.png,छोटे छोटे द्रुमनि बढ़ावे ॥ सोई करै जो यह कछुभाखै ।
True,True,0.35313531353135313,0.05752003771805752,59,44,nivajakavi1895__05__r1l17.png,जियतें अधिक गौतमी राखे ॥ शकुन्तला को सुख बहु
True,True,0.3095693779904306,0.04832535885167464,61,44,nivajakavi1895__05__r1l19.png,चाहति । दोऊ सखियन सँग में राखति ॥ बालबैस बहु
True,False,0.27655591951333647,0.021993448759943846,76,40,nivajakavi1895__05__r1l20.png,द्योस बिताई । झलकनि लगी कछुक तरुणाई २६ ॥
True,False,0.5857902368293861,0.006283228612856452,82,40,nivajakavi1895__05__r1l21.png,घनाक्षरी । बिसरन लागो बालापनको अयनप सखिन
True,False,0.28739416745061147,0.00940733772342427,64,44,nivajakavi1895__05__r1l22.png,सों सयानप की बतियां गढ़न लगी । दृगलगि तिरीछे
True,True,0.26127819548872183,0.04887218045112782,60,44,nivajakavi1895__05__line_1518178958410_186.png,चलनि पग मन्द लागे उर में कछुक उसांसे सी चढ़न
True,False,0.3776944704779756,0.011715089034676664,81,39,nivajakavi1895__05__line_1518178951537_185.png,लगी ॥ अंगनि में आई तरुणाई की झलक लरिकाई
True,True,0.39297423887587823,0.07494145199063232,68,45,nivajakavi1895__05__r1l31.png,अब देह तें हरें हरें कढ़नलगी । होन लागी कटिया
True,False,0.26398104265402844,0.0,79,46,nivajakavi1895__05__line_1518178939856_184.png,वचटिकें छला सी ह्वैज चन्द्र की कला सी तन दीपति
True,False,0.4092140921409214,0.016260162601626018,88,13,nivajakavi1895__05__r1l39.png,बढ़न लगी २७ ॥
True,True,0.34115884115884115,0.08391608391608392,58,46,nivajakavi1895__05__line_1661353905018_1797.png,चौपाई । बनहू मैं नहिं दुरति दुराई । शकुन्तलाकी
True,True,0.5877152163797115,0.05211726384364821,80,48,nivajakavi1895__05__r1l47.png,सुन्दरताई ॥ जनु बिरंचि कर आपु बनाई । देखे तें मन
True,True,0.6475029036004646,0.04355400696864112,90,46,nivajakavi1895__05__r1l49.png,सुधा सिराई । वह उपमा बरणी नहिं जाई । पूर्व कथा
True,False,0.3506200676437429,0.02818489289740699,79,17,nivajakavi1895__05__r1l50.png,भारत में गाई २८ ॥
True,True,0.5044052863436124,0.05286343612334802,50,43,nivajakavi1895__05__r1l51.png,घनाक्षरी । मृग के चर्म ही को पहिरैंदुकूल और
True,False,0.3143507972665148,0.0,65,49,nivajakavi1895__05__r1l55.png,गहने की कहा है न गरे में जाकें पोति है । तोऊ जाके
True,True,0.3692596063730084,0.09840674789128398,52,46,nivajakavi1895__05__r1l59.png,अंग अंग रूपके तरंग उठें सुन्दर अनंग मानों अगनि
True,True,0.4349442379182156,0.040427509293680296,80,48,nivajakavi1895__05__r1l60.png,की सोति है ॥ देह में निवाज ज्यों ज्यों जोबन बढ़त
True,True,0.22839506172839505,0.12345679012345678,76,3,nivajakavi1895__06__line_1518179085825_189.png,(६)
True,True,0.2593274988484569,0.14785812989405803,133,48,nivajakavi1895__06__r3l1.png,जात त्यों त्यों हरि दिननि बढ़त जात जोति है । छिन
True,True,0.22519612367328104,0.17904937701892015,133,38,nivajakavi1895__06__r3l2.png,और देखिये घरी में कछु और और और छिन छिन
True,True,0.2865051903114187,0.05121107266435986,118,31,nivajakavi1895__06__r3l3.png,घरी घरी औरै द्युति होति है २९ ॥
True,False,0.27548076923076925,0.01201923076923077,116,46,nivajakavi1895__06__r3l4.png,दोहा । सुन्दर वैसो बर मिले शकुन्तला ज्यों आप ।
True,True,0.2588749317312944,0.0496996176952485,132,41,nivajakavi1895__06__r3l6.png,करि है ताको ब्याह यह करीप्रतिज्ञा बाप३ ०॥
True,True,0.24860853432282004,0.14162028447742733,129,34,nivajakavi1895__06__r3l8.png,लागी रहे शकुंतला बन में यह परकार ।
True,True,0.2614130434782609,0.1233695652173913,130,34,nivajakavi1895__06__r3l9.png,एकसमयदुष्यन्तनृप खेलनकढ़योशिकार३१॥
True,False,0.25273088381330683,0.026812313803376366,127,42,nivajakavi1895__06__r3l13.png,घनाक्षरी । रथ असवार दौरे देखिकें शिकार नृप
True,True,0.355800388852884,0.053791315618924175,86,46,nivajakavi1895__06__r3l17.png,कीन्हों श्रम इतनो न जाकी कछु माप है । दिन चढ़ि
True,False,0.386392811296534,0.026957637997432605,66,46,nivajakavi1895__06__r3l20.png,आयो बढ़ि कढ़ि अति दूरे पैन पायो तोऊ यातें चढ़ि
True,True,0.2601209865053513,0.07073057235923685,112,43,nivajakavi1895__06__r3l22.png,आयो तन तापहै ॥ जाय नजकाने घोड़े पवन के समा-
True,True,0.2733847637415622,0.05448408871745419,108,45,nivajakavi1895__06__r3l24.png,ने दौड़े बाण सों मिलाय खैंचि कान लगि चाप है ।
True,True,0.32517321016166284,0.17551963048498845,116,46,nivajakavi1895__06__r3l26.png,आगे तें हरिण भाग्यो ताके नृप संग लागो रही पीछे
True,True,0.1857682619647355,0.042821158690176324,133,32,nivajakavi1895__06__r3l28.png,सबसैना पीछै हिरिना के आप है ३२ ॥
True,True,0.29035532994923857,0.047208121827411166,91,45,nivajakavi1895__06__r3l30.png,सवैया । फोंक लगाय करेरी कमान में कान लों खैं-
True,True,0.16566682048915551,0.1587448084910014,140,46,nivajakavi1895__06__r3l31.png,चि लियो शर सास्यो । चोट करैं जब लों तब लों ऋषि
True,False,0.5039936102236422,0.001597444089456869,89,47,nivajakavi1895__06__r3l35.png,लोगन दूरि तें आनि पुकास्यो ॥ रक्षा ऋषीश्वर लोगन
True,True,0.2733677782996712,0.05918271488961954,99,46,nivajakavi1895__06__r3l39.png,की करिबे कों भयो अवतार तिहारो । हाहा रह्यो मह-
True,True,0.3017994858611825,0.05244215938303342,130,39,nivajakavi1895__06__r3l40.png,राज हमारे तजो बन को मृग है मत मारो ३३ ॥
True,True,0.08545727136431784,0.033483258370814596,128,39,nivajakavi1895__06__line_1518179117873_190.png,चौपाई । ऋषि लोगन यह टेर सुनायो । मृग पर
True,True,0.2914004914004914,0.18132678132678132,126,48,nivajakavi1895__06__r3l45.png,नहिं नृप बाणचलायो ॥ बागें गहि रथ ठाढ़ों कीन्हो ।
True,True,0.19752498810090433,0.15849595430747263,148,45,nivajakavi1895__06__r3l46.png,आशिर्बाद ऋषिन तब दीन्हो ॥ करि प्रणाम नृप पूछौ
True,True,0.23996265172735762,0.13678804855275445,125,41,nivajakavi1895__06__r3l47.png,यह तब । कहो कण्व को आश्रम कहँ अब ॥ आज पाप
True,True,0.2334429309534993,0.054015969938938466,118,46,nivajakavi1895__06__r3l50.png,पुंजनि परि हरें । मुनिवर को चलि दरशन करें ॥ यह
True,False,0.2214828897338403,0.0,122,41,nivajakavi1895__06__r3l51.png,सुनि ऋषिन बहुत सुख पायो । आश्रम निपट नगीच
True,True,0.20414201183431951,0.23076923076923078,59,3,nivajakavi1895__07__line_1518179220143_191.png,(७)
True,False,0.21668219944082012,0.02096924510717614,128,40,nivajakavi1895__07__r1l2.png,बतायो । महाराज अब कछु दिन भये । तीरथ करन
True,True,0.39888268156424583,0.05027932960893855,115,18,nivajakavi1895__07__r1l3.png,कण्व मुनि गये ३४ ॥
True,False,0.23304871923656453,0.0055248618784530384,109,43,nivajakavi1895__07__r1l4.png,चौपाई । शकुन्तला बेटी करि पाली । सौंप्यो ता
True,True,0.23903614457831326,0.04,126,42,nivajakavi1895__07__r1l6.png,कहँ आश्रम खाली ॥ जो महराज वहां लगि जैहैं ।
True,True,0.4489687995769434,0.04970914859862507,76,47,nivajakavi1895__07__r1l9.png,यह सुनि कण्व महा सुखपैहैं ॥ तीरथ न्हाय जबै मुनि
True,True,0.2453358208955224,0.0648320895522388,122,45,nivajakavi1895__07__r1l11.png,अयहैं । शकुन्तला तासों पुनि कहि हैं ॥ यह मुनि
True,False,0.21361940298507462,0.024253731343283583,129,46,nivajakavi1895__07__r1l12.png,बचननृपति मनबैठ्यो । रथतेंउतरि तपोबनपैठ्यो ३५ ॥
True,False,0.2251889168765743,0.028211586901763223,124,36,nivajakavi1895__07__r1l13.png,रथ सारथी समेत टिकायो । आश्रम निकट आप
True,True,0.11512844909609896,0.07516650808753568,136,44,nivajakavi1895__07__r1l14.png,चलि आयो ॥ दक्षिणबाहु लग्यो तबफरकन । प्रफुलि-
True,True,0.2375769048745859,0.03738760056791292,102,40,nivajakavi1895__07__r1l16.png,त भयो महीपति को मन ॥ कछुक दूरि आगे जब आ-
True,True,0.20724907063197026,0.03903345724907063,120,44,nivajakavi1895__07__r1l17.png,यो । सगुन भयो ता कर फल पायो ॥ अद्भुत रूप बैस
True,False,0.23457943925233646,0.014953271028037384,130,47,nivajakavi1895__07__r1l18.png,में नई ॥ बाला तीन नजर परि गई । शीत बात तें नहिं
True,True,0.18197375926982315,0.06332002281802625,119,37,nivajakavi1895__07__r1l19.png,कछु डरें । सब आश्रम की सेवा करें ३६ ॥
True,False,0.3997995991983968,0.026052104208416832,79,43,nivajakavi1895__07__r1l23.png,हरिगीत छन्द । सेवान आश्रमकी तजें अति श्रमि-
True,False,0.3848668846333489,0.02849135917795423,99,48,nivajakavi1895__07__r1l25.png,त ह्वै ह्वै आवतीं । कोमल कमल से करनि सों क्यारीं
True,False,0.2824569567240577,0.015355979525360632,104,42,nivajakavi1895__07__r1l27.png,नवीन बनावतीं ॥ सिगरो तपोबन सींचिबेकों सलिल
True,False,0.254292343387471,0.02134570765661253,128,48,nivajakavi1895__07__r1l28.png,श्रमकरिल्यावतीं । छोटे द्रुमनकेतटनि भरि भरि घटनि
True,True,0.3609865470852018,0.05493273542600897,88,17,nivajakavi1895__07__r1l29.png,को ढुरकावतीं ३७ ॥
True,False,0.17185929648241205,0.02763819095477387,124,43,nivajakavi1895__07__r1l30.png,हरिगीत छन्द । सींचति द्रुमन के थकि गईं तनर-
True,True,0.25960203609440075,0.05876908838500694,123,44,nivajakavi1895__07__r1l31.png,ह्यो श्रमजलछाय है । अति शिथिल सबअंग ह्वै गये
True,True,0.3517657992565056,0.05994423791821561,104,46,nivajakavi1895__07__r1l33.png,डगमगतिधरतीं पांयहैं ॥ खुलिकेशपासरहे बिथुरिभरती
True,True,0.1912593984962406,0.0606203007518797,133,49,nivajakavi1895__07__r1l34.png,उसांस अनंतहैं । तीनोंसखी यों सोहती मानोभये सुरतं-
True,True,0.304145319049837,0.047973917093619006,112,46,nivajakavi1895__07__r1l35.png,तहैं ॥ बिचद्रुमनके हवै जाति बाहर निकसि जोबन की
True,True,0.2527881040892193,0.07434944237918216,121,47,nivajakavi1895__07__r1l36.png,छटा । खुलि गये कच यों तड़ित हूं पर गिरि परी मनु
True,False,0.18858212447356107,0.0,125,47,nivajakavi1895__07__r1l37.png,घन घटा ॥ सिगरे तपोबन में लसति यों गगन में ज्यों
True,True,0.2852760736196319,0.08895705521472393,54,3,nivajakavi1895__08__line_1518179357843_193.png,(८)
True,False,0.32654006484483555,0.0,103,42,nivajakavi1895__08__r3l1.png,शशिकला । यह रूपसों श्रम मुनिन के सो करत बल
True,True,0.2614742698191933,0.0458970792767733,68,14,nivajakavi1895__08__line_1518179369360_194.png,शाकुन्तला ३८ ॥
True,True,0.3935162094763092,0.07680798004987531,87,44,nivajakavi1895__08__r3l5.png,घनाक्षरी छन्द । बानी कहिये तो वह बीन को लिये
True,True,0.352561144439317,0.06322104291647439,106,48,nivajakavi1895__08__r3l7.png,ही रहे मौरी तौ गिरीश अर्द्धंग में लगाई है । कमला
True,False,0.4445475638051044,0.02320185614849188,73,46,nivajakavi1895__08__r3l11.png,न कान्हके हियेते उतरति अरु रमाके सरूप में न ए-
True,False,0.38125303545410394,0.028169014084507043,93,43,nivajakavi1895__08__r3l13.png,ती अधिकाईहै ॥ रति कहिये तो यह बिरोध अतिहीहै
True,True,0.37827352085354027,0.10426770126091174,112,44,nivajakavi1895__08__r3l15.png,अरु याके तो अंगलगि कछुकलरिकाई है । फेरि फेरि
True,True,0.39664022398506765,0.07232851143257116,99,49,nivajakavi1895__08__r3l18.png,बेरि लगि हेरि हेरि हास्यो नृप जानि नाहिंपरी यह को
True,True,0.3067814854682454,0.031216361679224973,79,18,nivajakavi1895__08__r3l20.png,है कहां आई है ३९ ॥
True,True,0.2983425414364641,0.10798593671521849,121,38,nivajakavi1895__08__r3l21.png,घनाक्षरी । निरखि शकुंतला को नखशिख रीझि
True,True,0.41462264150943395,0.05047169811320755,95,46,nivajakavi1895__08__line_1518179424104_197.png,रह्यो आपु तो महीपति निछावरिसोकीन्होसो । भयो है
True,True,0.2631578947368421,0.0656730321378668,108,39,nivajakavi1895__08__r3l25.png,अचंभो रतिरंभोहै न ऐसी आसरूपकोबखानको भयो
True,True,0.3452436194895592,0.06264501160092807,105,48,nivajakavi1895__08__r3l27.png,है बुधिहीनो सो ॥ सो कबि नेवाज शोभासिंधुमें समाने
True,True,0.20518758684576194,0.05974988420565076,104,46,nivajakavi1895__08__r3l31.png,नैन मनु जन मैन के हवाले करि दीन्हो सो । बाढ़यो
True,True,0.20625,0.07596153846153846,121,49,nivajakavi1895__08__r3l33.png,उरप्रेम गहि चित्र लिखि काढ़यो मनो ठाढ़यो नृप ह्वै
True,True,0.268370607028754,0.033226837060702875,82,33,nivajakavi1895__08__r3l35.png,रह्यो ठग्यो सो मोल लीन्हो सो ४० ॥
True,False,0.35107421875,0.017578125,105,43,nivajakavi1895__08__r3l36.png,दोहा । शकुन्तला को रूप लखि सुफल भयोनृपनैन ।
True,True,0.42202835332606325,0.11014176663031625,121,37,nivajakavi1895__08__r3l37.png,श्रवणसुफलचाहतभयो सुनिसुनिमीठेबैन ४१ ॥
True,True,0.5028604118993135,0.07036613272311212,80,38,nivajakavi1895__08__r3l40.png,सघन द्रुमनकी ओटह्वै दृग निमेष बिसराय ।
True,True,0.4402390438247012,0.08366533864541832,120,43,nivajakavi1895__08__r3l46.png,दुरें दुरें देखन लग्यो शकुन्तला के भाय ४२ ॥
True,True,0.17924050632911392,0.11037974683544304,99,43,nivajakavi1895__08__line_1518179378594_195.png,चौपाई । राजहि ये देखहि नहिं कोऊ । पूछन लगीं
True,False,0.4706713780918728,0.02685512367491166,80,48,nivajakavi1895__08__r3l55.png,सहेली दोऊ ॥ शकुन्तलाजो सींचत जेते । मुनिके द्रुम
True,False,0.38472319551506656,0.0161177295024527,90,58,nivajakavi1895__08__r3l59.png,प्यारे कहि तेते ॥ मुनिकें तो प्राणनतें प्यारी । करी द्रुम-
True,True,0.29952830188679247,0.04009433962264151,82,46,nivajakavi1895__08__r3l64.png,निकी सींचनिहारी ॥ बिधिअतिहो सुकुमारि सम्हारी ।
True,False,0.443767572633552,0.007497656982193065,100,43,nivajakavi1895__08__line_1518179385445_196.png,श्रमलायक नहिं देह तिहारी ॥ बतकहाव यों सखियन
True,True,0.1753846153846154,0.10153846153846154,74,3,nivajakavi1895__09__line_1518179530165_198.png,(९)
True,True,0.37517564402810305,0.0702576112412178,94,50,nivajakavi1895__09__r1l2.png,कीन्हो । शकुन्तला यह उत्तर दीन्हो ॥ ये द्रुम जे सब
True,True,0.09129017233348859,0.061015370284117375,138,47,nivajakavi1895__09__line_1518179614222_204.png,देत दिखाई । मैं जानति येही मम भाई ॥ मुनि के कहे
True,True,0.32046511627906976,0.04,94,45,nivajakavi1895__09__r1l13.png,नहीं मैं सींचति । मोहिं मया लागति इन की अति ॥
True,False,0.21157407407407408,0.027777777777777776,113,43,nivajakavi1895__09__r1l15.png,हरिन चर्म की पहिरें आंगी । कसि बँधि गई गड़न
True,True,0.24196597353497165,0.08175803402646503,118,41,nivajakavi1895__09__r1l16.png,उर लागी ॥ कर सों अँगिया खुलत न खोली । अन-
True,False,0.07247058823529412,0.009411764705882352,137,48,nivajakavi1895__09__r1l18.png,सूया सों तब यों बोली ॥ प्रियम्बदा कसि बांधी छति-
True,True,0.3965681601525262,0.06387035271687322,85,40,nivajakavi1895__09__r1l22.png,या । अनसूया ढीली कर अंगिया ॥ अनसूया हंसि
True,True,0.20752941176470588,0.06258823529411765,130,44,nivajakavi1895__09__r1l24.png,अंगिया खोली । प्रियंबदा तब रिस करि बोली ॥ उस
True,False,0.27858142790480633,0.022865142323845077,120,45,nivajakavi1895__09__r1l25.png,सति आवे छिन छिन छतिया । याते गाढ़ी ह्वैगइ अं-
True,False,0.24930362116991645,0.028319405756731662,126,40,nivajakavi1895__09__r1l26.png,गिया ॥ बढ़त जात जोबन की लीला । नाहक मेरो
True,True,0.25325278810408924,0.03903345724907063,125,44,nivajakavi1895__09__r1l27.png,करतीं गीला ॥ शकुन्तला सुनि के शरमानी । सींचन
True,True,0.2755905511811024,0.04678091709124595,116,43,nivajakavi1895__09__line_1518179589352_203.png,लगी द्रुमन भरि पानी ४४ अलि यक छोड़ि कुसुम्भ
True,True,0.284789644012945,0.056865464632454926,105,46,nivajakavi1895__09__r1l30.png,उड़ानो । शकुन्तला मुख पर ठहरानो ॥ सुमुखि सुगंध
True,True,0.18927893738140417,0.03889943074003795,115,41,nivajakavi1895__09__line_1518179579663_202.png,पाय करि मधुकर । बैठ्यो जाय मधुर अधरन पर ॥
True,False,0.29781293624941835,0.02280130293159609,130,41,nivajakavi1895__09__line_1518179574156_201.png,ससकि हाथ तबहीं झहरायो । उड़ि अलि गयो फेरि
True,False,0.1949834358731661,0.022716516800757217,119,45,nivajakavi1895__09__r1l36.png,फिरि आयो ॥ शकुन्तला ह्वांते टरिआई । पीछे भ्र-
True,True,0.2876520112254443,0.07623947614593078,110,39,nivajakavi1895__09__line_1518179563930_200.png,मर लग्यो दुखदाई ॥ शकुन्तला पुनि जित जित
True,False,0.267840593141798,0.015291936978683966,104,42,nivajakavi1895__09__line_1518179555447_199.png,डोले । तित ति भ्रमर गुंजरत बोले ॥ राजा नि-
True,False,0.1521637971149372,0.029315960912052116,123,35,nivajakavi1895__09__r1l43.png,रखत मन अनुरह्यो । मन मन मधुकर सो अस
True,False,0.225531914893617,0.0,99,10,nivajakavi1895__09__r1l44.png,कह्यो ४५ ॥
True,True,0.1790744466800805,0.05432595573440644,125,40,nivajakavi1895__09__r1l46.png,घनाक्षरी छन्द । ओठन समीप गुंजत मड़रातमनो
True,True,0.25093808630394,0.06941838649155722,113,37,nivajakavi1895__09__r1l47.png,बतकही की लगावत लगन हो । चंचल दृगनि की
True,False,0.26328052190121154,0.02096924510717614,125,40,nivajakavi1895__09__r1l48.png,पलनि करी क्षोभित हूं छुओ फिर आनि कर कपोल
True,True,0.43290659080132765,0.08866761498340446,90,40,nivajakavi1895__09__r1l50.png,फल कनीहो ॥ प्यारी ससकनि झहरावति करति तुम
True,True,0.2158406669754516,0.04539138490041686,134,46,nivajakavi1895__09__r1l51.png,उड़ि उड़ि बैठत पियत अधरन हो । दुरि दुरि दूरिही
True,True,0.1609907120743034,0.11455108359133127,64,4,nivajakavi1895__10__line_1518179692548_205.png,(१०)
True,False,0.2832151300236407,0.02458628841607565,132,42,nivajakavi1895__10__r3l2.png,ते देखत खड़े रहत मानो हम कीने काज मधुप तुम
True,True,0.3070739549839228,0.03697749196141479,79,12,nivajakavi1895__10__line_1518179697532_206.png,धन्य हो ४९ ॥
True,True,0.2833562585969739,0.04768454837230628,113,42,nivajakavi1895__10__r3l5.png,चौपाई । शकुंतला केतो कछु करै । सँग ते मधुप
True,True,0.22480260102183,0.05991639572689271,116,47,nivajakavi1895__10__r3l6.png,न टास्यो टरै ॥ बन में मधुकर बहुत सताई । शकुंतला
True,True,0.2546658639373871,0.07947019867549669,115,43,nivajakavi1895__10__r3l7.png,यह टेर सुनाई ॥ सखियहु मोंढिग अरबर आवहु । या
True,True,0.1966213045518536,0.035194744251525106,115,47,nivajakavi1895__10__line_1518179716892_207.png,पापीते मोहिं छुड़ावहु ॥ काटत आप टरत नहिं टारे ।
True,False,0.4740691489361702,0.0199468085106383,74,43,nivajakavi1895__10__r3l16.png,होतु नाहिं कछु हाथन झारे ॥ निरखि सखिन यहहास
True,True,0.23241732650209596,0.03772706101537028,116,45,nivajakavi1895__10__r3l17.png,बढ़ायो । हमको तो बिन काज बुलायो ॥ या गनीम सों
True,True,0.2564935064935065,0.07096474953617811,119,48,nivajakavi1895__10__r3l18.png,आनि बचावे । नृप दुःष्यन्तहि बेगि बुलावे ॥ तब नृप
True,True,0.4267340376665136,0.05879650895728066,77,46,nivajakavi1895__10__r3l22.png,निकसि द्रुमनते आयो । कहो कहो किहतुमहिं सतायो ॥
True,False,0.2715654952076677,0.005020538566864446,113,44,nivajakavi1895__10__r3l24.png,निरखि नृपहि बिन मोल बिकानी । तीनों छकीं डरीं
True,False,0.2719216417910448,0.01585820895522388,90,47,nivajakavi1895__10__r3l27.png,अकुलानी ॥ ठाढ़ी रहि न सकीं नहिं डोलें । जकि सों
True,True,0.26973365617433415,0.04261501210653753,95,47,nivajakavi1895__10__line_1518179743743_208.png,रहीं कछु नहिं बोलें ॥ अनसूया तब मन दृढ़कीन्हो ।
True,False,0.4765045342126958,0.02225886232481451,106,26,nivajakavi1895__10__r3l33.png,सहाराजको उत्तर दीन्हो ४७ ॥
True,False,0.2561576354679803,0.0,87,41,nivajakavi1895__10__r3l35.png,घनाक्षरी । जाके तेज होत न अनीति कहूं नीति
True,True,0.23994387277829748,0.04677268475210477,125,44,nivajakavi1895__10__r3l36.png,कहो पानी एक घाट में पियत सिंह गाय है । जप तप
True,False,0.2795348837209302,0.02558139534883721,103,41,nivajakavi1895__10__r3l37.png,करत तपसी निर्भय तपोबनमें दानव सकत नहिं आय
True,True,0.2245841035120148,0.08872458410351201,119,44,nivajakavi1895__10__r3l39.png,है ॥ काहू न सताई यह भोरीसी शकुन्तला उड़िकेसो
True,False,0.16736401673640167,0.024639702463970247,128,43,nivajakavi1895__10__line_1518179781581_209.png,भ्रमरी भाजी भौन को डराय है । अति ही अभीत म-
True,True,0.18463674224895882,0.10828320222119389,133,44,nivajakavi1895__10__r3l44.png,हाराज श्री दुष्यंत ताके राज में ऋषिन कौन सकत
True,True,0.249667994687915,0.0451527224435591,109,14,nivajakavi1895__10__r3l45.png,सताय है ॥ ४८ ॥
True,True,0.18701059419622293,0.06955320128972824,136,44,nivajakavi1895__10__r3l46.png,दोहा । शकुन्तला सों ताकि तब पूछी यह महिपाल ॥
True,False,0.19893333333333332,0.025066666666666668,129,41,nivajakavi1895__10__r3l47.png,कहो तिहारे कुशलहैं छोटे द्रुम मृगबाल ४९ ॥
True,True,0.059263214095034704,0.060864922584089695,136,37,nivajakavi1895__10__r3l48.png,कम्प बढ़यो तन कंटकित मुखते कढ़तनबैन ॥
True,True,0.45393258426966293,0.0348314606741573,94,35,nivajakavi1895__10__r3l51.png,जकिसीरहीशकुन्तलानिरखिनृपतिभरिनैन ५०
True,True,0.3092485549132948,0.09826589595375723,54,4,nivajakavi1895__11__line_1518180219717_210.png,(११)
True,False,0.519,0.028,85,39,nivajakavi1895__11__r2l2.png,चौपाई । शकुन्तला को बोलि न आयो । अनसूया
True,True,0.4401309635173059,0.05519176800748363,67,45,nivajakavi1895__11__r2l3.png,यह नृपहि सुनायो ॥ क्यों न होय अब कुशल हमारी ।
True,True,0.46626617375231055,0.04944547134935305,87,47,nivajakavi1895__11__r2l5.png,तुमसे साधु करत रखवारी ॥ प्यादे श्रम करि तुम यहँ
True,False,0.48202459791863767,0.008514664143803218,92,41,nivajakavi1895__11__r2l6.png,आये । श्रम जल कत आनन में छाये ॥ शीतल छांह
True,False,0.4551788202508128,0.010218300046446818,79,48,nivajakavi1895__11__r2l9.png,सघन तरु डारैं । बैठो इत हम पायँ पखारैं ॥ लखे भा-
True,True,0.5405280222325151,0.0333487725798981,97,46,nivajakavi1895__11__r2l11.png,ग्य ते चरण तिहारे । आजु दिवस तुम अतिथि हमारे ॥
True,False,0.3311718388142659,0.0,79,44,nivajakavi1895__11__r2l12.png,शकुन्तला क्यों भई अयानी । ल्याउ पियन को शीतल
True,True,0.22185741088180114,0.0300187617260788,110,42,nivajakavi1895__11__line_1518180297095_214.png,पानी ॥ तब नृप बैन मैन रस साने । देखत ही हम
True,True,0.5355969331872946,0.05366922234392114,86,45,nivajakavi1895__11__r2l17.png,तुम्हें अघाने ॥ मधुर मधुर कहती तुम बानी । यही
True,False,0.4564047362755651,0.0032292787944025836,48,45,nivajakavi1895__11__r2l22.png,हमारी है मिजमानी ॥ तुमहूं थकी सलिल के सींचे ।
True,False,0.5682031984948259,0.01975540921919097,84,48,nivajakavi1895__11__r2l24.png,बैठो घरिकद्रुमनिके नीचे ॥ तब बोली अनसूया बांकी ।
True,False,0.3252675663099116,0.011633317822242903,77,42,nivajakavi1895__11__r2l25.png,बिहँसति शकुन्तला को ताकी ॥ अद्भुत आज अतिथि
True,False,0.25610902255639095,0.010338345864661654,73,41,nivajakavi1895__11__r2l27.png,जो आये । सिगरे कहत बचन मन भाये ॥ इन कर डर
True,False,0.3094025011579435,0.019453450671607225,77,39,nivajakavi1895__11__line_1518180273150_213.png,न कछू मन आनो । इन को कहो उचित के मानो ॥
True,True,0.4553111839026673,0.03462798315395414,54,48,nivajakavi1895__11__r2l31.png,यह सुनि शकुन्तला छाया में । बैठी मोहि नृपति माया
True,True,0.39746001881467546,0.03574788334901223,53,50,nivajakavi1895__11__r2l35.png,में ॥ शकुन्तला के हिय में पैठ्यो । क्षितिपालौ छाया
True,False,0.39717425431711145,0.0,86,15,nivajakavi1895__11__r2l36.png,में बैठ्यो ५१ ॥
True,True,0.304,0.0325,81,45,nivajakavi1895__11__line_1518180258553_212.png,घनाक्षरी छन्द । भागन तें बन में दुहुन भट भेरो
True,True,0.3072232645403377,0.05112570356472795,94,40,nivajakavi1895__11__r2l41.png,भयो खोलो भगवान आज दुहुन को भालु है । दोऊ
True,True,0.3125643666323378,0.042224510813594233,67,46,nivajakavi1895__11__r2l45.png,दुहूं देखत अघात न द्युननई लगन को दुहुनकेशाल्यौ
True,True,0.3282674772036474,0.04660587639311044,73,45,nivajakavi1895__11__r2l49.png,उर शाल है ॥ मन में दुहुन के मनोज बान लागे संग
True,True,0.26110444177671066,0.05222088835534214,94,44,nivajakavi1895__11__r2l50.png,एकै रंग एक दुहुन को भयो एक हाल है । हिये में
True,True,0.4196242171189979,0.031837160751565764,59,46,nivajakavi1895__11__r2l55.png,महीप के शकुन्तला समानी सो शकुन्तला के हिये में
True,True,0.26223776223776224,0.06118881118881119,96,20,nivajakavi1895__11__line_1518180232934_211.png,समानो महिपाल है ५२ ॥
True,False,0.31057268722466963,0.028634361233480177,79,43,nivajakavi1895__11__r2l60.png,चौपाई । दोऊ सखी दुहून निहारे । कोटि काम रति
True,True,0.47701149425287354,0.27011494252873564,62,1,paramananda1924__000c__line_1518175737531_117.png,ॐ
True,True,0.2708333333333333,0.2669270833333333,66,9,paramananda1924__000c__line_1518175731703_116.png,भ्रम-नाशक
True,True,0.06832298136645963,0.16770186335403728,54,7,paramananda1924__000c__line_1518175716655_115.png,अर्थात्
True,False,0.7934451219512195,0.0,72,34,paramananda1924__000c__r1l11.png,अज्ञान-रूपी अंधकार का नाश करनेवाला
True,True,0.7063758389261745,0.050335570469798654,74,20,paramananda1924__000c__r1l12.png,गुरु-शिष्य संवाद में
True,False,0.6955602536997886,0.022198731501057084,73,27,paramananda1924__000c__r1l13.png,वेदांत-विषय का अपूर्व निबंध
True,False,0.2571428571428571,0.0,71,11,paramananda1924__000c__r1l16.png,काशी-निवासी
True,False,0.37432432432432433,0.00945945945945946,77,31,paramananda1924__000c__r1l17.png,परमहंस बाबा परमानंदद्वारा लिखित
True,False,0.717201166180758,0.0,80,4,paramananda1924__000c__r1l19.png,लखनऊ
True,False,0.09836065573770492,0.0,77,33,paramananda1924__000c__r1l20.png,"केसरीदास सेठ, सुपरिटेंडेंट द्वारा"
True,False,0.247244094488189,0.01732283464566929,71,38,paramananda1924__000c__r1l21.png,नवलकिशोर-प्रेस में मुद्रित और प्रकाशित
False,False,0.015,0.0,77,11,paramananda1924__000c__r1l23.png,सन् १९२४ ई०
True,False,0.14256198347107438,0.0,66,19,paramananda1924__000c__r1l25.png,सर्वाधिकार सुरक्षित
True,False,0.38308457711442784,0.029850746268656716,54,13,paramananda1924__000c__line_1518175677203_114.png,तृतीय संस्करण
True,True,0.38666666666666666,0.3253333333333333,69,6,paramananda1924__001__line_1518175999311_122.png,निवेदन
False,True,0.0,0.1792152704135737,168,57,paramananda1924__001__r1l2.png,प्रस्तुत पुस्तक एक वदांत विषयक ग्रंथ है । इसमें वेदांत के
True,True,0.057889344262295084,0.1408811475409836,170,56,paramananda1924__001__r1l3.png,सिद्धांत का आश्रयण करके समस्त भ्रमात्मक धार्मिक बातों का
True,True,0.04429735234215886,0.11608961303462322,164,51,paramananda1924__001__r1l4.png,निवारण किया गया है । और प्रत्येक विषय का निरूपण ऐसी
True,True,0.11719549641760492,0.22364380757420677,174,53,paramananda1924__001__r1l5.png,पांडित्य-पूर्ण शैली से किया गया है कि पाठकों को 'गागर
True,True,0.10676156583629894,0.17132689374682258,182,56,paramananda1924__001__r1l6.png,में सागर' की कहावत सत्य सिद्ध होगी । केवल इस एक ही ग्रंथ
True,True,0.09601634320735444,0.12870275791624106,175,53,paramananda1924__001__r1l7.png,के पठन और मनन करने से वेदांत-संबंधी अत्यावश्यक विषयों
False,False,0.019867549668874173,0.0,147,30,paramananda1924__001__r1l8.png,का ज्ञान भलीभाँति हो सकता है ।
False,True,0.013986013986013986,0.2087143625605164,167,53,paramananda1924__001__r1l9.png,पुस्तक की उपयोगिता का यह एक प्रत्यक्ष प्रमाण है कि यह
True,True,0.056459816887080364,0.13784333672431331,167,52,paramananda1924__001__r1l10.png,"इसका तृतीय संस्करण है, जो इस बात को सिद्ध करता है कि"
True,True,0.09408740359897172,0.1768637532133676,166,60,paramananda1924__001__r1l11.png,धार्मिक जगत् में धर्म के जिज्ञासुओं द्वारा इस पुस्तक का यथो-
False,False,0.02723146747352496,0.0,135,16,paramananda1924__001__r1l12.png,चित आदर हुआ है ।
False,True,0.023681377825618945,0.16792249730893433,156,48,paramananda1924__001__r1l13.png,पाठकों को आनंद होगा कि इस बार इस उपादेय ग्रंथ को
True,True,0.058823529411764705,0.14888079125455492,154,52,paramananda1924__001__r1l14.png,एक नवीन शैली से संशोधन करके उनके कर-कमलों में अर्पित
True,False,0.0738255033557047,0.0,166,51,paramananda1924__001__r1l15.png,"किया है । आशा है, वे इसका मान पहले से अधिक करेंगे ।"
False,False,0.0,0.01634877384196185,90,13,paramananda1924__001__r1l16.png,प्रकाशन-विभाग
True,False,0.034220532319391636,0.0,95,14,paramananda1924__001__r1l17.png,नवलकिशोर-प्रेस
True,False,0.3946308724832215,0.0,116,19,paramananda1924__001__r1l18.png,गोकर्णदत्त त्रिपाठी
False,False,0.0,0.0,80,4,paramananda1924__001__r1l19.png,लखनऊ
True,True,0.24287028518859247,0.23551057957681693,88,9,paramananda1924__01__line_1518175886573_120.png,भ्रम-नाशक
True,False,0.7526315789473684,0.0,68,5,paramananda1924__01__r1l10.png,श्लोक
True,True,0.4008,0.032,52,43,paramananda1924__01__r1l14.png,काशीं विश्वेश्वरं वंदे गंगां भागीरथीं तथा ।
True,True,0.3202247191011236,0.1196629213483146,84,47,paramananda1924__01__line_1518175911590_121.png,सर्वान्साधूनहं वंदे पंडितांश्च विमत्सरान् ॥ १ ॥
True,True,0.6166180758017493,0.23177842565597667,69,39,paramananda1924__01__line_1518175857949_119.png,अमरदासं गुरुं चैव सर्वतंत्रप्रवर्तकम् ।
True,False,0.3477555435370471,0.01568415359653867,71,43,paramananda1924__01__r1l32.png,यत्कृपालवमात्रेण विद्या शुद्धा समागता ॥ २ ॥
True,False,0.31671554252199413,0.025219941348973606,70,44,paramananda1924__01__r1l33.png,वादिनां भ्रमशीलानां मतिं धर्मेऽनुवर्तितुम् ।
True,True,0.3265661252900232,0.06670533642691415,65,45,paramananda1924__01__r1l36.png,कुर्वेऽहं परमानंदो भ्रमाणां तु विनाशकम् ॥ ३ ॥
True,False,0.20863309352517986,0.0,65,4,paramananda1924__01__r1l38.png,दोहा
True,False,0.35479876160990714,0.0,80,42,paramananda1924__01__line_1518175825564_118.png,वर्णाश्रम जाती सकल कल्पित हैं जिहि माहिं ।
True,False,0.28013029315960913,0.008957654723127036,63,43,paramananda1924__01__r1l47.png,सो मैं परमानंद हूँ आदि अंत जिहि नाहिं ॥ १ ॥
False,False,0.0,0.0,91,9,paramananda1924__02__r1l1.png,भ्रम-नाशक
True,False,0.39436619718309857,0.0,58,1,paramananda1924__02__line_1518176252534_139.png,२
True,False,0.3894802755165936,0.0,72,37,paramananda1924__02__r1l3.png,कहूँ वेद-सिद्धांत मैं यथामती अनुसार ।
True,False,0.47178082191780824,0.01643835616438356,64,42,paramananda1924__02__r1l4.png,जेहि अवलोकत ही मिटै सबै जगत-भ्रम-छार ॥ २ ॥
True,False,0.23962848297213624,0.0,88,40,paramananda1924__02__r1l6.png,वेद अर्थ सिद्धांत का अब मैं करौं विचार ।
True,False,0.768733153638814,0.016711590296495958,96,43,paramananda1924__02__r1l7.png,भ्रम-नाशक असनाम यहि धस्यों स्वमतिअनुसार ॥३॥
True,False,0.06310160427807486,0.0,98,57,paramananda1924__02__line_1518176234621_138.png,प्रश्र ---- हे स्वामिन्! इस लोक में कोई कहते हैं कि उत्तम
True,False,0.08951406649616368,0.01381074168797954,91,57,paramananda1924__02__r1l10.png,कुल में जन्म और उत्तम जाति की प्राप्ति करके ही स्वर्ग आदि
True,False,0.06345957011258956,0.0,87,62,paramananda1924__02__r1l11.png,की प्राप्ति और मुक्ति होती है ; और कर्मयोगी कहते हैं कि कर्मों
True,False,0.06782253952065273,0.0030596634370219276,91,57,paramananda1924__02__r1l12.png,के अनुष्ठान करने से ही दोनों की प्राप्ति होती है ; और कोई
True,False,0.03028773346794548,0.0,87,59,paramananda1924__02__r1l13.png,लोग कहते हैं कि आचार के करने से ही दोनों प्राप्त होते हैं ;
True,False,0.05612244897959184,0.0,94,57,paramananda1924__02__r1l15.png,और कोई कर्म-सहित ज्ञान से मुक्ति मानते हैं; कोई उपासना से
True,False,0.05601233299075026,0.0,94,63,paramananda1924__02__r1l16.png,मुक्ति मानते हैं ; कोई संन्यास धारण करने से ही मोक्ष मानते हैं;
True,False,0.05678884873515746,0.008776458440887971,88,54,paramananda1924__02__r1l17.png,और जो इस संसार में अनेक मत फैले हुए हैं वे अपनी भिन्न-
True,False,0.09114183307731695,0.0,106,49,paramananda1924__02__line_1518176212613_137.png,भिन्न कल्पना करते हैं । ऐसी हालत में जिसकी कल्पना
True,False,0.05063938618925831,0.0,91,55,paramananda1924__02__r1l20.png,"मुक्ति के विषय में वेद-सम्मत हो, वह मुझसे कहिए । जिस एक"
True,False,0.0602655771195097,0.0015321756894790602,94,56,paramananda1924__02__r1l21.png,के निश्चय करने से यह संसारी जीव संसार-रूपी बंधन से छूटकर
True,False,0.04838709677419355,0.0,94,45,paramananda1924__02__r1l22.png,नित्य सुख देनेवाले मोक्ष-पद को प्राप्त होवे ।
True,False,0.1058057514921324,0.0,98,59,paramananda1924__02__r1l23.png,उत्तर ---- हे शिष्य ! केवल ज्ञान से मुक्ति होती है; और किसी
True,False,0.06537282941777324,0.0,97,56,paramananda1924__02__r1l24.png,प्रकार नहीं । और जितना वर्णाश्रम-धर्म के अनुसार जाति आदि
False,False,0.0,0.0,96,9,paramananda1924__03__r1l2.png,भ्रम-नाशक
True,True,0.35714285714285715,0.09523809523809523,57,1,paramananda1924__03__line_1518176332811_141.png,३
True,False,0.07889344262295082,0.0,107,49,paramananda1924__03__r1l3.png,"का अभिमान है और कर्म आदि की उपासना है, वह सब बंधन"
True,False,0.10125523012552301,0.012552301255230125,106,36,paramananda1924__03__r1l4.png,"का कारण है, यही वेद का सिद्धांत है ।"
True,False,0.043642241379310345,0.0,95,57,paramananda1924__03__r1l5.png,प्रश्न ---- यदि वर्णाश्रम आदि धर्म और कर्म की उपासना बंधन
True,False,0.05950752393980848,0.012995896032831737,92,42,paramananda1924__03__line_1518176308451_140.png,"का हेतु है, तब ईश्वर ने इनको क्यों बनाया ?"
True,False,0.07259337190952131,0.0,108,59,paramananda1924__03__r1l9.png,"उत्तर ---- यदि ईश्वर वर्ण आदि के विभाग की कल्पना न करता, तो"
True,False,0.0799790904338735,0.0005227391531625719,105,56,paramananda1924__03__r1l10.png,यह संसार भी न होता । क्योंकि अभिमान ही बंधन का हेतु है ।
True,False,0.04314720812182741,0.0,85,56,paramananda1924__03__r1l11.png,वह तो किसी को होता नहीं तब कैसे संसार प्रवृत्त होता । और
False,False,0.024552429667519183,0.0,93,46,paramananda1924__03__r1l12.png,नामकरण तथा वर्णाश्रम आदि की कल्पना के बिना कोई
True,False,0.0724563206577595,0.0,102,58,paramananda1924__03__r1l13.png,भी व्यवहार सिद्ध नहीं हो सकता । यदि पिता अपने पुत्र का कोई
True,False,0.03173803526448363,0.0,95,54,paramananda1924__03__r1l14.png,नाम न धरे तब कैसे कोई उसको पुकारे । और जो ईश्वर वर्णों
True,False,0.03917629331993973,0.00803616273229533,90,50,paramananda1924__03__r1l15.png,"के विभाग की कल्पना न करता, तब कैसे कोई एक दूसरे से"
True,False,0.03255340793489318,0.002034587995930824,85,52,paramananda1924__03__r1l16.png,पूछता कि तुम कौन हो और वह क्या उत्तर देता कि हम अमुक
True,False,0.05709954522486104,0.0,87,56,paramananda1924__03__r1l17.png,हैं । तब तो सबको मौन ही रहना पड़ता और संसार में कार्य भी
True,False,0.3647478349465104,0.0015282730514518594,44,69,paramananda1924__03__r1l19.png,"कोई न करता । क्योंकि वेद में भिन्न-भिन्न वर्णाश्रमों के कर्म कहे हैं,"
True,False,0.060450819672131145,0.0,84,56,paramananda1924__03__r1l20.png,जबकि वर्णाश्रम ही नहीं है तब उनके कर्मों का कर्ता कौन हो
True,False,0.07778342653787494,0.0,92,45,paramananda1924__03__r1l21.png,सकता है ? कोई नहीं हो सकता । और जबकि जाति आदि
True,False,0.10434782608695652,0.0,88,54,paramananda1924__03__r1l22.png,"विभाग की कल्पना न होती, तब सब अपने को तुलब ही जानते और"
True,False,0.057956278596847995,0.0,93,63,paramananda1924__03__r1l23.png,"फिर सेवा आदि जो निषिद्ध कर्म हैं, सो कैसे होते । और गुरु-शिष्य-"
True,False,0.037840565085771945,0.0,88,49,paramananda1924__03__r1l24.png,"व्यवहार भी न होता, और दान आदि का अधिकारी भी कोई न"
False,False,0.011610297829379102,0.0,96,44,paramananda1924__03__r1l25.png,होता । तब संसार का व्यवहार कदापि न चल सकता ।
False,False,0.0,0.0,84,1,paramananda1924__04__r1l2.png,४
True,False,0.14958448753462603,0.0,84,9,paramananda1924__04__r1l3.png,भ्रम-नाशक
True,False,0.09090909090909091,0.0,103,51,paramananda1924__04__r1l4.png,इसलिये ईश्वर ने वर्ण आदि की कल्पना की है । जाति आदि
True,False,0.09499489274770173,0.0,104,51,paramananda1924__04__r1l5.png,"के अभिमान के विना अध्यास की सिद्धि भी नहीं होती, और"
True,False,0.10386965376782077,0.0,95,55,paramananda1924__04__r1l6.png,"अध्यास की सिद्धि के विना बंधन की सिद्धि न होती, और बंधन"
True,False,0.3104859335038363,0.0,80,56,paramananda1924__04__r1l7.png,की सिद्धि के विना मोक्ष की भी सिद्धि न होती । जबकि प्रथम
True,False,0.1189873417721519,0.0,104,56,paramananda1924__04__r1l9.png,किसी को बंधन नहीं है तो मुक्त कैसे होगा ? इन सबकी सिद्धि
True,False,0.06742151312403499,0.0,100,60,paramananda1924__04__r1l10.png,के लिये श्रुतियाँ प्रथम ब्रह्म में जगत् का आरोप करके बाद उस-
True,False,0.08480565371024736,0.00757193336698637,103,59,paramananda1924__04__r1l11.png,का निषेध करती हैं । हे शिष्य ! जगत् के व्यवहार की सिद्धि के
True,False,0.0508646998982706,0.0,91,52,paramananda1924__04__r1l12.png,लिये ही सब कल्पना है और यह नियम है कि जो कल्पित होता
True,False,0.23950870010235414,0.02968270214943705,50,56,paramananda1924__04__r1l14.png,"है वह सब मिथ्या होता है, चाहे जीव द्वारा कल्पित हो, चाहे"
True,False,0.05702647657841141,0.0,96,66,paramananda1924__04__r1l15.png,ईश्वर द्वारा कल्पित हो । मुक्ति में और स्वर्ग की प्राप्ति में जाति
True,False,0.055245818550430814,0.0,98,51,paramananda1924__04__r1l16.png,आदिक कुछ उपकार नहीं कर सकते हैं । यदि उत्तम जाति की
True,False,0.05541433655312659,0.0,88,66,paramananda1924__04__r1l17.png,"प्राप्ति होने से ही स्वर्ग और मोक्ष की प्राप्ति होती, तो स्वर्ग की"
True,False,0.057711950970377936,0.0,90,63,paramananda1924__04__r1l18.png,प्राप्ति के लिये जो वेद में नाना प्रकार के यज्ञ आदि का विधान है
True,False,0.06629270780214176,0.0015298317185109638,107,53,paramananda1924__04__r1l19.png,और मोक्ष के लिये जो ज्ञान के साधनभूत श्रवण मनन आदि का
True,False,0.08760245901639344,0.0,96,56,paramananda1924__04__r1l20.png,विधान है वे सब व्यर्थ हो जाते । इसलिये इन जाति आदिकों का
True,False,0.08729338842975207,0.0,101,64,paramananda1924__04__r1l21.png,दोनों की प्राप्ति में कुछ उपयोग नहीं है; केवल व्यवहार की सिद्धि-
True,False,0.05153061224489796,0.0,87,57,paramananda1924__04__r1l22.png,मात्र ही इनका प्रयोजन है । जो अज्ञानी जीव हैं वही मिथ्या-
True,False,0.05482233502538071,0.003553299492385787,100,50,paramananda1924__04__r1l23.png,भूत जाति आदि का अभिमान करके जन्म-मरण-रूपी संसार के
True,False,0.06818181818181818,0.0,99,59,paramananda1924__04__r1l24.png,"चक्र में घूमते हैं और जो पुण्यात्मा विचारशील हैं, वे गुण को"
True,False,0.031027466937945065,0.0,90,61,paramananda1924__04__r1l25.png,ही प्रधान मानते हैं । ऊपर से सब व्यवहार शास्त्रोक्त लोक-सम्मत
True,False,0.3448275862068966,0.0,61,1,paramananda1924__05__line_1518176502068_144.png,५
False,False,0.0,0.0,83,9,paramananda1924__05__r1l2.png,भ्रम-नाशक
True,False,0.26874043855175933,0.010198878123406425,98,53,paramananda1924__05__r1l3.png,करते हैं । परंतु हृदय के अभिमान से रहित होकर ईश्वर का
True,False,0.07268722466960352,0.0,103,16,paramananda1924__05__r1l4.png,स्मरण करते हैं ।
True,False,0.27110582639714625,0.0,91,25,paramananda1924__05__r1l5.png,तुलसीदासजी ने भी कहा है--
True,False,0.41885856079404465,0.0,93,49,paramananda1924__05__r1l6.png,जाति पाँति कुल धर्म बड़ाई । धन परिजन गुणगण चतुराई
True,True,0.44175715695952616,0.047877591312931886,56,49,paramananda1924__05__line_1518176480361_143.png,भाक्तिहीन नरसोहहि कैसा । बिनु जल वारिद देखिय जैसा
True,False,0.11400651465798045,0.0,100,20,paramananda1924__05__r1l12.png,नीति में भी कहा है--
True,False,0.3343520782396088,0.015281173594132029,83,40,paramananda1924__05__r1l13.png,किं कुलेन विशालेन विद्याहीनेन देहिनाम् ।
True,True,0.5068775790921596,0.04607977991746905,91,40,paramananda1924__05__r1l14.png,दुष्कुलं चापि विदुषो देवैरपि सुपूज्यते ॥
True,False,0.4312242090784044,0.0,93,31,paramananda1924__05__r1l15.png,रुपयौवनसंपन्ना विशालकुलसंभवा: ।
True,False,0.4181712288875946,0.0,95,42,paramananda1924__05__r1l16.png,विद्याहीना न शोभंते निर्गंधा इव किंशुका: ॥
True,False,0.11394465545306566,0.017362995116657624,102,55,paramananda1924__05__r1l17.png,जो पुरुष विद्या से विहीन हैं उनका उत्तम कुल में जन्म भी
True,False,0.18445121951219512,0.009146341463414634,108,59,paramananda1924__05__r1l18.png,निष्फल है । और नीच कुलवाला भी विद्वान् देवताओं द्वारा पूज्य
True,True,0.08350409836065574,0.04456967213114754,114,56,paramananda1924__05__r1l19.png,"होता है । सुंदर रूप, युवा अवस्था, उत्तम कुल में उत्पत्ति"
True,True,0.2558494404883011,0.030518819938962362,104,57,paramananda1924__05__r1l20.png,"होने पर भी यदि विद्या से हीन हुआ, तो शोभा को प्राप्त नहीं"
True,True,0.27807486631016043,0.039572192513368985,107,58,paramananda1924__05__r1l21.png,होता । जैसे गंध-हीन पलाश-पुष्प शोभा को प्राप्त नहीं होता ।
True,True,0.23434991974317818,0.038523274478330656,107,54,paramananda1924__05__r1l22.png,"इन नीति के वाक्यों से भी गुण की उत्तमता सिद्ध होती है,"
True,False,0.20214943705220062,0.0,110,50,paramananda1924__05__r1l23.png,जाति आदि की नहीं । और भारत में भी गुण को ही प्रधान
False,True,0.01744186046511628,0.16279069767441862,58,12,paramananda1924__05__line_1518176442192_142.png,माना है ----
True,True,0.5370370370370371,0.12962962962962962,58,1,paramananda1924__06__line_1518176582140_146.png,६
False,False,0.0,0.0,99,9,paramananda1924__06__r1l1.png,भ्रम-नाशक
True,True,0.10669828097213989,0.04445761707172496,138,36,paramananda1924__06__r1l2.png,न जातिकारणं तात गुणा: कल्याणकारणम् ।
True,False,0.39749702026221695,0.0059594755661501785,137,44,paramananda1924__06__r1l3.png,व्रतस्थमपि चांडालं तं देवा ब्राह्मणं विदु: ॥
True,False,0.05492115280043502,0.017400761283306143,129,55,paramananda1924__06__r1l4.png,हे तात युधिष्ठिर! जाति कल्याण का कारण नहीं है किंतु गुण
False,True,0.017373530914665303,0.05569749616760347,128,59,paramananda1924__06__r1l5.png,ही कल्याण का कारण है । यदि चांडाल भी इंद्रियों के संयम-रूपी
True,False,0.05909322465613857,0.0,135,64,paramananda1924__06__r1l6.png,"व्रत में स्थित होवे, तो उसे भी देवता लोग ब्राह्मण ही समझते हैं ।"
False,True,0.01876675603217158,0.05630026809651475,139,52,paramananda1924__06__r1l7.png,भागवत के एकादश स्कंध में राजा ऋषभदेव की कथा प्रसिद्ध
False,False,0.015840572304547777,0.015329586101175269,143,61,paramananda1924__06__r1l8.png,है । स्वायंभुव मनु के वंश में ऋषभदेव नामक बड़ा धर्मात्मा राजा
False,False,0.014550928248871048,0.024586051179126944,137,70,paramananda1924__06__r1l9.png,था । उसके सौ पुत्र हुए । उनमें इक्यासी पुत्र कर्मों के द्वारा ब्राह्मण
False,True,0.023942944472745798,0.04686704024452369,137,53,paramananda1924__06__r1l10.png,"हो गए; शेष सब क्षत्रिय रहे । देखिए, यहाँ पर भी गुण की"
True,False,0.03125,0.02721774193548387,137,67,paramananda1924__06__r1l11.png,"प्रधानता सिद्ध हुई, क्योंकि कर्म-रूपी गुण करके क्षत्रिय से ब्राह्मण"
False,True,0.02129817444219067,0.032454361054766734,135,64,paramananda1924__06__r1l12.png,"हो गए । यदि जाति का प्राधान्य होता, तो कर्मों के द्वारा ब्राह्मण"
False,True,0.026835443037974683,0.05620253164556962,133,56,paramananda1924__06__r1l13.png,न होते । विश्वामित्र तप करके क्षत्रिय से ब्राह्मण हुए और
True,False,0.057623661397246305,0.020907700152983173,129,61,paramananda1924__06__r1l14.png,शृंगीऋषि मृगी के उदर से उत्पन्न हुए । वे भी तप करके बड़ी पदवी
True,True,0.07124681933842239,0.036132315521628496,128,62,paramananda1924__06__line_1518176543691_145.png,को प्राप्त हुए । और वशिष्ठजी वेश्या के गर्भ से उत्पन्न होकर तप
True,False,0.03237410071942446,0.01695786228160329,129,60,paramananda1924__06__r1l17.png,के प्रभाव से बड़ी पदवी को प्राप्त हुए । इसी से साबित होता है
True,True,0.059989832231825115,0.03304524656837824,116,55,paramananda1924__06__r1l18.png,"कि गुणा ही मुख्य है, जाति आदि केवल व्यवहार की सिद्धि के"
True,False,0.14383561643835616,0.0,107,10,paramananda1924__06__r1l19.png,लिये हैं ।
False,True,0.028206492815327302,0.036189462480042574,127,64,paramananda1924__06__r1l21.png,"प्रश्न ---- यदि गुण ही प्रधान है, तो शास्त्रों में उत्तम जाति की"
True,False,0.09353507565337002,0.0,110,22,paramananda1924__06__r1l22.png,बड़ाई क्यों की गई है ?
False,True,0.0,0.21311475409836064,54,1,paramananda1924__07__line_1518176696105_147.png,७
True,False,0.10315186246418338,0.0,89,9,paramananda1924__07__r1l2.png,भ्रम-नाशक
True,False,0.09135135135135135,0.014054054054054054,98,58,paramananda1924__07__r1l3.png,"उत्तर ---- शास्त्रों में जो जाति आदि की बड़ाई की गई है, वह"
True,False,0.07409326424870466,0.010362694300518135,107,61,paramananda1924__07__r1l4.png,"भी संसार की प्रवृत्ति के लिये है । वह अर्थ वाद-रूप है, यथार्थ"
True,False,0.14951849974657883,0.0010136847440446021,98,62,paramananda1924__07__r1l5.png,"नहीं है । क्योंकि यदि यथार्थ होती, तो शास्त्रों में उसकी निंदा"
True,False,0.08085106382978724,0.0,127,48,paramananda1924__07__r1l6.png,न होती । उसकी निंदा अग्निपुराण में कही गई है ---
True,False,0.49587231700605394,0.007154650522839846,98,46,paramananda1924__07__r1l7.png,न जातिर्न कुलं राजन् न स्वाध्याय: श्रुतं न च ।
True,False,0.3587088915956151,0.0,94,39,paramananda1924__07__r1l8.png,कारणानि द्विजत्वस्य व्रतमेव हि कारणम् ॥
True,False,0.4840085287846482,0.0031982942430703624,76,51,paramananda1924__07__r1l9.png,"हे राजन् ! जाति, कुल, वेदाध्ययन और शास्त्र का श्रवण"
True,False,0.10381679389312977,0.0,105,61,paramananda1924__07__r1l12.png,यह सब द्विज-भाव के कारण नहीं हैं किंतु इंद्रियों का संयम-रूपी
True,False,0.045746388443017656,0.0,109,28,paramananda1924__07__r1l14.png,वह ही द्विज-भाव का कारण है ।
True,False,0.551575046324892,0.004323656578134651,104,40,paramananda1924__07__r1l15.png,किं कुलं व्रतहीनस्य करिष्यति दुरात्मनः ।
True,False,0.09952885747938751,0.0,137,37,paramananda1924__07__r1l16.png,कृमय किं न जायंते कुसुमेषु सुगंधिषु ॥
True,False,0.04333868378812199,0.013911182450508293,105,51,paramananda1924__07__r1l17.png,दुराचारी और व्रत-हीन पुरुष की सहायता उत्तम कुल क्या
True,False,0.03410936654033568,0.0,95,59,paramananda1924__07__r1l18.png,करेगा ? क्या सुगंधवाले पुष्पों में कृमि नहीं उत्पन्न होते ?
True,False,0.536697247706422,0.005160550458715597,105,46,paramananda1924__07__r1l19.png,चतुर्वेदोऽपि दुर्वृत्त: शूद्रादल्पतर: स्मृतः ।
True,False,0.4623229461756374,0.0,100,44,paramananda1924__07__r1l20.png,तस्माद्विद्धि महाराज व्रतं ब्राह्मणलक्षणम् ॥
True,False,0.08826695371367062,0.004843918191603875,106,51,paramananda1924__07__r1l21.png,जो ब्राह्मण चारों वेदों को पढ़ा भी है परंतु जो खोटे
True,False,0.06291560102301791,0.0,100,65,paramananda1924__07__r1l22.png,"मार्ग में प्रवृत्त है वह शूद्र से भी अधम है । इस कारण, हे राजन् !"
True,False,0.04879275653923541,0.0,98,58,paramananda1924__07__r1l23.png,व्रत ही ब्राह्मण का लक्षण है । इत्यादि पुराण-वाक्य भी जाति
False,False,0.0,0.0,54,1,paramananda1924__08__line_1518176814976_151.png,८
False,False,0.0,0.0,86,9,paramananda1924__08__r1l1.png,भ्रम-नाशक
True,False,0.09149623250807319,0.006996770721205597,112,57,paramananda1924__08__r1l3.png,आदिकों की निंदा करके संयम-रूपी गुण को ही उत्तम कहते हैं ।
True,False,0.07280080889787664,0.0,103,49,paramananda1924__08__r1l4.png,"और यदि जाति से ही कल्याण होता, तो वेद में विधि और"
True,False,0.09863013698630137,0.0,105,32,paramananda1924__08__r1l5.png,निषेध-वाक्य किसलिये कहे गए हैं ।
True,True,0.5921483097055616,0.23227917121046893,66,21,paramananda1924__08__line_1518176796361_150.png,अहरह: संध्यामुपासीत ।
True,False,0.07647058823529412,0.0,108,52,paramananda1924__08__r1l11.png,"प्रतिदिन ब्राह्मण संध्योपासन करे, यह विधि-वाक्य है ।"
True,False,0.2592190889370933,0.0,84,26,paramananda1924__08__r1l13.png,ब्राह्मण: सुरां न पिबेत् ।
True,False,0.05305039787798409,0.01803713527851459,106,52,paramananda1924__08__r1l14.png,"ब्राह्मण मदिरा-पान न करे, यह निषेध-वाक्य है । और मनु"
True,True,0.03339517625231911,0.1836734693877551,58,15,paramananda1924__08__line_1518176774370_149.png,ने भी कहा है --
True,True,0.4088187261839956,0.03592814371257485,116,49,paramananda1924__08__r1l18.png,न तिष्ठति तु य: पूर्वां नोपास्ते यश्च पश्चिमाम् ।
True,True,0.5373860182370821,0.08024316109422493,88,46,paramananda1924__08__line_1518176764537_148.png,स शुद्रवद्वहिष्कार्य: सर्वस्माद् द्विजकर्मण: ॥
True,False,0.0552546045503792,0.025460455037919827,117,52,paramananda1924__08__r1l24.png,जो द्विज प्रातःकाल की संध्या नहीं करता और सायंकाल की
True,False,0.08089770354906055,0.0,115,61,paramananda1924__08__r1l25.png,"भी नहीं करता, वह संपूर्ण द्विज-कर्मों से बाहर करने योग्य है ।"
True,False,0.37221888153938665,0.0,115,41,paramananda1924__08__r1l26.png,यथा षंढोऽफल: स्त्रीषु यथा गौर्गवि चाफला ।
True,False,0.4308755760368664,0.0,99,41,paramananda1924__08__r1l27.png,यथा चाज्ञेऽफलं दानं तथा विप्रोऽनृचोऽफल: ॥
True,False,0.0772972972972973,0.022702702702702703,110,52,paramananda1924__08__r1l28.png,"जैसे नपुंसक पुरुष स्त्री पर निष्फल है, जैसे गौ गौ पर"
True,False,0.09462915601023018,0.0035805626598465474,105,59,paramananda1924__08__r1l29.png,"निष्फल है और जैसे मूर्ख के प्रति दान निष्फल है, वैसे वेद से"
True,False,0.1128622267412303,0.0035587188612099642,97,54,paramananda1924__08__r1l30.png,"हीन ब्राह्मण निष्फल है । यदि जाति करके ही कल्याण होता,"
True,False,0.09475292919001528,0.0,99,62,paramananda1924__08__r1l31.png,तो वेद-शास्त्र ब्राह्मण के लिये प्रतिदिन संध्या का क्यों विधान
True,False,0.036585365853658534,0.0,85,9,paramananda1924__09__r1l1.png,भ्रम-नाशक
True,True,0.5882352941176471,0.058823529411764705,54,1,paramananda1924__09__line_1518176913552_153.png,९
True,False,0.08916876574307304,0.015617128463476071,123,56,paramananda1924__09__r1l2.png,करते और संध्या-हीन को शूद्र क्यों बताते और विद्या-हीन के
True,False,0.033924050632911394,0.02379746835443038,121,57,paramananda1924__09__line_1518176903408_152.png,"प्रति दान को निष्फल क्यों कहते, जाति तो उसमें उतम है ही ।"
True,False,0.24053581828771112,0.013395457192778102,90,58,paramananda1924__09__r1l6.png,इसी से सिद्ध होता है कि गुण ही बड़ा है । मनुजी कहते हैं --
True,False,0.4159351789331533,0.027683997299122215,102,39,paramananda1924__09__r1l7.png,न हायनैर्न पलितैर्न वित्तेन न बंधुभिः ।
True,False,0.32954545454545453,0.0,115,42,paramananda1924__09__r1l9.png,ऋषयश्चाक्रिरे धर्मं योऽनूचान: स नो महान् ॥
True,False,0.28825431034482757,0.003232758620689655,77,57,paramananda1924__09__r1l11.png,"बरसों करके, सफ़ेद बालों करके, धन करके, संबंधियों करके कोई"
True,False,0.08880903490759753,0.013347022587268994,118,56,paramananda1924__09__r1l12.png,"बड़ा नहीं होता; किंतु जो हम लोगों में वेदाध्ययन करता है,"
True,False,0.05145530145530146,0.02286902286902287,118,58,paramananda1924__09__r1l13.png,वही बड़ा है । इस वाक्य में भी गुण का ही महत्त्व रक्खा है ।
True,True,0.06182933060807358,0.04394481349003577,121,57,paramananda1924__09__r1l15.png,यदि इन पूर्व वाक्यों के प्रमाण से भी तुम गुण को बड़ा नहीं
True,False,0.2280612244897959,0.0035714285714285713,85,59,paramananda1924__09__r1l17.png,"मानोगे और हठ करके जाति को ही बड़ा मानोगे, तो हमारे प्रश्नों"
True,False,0.17338092809790923,0.012748597654258032,80,55,paramananda1924__09__r1l19.png,"का उत्तर देओ । हम पूछते हैं, जाति किसका धर्म है ? स्थुल"
True,False,0.07223360655737705,0.0117827868852459,119,56,paramananda1924__09__r1l20.png,शरीर का धर्म है किंवि आत्मा का धर्म है ? या लिंग-शरीर का
True,False,0.09258312020460358,0.0025575447570332483,111,59,paramananda1924__09__r1l21.png,धर्म है या अंतःकरण की इंद्रियों का धर्म है ? इनमें से स्थूल
True,False,0.049029622063329927,0.009193054136874362,114,56,paramananda1924__09__r1l22.png,सरीर का धर्म तो हो नहीं सकता । क्योंकि यदि स्थूल शरीर का
True,False,0.05737704918032787,0.0,112,57,paramananda1924__09__r1l23.png,"धर्म होवे, तो शरीर की उत्पत्ति-काल में ही द्विजत्व-भाव उस"
True,False,0.0784729586426299,0.021208907741251327,127,30,paramananda1924__09__r1l24.png,बालक में विद्यमान होता । किंतु
True,False,0.459045904590459,0.0,119,24,paramananda1924__09__r1l25.png,संस्कारेण द्विजो भवेत् ।
True,False,0.09168900804289544,0.0,111,58,paramananda1924__09__r1l27.png,"संस्कार करके द्विज होता है, यह श्रुति व्यर्थ हो जायगी । और"
True,False,0.059846547314578,0.0,120,57,paramananda1924__09__r1l28.png,"संस्कार कराना भी निष्फल हो जायगा, क्योंकि धर्म विना धर्मी"
False,False,0.0,0.0,101,2,paramananda1924__10__r1l1.png,१०
False,False,0.0,0.0,98,9,paramananda1924__10__r1l2.png,भ्रम-नाशक
True,False,0.06043676993397664,0.018283392585068562,115,57,paramananda1924__10__r1l3.png,के नहीं रह सकता । जिस काल में शरीर होगा उसी काल में जाति-
True,False,0.059003051881993895,0.006612410986775178,110,55,paramananda1924__10__r1l4.png,रूपी धर्म भी साथ ही रहेगा । और जन्म-काल में श्रुति सबको
True,True,0.07459677419354839,0.05141129032258065,116,56,paramananda1924__10__r1l5.png,शूद्र ही विधान करती है और संस्कार कराने से ही द्विज होता
True,False,0.08211297071129707,0.02615062761506276,112,59,paramananda1924__10__r1l6.png,है । इसवास्ते स्थूल शरीर का धर्म जाति नहीं है । और जो द्विज
True,False,0.05502271580010096,0.0,116,59,paramananda1924__10__r1l7.png,किसी प्रकार से अपने धर्म से च्युत हो गया है अर्थात् म्लेच्छ
True,False,0.06859756097560976,0.014735772357723578,103,55,paramananda1924__10__r1l8.png,"हो गया है, अब उसको भी तुमको द्विज मानना पड़ेगा, क्योंकि"
True,False,0.05078720162519045,0.027932960893854747,114,63,paramananda1924__10__r1l9.png,द्विजत्व-जाति को तुमने स्थूल शरीर का धर्म माना है सो स्थूल शरीर
True,False,0.08784473953013279,0.0,107,61,paramananda1924__10__r1l10.png,उसका वही विद्यमान है । क्योंकि धर्मी के रहने से धर्म भी अवश्य
True,False,0.08689024390243902,0.002540650406504065,104,57,paramananda1924__10__r1l11.png,रहेगा । अग्नि के रहने से उष्णता भी उसमें अवश्य रहेगी । अब
True,False,0.04722792607802875,0.0,105,61,paramananda1924__10__r1l12.png,"उस म्लेच्छ को द्विज मानना होगा परंतु माना नहीं जाता, इसवास्ते"
True,False,0.06751269035532995,0.003553299492385787,107,55,paramananda1924__10__r1l13.png,स्थूल शरीर का धर्म जाति नहीं हो सकती । और यदि कहो उसमें
True,False,0.05855397148676171,0.003564154786150713,110,70,paramananda1924__10__r1l14.png,"द्विजत्व-जाति नष्ट हो गई है, इसवास्ते उसमेंद्विजत्व-व्यवहार नहीं होता,"
True,False,0.11878172588832488,0.009644670050761422,104,60,paramananda1924__10__r1l15.png,"तो ऐसा कहना भी ठीक नहीं है । क्योंकि यदि जाति का नाश मानोगे,"
True,False,0.0565262076053443,0.0,110,61,paramananda1924__10__r1l16.png,"तो जाति तो तुम्हारे मत में एक ही थी । वह तो नष्ट हो गई, अब और"
True,False,0.05142286570144783,0.0024962556165751375,113,60,paramananda1924__10__r1l17.png,द्विजों में भी द्विजत्व-व्यवहार न होना चाहिए । यदि कहो कि उस
True,False,0.08748728382502544,0.014242115971515769,110,58,paramananda1924__10__r1l18.png,"म्लेच्छ-शरीर को छोड़कर और द्विजों में वह जा रही है, यह कथन"
True,False,0.07298530157121136,0.0,105,61,paramananda1924__10__r1l19.png,"भी नहीं ठीक है । क्योंकि गमन-क्रिया सावयव पदार्थ में होती है,"
True,False,0.04381049414161997,0.003565970453387672,110,55,paramananda1924__10__r1l20.png,"निरवयव में नहीं होती । जाति तो निरवयव है, उसका गमन नहीं"
True,False,0.07450157397691501,0.007869884575026232,108,56,paramananda1924__10__r1l21.png,"होता, इसी हेतु से स्थूल शरीर का धर्म जाति नहीं हो सकती ।"
True,False,0.05869682283252558,0.0,101,51,paramananda1924__10__r1l22.png,"प्रश्न ----नित्यमेकमनेकानुगतं सामान्यम् । जो एक हो,"
False,False,0.0,0.0,80,16,pyarelala1914__00a__r3l4.png,श्रीगणेशाय नम: ।
True,False,0.2994791666666667,0.0,92,11,pyarelala1914__00a__r3l5.png,रागबिनोद ।।
False,False,0.0,0.0,88,6,pyarelala1914__00a__r3l6.png,जिसमें
True,False,0.054285714285714284,0.002857142857142857,103,41,pyarelala1914__00a__r3l7.png,"भजन, ठुमरी, दादरा, पूर्वी, बिहाग, खम्माच,"
True,True,0.17636526410026857,0.05819158460161146,72,32,pyarelala1914__00a__line_1524840984994_5.png,"कजरी, अद्धा, ग़ज़ल, लावनी व दोहे"
False,False,0.02457956015523933,0.0,92,22,pyarelala1914__00a__line_1518173628799_87.png,आदि अनेकराग बर्णित हैं
False,False,0.0,0.0,87,5,pyarelala1914__00a__r3l13.png,जिसको
False,False,0.0036496350364963502,0.01824817518248175,100,38,pyarelala1914__00a__line_1518173624101_86.png,लाला प्यारेलाल साकिन मौज़े जमुवा परगना
False,False,0.021910604732690624,0.021034180543382998,101,40,pyarelala1914__00a__line_1518173621007_85.png,कुर्सीं तहसील फ़तेहपुर ज़िला बाराबंकी ने
True,False,0.03404255319148936,0.0,89,30,pyarelala1914__00a__line_1518173614995_84.png,भक्तजनों के बिनोदार्थ रचनाकिया
False,False,0.0,0.0,68,9,pyarelala1914__00a__r3l20.png,प्रथम बार
True,False,0.339041095890411,0.0,85,4,pyarelala1914__00a__r3l22.png,लखनऊ
False,False,0.0,0.0,107,53,pyarelala1914__00a__r3l23.png,सुपरिंटेंडेंट बाबू मनोहरलाल भार्गव बी ए के प्रबन्ध से
True,False,0.053877551020408164,0.014693877551020407,92,48,pyarelala1914__00a__r3l25.png,"मुंशी नवलकिशोर सी. आई. ई., के छापेख़ाने में छपा."
False,False,0.002793296089385475,0.0,82,12,pyarelala1914__00a__r3l26.png,सन् १९१५ ई ०
False,False,0.0029211295034079843,0.0,105,43,pyarelala1914__00a__line_1518173589613_83.png,हक- तसनीफ़ महफूज है बद्दक इस छापेखाने के ।।
False,False,0.0,0.0,102,17,pyarelala1914__01__r2l1.png,श्रीगणेशाय नम: ।।
True,False,0.8816568047337278,0.0,122,14,pyarelala1914__01__r2l5.png,अथ रागबिनोद ।।
True,True,0.19908466819221968,0.17848970251716248,67,5,pyarelala1914__01__line_1518173860685_89.png,(भजन)
True,False,0.18932038834951456,0.0,107,23,pyarelala1914__01__r2l8.png,जै जै जै जगदम्बभवानी ।।
True,True,0.43283582089552236,0.155359565807327,34,33,pyarelala1914__01__r2l9.png,करमे खप्पर शूल लियेहैं रथकी ध्वजा
True,False,0.42006079027355625,0.009726443768996961,55,37,pyarelala1914__01__r2l12.png,फहरानी ।। १ ।। जैजै ० ।। केहरिपर सवार
True,True,0.2287662740235586,0.034097954122752634,109,35,pyarelala1914__01__r2l13.png,माता ह्वै करत शत्रु की हानी ।। २ ।।
True,False,0.2757097791798107,0.025236593059936908,113,35,pyarelala1914__01__r2l14.png,जै जै ० ।। तुमहीं हौ सब काम संवारनि
True,False,0.06053811659192825,0.004484304932735426,112,10,pyarelala1914__02__r4l1.png,रागबिनोद ।
False,True,0.0,0.23404255319148937,57,1,pyarelala1914__02__line_1518173878832_90.png,२
True,True,0.29510309278350516,0.05605670103092784,107,35,pyarelala1914__02__r4l2.png,तुमहीं हौ शुभबानी ।। ३ ।। जै जै० ।।
True,False,0.056875,0.0,108,31,pyarelala1914__02__r4l3.png,जन प्यारेके शोकहरो सब आपन किंकर
True,False,0.08551372048500319,0.0,111,35,pyarelala1914__02__r4l4.png,जानी ।। ४ ।। जै जै जैजगदम्बभवानी ।।
True,False,0.06885245901639345,0.0,100,40,pyarelala1914__02__r4l5.png,"दो० सिद्ध करनि सब कामको, और सुभग बरदान ।"
True,False,0.03460706560922855,0.0,99,39,pyarelala1914__02__r4l6.png,"तुम बिन माता देतको, मम मूरख को ज्ञान ।।"
True,True,0.21495327102803738,0.24766355140186916,60,5,pyarelala1914__02__line_1518173930646_91.png,(भजन)
False,False,0.005893909626719057,0.0,122,18,pyarelala1914__02__r4l8.png,गजबदन को कर गान ।।
False,False,0.014112903225806451,0.023521505376344086,118,27,pyarelala1914__02__r4l9.png,"एक दन्त सवारी मूसा, जपत सकल"
True,True,0.5260545905707196,0.04466501240694789,114,33,pyarelala1914__02__r4l10.png,जहान ।। १ ।। अब गजबदन ० ।। देव नर
False,False,0.02915632754342432,0.016749379652605458,131,40,pyarelala1914__02__r4l11.png,"गन्धर्ब किन्नर, धरत प्रथमै ध्यान ।। २ ।।"
False,False,0.005034612964128383,0.021397105097545627,128,32,pyarelala1914__02__r4l12.png,"अब गजबदन० ।। एक ऊपर सुन्न रथ जो,"
True,True,0.6788935658448587,0.05351773902585689,103,36,pyarelala1914__02__r4l13.png,तासु पुत्र बखान ।। ३ ।। अब गजबदन० ।।
True,False,0.056990881458966566,0.015957446808510637,122,33,pyarelala1914__02__r4l16.png,"कहत प्यारे सिद्धिदायक, नामकरौं स-"
True,False,0.2520074119827054,0.0,114,33,pyarelala1914__02__r4l17.png,गान ।। ४ ।। अब गजबदन को कर गान ।।
True,False,0.033112582781456956,0.0,113,10,pyarelala1914__03__r3l1.png,रागबिनोद ।
True,True,0.5862068965517241,0.1724137931034483,62,1,pyarelala1914__03__line_1518174364485_93.png,३
False,False,0.019205298013245033,0.0,100,39,pyarelala1914__03__r3l2.png,"दो० लम्बोदर दुखके हरण, करण सकल मन काज ।"
False,False,0.025491624180626365,0.0,100,35,pyarelala1914__03__r3l3.png,"बारबार मस्तक नऊं, कृपा करो अब आज ।।"
False,False,0.0,0.0,130,5,pyarelala1914__03__r3l4.png,(भजन)
False,True,0.027091633466135457,0.031075697211155377,122,26,pyarelala1914__03__r3l5.png,जे गरुचरण रेणु शिर धारत ।।
True,False,0.09478021978021978,0.021291208791208792,119,31,pyarelala1914__03__r3l6.png,भूरि भागिके भाजन होयँगे सब बिष-
False,True,0.0196078431372549,0.07273877292852625,127,33,pyarelala1914__03__r3l7.png,यन को टारत ।। १ ।। जे गुरुचरण० ।।
True,True,0.030998140111593304,0.03781773093614383,124,32,pyarelala1914__03__r3l8.png,यमके त्रास सकल बिधि नाशत जे गुरु
False,True,0.004996876951905059,0.04934415990006246,126,35,pyarelala1914__03__r3l9.png,मन्त्र उचारत ।। २ ।। जे गुरुचरण० ।।
True,False,0.055098163394553513,0.022799240025332488,110,30,pyarelala1914__03__r3l10.png,तमके गृह को दीपक गुरु सिखवन सो
True,True,0.2236180904522613,0.0364321608040201,83,37,pyarelala1914__03__r3l12.png,पद मूढ़ बिसारत ।। ३ ।। जे गुरुचरण० ।।
False,True,0.020780856423173802,0.0371536523929471,122,28,pyarelala1914__03__line_1518174325427_92.png,जन प्यारे गुरुपद पंकज उर कलि
False,False,0.024605678233438486,0.022082018927444796,127,32,pyarelala1914__03__r3l15.png,साउज हनि डारत ।। ४ ।। जे गुरुचरण
True,False,0.05113636363636364,0.0,139,16,pyarelala1914__03__r3l16.png,रेणु शिर धारत ।।
False,True,0.02172437202987101,0.04005431093007468,122,49,pyarelala1914__03__r3l17.png,"दो० बिनु गुरु मुक्ति न पावहीं, सुर नर असुर समूह ।"
True,False,0.0689149560117302,0.0036656891495601175,106,38,pyarelala1914__03__r3l18.png,"गुरुके सिखवनसुमिरिकै, तरे खलनके जूह ।।"
False,False,0.0,0.0,160,1,pyarelala1914__04__r2l1.png,४
True,False,0.6319148936170212,0.0,90,10,pyarelala1914__04__r3l1.png,रागबिनोद ।
True,False,0.7215189873417721,0.0,118,5,pyarelala1914__04__r3l2.png,(भजन)
True,True,0.04287138584247258,0.0707876370887338,117,20,pyarelala1914__04__r3l3.png,औधेशासुत रघुबीरहो ।।
True,False,0.6850174216027874,0.0,87,29,pyarelala1914__04__r3l4.png,तन बस्त्र शोभित पीतहैं कर कमल
True,False,0.6183063511830635,0.015566625155666251,97,38,pyarelala1914__04__r3l5.png,में धनुतीरहो ।। १ ।। औधेशा० ।। लीन्हें
True,False,0.5536585365853659,0.024390243902439025,106,34,pyarelala1914__04__r3l6.png,सखा संग फिरैं नगर कबहों सरजुके तीर
True,False,0.25216852540272616,0.008674101610904586,86,30,pyarelala1914__04__r3l7.png,हो ।। २ ।। औधेशा० ।। भरत लछिमन
True,True,0.7468982630272953,0.09615384615384616,105,36,pyarelala1914__04__r3l8.png,रिपुदमन युत बन्धु सब रणधीरहो ।। ३ ।।
True,True,0.044009779951100246,0.0843520782396088,121,33,pyarelala1914__04__r3l9.png,औधेशा० ।। माता निरखि मुख चन्द्रको
True,False,0.30717351318209685,0.029429797670141016,65,33,pyarelala1914__04__r3l11.png,प्यारे हटी तनपीर हो ।। ४ ।। औधेशा
True,True,0.039660056657223795,0.08781869688385269,118,16,pyarelala1914__04__r3l12.png,सुत रघुबीर हो ।।
True,False,0.03344262295081967,0.0,106,43,pyarelala1914__04__r3l13.png,"दो० अवध नृपतिके सुभग सुत, लखन राम सुखकन्द ।"
True,False,0.05677785663591199,0.0,100,38,pyarelala1914__04__r3l14.png,"भरत शत्रुहन चारि ये, सबको देत अनन्द ।।"
True,True,0.0332409972299169,0.05817174515235457,121,5,pyarelala1914__04__r3l15.png,(भजन)
True,True,0.2751269035532995,0.19796954314720813,53,23,pyarelala1914__04__r3l16.png,सुकुमार जसुमति लालरे ।।
True,False,0.4110054347826087,0.019021739130434784,91,30,pyarelala1914__04__line_1518174392496_94.png,अधर बांके नयन सुन्दर गले मोतिन
False,False,0.0,0.0,96,1,pyarelala1914__05__r2l1.png,५
True,False,0.0846774193548387,0.0,115,10,pyarelala1914__05__r2l2.png,रागबिनोद ।
True,True,0.5900430239704979,0.07682851874615858,103,35,pyarelala1914__05__r2l3.png,मालरे ।। १ ।। सुकुमार० ।। भृकुटि च-
True,True,0.5422667501565435,0.06762680025046963,45,34,pyarelala1914__05__r2l4.png,ञ्चल मुख कमल जिमि घूंघुरवाले बालरे
True,True,0.6366440468846392,0.04565083281924738,96,32,pyarelala1914__05__r2l6.png,।। २ ।। सुकुमार० ।। करकमलपद नम्र
True,False,0.22133168927250307,0.0,119,30,pyarelala1914__05__r2l7.png,तन अति चलत तिरछी चालरे ।। ३ ।।
True,True,0.2164691203992514,0.061759201497192766,104,34,pyarelala1914__05__r2l8.png,सुकुमार० ।। बृषभ कन्धर श्रवणकुण्डल
True,True,0.03310430980637102,0.0730793254216115,122,39,pyarelala1914__05__r2l9.png,प्यारे होत निहालरे ।। ४ ।। सुकुमार जसु-
True,False,0.05253623188405797,0.005434782608695652,116,11,pyarelala1914__05__r2l10.png,मतिलालरे ।।
True,False,0.04647983595352016,0.0,104,45,pyarelala1914__05__r2l11.png,"दो० कृष्ण चन्द्र आनन्द बन, गोपिन प्राण अधार ।"
True,False,0.12665684830633284,0.0,107,39,pyarelala1914__05__r2l12.png,"प्यारेको निज भीक्तदै, करौ हृदय पैसार ।।"
True,True,0.22802850356294538,0.3586698337292161,54,5,pyarelala1914__05__line_1518174484084_95.png,(भजन)
True,False,0.758076634109692,0.019534184823441023,102,31,pyarelala1914__05__r2l14.png,दिनप्रति ध्याओ श्री रघुनन्दन ।।
True,False,0.03736413043478261,0.0,112,26,pyarelala1914__05__r2l15.png,गाओगीत मनोहर हरिके नाम जपो
True,False,0.6004917025199754,0.023970497848801474,103,38,pyarelala1914__05__r2l16.png,नागर नँदनन्दन ।। १ ।। दिनप्रति० ।। जा-
True,False,0.7004297114794352,0.00798035604665439,111,34,pyarelala1914__05__r2l17.png,गत राम सोवत महँ रामै मार्ग चलत महँ
False,False,0.0,0.0,116,1,pyarelala1914__06__r3l1.png,६
True,False,0.05301204819277108,0.0,110,10,pyarelala1914__06__r3l2.png,रागिबनोद ।
True,False,0.336741214057508,0.02428115015974441,104,35,pyarelala1914__06__r3l3.png,करु पदबन्दन ।। २ ।। दिनप्रति० ।। दै
False,False,0.029265255292652552,0.014321295143212951,115,33,pyarelala1914__06__r3l4.png,अस्नान ध्यान आरति करु खौर देउ शुभ
True,False,0.039081885856079406,0.0037220843672456576,125,37,pyarelala1914__06__r3l5.png,चन्दन ।। ३ ।। दिनप्रति० ।। प्यारे नाम
True,False,0.399120050282841,0.01508485229415462,101,29,pyarelala1914__06__r3l6.png,जपो कमलापति जो है असुरनिकन्दन
True,False,0.5292307692307693,0.0024615384615384616,117,38,pyarelala1914__06__r3l7.png,।। ४ ।। दिनप्रति ध्याओ श्रीरघुनन्दन ।।
True,False,0.07424749163879599,0.015384615384615385,109,39,pyarelala1914__06__r3l8.png,"दो०यह संसार असार में, आपन है नहिं कोइ ।"
True,False,0.10273972602739725,0.0,113,37,pyarelala1914__06__r3l9.png,"अस अपने मनसमुझिकै, करौ जो कीना होइ ।।"
True,True,0.20657276995305165,0.284037558685446,57,5,pyarelala1914__06__line_1518174540093_96.png,(भजन)
True,False,0.3333333333333333,0.0,120,25,pyarelala1914__06__r3l13.png,या जग में नहिं आपन कोई ।।
True,True,0.06119704102219233,0.10423671822461332,122,27,pyarelala1914__06__r3l14.png,सुतबित नारि भवन और भूषण निज
True,False,0.030663329161451813,0.0,114,36,pyarelala1914__06__r3l15.png,तन हो नहिं होई ।। १ ।। या जग में० ।।
True,True,0.0410958904109589,0.07160647571606475,122,34,pyarelala1914__06__r3l16.png,परिप्रपञ्च प्रभु को बिसरायो गरलखात
False,False,0.015018773466833541,0.0018773466833541927,118,32,pyarelala1914__06__r3l17.png,अमृतफल खोई ।। २ ।। या जग में० ।।
True,False,0.8042394014962594,0.015586034912718205,103,33,pyarelala1914__06__r3l18.png,जा तन पर घमण्ड बहु लावत बारिबुन्द
True,False,0.032176656151419555,0.0,118,31,pyarelala1914__06__r3l19.png,सम सोई ।। ३ ।। या जग में० ।। जन
False,False,0.0,0.0,102,1,pyarelala1914__07__r2l1.png,७
True,False,0.07032967032967033,0.0,109,10,pyarelala1914__07__r2l2.png,रागबिनोद ।
True,True,0.046200607902735565,0.11671732522796352,133,34,pyarelala1914__07__r2l3.png,प्यारे अबहीं मन चेतौ नाम जपो घट घट
True,False,0.04933008526187576,0.0,123,37,pyarelala1914__07__r2l4.png,में जोई ।।४।। या जगमें नहिं आपन कोई।।
True,False,0.10568561872909699,0.0,108,42,pyarelala1914__07__r2l5.png,"दो० सुत बित नारी भवन में, है भूलो सब कोइ ।"
True,False,0.11459074733096085,0.0028469750889679717,101,47,pyarelala1914__07__r2l6.png,"महिशिर जेहि अरि तासु प्रभु, मूढ़ बिसारेउ सोइ ।।"
True,True,0.2054176072234763,0.2799097065462754,54,5,pyarelala1914__07__line_1518174619181_98.png,(भजन)
True,False,0.05303030303030303,0.017424242424242425,113,24,pyarelala1914__07__r2l8.png,मोसम कौन कुटिल अघखानी ।।
False,False,0.025367156208277702,0.011348464619492658,105,32,pyarelala1914__07__r2l9.png,शम्भु श्यामकर नाम न लीन्हेउ बिष-
True,False,0.4659022329511165,0.01448400724200362,84,35,pyarelala1914__07__r2l10.png,यनके रससानी ।। १ ।। मोसम० ।। या मुख
True,False,0.44209215442092153,0.021793275217932753,58,37,pyarelala1914__07__r2l12.png,सों शुभ बात न कीन्हेउ जेहि तेहि कहेउँ
True,True,0.3298332303891291,0.035206917850525016,89,35,pyarelala1914__07__r2l13.png,कटुक बहुबानी ।। २ ।। मोसम० ।। या कर
True,True,0.052598622417031934,0.036944270507201005,113,34,pyarelala1914__07__line_1518174590449_97.png,सों कछु दान न दीन्हेउ लेबो बहुबिधि
True,False,0.5898702903026559,0.008647313156269302,101,35,pyarelala1914__07__r2l17.png,जानी ।। ३ ।। मोसम० ।। कहै जन प्यारे
True,True,0.1370117792932424,0.040297582145071294,108,31,pyarelala1914__07__r2l18.png,रघुनाथ उबारे आपन शिशु मोहिंजानी
True,False,0.7443286327406499,0.017780502759043533,104,32,pyarelala1914__07__r2l19.png,।। ४ ।। मोसम कौन कुटिल अघखानी ।।
True,False,0.07142857142857142,0.0,113,1,pyarelala1914__08__r4l1.png,८
True,False,0.06444444444444444,0.0,124,10,pyarelala1914__08__r4l2.png,रागबिनोद ।
True,False,0.14947089947089948,0.00992063492063492,109,42,pyarelala1914__08__r4l3.png,"दो० या बिधि को मैं पातकी, सुनियो दीनदयाल ।"
True,False,0.041696621135873475,0.0,108,37,pyarelala1914__08__r4l4.png,"पतित उबारन नाम है, मम अघ हरो कृपाल ।।"
True,True,0.22541966426858512,0.26139088729016785,54,5,pyarelala1914__08__line_1518174687293_99.png,(भजन)
True,False,0.036585365853658534,0.0,137,25,pyarelala1914__08__r4l6.png,नाम बिन कौन भयो भव पार ।।
False,True,0.012379642365887207,0.04470426409903714,120,27,pyarelala1914__08__r4l7.png,बेद पुराण भनत यश थाकत तेउ न
False,False,0.025284450063211124,0.019595448798988623,119,29,pyarelala1914__08__r4l8.png,पावत पार । बालमीकि नारद सनका-
False,True,0.019925280199252802,0.04919053549190536,120,32,pyarelala1914__08__r4l9.png,दिक तिनहुँ के प्राण अधार ।। १ ।।
False,False,0.024630541871921183,0.023399014778325122,124,34,pyarelala1914__08__r4l11.png,नाम बिन० ।। ध्रुव प्रहलाद और पारा-
True,True,0.046758104738154616,0.05049875311720698,126,30,pyarelala1914__08__r4l12.png,शर अरु मुनिबृन्द अपार । हरिहित
True,False,0.044291952588895823,0.023081721771678103,131,30,pyarelala1914__08__r4l13.png,सुखसम्पति सब त्यागेउ दरशदीन क-
False,False,0.014705882352941176,0.023284313725490197,115,31,pyarelala1914__08__r4l14.png,रतार ।। २ ।। नाम बिन० ।। सूरदास
True,True,0.039119804400977995,0.03484107579462103,112,29,pyarelala1914__08__r4l15.png,शरभंग कपिलमुनि अरु मनु अवधभु-
False,True,0.014696876913655848,0.034292712798530314,124,35,pyarelala1914__08__r4l16.png,वार । नामहेत तृण यों सब त्यागेउ राज
False,False,0.029522613065326633,0.0,129,36,pyarelala1914__08__r4l17.png,पाट संसार ।। ३ ।। नाम बिन० ।। प्यारे
False,False,0.024390243902439025,0.0,115,1,pyarelala1914__09__r1l1.png,९
True,False,0.07446808510638298,0.0,124,10,pyarelala1914__09__r1l2.png,रागबिनोद ।
True,False,0.031476997578692496,0.0012106537530266344,110,31,pyarelala1914__09__r1l3.png,रसना नाम ररति नहिं कस होइ हौ भव
True,True,0.08927464352138871,0.06199628022318661,120,31,pyarelala1914__09__r1l4.png,पार । दशरथ सुत सों याही अरज़ है
True,False,0.4241099312929419,0.023735165521549032,111,32,pyarelala1914__09__r1l5.png,बांह पकरि निरवार ।। ४ ।। नाम बिन
False,False,0.023142509135200974,0.0,112,16,pyarelala1914__09__r1l6.png,कौन भयो भवपार ।।
True,False,0.042974079126875855,0.0,105,38,pyarelala1914__09__r1l7.png,"दो० राम नाम नौका सुभग, भवसागर की धार ।"
True,False,0.11563636363636363,0.0,104,44,pyarelala1914__09__r1l8.png,"जिन नौका दृढ़ नहिं गहेउ, सो कस होइहैं पार ।।"
True,False,0.7102272727272727,0.0,116,5,pyarelala1914__09__r1l9.png,(भजन)
True,False,0.40786430223592907,0.0,117,27,pyarelala1914__09__r1l10.png,को न मिटेउ हरिजनहिं सताई ।।
False,True,0.017277125086385625,0.053213545266067724,114,30,pyarelala1914__09__r1l11.png,दुर्बासा अम्बरीष सतायो रामचक्र
True,True,0.045768025078369905,0.06206896551724138,115,37,pyarelala1914__09__r1l12.png,तिहुँपुरभरमाई ।। १ ।। कोन०।। तुलसी को
True,False,0.8008711885500933,0.02613565650280025,105,36,pyarelala1914__09__r1l13.png,दिल्लीपति ढाहेउ हरि पायक तेहि भवन ढ-
False,True,0.019178082191780823,0.06095890410958904,117,36,pyarelala1914__09__r1l14.png,हाई ।। २ ।। को न० ।।हरिणाकुश प्रहलाद
True,True,0.048170731707317074,0.05426829268292683,132,36,pyarelala1914__09__r1l16.png,खम्भहनि प्रकटभये हरिउद्र नसाई ।।३ ।।
False,False,0.01425914445133292,0.02851828890266584,111,30,pyarelala1914__09__r1l17.png,को न० ।। जन प्यारे बसुदेव नन्द
True,False,0.03669724770642202,0.0,112,2,pyarelala1914__10__r3l1.png,१०
True,False,0.05867970660146699,0.0,125,10,pyarelala1914__10__r3l2.png,रागबिनोद ।
True,True,0.0460772104607721,0.11581569115815692,142,32,pyarelala1914__10__r3l3.png,सों आरत नाद सहो नहिं जाई ।। ४ ।।
True,False,0.6908821349147517,0.0,113,27,pyarelala1914__10__r3l4.png,को न मिटेउ हरिजनहिं सताई ।।
False,False,0.019732654360280075,0.0,94,43,pyarelala1914__10__r3l5.png,"दो० आरत नाद करेउ गज, ग्राह ग्रसेउ जल मध्य ।"
True,False,0.10930888575458392,0.0,97,45,pyarelala1914__10__r3l6.png,"पौन जाहि भख तेहि अरि, चढ़ि ग्राहै कियो बध्य ।"
True,False,0.035326086956521736,0.0,139,5,pyarelala1914__10__r3l7.png,(भजन)
False,False,0.009471191791633781,0.0,145,23,pyarelala1914__10__r3l8.png,अब मन रामचरण अनुरागो ।।
True,False,0.04222520107238606,0.01876675603217158,116,30,pyarelala1914__10__r3l9.png,काम क्रोध और लोभ दुष्टमति दम्भ
False,False,0.014075887392900856,0.0012239902080783353,116,35,pyarelala1914__10__r3l10.png,कपट सब त्यागो ।। १ ।। अब मन० ।। हरि
True,True,0.03194103194103194,0.07309582309582309,116,32,pyarelala1914__10__r3l11.png,भक्तन सतसंग ढंग शुभ प्रभु बिमुखन
True,False,0.03345959595959596,0.022095959595959596,121,32,pyarelala1914__10__r3l12.png,सों भागो ।। २ ।। अबमन० ।। हरि यश
True,False,0.04083094555873926,0.0,115,29,pyarelala1914__10__r3l14.png,सुधा सरितसम पावन ता यशमें चित
True,True,0.036923076923076927,0.07876923076923077,119,37,pyarelala1914__10__r3l15.png,लागो ।। ३ ।। अबमन० ।। प्यारे जो पुत्र
True,False,0.0313460356484327,0.0,116,29,pyarelala1914__10__r3l16.png,भवन को नायक होई है तबहिं सभा-
False,False,0.01375,0.024375,118,33,pyarelala1914__10__r3l17.png,गो ।। ४ ।। अबमन रामचरण अनुरागो ।।
True,False,0.07601115760111576,0.002789400278940028,110,40,pyarelala1914__10__r3l18.png,"दो० हे मन मूरख बावरे, कर रघुबर सों नेह ।"
True,False,0.0379746835443038,0.0,125,2,pyarelala1914__11__r3l1.png,११
True,False,0.07127429805615551,0.0,124,10,pyarelala1914__11__r3l2.png,रागबिनोद ।
True,False,0.037065052950075644,0.0,121,38,pyarelala1914__11__r3l3.png,"बार धाम धन द्रव्य सब, और वारिये देह ।।"
True,True,0.2119815668202765,0.24423963133640553,61,5,pyarelala1914__11__line_1518174927460_102.png,(भजन)
False,False,0.019793459552495698,0.0,143,23,pyarelala1914__11__r3l5.png,अब मन कृष्णसों कर नेह ।
True,True,0.03755522827687776,0.030927835051546393,117,26,pyarelala1914__11__r3l7.png,वार सब धन धाम धरनी और वारौ
True,True,0.03620474406991261,0.05930087390761548,125,34,pyarelala1914__11__line_1518174907414_101.png,देह ।। १ ।। अब मन० ।। संग तेरे कोई
True,False,0.044430135222150675,0.021249195106245976,111,37,pyarelala1914__11__r3l12.png,न जैहै बित्त बाहन गेह ।। २ ।।अब मन०।।
True,True,0.064375,0.07125,119,37,pyarelala1914__11__r3l13.png,भ्रमित निशिदिन धन कुटुम्ब में बृथा सब
False,True,0.012859767299448868,0.10593998775260258,131,36,pyarelala1914__11__r3l14.png,परस्नेह ।। ३ ।। अब मन० ।। प्यारे दृग
True,False,0.03867403314917127,0.029465930018416207,141,39,pyarelala1914__11__r3l15.png,सों प्रेम जल ढुरु जैसे बरषत मेह ।। ४ ।।
False,False,0.015342960288808664,0.0,133,23,pyarelala1914__11__r3l17.png,अब मन कृष्णसों करनेह ।।
True,False,0.09258043335521995,0.0,100,42,pyarelala1914__11__r3l18.png,"दो० नेह करो मन कृष्ण सों, घट घट बासी जौन ।"
True,False,0.07064821558630735,0.005826656955571741,103,35,pyarelala1914__11__r3l19.png,"नाम लेत पातक टरै, कस बिसरायो तौन ।।"
True,True,0.2188235294117647,0.19294117647058823,60,5,pyarelala1914__11__line_1518174876450_100.png,(भजन)
True,True,0.0625449317038102,0.11358734723220705,128,28,pyarelala1914__11__r3l21.png,सुनोरे मन कस बिसरे नँदलाल ।।
True,False,0.08825573314801946,0.022237665045170257,122,27,pyarelala1914__11__r3l22.png,रतिकरपति तेहि अरितिया संयुत
True,False,0.10679611650485436,0.0,101,2,pyarelala1914__12__r2l1.png,१२
True,False,0.08677685950413223,0.0,119,10,pyarelala1914__12__r2l2.png,रागबिनोद ।
True,True,0.4400977995110024,0.04828850855745721,107,36,pyarelala1914__12__r2l3.png,करत जासु पद ख्याल ।। १ ।। सुनोरे० ।।
True,False,0.5725,0.006875,103,27,pyarelala1914__12__r2l4.png,तमअरितनया बढ़ीं चरणहित कञ्च
True,True,0.05253399258343634,0.06489493201483312,120,39,pyarelala1914__12__r2l5.png,पाँव छुइ भईहैं निहाल ।। २ ।। सुनोरे० ।।
True,False,0.08530510585305105,0.0,101,33,pyarelala1914__12__r2l6.png,सृष्टिरचन अरु धनद धर्म शशि नाम ज-
False,False,0.024420788979336257,0.028804007514088917,113,34,pyarelala1914__12__r2l7.png,पत यमकाल ।। ३ ।। सुनोरे० ।। प्यारे
True,False,0.06467358145210494,0.019524100061012812,110,30,pyarelala1914__12__r2l8.png,रसना जपु हरिके पद निशिदिन श्री
True,False,0.48520345252774355,0.015413070283600493,57,32,pyarelala1914__12__r2l10.png,गोपाल ।। ४ ।। सुनोरे मन कस बिसरे
True,True,0.8134831460674158,0.2786516853932584,69,9,pyarelala1914__12__line_1518174990850_104.png,नँदलाल ।।
True,False,0.10485021398002853,0.0021398002853067048,104,41,pyarelala1914__12__r2l12.png,"दो० मीम नून ते वाव सुन, पूछों तोसों बात ।"
True,False,0.12338156892612338,0.0,108,40,pyarelala1914__12__r2l13.png,"रेअल्लिफ़ अरु मीमको, छोड़तहौ कहि भांत ।।"
True,True,0.2678100263852243,0.31398416886543534,54,13,pyarelala1914__12__line_1518174969969_103.png,(भजन प्रभाती)
True,True,0.5843806104129264,0.05565529622980251,111,27,pyarelala1914__12__r2l15.png,जागो श्री रघुनन्दनप्यारे ।।
True,True,0.03975741239892183,0.05256064690026954,114,27,pyarelala1914__12__r2l16.png,कोक शोक पङ्कज कर संपुट मिटि
True,False,0.14427244582043344,0.01238390092879257,109,34,pyarelala1914__12__r2l17.png,निज दलनपसारे ।। १ ।। जागो श्री० ।।
True,False,0.7740560292326432,0.0018270401948842874,103,29,pyarelala1914__12__r2l18.png,शशिकी किरण मलिन तारे छिपि रबि
True,False,0.34801762114537443,0.018502202643171806,117,11,saktidharasukla1930__00c__r3l11.png,अथ चरणव्यूह
False,False,0.0,0.0,166,2,saktidharasukla1930__01__r1l1.png,च०
True,True,0.4423076923076923,0.4423076923076923,54,1,saktidharasukla1930__01__line_1518167170927_1.png,१
True,False,0.10606060606060606,0.0,85,17,saktidharasukla1930__01__r6l1.png,ॐ गणाधिपतये नमः ।
True,False,0.5792437650844731,0.004827031375703942,108,61,saktidharasukla1930__01__line_1518167257897_4.png,नमसकृत्यशिवंसाम्बं शङ्करंलोकशङ्करम्। श्रीमच्चरणव्यूहस्य भाषा-
True,True,0.3668843641951594,0.09565885516711486,67,61,saktidharasukla1930__01__line_1518167272028_5.png,भाष्यंब्रुवेऽधुना ।। १ ।। अब इसके अनन्तर चरणव्यूहका व्याख्यान
True,True,0.3339107838891295,0.06842789086184495,100,27,saktidharasukla1930__01__r6l10.png,श्रीगणेशाय नमः ।। अथातश्चरण
True,True,0.4540204353620613,0.04531319413593958,91,40,saktidharasukla1930__01__r6l16.png,व्यूहं व्याख्यास्यामस्तत्र निरुक्तं चातु
True,True,0.4701606732976282,0.04437643458301454,93,38,saktidharasukla1930__01__line_1518167291716_6.png,र्विधं चत्वारो वेदा विज्ञातानिभवन्त्यृ
True,False,0.22872340425531915,0.017857142857142856,91,62,saktidharasukla1930__01__r6l25.png,"करैंगे-वहां निरुक्त**चार प्रकारकाहै । ऋग्वेद, यजुर्वेद, सामवेद"
True,False,0.11041503523884104,0.0015661707126076742,79,76,saktidharasukla1930__01__r6l26.png,"** निश्चयेनउक्तोऽर्थोयस्मिन्नितिनिरुक्तम्-अत्र शतपथ, गोपथ, ब्रह्मभाष्य, रावण"
False,False,0.006458966565349544,0.0,82,71,saktidharasukla1930__01__r6l27.png,"भाष्य, शंकरभाष्य, महाभाष्य, महीधरभाष्य, सायणाचार्यकृतभाष्य, ताण्ड्यमहा-"
True,False,0.2606351108448173,0.007789095266626723,79,53,saktidharasukla1930__01__r6l28.png,"ब्राह्मण, निघण्ड्वादयोऽलौकिकामहान्तोग्रन्थाःसन्तीति ।"
True,True,0.6078431372549019,0.17647058823529413,58,1,saktidharasukla1930__01__line_1518167206465_3.png,१
False,False,0.0,0.0,160,2,saktidharasukla1930__02__r1l1.png,च०
True,True,0.7796610169491526,0.3898305084745763,58,1,saktidharasukla1930__02__line_1518168093058_1.png,२
True,False,0.39671002295332825,0.010328997704667177,96,62,saktidharasukla1930__02__line_1518168507972_2.png,और अथर्ववेद ये चारवेद * विशेषता से ज्ञात हुयेहैं । वहां ऋग्वेद
True,True,0.4196969696969697,0.14166666666666666,89,39,saktidharasukla1930__02__line_1518168521784_3.png,ग्वेदोयजुर्वेदस्सामवेदोथर्ववेदश्चेति ।।
True,True,0.34736442927569205,0.21160409556313994,76,37,saktidharasukla1930__02__line_1518168527128_4.png,तत्रऋग्वेदस्याष्टौ स्थानानि भवन्ति ।।
True,False,0.296579476861167,0.02374245472837022,109,36,saktidharasukla1930__02__r7l19.png,चर्चास्रावकश्चर्चकःश्रवणीपारः क्रमपा
True,True,0.3567096285064443,0.1561789234268385,86,36,saktidharasukla1930__02__line_1518168533269_5.png,रःक्रमचटु: कर्मटुः क्रमदण्डश्चेति ।।
True,False,0.24549980850248948,0.0,98,62,saktidharasukla1930__02__r7l25.png,"के आठ स्थान होते हैं कि, चर्चास्रावक, चर्चक, श्रवणीपार, कमपार,"
True,False,0.03278688524590164,0.012395041983206718,83,73,saktidharasukla1930__02__r7l26.png,* इष्टप्राप्त्यनिष्टपरिहारयोरलौकिकमुपायंयोवेदयतिसवेदः अतएवकृष्णयजुर्भाष्य
True,False,0.035606060606060606,0.027651515151515153,83,80,saktidharasukla1930__02__r7l27.png,भूमिकायांसायणाचार्येणोक्त हि-प्रमाणेनानुमित्यावायस्तूपायोनबुध्यते । एतंविदन्तिवे
True,False,0.03251417769376182,0.0,88,78,saktidharasukla1930__02__r7l28.png,देन तस्माद्वेदस्यवेदता ।। १ ।। इतिवचनंचोपन्यस्तम् । किञ्च मन्त्रब्राह्मणमित्या
False,False,0.021196063588190765,0.0011355034065102195,82,82,saktidharasukla1930__02__r7l29.png,हुरिति बौधामनीयं तथा मन्त्रब्राह्मणयोवेदंनामधेयमिप्यापस्तम्बोक्त विमृश्यमन्त्रब्रा
False,False,0.02947845804988662,0.0,79,28,saktidharasukla1930__02__r7l30.png,ह्मणात्मकःशब्दराशिर्वेदइति ।
False,False,0.0,0.0,162,2,saktidharasukla1930__03__r1l1.png,च०
True,True,0.2542372881355932,0.2033898305084746,61,1,saktidharasukla1930__03__line_1518168569941_6.png,३
True,False,0.3941355674028941,0.012566641279512566,111,58,saktidharasukla1930__03__line_1518168670051_11.png,"क्रमचटु, कर्मजटु, क्रमदण्ड और चतुष्पारण इन्होंकी संख्यायें"
True,False,0.4088269454123113,0.0019357336430507162,104,53,saktidharasukla1930__03__r7l3.png,"पांव प्रकार होती हैं शाकलाव, कला, आश्वलायन, सांख्यायन"
True,True,0.3542703944848717,0.036384527001148984,98,34,saktidharasukla1930__03__r7l7.png,चतुष्पारणमेतेषां संख्याःपञ्चविधा भ
True,False,0.4019193857965451,0.02802303262955854,98,30,saktidharasukla1930__03__r7l14.png,वन्ति । शाकलावाः कलाआश्वलायनाः
True,True,0.3766990291262136,0.0341747572815534,105,35,saktidharasukla1930__03__line_1518168641536_10.png,सांख्यायनामाण्डूकायनाश्चेति ।। तेषा
True,True,0.4450381679389313,0.04885496183206107,122,35,saktidharasukla1930__03__line_1518168635285_9.png,मध्ययनमध्यायाश्चतुः षष्टिर्म्मण्डला
True,True,0.45914634146341465,0.0871951219512195,86,39,saktidharasukla1930__03__r7l22.png,निदशैवतु ।। एकर्च्चएकवर्गःस्यादेकर्च्चो
True,True,0.3353500432152118,0.05142610198789974,61,52,saktidharasukla1930__03__r7l24.png,और माण्डूकायन उन्हों के पढ़ने के अध्याय चौंसठि और म-
True,False,0.4220007665772327,0.019547719432732848,104,50,saktidharasukla1930__03__r7l27.png,"ण्डल दश हैं, एक ऋचावाला एकवर्ग होता है तथा एक ऋचा-"
True,True,0.4807692307692308,0.19230769230769232,57,1,saktidharasukla1930__03__line_1518168596144_8.png,३
False,False,0.0,0.0,136,2,saktidharasukla1930__04__r1l1.png,च०
False,False,0.0,0.0,127,1,saktidharasukla1930__04__r1l2.png,४
True,False,0.8432588916459884,0.011993382961124897,116,51,saktidharasukla1930__04__line_1518168890119_12.png,"वाला नवक कहाताहै,बहुतसी ऋचाओंवाले दोवर्गजाननेचाहिये"
True,True,0.373429767795965,0.15721355157974876,67,57,saktidharasukla1930__04__line_1518168901244_13.png,"और तीन तृचवाले सौ कहाते हैं-वर्गोकी संख्या दोहज़ार चारहै,"
True,True,0.49292543021032503,0.23938814531548758,76,38,saktidharasukla1930__04__line_1518168905135_14.png,नवकस्तथा ।। द्वौवर्गौबह्वृचौज्ञेयौत्री
True,True,0.5306044376434583,0.2364192807957154,67,36,saktidharasukla1930__04__line_1518168910385_15.png,णितृचशतंस्मृतम् ।। वर्गाणांपरिसंख्या
True,True,0.4594594594594595,0.2637990102778835,80,39,saktidharasukla1930__04__line_1518168914900_16.png,तं द्वेसहस्रेचतुरुत्तरे ।। ऋचांदशसहस्रा
True,True,0.43802281368821294,0.24524714828897337,83,27,saktidharasukla1930__04__line_1518168920291_17.png,णि ऋचांपञ्चशतानिच ।। ऋचामशी
True,True,0.29588377723970943,0.05423728813559322,133,35,saktidharasukla1930__04__r6l28.png,तिपादाश्चैतत् पारायणमुच्यते ।। १ ।।
True,False,0.7069163163928162,0.0,107,51,saktidharasukla1930__04__r6l29.png,ऋचाओं की संख्या दशहजार व ऋचाओं की संख्या पांच सौ है
True,False,0.5833979829325058,0.0,107,52,saktidharasukla1930__04__r6l30.png,और ऋचाओं के अस्सी पादहैं यह पारायण कहाजाताहै ।। १ ।।
False,False,0.0,0.0,157,1,saktidharasukla1930__04__r12l1.png,४
True,True,0.6064516129032258,0.14193548387096774,57,2,saktidharasukla1930__05__line_1518168948197_19.png,च०
True,True,0.5737704918032787,0.7049180327868853,58,1,saktidharasukla1930__05__line_1518168959838_20.png,५
True,False,0.44602929838087896,0.0,111,59,saktidharasukla1930__05__r5l1.png,यजुर्वेद के छियासी भेद होते हैं। वहां चरकनामक बारह भेद होते
True,False,0.227130570758405,0.0109460516028147,98,59,saktidharasukla1930__05__r5l2.png,"हैं--चरकाह्वरक,कठ,प्राच्यकठ, कपिष्ठलकठ, चारायणीय, वार्तन्त-"
True,True,0.25798872180451127,0.0700187969924812,118,32,saktidharasukla1930__05__line_1518169047778_24.png,यजुर्वेदस्यषडशीतिर्भेदाभवन्ति ।।
True,True,0.4132535664979291,0.034974689369535204,121,31,saktidharasukla1930__05__r5l10.png,तत्रचरकाणांद्वादशभिदा भवन्ति ।।
True,False,0.49809160305343514,0.014122137404580152,112,33,saktidharasukla1930__05__r5l14.png,चरकाह्वरकाः कठाःप्राच्यकठाःकपिष्ठ
True,True,0.4676820208023774,0.036404160475482915,107,33,saktidharasukla1930__05__r5l16.png,लकठाश्चारायणीया वार्तन्तवीयाःश्वे
True,False,0.40328394072887463,0.010412494993992792,106,27,saktidharasukla1930__05__r5l18.png,ता अश्वतरा औपमन्यवाः पाता ऐ
True,False,0.3911960132890365,0.02616279069767442,108,33,saktidharasukla1930__05__line_1518168997073_23.png,णिडनेया मैत्रायणीयाश्चेति ।। तत्र
True,False,0.2978723404255319,0.0,97,53,saktidharasukla1930__05__r5l21.png,"वीय, श्वेत, अश्वतर, औपमन्यव, पात, ऐण्डिनेय और मैत्रा-"
True,True,0.4430379746835443,0.6708860759493671,57,1,saktidharasukla1930__05__line_1518168984026_22.png,५
False,False,0.0,0.0,157,2,saktidharasukla1930__06__r1l1.png,च०
True,True,0.34545454545454546,0.32727272727272727,57,1,saktidharasukla1930__06__line_1518169117518_25.png,६
True,False,0.3989976869699306,0.0,98,59,saktidharasukla1930__06__r6l1.png,"यणीय । वहां मैत्रायणीयों के छःभेद होते हैं-मानव, वाराह, दु-"
True,False,0.32240853658536583,0.00038109756097560977,91,51,saktidharasukla1930__06__r6l2.png,"न्दुभ, छागलेय, हारिद्रवीय और श्यामायनीय उनका अध्ययन"
True,True,0.44804318488529016,0.044534412955465584,100,35,saktidharasukla1930__06__r6l5.png,मैत्रायणीयानां षड्भेदा भवन्ति ।। मा
True,True,0.37327188940092165,0.0445468509984639,135,34,saktidharasukla1930__06__line_1518169191517_29.png,नवावाराहादुन्दुभाश्छागलेया हारिद्र
True,False,0.48766383962991516,0.012721665381649962,98,34,saktidharasukla1930__06__r6l10.png,वीयाःश्यामायनीयाश्चेति ।। तेषामध्य
True,True,0.33614735226400616,0.1868764389869532,95,40,saktidharasukla1930__06__line_1518169175170_28.png,यनंद्वेसहस्रेशतेन्यूनेमन्त्रे वाजसनेयिके
True,True,0.48671875,0.08359375,70,31,saktidharasukla1930__06__r6l18.png,अगणः परिसङ्ख्य़ातस्ततोन्यानियजू
True,False,0.25848765432098764,0.010030864197530864,93,50,saktidharasukla1930__06__r6l20.png,(पढ़ना)एकसौसे कम दोहजार वाजसनेयिक मन्त्रों में अगण
True,False,0.2875766871165644,0.018021472392638037,92,45,saktidharasukla1930__06__r6l21.png,का परिसंख्यान हुआ है तदनन्तर आठसौ अन्य यजु और
True,True,0.39344262295081966,0.18032786885245902,57,1,saktidharasukla1930__06__line_1518169140785_27.png,६
False,False,0.0,0.0,129,2,saktidharasukla1930__07__r2l1.png,च०
False,False,0.0,0.0,131,1,saktidharasukla1930__07__r2l2.png,७
True,True,0.45218087234893956,0.055222088835534214,52,53,saktidharasukla1930__07__r10l1.png,अट्ठाईसहजार अन्य अधिकपाद यह प्रमाण केवल यजुषोंकाही है
True,False,0.453027950310559,0.023680124223602484,55,53,saktidharasukla1930__07__r10l2.png,बालखिल्यसमेत व अच्छी क्रियाओं समेत चौगुना ब्राह्मणभाग
True,True,0.41038656774697385,0.03436157750878563,64,34,saktidharasukla1930__07__r10l3.png,षिचाष्टौशतानिसहस्राणि चाष्टाविंशति
True,True,0.46840873634945396,0.09555382215288612,82,32,saktidharasukla1930__07__line_1518169324508_34.png,रन्ययान्यधिकश्चपादमेतत्प्रमाणं य
True,True,0.41452648475120385,0.056179775280898875,66,36,saktidharasukla1930__07__r10l6.png,जुषां हिकेवलंसबालखिल्यंससुक्रियंब्रा
True,True,0.5678353658536586,0.1833079268292683,77,38,saktidharasukla1930__07__line_1518169313445_32.png,ह्मणञ्चचतुर्गुणम्।। तत्रतैत्तिरीयकाणां
True,True,0.4225352112676056,0.2131709173962695,67,36,saktidharasukla1930__07__line_1518169318632_33.png,द्विभेदाभवन्त्योषेयाः खाण्डिकेयाश्चे
True,False,0.4198782961460446,0.02636916835699797,42,58,saktidharasukla1930__07__r10l19.png,है । वहां तैत्तिरीयक नामोंके दो भेदहैं-ओषेय और खाण्डिकेय ।
True,True,0.4725274725274725,0.3626373626373626,54,1,saktidharasukla1930__07__line_1518169268258_31.png,७
False,False,0.0,0.0,119,2,saktidharasukla1930__08__r2l1.png,च०
False,False,0.0,0.0,128,1,saktidharasukla1930__08__r2l2.png,८
True,False,0.31039874902267395,0.0,99,60,saktidharasukla1930__08__r8l1.png,"वहां खाण्डिकेयों के पांच भेद होते हैं। कालेता, शाट्यायनी हि-"
True,True,0.40238278247501924,0.07071483474250577,124,51,saktidharasukla1930__08__r8l3.png,"रण्यकेशी, भारद्वाज्या और आपस्तम्बी-उनका अध्ययन अठा-"
True,False,0.42651072124756334,0.010526315789473684,115,32,saktidharasukla1930__08__r8l6.png,ति ।। तत्रखाण्डिकेयानांपञ्चभेदाभ
True,False,0.4367112810707457,0.022562141491395793,112,32,saktidharasukla1930__08__r8l10.png,वन्ति ।। कालेताशाट्यायनीहिरण्यके
True,True,0.46976568405139835,0.24036281179138322,54,37,saktidharasukla1930__08__line_1518169648063_37.png,शीभारद्वाज्यापस्तम्बीचेति ।। तेषामध्य
True,False,0.32676443629697527,0.011915673693858845,135,30,saktidharasukla1930__08__r8l14.png,यनमष्टादशयजुःसहस्राण्यधीत्य शा
True,False,0.4091800706159278,0.01490780698313064,113,34,saktidharasukla1930__08__r8l15.png,खापारोभवति ।। तान्येवद्विगुणान्यधी
True,True,0.388671875,0.034765625,109,35,saktidharasukla1930__08__r8l16.png,त्यपदपारोभवति ।। तान्येवत्रिगुणान्य
True,False,0.27251552795031053,0.0,122,55,saktidharasukla1930__08__r8l17.png,रह हजार यजु को पढ़कर पुरुष शाखाओंसे पार होताहै व दुगुने
True,True,0.8148148148148148,0.1728395061728395,54,1,saktidharasukla1930__08__line_1518169609532_36.png,८
False,False,0.0,0.0,155,2,saktidharasukla1930__09__r1l1.png,च०
True,False,0.11827956989247312,0.0,60,1,saktidharasukla1930__09__line_1518170122353_38.png,९
True,False,0.3653627041397645,0.0189897455374098,88,58,saktidharasukla1930__09__r5l1.png,उन्हीं को पढ़कर पदपार होताहै व तिगुने उन्हीं को पढ़कर क्रम
True,False,0.4726291441788743,0.003469545104086353,82,64,saktidharasukla1930__09__r5l2.png,पार होता है व षडङ्गों को पढ़कर षडङ्गवेत्ता होजाताहै । जहां ब्रा-
True,True,0.43257575757575756,0.22613636363636364,61,32,saktidharasukla1930__09__line_1518170252088_45.png,धीत्यक्रमपारोभवति ।। षडङ्गान्यधी
True,False,0.4582824582824583,0.026048026048026047,102,38,saktidharasukla1930__09__r5l9.png,त्यषडङ्गविद्भवति ।। त्रिगुणंपट्यतेयत्र
True,True,0.3548018292682927,0.4211128048780488,54,40,saktidharasukla1930__09__line_1518170221252_44.png,मन्त्रंब्राह्मणयोःसह ।। यजुर्वेदःसविज्ञे
True,True,0.3904653802497162,0.25312145289443816,73,35,saktidharasukla1930__09__line_1518170205922_43.png,यःशेषाःशाखान्तराःस्मृताः ।। शिक्षाक
True,False,0.31233396584440226,0.0,91,59,saktidharasukla1930__09__r5l19.png,ह्मणों समेत तिगुना मन्त्र पढ़ाजाता है वह यजुर्वेद जानना चा-
True,False,0.3136954858454476,0.0,93,58,saktidharasukla1930__09__r5l20.png,"हिये और बाक़ी शाखान्तरायें कहाती हैं । शिक्षा, कल्प, व्या-"
True,False,0.060866172454155286,0.0023410066328521262,93,65,saktidharasukla1930__09__line_1518170151949_41.png,(१) एकशतमध्वर्य्युशाखासहस्रवर्त्मासामवेदः । एकविंशतिथाऋग्वेदोनवधा
True,False,0.07094081942336875,0.0,89,62,saktidharasukla1930__09__r5l23.png,अथर्वणवेदः ।। १ ।। यजुर्वेदकी १०० शाखा सामकी १००० ऋग्वेद की २१
True,False,0.41379310344827586,0.0,54,1,saktidharasukla1930__09__line_1518170141370_40.png,९
True,True,0.4,0.12,77,2,saktidharasukla1930__10__r1l1.png,च०
True,True,0.168,0.2,54,2,saktidharasukla1930__10__line_1518170777507_46.png,१०
True,False,0.236198738170347,0.0,107,60,saktidharasukla1930__10__r7l1.png,"करण, निरुक्त, छन्द और ज्योतिष(१) ये वेद के छः अंग कहाते हैं।"
True,False,0.26653992395437265,0.023954372623574145,124,35,saktidharasukla1930__10__r7l2.png,ल्पोव्याकरणं निरुक्तंछन्दोज्योतिषमि
True,True,0.3485429447852761,0.24233128834355827,58,33,saktidharasukla1930__10__line_1518170884939_49.png,तिषडङ्गानि ।। छन्दःपादौतुवेदस्य ह
True,False,0.5023295213892418,0.01397712833545108,92,34,saktidharasukla1930__10__r7l10.png,स्तौकल्पोथपट्यते ।। ज्योतिषामयनं च
True,False,0.3458124276341181,0.028174450019297567,68,57,saktidharasukla1930__10__r7l12.png,छन्द वेदों के पाद कहाते हैं और हाथ कल्प पढ़ाजाता है ज्यो-
True,False,0.08159392789373814,0.0026565464895635673,95,71,saktidharasukla1930__10__r7l13.png,अथर्वण की नवशाखा वेद के महाभाष्य में कही हैं । ऐसेही यजुर्वेदीय मुक्ति-
True,False,0.08973384030418251,0.013307984790874524,95,73,saktidharasukla1930__10__r7l14.png,कोपनिषद् में कहा है कि ऋग्वेदस्यतुशाखाःस्युरेकविंशतिसङ्ख्यकाः । न्वाधिकाः
False,False,0.028419856006062904,0.0,95,72,saktidharasukla1930__10__r7l15.png,शतंशाखायजुषोमरुतात्मज ।। सहस्रसंख्ययाजाताः शाखाःसाम्नांपरंतप । अथर्वणस्य
False,False,0.022887323943661973,0.0,96,38,saktidharasukla1930__10__r7l17.png,शाखाः स्युः पञ्चाशद्भेदसंयुताः ।। १ ।।
True,False,0.08394758394758395,0.0,97,76,saktidharasukla1930__10__r7l18.png,(१) द्विविधगणितमुक्तं व्यक्तमव्यक्तयुक्तं तदवगमननिष्ठः शब्दशास्त्रोपविष्टः ।
True,False,0.08753315649867374,0.0071996968548692685,103,73,saktidharasukla1930__10__r7l19.png,यदिभवतितदेदं ज्योतिषंभूरिभेदं प्रपठितुमधिकारी सोन्यथानामधारी ।। १ ।। फलित
True,False,0.119906868451688,0.0,92,54,saktidharasukla1930__10__r7l20.png,गणितभेदेनज्योतिषं द्वैविध्यमुक्तमितिसिद्धान्तशिरोमणौ ।
True,True,0.27205882352941174,0.07352941176470588,57,2,saktidharasukla1930__10__line_1518170811239_48.png,१०
False,False,0.0,0.0,62,26,sankaracarya1925__000c__line_1517478823443_51.png,श्रीस्वामी शङ्कराचार्य-कृत
False,False,0.0,0.0,59,8,sankaracarya1925__000c__line_1517478815293_50.png,परा-पूजा
False,False,0.0,0.0,69,26,sankaracarya1925__000c__line_1517478806662_49.png,(सुबोधिनी हिंदी-टीका-सहित)
False,False,0.0,0.0,56,7,sankaracarya1925__000c__line_1517478801143_48.png,टीकाकार
False,False,0.0,0.0,51,25,sankaracarya1925__000c__r3l16.png,रायबहादुर बाबू ज़ालिमसिंह
False,False,0.017241379310344827,0.0,52,4,sankaracarya1925__000c__r3l17.png,लखनऊ
False,False,0.0,0.0,50,34,sankaracarya1925__000c__r3l18.png,"केसरीदास सेठ, सुपरिंटेंडेंट द्वारा"
False,False,0.0,0.0,54,38,sankaracarya1925__000c__r3l19.png,ननलकिशोर-प्रेस में मुद्रित और प्रकाशित
False,False,0.0,0.0,55,11,sankaracarya1925__000c__r3l20.png,सन् १९२५ ई०
False,False,0.0,0.0,63,16,sankaracarya1925__000c__r3l21.png,द्वितीय बार २०००
False,False,0.0,0.0,60,17,sankaracarya1925__000c__line_1517478848311_52.png,सर्वाधिकार-रक्षित
True,False,0.045454545454545456,0.0,57,6,sankaracarya1925__001__r1l1.png,निवेदन
False,False,0.010566762728146013,0.0,84,47,sankaracarya1925__001__r1l2.png,"इस 'परा-पूजा' स्तोत्र में, जीवात्मा और परमात्मा"
False,False,0.0,0.0017528483786152498,85,41,sankaracarya1925__001__r1l3.png,"की, जो एकरूप है, पूजा का वर्णन है । इस पर"
False,False,0.0017513134851138354,0.0,90,42,sankaracarya1925__001__r1l4.png,"जो सुबोधिनी टीका लिखी गई है, वह आनंद का एक"
False,False,0.01436265709156194,0.0,89,49,sankaracarya1925__001__r1l5.png,सागर है । उसमें वेदांत-वाक्यों के अर्थों की लहरें
False,False,0.0,0.0,99,48,sankaracarya1925__001__r1l6.png,"लहरा रही हैं । जो मुमुक्षु इस ग्रंथ को पढ़ता है,"
False,False,0.0,0.0,100,43,sankaracarya1925__001__r1l7.png,"उसके हृदय में आनंद इस प्रकार उछलने लगता है,"
False,False,0.0017376194613379669,0.0017376194613379669,97,49,sankaracarya1925__001__r1l8.png,जैसे पूर्णमासी के चंद्रमा को देखकर समुद्र का जल ।
False,False,0.005226480836236934,0.003484320557491289,93,42,sankaracarya1925__001__r1l9.png,"और फिर इसको पढ़ने, सुनने और समझने से भावुक"
False,False,0.0025974025974025974,0.0017316017316017316,88,49,sankaracarya1925__001__r1l10.png,का चित्त ब्रह्मानंद-समीर से ऐसे फरकता है जैसे चले
False,False,0.009640666082383873,0.0,93,49,sankaracarya1925__001__r1l11.png,जाते हुए पुरुष के हाथ में पताका में लगे हुए कपड़े
False,False,0.0,0.0026690391459074734,96,43,sankaracarya1925__001__r1l12.png,का फरहरा पीछे की ओर वायु में फरका करता है ।
False,False,0.002613240418118467,0.002613240418118467,103,42,sankaracarya1925__001__r1l14.png,"और ब्रह्मकी ओर उसका मन ऐसे धावमान होता है,"
False,False,0.0017574692442882249,0.0026362038664323375,97,43,sankaracarya1925__001__r1l15.png,जैसे रेल में चले आ रहे यात्री का मन अपने घर
False,False,0.0,0.0,78,19,sankaracarya1925__001__r1l16.png,की ओर लगा रहता है ।
False,False,0.006578947368421052,0.005639097744360902,81,42,sankaracarya1925__001__r1l17.png,इसकी टीका बनाने में स्वामी परमानंद ने मुझे
False,False,0.0175054704595186,0.0,68,20,sankaracarya1925__001__r1l18.png,विशेष सहायता दी है ।
False,False,0.0,0.0,64,7,sankaracarya1925__001__r1l20.png,अनुवादक
True,True,0.7159533073929961,0.188715953307393,61,11,sankaracarya1925__01__line_1517478961107_53.png,अथ परा-पूजा
True,False,0.03968253968253968,0.0,69,16,sankaracarya1925__01__r1l4.png,(भाषा-टीका-सहित)
True,False,0.12379110251450677,0.0,58,60,sankaracarya1925__01__r1l7.png,"प्रश्न---संसार में जितने कर्मी लोक हैं, वे कहते हैं कि ईश्वर"
False,False,0.01651376146788991,0.003669724770642202,62,64,sankaracarya1925__01__r1l8.png,"मूर्त्तिमान् है, और ऊपर के किसी लोक में रहता है । उसकी मूर्ति को"
False,False,0.013774104683195593,0.0036730945821854912,58,55,sankaracarya1925__01__r1l9.png,"बनाकर उसकी पूजा करनी उचित है, और उसकी मूर्त्ति को स्नान"
False,False,0.00922509225092251,0.0,58,59,sankaracarya1925__01__r1l10.png,"कराना, वस्त्र पहराना, आसन देना, पुष्प चढ़ाना, धूप-दीप करना,"
False,False,0.0,0.0,65,52,sankaracarya1925__01__r1l11.png,"भोग लगाना, आरती उतारना, और प्रदक्षिणा करना, यही उसकी"
False,False,0.025547445255474453,0.0,61,57,sankaracarya1925__01__r1l12.png,"पूजा है, और इसी से वह ईश्वर प्रसन्न होता है । ऐसा जो उनका"
False,False,0.0,0.0,67,28,sankaracarya1925__01__r1l13.png,"कथन है, सो ठीक है, या नहीं ?"
True,False,0.11861137897782063,0.0019286403085824494,57,65,sankaracarya1925__01__r1l14.png,"उत्तर---ज्ञानियों के लिये यह ठीक नहीं, क्योंकि ईश्वर मूर्त्तिमान्"
False,False,0.01090909090909091,0.0,60,64,sankaracarya1925__01__r1l15.png,"नहीं । जो ईश्वर को मूर्त्तिमान् मानते हैं, वह ईश्वर के स्वरूप को"
True,False,0.0347985347985348,0.0,59,60,sankaracarya1925__01__r1l16.png,"नहीं जानते, और वेद-शास्त्र के तात्पर्य को भी नहीं जानते । जो"
False,False,0.0009174311926605505,0.0,64,70,sankaracarya1925__01__r1l17.png,"मूर्त्तिमान् पदार्थ होता है, सो परिच्छिन्न अर्थात् एक देश में रहनेवाला"
True,False,0.08294930875576037,0.007373271889400922,55,67,sankaracarya1925__01__r1l18.png,"होता है, और उत्पत्ति-नाशवाला भी होता है । इस वास्ते ईश्वर मूर्त्ति-"
False,False,0.02667893284268629,0.0,62,68,sankaracarya1925__01__r1l19.png,"मान् नहीं है । यदि ईश्वर को मूर्त्तिमान् मानोगे, तो वह भी परिच्छिन्न"
False,False,0.006433823529411764,0.0,62,58,sankaracarya1925__01__r1l20.png,"एकदेशी हो जायगा, और ऐसा मानना वेद-शास्त्र-विरुद्ध है । यदि"
False,False,0.023679417122040074,0.0,66,58,sankaracarya1925__01__r1l21.png,"ईश्वर देहधारी और ऊपर के किसी लोक में बैठनेवाला माना जायगा,"
True,False,0.07083716651333946,0.0,53,58,sankaracarya1925__01__r1l22.png,तो वह देहधारी जीव साबित होगा । और देहधारी होने से वह जन्म-
False,False,0.025664527956003668,0.0,60,58,sankaracarya1925__01__r1l23.png,"मरणवाला भी होगा, और अल्पज्ञ भी होगा, क्योंकि देहधारी कदापि"
False,False,0.015596330275229359,0.0045871559633027525,63,64,sankaracarya1925__01__r1l24.png,सर्वज्ञ नहीं हो सकता है । इसवास्ते ईश्वर देहधारी और मूर्त्तिमान्
True,False,0.040983606557377046,0.0,63,66,sankaracarya1925__01__r1l25.png,"नहीं है, किंतु ईश्वर श्रुतियों से निराकार निरवयव ही साबित होता है।"
False,False,0.02952029520295203,0.004612546125461255,58,64,sankaracarya1925__01__r1l26.png,"जब ईश्वर मूर्त्तिमान् नहीं, तो उसकी पाषाणादि की मूर्त्ति कैसे हो"
False,False,0.025431425976385105,0.009082652134423252,58,57,sankaracarya1925__01__r1l27.png,सकती है ? और फिर उस मूर्त्ति की पूजा कैसे हो सकती है ? जब
False,True,0.0,0.08108108108108109,54,1,sankaracarya1925__02__line_1517479244950_68.png,२
False,False,0.0,0.006802721088435374,50,8,sankaracarya1925__02__r1l1.png,परा-पूजा
True,False,0.04792043399638336,0.007233273056057866,51,62,sankaracarya1925__02__r1l2.png,"ईश्वर की मूर्त्ति किसी युक्ति-प्रमाण से साबित नहीं हो सकती, तो"
True,False,0.03825136612021858,0.00546448087431694,49,56,sankaracarya1925__02__r1l3.png,फिर उसकी मूर्त्ति बनाकर उसकी पूजा करना किसी तरह से साबित
True,False,0.05605786618444846,0.0,50,64,sankaracarya1925__02__r1l4.png,नहीं होता है । इसी पर श्रीस्वामी शंकराचार्यजी ने जो ईश्वर-संबंधी
True,False,0.0514018691588785,0.0,46,50,sankaracarya1925__02__r1l5.png,"स्तोत्र कहा है, उसको और उसके अर्थ को दिखाते हैं---"
False,True,0.0,0.036585365853658534,52,3,sankaracarya1925__02__r1l6.png,मूल
True,False,0.07425149700598803,0.01437125748502994,56,40,sankaracarya1925__02__line_1517479386609_75.png,आनन्दे सच्चिदानन्दे निर्विकल्पैकरूपिणि ।
True,False,0.06967213114754098,0.0,55,46,sankaracarya1925__02__line_1517479379192_74.png,स्थितेऽद्वितीये भावे वै कथं पूजा विधीयते ॥ १ ॥
True,False,0.1810344827586207,0.0,42,7,sankaracarya1925__02__r1l16.png,पदच्छेद
True,False,0.09151572926596759,0.0,57,65,sankaracarya1925__02__line_1517479358716_73.png,"आनन्दे, सच्चिदानन्दे, निर्विकल्पैकरूपिणि, स्थिते, अद्वितीय, भावे,"
True,False,0.06443914081145585,0.007159904534606206,54,25,sankaracarya1925__02__line_1517479298995_71.png,"वै, कथम्, पूजा, विधीयते ॥"
False,False,0.017857142857142856,0.0,47,6,sankaracarya1925__02__r1l32.png,पदार्थ
True,False,0.2571428571428571,0.0,37,5,sankaracarya1925__02__r1l33.png,अन्वय
True,False,0.050505050505050504,0.0,47,6,sankaracarya1925__02__r1l34.png,पदार्थ
False,False,0.0,0.0,48,5,sankaracarya1925__02__r1l35.png,अन्वय
True,True,0.1043956043956044,0.03571428571428571,56,24,sankaracarya1925__02__line_1517479280142_70.png,अद्वितीये = अद्वैत है जो
True,False,0.05707196029776675,0.0,49,23,sankaracarya1925__02__line_1517479276345_69.png,आनन्दे = आनंद-रूप है जो
True,False,0.09669211195928754,0.0,49,25,sankaracarya1925__02__r1l41.png,भाव = भाव-रूप है जो उसमें
False,False,0.014598540145985401,0.0018248175182481751,51,35,sankaracarya1925__02__line_1517479318640_72.png,सच्चिदानन्दे = सत्य-चिद्-आनंद है जो
True,False,0.07777777777777778,0.0,47,16,sankaracarya1925__02__r1l47.png,वै = निश्चय करके
True,True,0.16017316017316016,0.04329004329004329,42,14,sankaracarya1925__02__r1l49.png,विकल्प से रहित
True,True,0.23529411764705882,0.052941176470588235,43,11,sankaracarya1925__02__r1l50.png,निर्विकल्पै
True,True,0.1927710843373494,0.03614457831325301,54,5,sankaracarya1925__02__line_1517479241048_67.png,है जो
True,False,0.07163323782234957,0.0,47,20,sankaracarya1925__02__r1l51.png,कथम् = किस प्रकार से
True,False,0.1038961038961039,0.0,40,8,sankaracarya1925__02__r1l53.png,करूपिणि=
True,False,0.08514851485148515,0.0,53,35,sankaracarya1925__02__r1l55.png,पूजा विधीयते = पूजा का विधानकरूपिणि
True,False,0.09969788519637462,0.0,52,20,sankaracarya1925__02__line_1517479224642_66.png,स्थिते = स्थित है जो
True,False,0.03076923076923077,0.0,55,10,sankaracarya1925__02__r1l59.png,हो सकता है
False,False,0.027522935779816515,0.0,50,7,sankaracarya1925__02__r1l61.png,भावार्थ
False,False,0.0,0.004580152671755725,59,37,sankaracarya1925__02__line_1517479203981_64.png,प्रश्न -- वह परमात्मा ईश्वर कैसा है ?
False,False,0.023032629558541268,0.003838771593090211,48,55,sankaracarya1925__02__r1l67.png,"उत्तर- -आनंद-स्वरूप है, अर्थात् उसमें तीनों काल दुःख का"
False,False,0.027124773960216998,0.0009041591320072332,60,62,sankaracarya1925__02__line_1517479186007_63.png,"लेश-मात्र नहीं है, इसी से वह सत्यु-चिद्-आनंद-रूप है । और उसमें"
True,False,0.053832116788321165,0.002737226277372263,50,62,sankaracarya1925__02__line_1517479178657_62.png,"जगत् की उत्पत्ति आदि की कल्पना भी किसी प्रकार से नहीं हो सकती,"
True,False,0.06575342465753424,0.010958904109589041,50,59,sankaracarya1925__02__line_1517479167790_61.png,क्योंकि वह भाव-रूप होकर संपूर्ण ब्रह्मांड में स्थित है । वह
False,False,0.029304029304029304,0.0,56,69,sankaracarya1925__02__line_1517479152532_60.png,"अद्वैत है अर्थात् द्वैत-रूपी प्रपंच उसमें लेश-मात्र भी नहीं है, दूसरा"
True,False,0.03293687099725526,0.004574565416285453,60,70,sankaracarya1925__02__line_1517479139643_59.png,"उसके तुल्य सच्चिदानंद-रूप ईश्वर और नहीं है, क्योंकि संपूर्ण ब्रह्मांड-"
True,False,0.034830430797433545,0.0009165902841429881,58,59,sankaracarya1925__02__line_1517479126807_58.png,"भर में निराकार, निरवयव, ईश्वर एक ही रह सकता है । एक देश में"
False,True,0.0,0.21212121212121213,54,1,sankaracarya1925__03__line_1517479727278_89.png,३
True,False,0.20437956204379562,0.0,41,14,sankaracarya1925__03__r1l1.png,भाषा-टीका-सहित
True,False,0.056338028169014086,0.0,43,14,sankaracarya1925__03__r1l2.png,निराकार निरवयव
True,False,0.10154241645244216,0.0,47,47,sankaracarya1925__03__r1l3.png,दो निराकार रहने का कोई दृष्टांत नहीं मिलता । जब
True,False,0.035747021081576534,0.0036663611365719525,51,57,sankaracarya1925__03__r1l4.png,की मूर्त्ति किसी प्रकार से नहीं बन सकती तो उसकी पूजा कैसे
True,False,0.06060606060606061,0.0,46,38,sankaracarya1925__03__r1l6.png,"हो सकती है, किंतु कदापि नहीं हो सकती ।"
True,False,0.049466537342386034,0.0,55,60,sankaracarya1925__03__line_1517479710510_88.png,प्रश्न -- जब शरीर में नख से लेकर शिखा पर्यंत जीवात्मा व्यापक
True,False,0.04627949183303085,0.0009074410163339383,53,56,sankaracarya1925__03__line_1517479704240_87.png,"है, तब यह शरीर जीवात्मा का ही है, और हस्त-पाद आदिक जितने"
True,False,0.04757548032936871,0.009149130832570906,49,58,sankaracarya1925__03__r1l14.png,"अवयव हैं, सब उसी के हैं । इसवास्ते शरीर के किसी अवयव की भी"
True,False,0.08095676172953081,0.006439742410303588,52,58,sankaracarya1925__03__line_1517479695119_86.png,"पूजा करने से उसी की पूजा है, क्योंकि शरीर के अवयवों को सुख"
True,False,0.11425873465533522,0.0,49,53,sankaracarya1925__03__r1l21.png,मिलने से उसके भीतरवाले जीव-आत्मा को भी सुख मिलता है ।
True,True,0.030054644808743168,0.03460837887067395,65,55,sankaracarya1925__03__line_1517479676320_85.png,"और, जैसे शरीर और शरीर के अवयवों के पूजने से जीवात्मा की"
True,False,0.03473491773308958,0.016453382084095063,64,69,sankaracarya1925__03__line_1517479664265_84.png,"पूजा होती है, वैसे ही ब्रह्मांड के अंदर जितनी मूर्तियाँ हैं, उनमें से"
True,False,0.03467666354264293,0.007497656982193065,64,58,sankaracarya1925__03__line_1517479640455_83.png,"किसी एक के पूजने से उसी व्यापक ईश्वर की मूर्ति की पूजा है,"
True,False,0.043521266073194856,0.005934718100890208,64,64,sankaracarya1925__03__line_1517479628467_82.png,"क्योंकि ईश्वर सब मूर्तियों के भीतर व्यापक है । इसमें कोई भी दोष,"
True,False,0.051194539249146756,0.0,46,18,sankaracarya1925__03__r1l46.png,प्रतीत नहीं होता ।
True,False,0.03571428571428571,0.002976190476190476,60,68,sankaracarya1925__03__line_1517479607612_81.png,"उत्तर -- जीवात्मा का दृष्टांत नहीं बनता है, क्योंकि जीवात्मा का शरीर"
True,False,0.03683241252302026,0.0,59,71,sankaracarya1925__03__line_1517479597710_80.png,"के साथ तादात्म्य अध्यास है, इसी से देह में सुख-दुःख होने से वह अपने में"
False,False,0.015769944341372914,0.011131725417439703,59,71,sankaracarya1925__03__line_1517479589879_79.png,सुख-दुःख मानता है । ईश्वरात्मा का ब्रह्मांड के साथ तादात्म्याध्यास नहीं
True,False,0.05979760809567617,0.0036798528058877645,61,75,sankaracarya1925__03__line_1517479581572_78.png,"है, इसीवास्ते ब्रह्मांड में खेद होने से ईश्वर को खेद नहीं होता । फिर जीव के"
True,False,0.031164069660861594,0.0,58,67,sankaracarya1925__03__r1l81.png,"शरीर के प्रत्येक अवयव में अध्यास है, इसवास्ते प्रत्येक अवयव की पूजा"
True,False,0.03683241252302026,0.0055248618784530384,65,54,sankaracarya1925__03__line_1517479572885_77.png,और हानि से वह अपनी पूजा और हानि को मानता और सुखी-दुःखी
True,False,0.04735883424408015,0.00273224043715847,57,63,sankaracarya1925__03__r1l84.png,होता है । ईश्वरात्मा का जगत् के किसी भी पदार्थ या मूर्ति के साथ
True,False,0.05041246562786435,0.007332722273143905,56,61,sankaracarya1925__03__r1l85.png,"अध्यास नहीं है, इसीवास्ते पदार्थों की हानि और पूजा से वह अपनी"
True,False,0.03761467889908257,0.015596330275229359,60,59,sankaracarya1925__03__r1l86.png,हानि और पूजा नहीं मानता । फिर जीवात्मा कर्मों का कर्त्ता और
False,True,0.021081576535288724,0.031164069660861594,66,68,sankaracarya1925__03__r1l87.png,"उनके फलों का भोक्ता है, ईश्वरात्मा ऐसा नहीं है । फिर जीवात्मा कर्मों"
True,False,0.16,0.01,61,59,sankaracarya1925__03__r1l89.png,के अनुसार कभी मनुष्य-योनि में और कभी पशु-पक्षी आदिक योनियों
False,False,0.02009132420091324,0.0,63,60,sankaracarya1925__03__r1l90.png,"में जन्मता-मरता है, ईश्वरात्मा ऐसा नहीं है । इतना ही जीवात्म"
False,False,0.0,0.0,56,8,sankaracarya1925__04__r1l1.png,परा-पूजा
False,False,0.0,0.0,50,1,sankaracarya1925__04__r1l2.png,४
True,False,0.03832116788321168,0.0,58,66,sankaracarya1925__04__r1l3.png,"और ईरवरात्मा में भेद है, इसवास्ते ईश्वरात्मा देहादिकों से और जन्म-"
True,False,0.06995515695067264,0.0,58,62,sankaracarya1925__04__r1l4.png,"मरण से रहित है । वह एकरस, ज्यों का त्यों अपने स्वरूप में स्थित"
True,False,0.0593607305936073,0.0,58,66,sankaracarya1925__04__r1l5.png,"है, इसवास्ते जीवात्मा का दृष्टांत नहीं बनता । जो जीव मुक्त हो जाते"
True,False,0.10970081595648232,0.0,57,61,sankaracarya1925__04__r1l6.png,"हैं, वह भी शरीरादिकों से रहित होकर ईश्वर में मिल जाते हैं, और"
True,False,0.07071622846781506,0.0,56,55,sankaracarya1925__04__r1l7.png,"फिर उनका भी जन्म-मरण किसी प्रकार से भी नहीं होता है, और"
False,False,0.023701002734731084,0.0036463081130355514,61,60,sankaracarya1925__04__r1l8.png,"न उनकी मूर्त्ति को ही कोई बना सकता है, तब फिर जो नित्य-मुक्त"
False,False,0.023679417122040074,0.0,67,57,sankaracarya1925__04__r1l9.png,"ईश्वर है, उस व्यापक चेतन की मूर्ति कोई कैसे बना सकता है ।"
True,False,0.08933454876937101,0.0,66,55,sankaracarya1925__04__r1l10.png,"जिसको कोई देखे होता है, वही उसकी मूर्ति को बना सकता है,"
True,False,0.13122171945701358,0.0,59,57,sankaracarya1925__04__r1l11.png,"जिसको किसी ने कभी नहीं देखा है, उसकी मूर्ति को कोई भी बना"
True,False,0.08,0.0,62,56,sankaracarya1925__04__r1l12.png,"नहीं सकता । फिर जो किसी भी इंद्रिय का विषय नहीं है, उसकी"
True,False,0.06005459508644222,0.0,60,58,sankaracarya1925__04__r1l13.png,मूर्ति कैसे बन सकती है । और निराकार चेतन कभी भी साकार नहीं
True,False,0.05972850678733032,0.0,61,62,sankaracarya1925__04__r1l14.png,"बन सकता, क्योंकि इसमें भी कोई दृष्टांत नहीं मिलता है; और साकार"
True,False,0.07904411764705882,0.0,58,63,sankaracarya1925__04__r1l15.png,"कभी भी निराकार नहीं हो सकता, क्योंकि इसमें भी कोई दृष्टांत नहीं"
True,False,0.08860759493670886,0.0009041591320072332,55,61,sankaracarya1925__04__r1l16.png,मिलता है । इसी से निराकार की पूजा किसी प्रकार से भी नहीं बनती
True,False,0.09467989179440937,0.0,56,54,sankaracarya1925__04__r1l17.png,"है, और इसीलिये उसका विधान भी नहीं हो सकता है । वेद में"
True,False,0.0698005698005698,0.0014245014245014246,58,42,sankaracarya1925__04__r1l18.png,ईश्वर के स्वरूप को इस प्रकार दिखलाया है --
False,False,0.0,0.0,71,29,sankaracarya1925__04__r1l19.png,""" सत्यं ज्ञानमनन्तं ब्रह्म ''"
True,False,0.038314176245210725,0.0,63,60,sankaracarya1925__04__line_1517479796950_91.png,"अर्थात् सबसे महान् ईश्वर सत्य-रूप है, ज्ञान-स्वरूप है, अनंत-"
True,False,0.044444444444444446,0.0,60,11,sankaracarya1925__04__r1l22.png,स्वरूप है ।
False,False,0.01904761904761905,0.013333333333333334,72,29,sankaracarya1925__04__r1l23.png,""" एको देव: सर्वभूतेषु गूढः ।"""
False,False,0.008746355685131196,0.004859086491739553,63,62,sankaracarya1925__04__line_1517479780710_90.png,"अर्थात् वह परमात्मा एक है, और संपूर्ण भूतों में छिपा है, सर्व-"
True,False,0.07001321003963012,0.0,62,46,sankaracarya1925__04__r1l26.png,"व्यापी है, साक्षी है, चेतन है, और निर्गुण है ।"
True,False,0.03169014084507042,0.004694835680751174,61,52,sankaracarya1925__04__r1l27.png,""" दिव्यो ह्यमूर्त: पुरुष: स बाह्याभ्यन्तरो ह्यज: । """
True,False,0.09800190294957184,0.0,62,62,sankaracarya1925__04__r1l28.png,"अर्थात् वह परमेश्वर दिव्य अर्थात् अलौकिक है, मूर्ति से रहित है"
True,False,0.059782608695652176,0.0,59,56,sankaracarya1925__04__r1l29.png,"सबमें व्याप्त है, सबके बाहर और भीतर स्थित है, अज अर्थात्"
False,False,0.0,0.0,52,1,sankaracarya1925__05__r1l1.png,५
False,False,0.028268551236749116,0.0,54,14,sankaracarya1925__05__r1l2.png,भाषा-टीका-सहित
False,False,0.021798365122615803,0.023614895549500452,68,60,sankaracarya1925__05__r1l3.png,जन्म से रहित है । इस प्रकार अनेक श्रुति-वाक्य उस परमात्मा के
True,False,0.03751143641354071,0.0192131747483989,68,57,sankaracarya1925__05__r1l4.png,"स्वरूप को निराकार और मूर्ति से रहित बताते हैं, तब फिर ऐसे"
False,False,0.0195712954333644,0.0,75,65,sankaracarya1925__05__r1l5.png,परमेश्वर की लौकिक पूजा कैसे बन सकती है । श्रीशंकरस्वामी कहते हैं-
False,False,0.0,0.0,57,3,sankaracarya1925__05__r1l6.png,मूल
False,False,0.027479091995221028,0.0,56,41,sankaracarya1925__05__r1l7.png,पूर्णस्यावाहनं कुत्र सर्वाधारस्य चासनम् ।
True,False,0.04923076923076923,0.010256410256410256,54,47,sankaracarya1925__05__r1l8.png,स्वच्छस्य पाद्यमंर्ध च शुद्धस्याचमनं कुतः ॥ २ ॥
True,False,0.056910569105691054,0.0,55,7,sankaracarya1925__05__r1l9.png,पदच्छेद
False,False,0.009596928982725527,0.0028790786948176585,63,59,sankaracarya1925__05__line_1517479892515_94.png,"पूर्णस्य, आवाहनम्, कुत्र, सर्वाधारस्य, च, आसनम्, स्वच्छस्य,"
False,False,0.011976047904191617,0.0,68,47,sankaracarya1925__05__line_1517479885938_93.png,"पाद्यम्, अर्धम्, च, शुद्धस्य, च, आचमनम्, कुतः ।"
False,False,0.0,0.0,48,5,sankaracarya1925__05__r1l17.png,अन्वय
True,False,0.11818181818181818,0.0,54,6,sankaracarya1925__05__r1l18.png,पदार्थ
True,False,0.09900990099009901,0.0,53,6,sankaracarya1925__05__r1l19.png,पदार्थ
False,False,0.0,0.0,43,5,sankaracarya1925__05__r1l20.png,अन्वय
False,False,0.029649595687331536,0.0,49,25,sankaracarya1925__05__r1l21.png,पाद्यम् -- पाँव का घुलाना
False,True,0.019933554817275746,0.053156146179401995,43,21,sankaracarya1925__05__r1l22.png,पूर्णस्य -- व्यापक का
True,False,0.06896551724137931,0.0,50,7,sankaracarya1925__05__r1l23.png,च -- और
False,False,0.0,0.0,54,16,sankaracarya1925__05__r1l24.png,आवाहनम् -- आवाहन
True,False,0.052307692307692305,0.0,53,22,sankaracarya1925__05__line_1517479873175_92.png,अर्धम् -- अर्ध का देना
True,False,0.052941176470588235,0.0,47,13,sankaracarya1925__05__r1l27.png,कुत्र -- कहाँ
True,False,0.04504504504504504,0.0,50,15,sankaracarya1925__05__r1l28.png,+ कुत्र -- कहाँ
True,False,0.05405405405405406,0.0,48,7,sankaracarya1925__05__r1l29.png,च -- और
True,False,0.03804347826086957,0.0,49,9,sankaracarya1925__05__r1l30.png,+ च -- और
True,False,0.0570902394106814,0.0,52,31,sankaracarya1925__05__r1l31.png,सर्वाधारस्य -- सर्वजगतके आधारका
False,False,0.0,0.0,52,20,sankaracarya1925__05__r1l32.png,शुद्धस्य -- शुद्ध का
False,False,0.0,0.0,51,12,sankaracarya1925__05__r1l33.png,आसनम् -- आसन
False,False,0.0,0.0,45,14,sankaracarya1925__05__r1l34.png,आचमनम् -- आचमन
True,False,0.043478260869565216,0.0,50,15,sankaracarya1925__05__r1l35.png,+ कुत्र -- कहाँ
True,False,0.038461538461538464,0.0,48,12,sankaracarya1925__05__r1l36.png,कुतः -- कहाँ
False,False,0.0,0.0,53,22,sankaracarya1925__05__r1l37.png,स्वच्छस्य -- स्वच्छ का
True,False,0.05504587155963303,0.0,55,7,sankaracarya1925__05__r1l38.png,भावार्थ
True,False,0.09426627793974733,0.0,54,58,sankaracarya1925__05__r1l39.png,"जो किसी एक देश में रहता है, या परिच्छिन्न देहधारी होता है,"
True,False,0.046028880866425995,0.0,55,59,sankaracarya1925__05__r1l40.png,"उसी का आवाहन हो सकता है, और जो सर्वत्र पूर्ण है, सर्वव्यापी"
True,False,0.07727690892364306,0.0,61,57,sankaracarya1925__05__r1l41.png,"है, हर जगह में पहले ही से विद्यमान है, उसका आवाहन कैसे हो"
True,False,0.06551410373066424,0.0,57,55,sankaracarya1925__05__r1l42.png,"सकता है, अर्थात् किसी तरह से भी नहीं हो सकता । और जो आप"
True,False,0.05520361990950226,0.0018099547511312218,54,58,sankaracarya1925__05__r1l43.png,"ही संपूर्ण ब्रह्मांड का आधार है, उसके बैठने के लिये आसन का"
True,False,0.07071622846781506,0.0,59,56,sankaracarya1925__05__r1l44.png,देना कहाँ बन सकता है । आसन तो देहधारी एकदेशी के बैठने के
True,False,0.06818181818181818,0.0,57,64,sankaracarya1925__05__r1l45.png,"लिये दिया जाता है । जो देह से रहित है, अतिसूक्ष्म है, व्यापक है,"
False,False,0.0,0.0273972602739726,59,8,sankaracarya1925__06__line_1517479992181_96.png,परा-पूजा
False,False,0.0,0.0,53,1,sankaracarya1925__06__r1l1.png,६
False,False,0.013537906137184115,0.007220216606498195,72,59,sankaracarya1925__06__r1l3.png,उसके बैठने के लिये आसन का देना नहीं बनता है । स्मृति भी इसी
False,False,0.0196078431372549,0.0,63,20,sankaracarya1925__06__r1l5.png,वार्ता को कहती है --
True,False,0.30793650793650795,0.0,42,36,sankaracarya1925__06__r1l8.png,सर्वाधारो निराधार: सर्वपोषक ईश्वर: ।
True,False,0.2596439169139466,0.0,50,41,sankaracarya1925__06__r1l10.png,प्राणादिप्रेरकत्वेन जीवने हेतुरेव च ॥ १ ॥
False,False,0.0107421875,0.0,69,51,sankaracarya1925__06__r1l11.png,"वह ईश्वर संपूर्ण जगत् का आधार है, और आप निराधार है,"
False,False,0.0009115770282588879,0.0,67,55,sankaracarya1925__06__r1l12.png,"सबका पालन करनेवाला है, सबके प्राणों का प्रेरक भी है, और"
False,False,0.010879419764279238,0.0,64,49,sankaracarya1925__06__r1l13.png,वही सबके जीवन का कारण भी है ॥ १ ॥ इसी से उसको आसन
True,False,0.05181818181818182,0.0,61,61,sankaracarya1925__06__r1l14.png,"का देना नहीं बनता है । जिसके हाथ-पाँव पहले मैले होते हैं, उसी"
False,False,0.006334841628959276,0.0,63,60,sankaracarya1925__06__r1l15.png,के हाथ-पाँव साफ़ करने के वास्ते जल दिया जाता है; जो हाथ-पाँव
True,False,0.043596730245231606,0.0,58,60,sankaracarya1925__06__r1l16.png,"से रहित है, स्वतः ही स्वच्छ है, उसको हाथ-पाँव के स्वच्छ करने"
True,False,0.03385178408051235,0.0,64,59,sankaracarya1925__06__line_1517479970103_95.png,के वास्ते पाद्य और अर्ध का देना कैसे बन सकता है । फिर जिसके
False,False,0.020966271649954422,0.0,62,61,sankaracarya1925__06__r1l19.png,"खाने से मुख जूठा हो जाता है, उसके मुख के शुद्ध करने के वास्ते"
True,False,0.038356164383561646,0.0,61,50,sankaracarya1925__06__r1l20.png,"आचमन के लिय जल दिया जाता है; जो मुख से रहित है, और"
True,False,0.061467889908256884,0.0,61,56,sankaracarya1925__06__r1l21.png,"नित्य शुद्ध भी है, उसके आचमन के लिये जल का देना किसी तरह"
True,False,0.043875685557586835,0.0,61,63,sankaracarya1925__06__r1l22.png,से नहीं बनता है । इसमें प्रमाणवाक्यों को भी दिखाते हैं । केनोप-
True,False,0.053003533568904596,0.0,54,18,sankaracarya1925__06__r1l23.png,निषद् में लिखा है-
True,False,0.0892687559354226,0.0,59,76,sankaracarya1925__06__r1l24.png,यद्वाचानभ्युदितं येन वागभ्युद्यते । तदेव ब्रह्मत्वं विद्धि नेदं यदिदमुपासते॥
False,False,0.018164435946462717,0.0,63,61,sankaracarya1925__06__r1l25.png,"अर्थ -- जो ब्रह्म वाणी द्वारा कथन नहीं किया जाता है, और जिसकी"
True,False,0.04204753199268738,0.0,57,62,sankaracarya1925__06__r1l26.png,"सत्ता द्वारा वाणी अपने वचन-रूपी व्यवहार को करती है, वही ब्रह्म"
True,False,0.0502092050209205,0.0,56,57,sankaracarya1925__06__r1l27.png,"है; जिस मूर्ति की तुम उपासना करते हो, वह ब्रह्म नहीं है ।"
False,False,0.0,0.0,63,14,sankaracarya1925__06__r1l28.png,पुराण-वाक्य --
True,False,0.031609195402298854,0.0,58,43,sankaracarya1925__06__r1l29.png,अधमाः प्रतिमापूजा स्तोत्रजाप्यं च मध्यमा: ।
False,False,0.027065527065527065,0.007122507122507123,52,38,sankaracarya1925__06__r1l30.png,उत्तमा निगमःपूजा सोऽहं पूजा महात्मन: ॥
True,False,0.08171206225680934,0.0019455252918287938,55,65,sankaracarya1925__06__r1l31.png,"अर्थ -- अधम जो मूर्ख हैं, उनके लिये प्रतिमा-पूजा है, स्तोत्रों का"
True,False,0.04792043399638336,0.0,55,57,sankaracarya1925__06__r1l32.png,"पाठ करना, या किसी मंत्र का जप करना मध्यमों के लिये है, और"
False,False,0.0,0.0,56,1,sankaracarya1925__07__line_1517480292172_111.png,७
True,False,0.03169014084507042,0.007042253521126761,48,14,sankaracarya1925__07__r1l2.png,भाषा-टीका-सहित
False,False,0.023701002734731084,0.0018231540565177757,54,58,sankaracarya1925__07__r1l3.png,"उत्तमों के लिये वेद का पाठ ही पूजा है, और सोऽहं का जप महा-"
True,False,0.03313253012048193,0.0,59,19,sankaracarya1925__07__r1l4.png,त्माओं की पूजा है ।
True,False,0.03894927536231884,0.018115942028985508,52,77,sankaracarya1925__07__r1l5.png,तीर्थेषु पशुयज्ञेषु काष्ठपाषाणमृन्मये । प्रतिमायां मनो येषां ते नर:मूढ़चेतस:॥
True,False,0.07968901846452867,0.0,52,71,sankaracarya1925__07__r1l6.png,अर्थ --- तीर्थों में और पशुओं के यज्ञों में और मट्टी-पत्थर की मूर्तियों
True,False,0.05509641873278237,0.005509641873278237,48,63,sankaracarya1925__07__r1l7.png,"में जिन पुरुषों का मन लगता है, वह पुरुष अति मूढ़ कहे जाते हैं ।"
True,False,0.07216494845360824,0.0,49,13,sankaracarya1925__07__r1l8.png,कपिल-गीता ---
False,False,0.028125,0.00625,49,37,sankaracarya1925__07__r1l9.png,पाषाणैरालयं बद्ध्वा देव: पाषाण एव च ।
True,False,0.04095112285336856,0.010568031704095112,56,48,sankaracarya1925__07__line_1517480272557_110.png,ब्रूहि पण्डित देवस्तु कस्मिन् स्थाने स तिष्ठति ॥
True,False,0.060029282576866766,0.0,48,48,sankaracarya1925__07__r1l13.png,स्वगृहे पायसं त्यक्त्वा भिक्षामिच्छति दुर्मति: ।
True,False,0.0620384047267356,0.0,48,40,sankaracarya1925__07__r1l14.png,शिलामृतदारुचित्रेषु देवताबुद्धिकल्पिता ॥
True,False,0.03185328185328185,0.0,45,56,sankaracarya1925__07__r1l15.png,अर्थ --- पत्थरों का मंदिर बनाया और फिर पत्थर का ही उसमें
True,False,0.04553903345724907,0.0,52,62,sankaracarya1925__07__line_1517480260658_109.png,"देवता भी स्थापन किया । कहो पण्डित, तुम्हारा देवता इस मंदिर में"
True,False,0.03503184713375796,0.0,53,17,sankaracarya1925__07__line_1517480256243_108.png,कहाँ पर रहता है ?
True,False,0.04423076923076923,0.0,61,57,sankaracarya1925__07__line_1517480251494_107.png,जैसे कोई अपने घर में पकी हुई 'तस्मै' का त्याग करके भिक्षा
True,False,0.04875804967801288,0.0,61,62,sankaracarya1925__07__line_1517480229351_106.png,"माँगता है, वैसे ही देह के भीतर ईश्वर चेतन का त्याग करके मट्टी,"
True,False,0.05237154150197629,0.005928853754940711,54,67,sankaracarya1925__07__line_1517480214683_105.png,"पत्थरों और लकड़ियों में जो देवता-बुद्धि को करते हैं, सो मूर्ख हैं ।"
False,False,0.0,0.027522935779816515,48,8,sankaracarya1925__07__r1l39.png,भागवत---
True,False,0.06479690522243714,0.015473887814313346,53,64,sankaracarya1925__07__line_1517480192677_104.png,यस्यात्मबुद्धि: कुणपे त्रिधातुके स्वधी: कलत्रादिषु भौम इज्यधी: ।
False,False,0.0,0.010816125860373648,68,60,sankaracarya1925__07__line_1517480154483_103.png,यत्तीर्थबुद्धि: सलिले न कर्हिचिज्जनेष्वभिज्ञेषु स एव गोखर: ॥
True,False,0.07025986525505294,0.0,57,62,sankaracarya1925__07__line_1517480126452_102.png,जिस पुरुष की तीनों धातुओं की बनी हुई मूर्तियों में आत्म-बुद्धि
True,False,0.03923357664233577,0.0,63,72,sankaracarya1925__07__line_1517480107033_101.png,"है, अर्थात् यह मूर्ति ही ईश्वर है, और स्त्रीपुत्रादिकों में तथा मट्टी की"
True,False,0.0923217550274223,0.016453382084095063,55,66,sankaracarya1925__07__line_1517480075887_100.png,"मूर्तियों में पूज्य-बुद्धि है, और जल में जिसकी तीर्थ-बुद्धि है, और"
True,False,0.10272727272727272,0.014545454545454545,54,79,sankaracarya1925__07__line_1517480064949_99.png,"विद्वान् पुरुषों में जिसकी पूज्य-बुद्धि नहीं है, सो पुरुष बैल है, या गर्दभ है ।"
True,False,0.06515301085883514,0.004935834155972359,55,60,sankaracarya1925__07__line_1517480052616_98.png,"हे सौम्य, चेतन ईश्वर की मूर्ति नहीं है, इसवास्ते उसकी मूर्ति"
True,False,0.03354978354978355,0.005411255411255411,51,53,sankaracarya1925__07__line_1517480043729_97.png,की पूजा भी नहीं बनती । श्रीशंकराचार्यजी फिर कहते हैं-
True,True,0.23173803526448364,0.08060453400503778,60,10,simha1914__0000_a__line_1517477416153_34.png,जगत् उपदेश
True,False,0.03734439834024896,0.0,93,5,simha1914__0000_a__r2l5.png,जिसको
True,False,0.09492089925062448,0.019983347210657785,87,36,simha1914__0000_a__r2l6.png,ज़िला आजमगढ़ बाँसगांवनिवासी जगत्सिंह
True,False,0.10181818181818182,0.005454545454545455,94,38,simha1914__0000_a__r2l7.png,ने सर्व साधारण जनों के अवलोकनार्थ बड़े
True,False,0.11638591117917305,0.0,91,23,simha1914__0000_a__r2l8.png,श्रम से निर्मित किया ।।
False,False,0.0,0.0,76,9,simha1914__0000_a__r2l9.png,दूसरी बार
False,False,0.0,0.0,93,4,simha1914__0000_a__r2l11.png,लखनऊ
False,False,0.009345794392523364,0.0,93,55,simha1914__0000_a__r2l12.png,"सुपरिटेंडेंट बाबू मनोहरलाल मार्गव बी. ए., के प्रबन्ध से"
False,False,0.0,0.0,96,46,simha1914__0000_a__r2l13.png,"मुंशी नवलकिशोर सी आई. ई., के छापेख़ाने में छपा"
False,False,0.02288329519450801,0.0,91,14,simha1914__0000_a__r2l14.png,सन् १३१४ ई० ।।
False,False,0.0,0.0,101,41,simha1914__0000_a__r2l15.png,हक़ तसनीफ़ महफूज़ है बहक इस छापेख़ने के ।
False,False,0.0,0.0,87,14,simha1914__0000_a__r2l16.png,५ जुज़ ४ र्वक़
False,False,0.0,0.02066115702479339,92,17,simha1914__000_1__r3l1.png,श्रीगणेशाय नम: ।।
True,False,0.3219954648526077,0.0,95,11,simha1914__000_1__r3l2.png,प्रार्थना १
True,False,0.07292289300657502,0.0,92,45,simha1914__000_1__r3l3.png,"सो० । जेहि सुमिरे सिधि होय, गणनायक मङ्गलभवन ।"
True,False,0.04205607476635514,0.0,92,40,simha1914__000_1__r3l4.png,"विघ्र हरो प्रभु सोय, एकदन्त गजबदन शुभ ।।"
True,False,0.062424969987995196,0.0,94,48,simha1914__000_1__r3l5.png,"दो० । देवि सरस्वती सुमिरिके, धरों चरण का ध्यान ।"
True,False,0.059023066485753055,0.0,94,40,simha1914__000_1__r3l6.png,"वाक्यसिद्धि मम कीजिये, होय सदा सन्मान ।।"
True,False,0.033630748112560054,0.011667810569663692,91,44,simha1914__000_1__r3l7.png,"श्रीगुरुचरण प्रणामकरि, घरों हृदय में ध्यान ।"
True,False,0.057534246575342465,0.012328767123287671,90,38,simha1914__000_1__r3l8.png,"स्वामी किरपा कीजिये, सदा होय कल्यान ।।"
True,False,0.05364677516576251,0.008438818565400843,94,54,simha1914__000_1__r3l9.png,चौ० । गुरुके चरणप्रीति जो करई । बिन प्रयासभवसागरतरई ।।
True,False,0.053069053708439895,0.0076726342710997444,90,47,simha1914__000_1__r3l10.png,गुरुकी महिमा अमितअपारा । सुमिरतजीव लहैभवपारा ।।
True,False,0.038511749347258484,0.013054830287206266,99,50,simha1914__000_1__r3l11.png,जगतसिंह ये सत्यप्रमाणा । गुरुकी कृपा होयकल्याणा ।।
True,False,0.031191515907673113,0.0,94,53,simha1914__000_1__r3l12.png,दयावन्त प्रभु सबसुखकारी । विष्णुस्वरूप सर्वदुखहारी ।।
False,False,0.02045877247365158,0.013019218846869188,91,47,simha1914__000_1__r3l13.png,चरणकमलमें करों प्रणामा । पूरणकरो सदा मम कामा ।।
False,True,0.026363091671659677,0.05632115038945476,100,56,simha1914__000_1__r3l14.png,सर्वदेवगणोंके चरणोंमें प्रणाम करके प्रार्थना करताहूं किः
True,True,0.05580608793686584,0.048478015783540024,106,58,simha1914__000_1__r3l15.png,"शुभकार्यमें कोई विघ्न न होय, कलिके सज्जनोंको बारम्बार प्र-"
True,True,0.06853932584269663,0.05056179775280899,108,51,simha1914__000_1__r3l16.png,"णाम करताहूं कि, आपलोगोंकी कृपासे मेरी भणितका सन्मान"
True,True,0.035856573705179286,0.055776892430278883,113,58,simha1914__000_1__r3l17.png,"होवे, क्योंकि मुझको अपने बल व बुद्धिका भरोसा नहीं है, केवल"
True,False,0.05951712521055587,0.0011229646266142617,111,52,simha1914__000_1__r3l18.png,"आप लोगोंकी कृपाका भरोसा है, सर्वजीवों को प्रणाम करके"
True,False,0.13100436681222707,0.0,54,3,simha1914__000_2__line_1517476987785_1.png,(२)
True,False,0.03322259136212625,0.0,98,60,simha1914__000_2__r3l2.png,"कृपा चाहताहूं, सर्वदा मनुष्योंको अपने भलेबुरे कर्मोंका ख़याल"
True,False,0.033983286908077996,0.002785515320334262,93,49,simha1914__000_2__r3l3.png,"करना चाहिये, क्योंकि हमेशा समय एकसा नहीं रहता सदा"
True,False,0.04510022271714922,0.008908685968819599,95,52,simha1914__000_2__r3l4.png,बदला करताहै समय चूकनेपर सिवाय पछितानेके कुछ हाथ नहीं
True,False,0.03501945525291829,0.0,97,50,simha1914__000_2__r3l5.png,"आता, आज ऐसा अच्छा समय है जिसको मैं बारम्बार प्रणाम"
True,False,0.0501952035694367,0.0,98,49,simha1914__000_2__r3l6.png,"करके प्रशंसा करताहूं कि ऐसे समयको वृथा न खोवो, आज"
True,False,0.04182933630786392,0.0011154489682097045,99,55,simha1914__000_2__r3l7.png,वह समयहै कि मनुष्यअपना सुधार विद्याप्रचार व सत्यासत्यका
True,False,0.04701327433628318,0.009402654867256638,98,51,simha1914__000_2__r3l8.png,"विचार करसक्ता है, इससे इस समयको वृथा न खोना चाहिये."
True,False,0.12752808988764044,0.0044943820224719105,116,56,simha1914__000_2__r3l9.png,और मैं ऐसी बुद्धि नहीं रखता केवल समयके प्रभावसे मेरे हृ-
True,False,0.10254988913525499,0.0,103,57,simha1914__000_2__r3l10.png,दयमें उत्साह उत्पन्न हुआ जिससे हरएक क़िस्मके अनुपम पदोंको
True,False,0.10083565459610028,0.0072423398328690805,102,48,simha1914__000_2__r3l11.png,"शोध २ कर एकत्रित किया जोकि हर एकको फलदायक होंगे,"
True,False,0.12109375,0.0,106,54,simha1914__000_2__r3l12.png,"मैं उन सज्जनोंको प्रणाम करताहूं कि, जिनकी कृपासे मुझको"
True,False,0.09614309670206819,0.008943543879262158,106,59,simha1914__000_2__r3l13.png,ये पद प्राप्त हुये. मुझको इस क़िस्मका बहुत दिनोंसे ख़याल था
True,False,0.05845980888139404,0.0022484541877459247,99,56,simha1914__000_2__r3l14.png,कि कुछ उपदेशयुक्त पद मिलाकर एक पुस्तक बनावों जोकि सर्वको
True,False,0.046067415730337076,0.020224719101123594,96,54,simha1914__000_2__r3l15.png,फ़ायदा पहुँचावे और अब श्रीपरमेश्वरकी कृपासे युक्त होकर
True,False,0.0326508024349751,0.0011068068622025456,100,53,simha1914__000_2__r3l16.png,एक पुस्तक तैयार हुई जिसका नाम जगत् उपदेश रक्खा गया ।।
True,False,0.08088235294117647,0.0,98,9,simha1914__000_2__r3l17.png,जगत्सिंह.
True,True,0.8780251694094869,0.04549854791868345,95,22,simha1914__000_3__r2l1.png,जगत्उपदेशका सूचीपत्र ।
False,False,0.0,0.0,97,5,simha1914__000_3__r2l3.png,नम्बर
True,False,0.12121212121212122,0.01818181818181818,91,4,simha1914__000_3__r2l4.png,विषय
True,False,0.03741496598639456,0.0,100,11,simha1914__000_3__line_1517477200925_24.png,१ प्रार्थना
True,False,0.04434589800443459,0.0,95,13,simha1914__000_3__r2l7.png,२ समयका विचार
True,False,0.05595026642984014,0.0,100,34,simha1914__000_3__r2l8.png,३ भोजन वो शरीरके पुष्ट रखनेका बयान
False,False,0.02243211334120425,0.0,94,20,simha1914__000_3__line_1517477184987_23.png,४ शरीरके आरामका बयान
True,False,0.03881987577639751,0.0,97,20,simha1914__000_3__line_1517477182164_22.png,५ तन्दुरुस्तीका बयान
True,False,0.05692438402718777,0.0,101,33,simha1914__000_3__r2l13.png,६ कौन २ बातसे सुख वा दुःख होता है
False,False,0.014778325123152709,0.0,99,13,simha1914__000_3__r2l14.png,७ पुत्र उपदेश
True,False,0.0967503692762186,0.0,106,42,simha1914__000_3__r2l15.png,८ मनुष्यके किस २ कारणोंसे ख़राब काम होताहै
False,False,0.012437810945273632,0.007462686567164179,89,19,simha1914__000_3__r2l16.png,९ मेल वो आदरका बयान
True,False,0.034220532319391636,0.0,100,28,simha1914__000_3__line_1517477174961_21.png,१० ब्यौहार वो परोपकारका बयान
False,False,0.0,0.0,103,12,simha1914__000_3__line_1517477166106_20.png,११ धनका बयान
False,False,0.013771186440677966,0.00211864406779661,97,33,simha1914__000_3__r2l22.png,१२ दुष्ट वो श्रेष्ठ मनुष्यका बयान
True,False,0.0888468809073724,0.02551984877126654,102,30,simha1914__000_3__r2l23.png,१३ किससे सुख किससे दुःख होताहै
True,False,0.10396039603960396,0.017326732673267328,105,26,simha1914__000_3__r2l24.png,१४ किस पुत्रसे क्या होताहै
False,False,0.010135135135135136,0.0,100,16,simha1914__000_3__r2l25.png,१५ सफलताका मार्ग
False,False,0.010976948408342482,0.0,103,24,simha1914__000_3__r2l26.png,१६ क़र्ज वा आलस्यका बयान
True,False,0.0889967637540453,0.0,98,17,simha1914__000_3__r2l27.png,१७ बिपत्तिका बयान
False,False,0.01592356687898089,0.0,94,17,simha1914__000_3__r2l28.png,१८ ब्यौहारका बयान
False,False,0.024079320113314446,0.0,100,20,simha1914__000_3__r2l29.png,१९ पण्डित पदका लक्षण
False,False,0.028985507246376812,0.0,97,15,simha1914__000_3__r3l1.png,पृष्ठसे पृष्ठतक
True,True,0.2765957446808511,0.14893617021276595,54,1,simha1914__000_3__line_1517477134520_18.png,१
True,True,0.3888888888888889,0.14814814814814814,54,1,simha1914__000_3__line_1517477137486_19.png,१
True,True,0.17543859649122806,0.2807017543859649,54,1,simha1914__000_3__line_1517477131226_17.png,२
True,True,0.3225806451612903,0.12903225806451613,57,1,simha1914__000_3__line_1517477128618_16.png,१
True,True,0.5344827586206896,0.1724137931034483,60,1,simha1914__000_3__line_1517477123263_14.png,३
False,False,0.0,0.018518518518518517,54,1,simha1914__000_3__line_1517477125847_15.png,७
False,False,0.0,0.0,63,1,simha1914__000_3__line_1517477117782_12.png,७
True,True,0.5384615384615384,0.28846153846153844,60,2,simha1914__000_3__line_1517477120080_13.png,१३
True,False,0.22330097087378642,0.0,87,2,simha1914__000_3__r3l6.png,१५
True,False,0.391304347826087,0.0,89,2,simha1914__000_3__r3l7.png,१३
False,False,0.0,0.0,86,2,simha1914__000_3__r3l8.png,१७
True,True,0.3619047619047619,0.17142857142857143,57,2,simha1914__000_3__line_1517477115112_11.png,१५
True,True,0.09821428571428571,0.11607142857142858,69,2,simha1914__000_3__line_1517477108235_9.png,१७
True,True,0.36633663366336633,0.18811881188118812,60,2,simha1914__000_3__line_1517477111442_10.png,१९
True,True,0.05714285714285714,0.09523809523809523,57,2,simha1914__000_3__line_1517477100023_7.png,२०
False,True,0.0,0.125,60,2,simha1914__000_3__line_1517477103433_8.png,२०
False,False,0.0,0.0,92,2,simha1914__000_3__r3l14.png,२०
False,False,0.0,0.0,90,2,simha1914__000_3__r3l15.png,२२
False,False,0.0,0.0,94,2,simha1914__000_3__r3l16.png,२२
True,True,0.375,0.20833333333333334,57,2,simha1914__000_3__line_1517477093706_6.png,२३
False,True,0.0,0.15306122448979592,57,2,simha1914__000_3__line_1517477086299_4.png,२३
False,True,0.019230769230769232,0.28846153846153844,54,2,simha1914__000_3__line_1517477091274_5.png,२५
False,False,0.0,0.0,91,2,simha1914__000_3__r3l19.png,२५
True,True,0.3963963963963964,0.17117117117117117,57,2,simha1914__000_3__line_1517477081090_3.png,२६
False,False,0.0,0.0,88,2,simha1914__000_3__r3l21.png,२७
False,False,0.0,0.011363636363636364,89,2,simha1914__000_3__r3l22.png,२८
False,False,0.0,0.0,97,2,simha1914__000_3__r3l23.png,२९
False,False,0.0,0.0,89,2,simha1914__000_3__r3l24.png,२८
False,False,0.0,0.0,97,2,simha1914__000_3__r3l25.png,३३
False,False,0.0,0.0,92,2,simha1914__000_3__r3l26.png,२९
False,False,0.0,0.0,91,2,simha1914__000_3__r3l27.png,३३
False,False,0.0,0.0,100,2,simha1914__000_3__r3l28.png,३६
False,False,0.0,0.0,89,2,simha1914__000_3__r3l29.png,३६
False,False,0.0,0.0,94,2,simha1914__000_3__r3l30.png,३६
False,False,0.0,0.0,97,2,simha1914__000_3__r3l31.png,३७
False,False,0.02608695652173913,0.0,91,2,simha1914__000_3__r3l32.png,३८
False,False,0.0,0.0,96,2,simha1914__000_3__r3l34.png,४०
True,True,0.1592920353982301,0.168141592920354,54,2,simha1914__000_3__line_1517477074727_2.png,३८
True,False,0.12096774193548387,0.0,87,3,simha1914__000_4__r1l1.png,(४)
False,False,0.0247074122236671,0.0,106,19,simha1914__000_4__r1l2.png,२० काम करने का बयान
True,False,0.0625,0.00436046511627907,98,17,simha1914__000_4__r1l3.png,२१ राजनीतिका बयान
True,False,0.13628318584070798,0.0,104,18,simha1914__000_4__line_1517477329069_33.png,२२ बुद्धिकी उन्नति
True,False,0.06782106782106782,0.0,105,18,simha1914__000_4__line_1517477325320_32.png,२३ महात्माओंके वचन
True,False,0.05241090146750524,0.0,103,25,simha1914__000_4__line_1517477322605_31.png,२४ सत्संग वो मेहनतका बयान
True,False,0.03096774193548387,0.007741935483870968,102,25,simha1914__000_4__line_1517477320178_30.png,२५ दुष्ट वो मूर्खका लक्षण
True,False,0.036069651741293535,0.006218905472636816,105,21,simha1914__000_4__line_1517477317487_29.png,२६ धन वो क्रोधका बयान
False,False,0.028846153846153848,0.0,95,9,simha1914__000_4__r1l14.png,प्रार्थना
True,False,0.06666666666666667,0.006201550387596899,89,22,simha1914__000_4__r1l15.png,१ स्त्री शिक्षाका बयान
False,False,0.029966703662597113,0.01997780244173141,97,33,simha1914__000_4__r1l16.png,२ स्त्रियोंके कर्कश सुभावका लक्षण
False,False,0.009478672985781991,0.0,94,15,simha1914__000_4__r1l17.png,३ लज्जाका वर्णन
True,False,0.035842293906810034,0.0,93,16,simha1914__000_4__line_1517477302737_28.png,४ सतीत्वका वर्णन
True,False,0.030874785591766724,0.0,95,17,simha1914__000_4__r1l20.png,५ पतिब्रताका बयान
False,False,0.02332089552238806,0.0,89,33,simha1914__000_4__r1l22.png,६ प्रात उठने वो भोजन बनानेका बयान
True,False,0.08754208754208755,0.0,99,22,simha1914__000_4__r1l23.png,७ धर्मशास्त्रकी शिक्षा
True,False,0.06307692307692307,0.0015384615384615385,96,24,simha1914__000_4__r1l24.png,८ स्त्रीलाभार्थ सुशिक्षा
True,False,0.030592734225621414,0.028680688336520075,100,22,simha1914__000_4__line_1517477272203_27.png,९ स्त्रीमहत्त्वका बयान
True,False,0.044444444444444446,0.0,98,17,simha1914__000_4__line_1517477266901_26.png,१० गर्भवतीका बयान
True,False,0.07338444687842278,0.0,93,27,simha1914__000_4__line_1517477242228_25.png,११ बच्चेकी सेवा करनेका बयान
True,False,0.13793103448275862,0.0,93,6,simha1914__000_4__r1l31.png,इति ।।
False,False,0.0,0.0,98,2,simha1914__000_4__r2l1.png,४०
True,False,0.1271186440677966,0.0,101,2,simha1914__000_4__r2l2.png,४१
False,False,0.0,0.0,100,2,simha1914__000_4__r2l3.png,४२
True,False,0.2524271844660194,0.0,92,2,simha1914__000_4__r2l4.png,४३
False,False,0.0,0.0,88,2,simha1914__000_4__r2l5.png,४८
False,False,0.0,0.0,94,2,simha1914__000_4__r2l6.png,४९
False,False,0.0,0.0,103,2,simha1914__000_4__r2l7.png,५६
False,False,0.0,0.0,95,2,simha1914__000_4__r2l8.png,५९
False,False,0.0,0.0,95,2,simha1914__000_4__r2l9.png,६०
False,False,0.0,0.0,109,2,simha1914__000_4__r2l10.png,६२
False,False,0.0,0.0,101,2,simha1914__000_4__r2l11.png,६३
False,False,0.0,0.0,103,2,simha1914__000_4__r2l12.png,६४
False,True,0.0,0.047619047619047616,100,2,simha1914__000_4__r2l13.png,६५
False,False,0.0,0.0,98,2,simha1914__000_4__r2l14.png,६६
False,False,0.0,0.0,108,2,simha1914__000_4__r2l15.png,६८
False,False,0.0,0.0,107,2,simha1914__000_4__r2l16.png,६९
False,False,0.0,0.0,92,2,simha1914__000_4__r2l17.png,७१
False,False,0.0,0.0,91,2,simha1914__000_4__r2l18.png,७३
False,False,0.0,0.0,92,2,simha1914__000_4__r2l19.png,७६
True,False,0.1559633027522936,0.0,97,2,simha1914__000_4__r3l1.png,४१
False,False,0.0,0.0,94,2,simha1914__000_4__r3l2.png,४२
True,False,0.14432989690721648,0.0,95,2,simha1914__000_4__r3l3.png,४३
False,False,0.0,0.0,92,2,simha1914__000_4__r3l4.png,४८
False,False,0.0,0.0,94,2,simha1914__000_4__r3l5.png,४९
False,False,0.0,0.0,94,2,simha1914__000_4__r3l6.png,५६
False,False,0.0,0.0,93,2,simha1914__000_4__r3l7.png,५८
False,False,0.0,0.0,94,2,simha1914__000_4__r3l8.png,६०
False,False,0.0,0.0,106,2,simha1914__000_4__r3l9.png,६२
False,False,0.0,0.0,107,2,simha1914__000_4__r3l10.png,६२
False,False,0.0,0.0,96,2,simha1914__000_4__r3l11.png,६४
False,False,0.0,0.0,100,2,simha1914__000_4__r3l12.png,६५
False,False,0.0,0.0,101,2,simha1914__000_4__r3l13.png,६६
False,False,0.0,0.0,91,2,simha1914__000_4__r3l14.png,६७
True,False,0.2,0.0,93,2,simha1914__000_4__r3l15.png,६९
False,False,0.0,0.0,92,2,simha1914__000_4__r3l16.png,७१
False,False,0.0,0.0,93,2,simha1914__000_4__r3l17.png,७३
False,False,0.0,0.0,91,2,simha1914__000_4__r3l18.png,७६
False,False,0.0,0.0,95,2,simha1914__000_4__r3l19.png,८०
True,False,0.04038461538461539,0.0,94,13,simha1914__01__r1l1.png,श्रीगणशाय नम:
True,False,0.27699115044247785,0.0,112,16,simha1914__01__r1l2.png,अथ जगत् उपदेश ।।
True,False,0.2398871119473189,0.0,102,18,simha1914__01__r1l4.png,(२) समयका विचार ।।
True,False,0.5609907120743034,0.0,101,33,simha1914__01__r1l5.png,मनुष्यको हमेशा सोच समझकर काम करना
True,False,0.6304467733039162,0.0,96,37,simha1914__01__r1l6.png,चाहिये. हर एक काम उचित समयसे करना समय
False,False,0.012443438914027148,0.0,104,42,simha1914__01__r1l7.png,का ध्यान रखना और समयको नष्ट न करना चाहिये.
True,False,0.22712053571428573,0.0,100,36,simha1914__01__r1l8.png,जो समयका ध्यान नहीं करता वह अपना समय
True,False,0.23503325942350334,0.0,98,39,simha1914__01__r1l9.png,व काम नष्ट करताहै; उसी तरह औरोंकाभी समय
True,False,0.13542249580302182,0.0,103,42,simha1914__01__r1l10.png,व काम नष्ट करताहै. छोटेसे छोटा काम हो तोभी
True,False,0.0893854748603352,0.0,129,43,simha1914__01__r1l11.png,अच्छीतरहसे करना चाहिये. हमेशा शरीर व कपड़ों
True,False,0.05189732142857143,0.0,115,49,simha1914__01__r1l12.png,को साफ़ रखना चाहिये जिससे चित्त प्रसन्न रहे. औरों
True,False,0.31841074426412985,0.0,102,42,simha1914__01__r1l13.png,को मोटा झोटा कपड़ा पहिरनेसे तुच्छ मत देखो.
True,True,0.6792452830188679,0.3018867924528302,54,1,simha1914__02__line_1517477551824_36.png,२
True,False,0.6846153846153846,0.0,85,12,simha1914__02__r3l1.png,जगत् उपदेश ।
True,False,0.6574957888826501,0.003368893879842785,83,50,simha1914__02__r3l3.png,क्योंकि रुई रेशम दोनों साफ़ रहसकतेहैं. शिरसे पैरतक
True,False,0.7083798882681565,0.008379888268156424,83,46,simha1914__02__r3l4.png,शरीरको साफ़ रखना चाहिये. जिससे तन्दुरुस्ती रह-
True,False,0.41908482142857145,0.016741071428571428,57,53,simha1914__02__line_1517477556810_37.png,सक्तीहै. सर्वदा प्रसन्न व सन्तुष्ट रहनाचाहिये. सन्तोष
True,True,0.39154616240266965,0.030589543937708564,65,45,simha1914__02__r3l11.png,धनसे बढ़कर है. लालच मतकरो दूसरेके मालकी रक्षा
True,False,0.2090457804743519,0.0,82,42,simha1914__02__r3l12.png,वैसीही करो जैसे अपने मालकी. दूसरेकी सहायता
True,False,0.22671156004489337,0.012906846240179574,75,43,simha1914__02__r3l13.png,हमेशा करो. परन्तु घरकी विशेष. जो कुछ करनाहै
True,False,0.224283305227656,0.0,81,47,simha1914__02__r3l14.png,समझकर चित्तसे करो. भलाईसे मुंह न फेरो. परमात्मा
True,False,0.22042410714285715,0.0005580357142857143,81,44,simha1914__02__r3l16.png,से हमेशा प्रेम बढ़वो. जो मनुष्य औरोंका उपकार
True,False,0.43602693602693604,0.028058361391694726,56,39,simha1914__02__r3l18.png,करता है उसका भला आपही होताहै. ऐसा काम न
True,False,0.15984296130117778,0.0,82,44,simha1914__02__r3l19.png,"करना चाहिये जिससे मन मलीन हो, क्योंकि अन्तः-"
True,False,0.41508379888268154,0.007262569832402235,59,43,simha1914__02__r3l22.png,करण मलीन होनेसे सत्यप्रेम का अभाव होजाताहै.
True,False,0.5715889949466592,0.026389668725435148,82,45,simha1914__02__r3l23.png,तुम्हारी अनुपस्थिति में कोई निन्दाकरे तो उससे
True,False,0.5969077857537273,0.013804527885146328,85,42,simha1914__02__r3l24.png,लड़ाई न करो. सच्चे मित्रकी सम्मति बहुत काम
True,False,0.2013613159387408,0.003403289846851957,76,34,simha1914__02__r3l26.png,आती है. अपना काम आप करो जिस तरह आप
True,True,0.4871111111111111,0.03111111111111111,82,27,simha1914__02__r3l27.png,अच्छा करोगे दूसरा न करेगा ।
True,True,0.2786885245901639,0.26229508196721313,54,1,simha1914__03__line_1517477608119_38.png,३
True,False,0.33962264150943394,0.0,71,12,simha1914__03__r2l1.png,जगत् उपदेश ।
True,False,0.3614658523042754,0.027207107162687396,74,35,simha1914__03__r2l2.png,(३) भोजन व शरीर पुष्ट रखनेका बयान।।
True,False,0.20215956808638272,0.005398920215956809,79,43,simha1914__03__r2l3.png,"सर्वदा अच्छे २ भोजनसे शरीर तो पुष्ट होताहै,"
True,False,0.30139275766016715,0.0,84,44,simha1914__03__r2l4.png,परन्तु आत्माको कुछ सुख नहीं होता; आत्मिक सुख
True,False,0.36373810856183547,0.0,68,41,simha1914__03__r2l6.png,परोपकारसेही होताहै. अपनी तारीफ़ आप न करना
True,False,0.33543940264215966,0.0,71,46,simha1914__03__r2l7.png,"चाहिये, अगर तारीफ़ लायक़ गुण है तो हरएक तारीफ़"
True,True,0.4149774774774775,0.0472972972972973,61,51,simha1914__03__r2l10.png,"करेंगे. अपने मुंह मियांमिट्ठू बनना मूर्खता है,जब कि"
True,False,0.18314606741573033,0.0,86,47,simha1914__03__line_1517477637686_39.png,दो मनुष्य बातें करतेहैं तो बिना बुलाये न जाना न
True,False,0.22921478060046188,0.0,79,45,simha1914__03__r2l15.png,छिपकर सुनना चाहिये; इसमें अपनी निन्दा होतीहै.
True,True,0.4432703003337041,0.047274749721913235,58,41,simha1914__03__r2l18.png,यदि तुम कोई बात कहना चाहतेहो और सुननेवाले
True,False,0.25763464741810105,0.01665741254858412,79,43,simha1914__03__r2l19.png,का मन नहीं लगता तो चुप रहना अच्छाहै. जो काम
True,False,0.34322508398656215,0.020156774916013438,68,42,simha1914__03__r2l20.png,तुमसे न होसके तो उसमें हाथ डालकर अपनी हँसी
True,False,0.23743787962451685,0.014908890115958034,74,47,simha1914__03__r2l21.png,"मत करावो. हमेशा बुराइयोंसे बचना, साफ़ पानी पीना"
True,False,0.24817107484524478,0.0,74,41,simha1914__03__r2l22.png,और प्रतिदिन दो तीन मील भ्रमण करना चाहिये.
True,False,0.2442960489705064,0.022259321090706732,73,47,simha1914__03__r2l24.png,"गर्म पानीसे नहाना, मुख शान्तिसे रहना. चिड़चिड़ा"
True,True,0.29746478873239435,0.036056338028169016,64,41,simha1914__03__r2l26.png,न होना. अच्छा होताहै. जब भोजनकी रुचिहो तब
True,False,0.3522727272727273,0.0,75,1,simha1914__04__r1l1.png,४
True,False,0.24091778202676864,0.0,79,12,simha1914__04__r1l2.png,जगत् उपदेश ।
True,False,0.581587651598677,0.004410143329658214,93,44,simha1914__04__r1l3.png,"खाना चाहिये, क्योंकि बिना भूख लगनेके जो भोजन"
True,False,0.23298284449363585,0.002213613724405091,75,46,simha1914__04__r1l4.png,कियाजाता है उससे जठराग्नि मन्द होजातीहै; जिससे
True,False,0.6706915477497256,0.0,95,44,simha1914__04__r1l6.png,अनेक दुःख पैदा होतेहैं. गर्म भोजन हमेशा करना
True,False,0.2281473336998351,0.0,76,42,simha1914__04__r1l7.png,"चाहिये, इसमें स्वाद आता जठराग्नि बढ़ाता और"
True,False,0.2911249293386094,0.0033917467495760316,85,47,simha1914__04__r1l10.png,"जल्द पचाताहै.चिकनाई युक्त भोजनमें स्वाद होताहै,"
True,False,0.31232414181204277,0.022509848058525603,55,43,simha1914__04__r1l12.png,शरीरको पुष्ट करता बलको बढ़ाता और देहका रङ्ग
True,False,0.16740823136818686,0.014460511679644048,76,42,simha1914__04__r1l13.png,उत्तम बनाताहै. भोज न बहुत जल्द न धीरे करना
True,False,0.1967670011148272,0.0005574136008918618,76,42,simha1914__04__r1l14.png,चाहिये. भोजन करते समय न हँसो न बोलो जी लगा
True,False,0.19809736989367654,0.003357582540570789,79,38,simha1914__04__r1l16.png,कर भोजन करो. भोजनके समय देखलेना चाहिये
True,False,0.0476457399103139,0.002242152466367713,96,46,simha1914__04__line_1517477725767_40.png,कि ये मेरे खानेके लायक़ है या नहीं और प्रमाणसे
True,False,0.20634037819799778,0.0,82,43,simha1914__04__r1l19.png,भोजन करना चाहिये. बे वक़्त भोजन करनेसे शरीर
True,False,0.6295884315906563,0.0,91,43,simha1914__04__r1l20.png,असमर्थ होजाताहै. शिरमें पीड़ा और आलस्य पैदा
True,True,0.34225195094760313,0.03511705685618729,48,41,simha1914__04__r1l22.png,होताहै. भोजन कम करके कुछ दूधका भी सेवन क-
True,True,0.33148250971682397,0.036646307606885066,44,41,simha1914__04__r1l24.png,रना चाहिये. भोजन करनेसे पहले हाथ पांव मुख
True,False,0.4038137969713965,0.025238362310712283,80,38,simha1914__04__r1l25.png,धोकर साफ़ जगहपर भोजन करना चाहिये. बासी
True,False,0.3620689655172414,0.0,83,1,simha1914__05__r2l1.png,५
True,True,0.45318352059925093,0.04681647940074907,52,12,simha1914__05__r2l3.png,जगत् उपदेश ।
True,False,0.3000560852495794,0.0016825574873808188,107,37,simha1914__05__r2l4.png,भोजन न खाना चाहिये. लेकिन पकवान मिठाई
True,False,0.7293986636971047,0.0005567928730512249,95,48,simha1914__05__r2l5.png,बासी खानेमें दोष नहीं है. सड़ा पदार्थ न खाना चा-
True,False,0.2787068004459309,0.015050167224080268,89,46,simha1914__05__r2l6.png,हिये न किसीका बचा अन्न खावे सत्तू या भुनी चीज़
True,False,0.7610520425293789,0.0,101,41,simha1914__05__r2l7.png,"घी व मीठा मिलाकर खाना अच्छा होताहै, रातको"
True,False,0.6903297931805478,0.003912800447177194,102,46,simha1914__05__r2l8.png,सत्तू न खाना चाहिये. भोजनको अच्छी तरह दांतोंसे
True,False,0.7703375760929718,0.00387382401770891,90,44,simha1914__05__r2l9.png,"चबाकर खाना, खानेके वक़्त शरीरको टेढ़ा न करना"
True,False,0.28539451594851706,0.0,86,44,simha1914__05__r2l10.png,"चाहिये, रातको सोनेसे दो घण्टा पहले भोजन करना"
True,False,0.3905458638154192,0.0,87,42,simha1914__05__r2l11.png,चाहिये. भोजनसे अच्छी तरह उदर भरके फ़ौरन सो
True,False,0.6563029960429622,0.0011305822498586771,89,42,simha1914__05__r2l12.png,जानेसे भोजन अच्छी तरहसे नहीं पचता; न अच्छी
True,False,0.7338210467079347,0.014068655036578503,92,50,simha1914__05__r2l13.png,तरहसे निद्रा लगती और स्वप्न बहुत होतेहैं. दूध पीकर
True,False,0.3939563514269726,0.01119194180190263,87,43,simha1914__05__r2l14.png,फ़ौरन न सोना चाहिये. भोजनसे पेटको बहुत न भर
True,False,0.7442641298265249,0.0,90,43,simha1914__05__r2l15.png,लेना चाहिये क्योंकि अधिक खानेसे बदन निकम्मा
True,False,0.7686318131256952,0.0,91,40,simha1914__05__r2l16.png,हो जाताहै. एक आहार जबतक न पचे दूसरा आहार
True,False,0.11029825548677546,0.0011254924029262803,107,43,simha1914__05__r2l17.png,"न करना चाहिये, क्योंकि इससे जठराग्निका पावन"
True,False,0.665176076020123,0.029066517607602014,92,42,simha1914__05__r2l18.png,कम होजाताहै. बहुत भूख लगनेपर पानी से पेट न
True,False,0.32653061224489793,0.0,106,1,simha1914__06__r1l1.png,६
True,False,0.8065764023210832,0.0,103,12,simha1914__06__r1l2.png,जगत् उपदेश ।
True,False,0.6068660022148394,0.0,103,46,simha1914__06__r1l3.png,भरना चाहिये. क्योंकि इससे जलोदररोग होताहै. इसी
True,False,0.6880222841225627,0.0,94,50,simha1914__06__r1l4.png,तरहसे ज़ियादे प्यासमें अन्न खानेसे नुक़सान होताहै.
True,False,0.7293729372937293,0.0,90,44,simha1914__06__r1l5.png,हर एकको ६ घण्टेसे कम सोनेसे शरीरमें भारीपन व
True,False,0.7544059124502558,0.0,98,46,simha1914__06__r1l6.png,आलस्य होताहै. ६ घण्टेसे कम ८ घण्तेसे ज़ियादा न
True,False,0.4114726971869829,0.0,101,42,simha1914__06__r1l7.png,सोना चाहिये. शरीर पसीनासे तर है तो जबतक प-
True,False,0.7459519821328866,0.0,98,43,simha1914__06__r1l8.png,सीना न सूखै या कपड़ेसे न पोंछाजाय तब तक हवा
True,False,0.057458563535911604,0.0,112,51,simha1914__06__r1l9.png,"न लगने पावे, क्योंकि इससे शरीरमें दर्द पैदा होताहै;"
True,False,0.32872163807415605,0.0,103,43,simha1914__06__r1l10.png,और पूर्वाकी हवा तो बिलकुल न लगने पावे. अपनी
True,False,0.7084257206208425,0.0,100,47,simha1914__06__r1l11.png,तन्दुरुस्ती का हमेशा ख़्याल रक्खो. क्योंकि इसके
True,False,0.7961926091825308,0.0,92,46,simha1914__06__r1l12.png,क़ायम रहनेसे हम सब कुछ कर सक्तेहैं. इसलिये हल-
True,False,0.5131434830230011,0.0,101,41,simha1914__06__r1l13.png,का भोजन करना साफ़ पानी पीना सबेरे शाम हवा
True,False,0.07576601671309192,0.0,101,40,simha1914__06__r1l14.png,खाना और कसरत करना आवश्यक है. मित्रके साथ
True,False,0.20870535714285715,0.0,100,45,simha1914__06__r1l15.png,"मिथ्याचरण न करना, चतुर और हितेच्छु कर्मचारीको"
True,False,0.2202930005425936,0.0,100,45,simha1914__06__r1l16.png,पदच्युत न करना. आश्रितोंकी वृत्ति न लोप करना;
True,False,0.20866141732283464,0.0,101,40,simha1914__06__r1l17.png,और धर्मार्थ कुशल कृद्वलोगों का वचन सुनना
False,False,0.0,0.0,105,1,simha1914__07__r3l1.png,७
True,False,0.04780114722753346,0.0,114,12,simha1914__07__r3l2.png,जगत् उपदेश ।
True,False,0.6876774559909142,0.0,105,44,simha1914__07__r3l3.png,"चाहिये. लोभी, चोर, बैरी, अयोग्य लोगोंको किसी"
True,False,0.06804238706079196,0.0,111,45,simha1914__07__r3l4.png,"काममें नियुक्त न करना, और न इनकी प्रबलता होने"
False,False,0.010526315789473684,0.0,107,39,simha1914__07__r3l5.png,देना. सब बातोंको सुनकर अच्छी तरह समझ कर
True,False,0.0392156862745098,0.0,115,41,simha1914__07__r3l6.png,तब अपनी राय देना चाहिये. किसी समय आलस्य न
True,False,0.04020100502512563,0.0,115,42,simha1914__07__r3l7.png,करना और एक क्षण वृथा न बीतने देना. जो चीज़
True,False,0.22917831190609278,0.0,108,44,simha1914__07__r3l8.png,प्राप्त न होसके उसके लिये अभिलाषा न करना; और
True,False,0.23008356545961003,0.0,114,46,simha1914__07__r3l9.png,विनष्ट वस्तुके लिये शोक सन्ताप न करना और कार्य
True,False,0.0584958217270195,0.0,106,47,simha1914__07__r3l10.png,में विध्न न होने देना. भली भांति सोच विचारकर तब
True,False,0.03680634201585504,0.0,114,50,simha1914__07__r3l11.png,"अर्थ साधनेमें प्रवृत्त होना, और सब प्राणियोंको सम-"
True,False,0.4688195991091314,0.0,103,45,simha1914__07__r3l12.png,दृष्टिसे देखना. अपने सन्मानसे हर्षित और अपमान
False,False,0.02522421524663677,0.007847533632286996,118,41,simha1914__07__r3l13.png,"से सन्तप्त न होना, सदा सरोवर के समान अवि-"
True,False,0.17075892857142858,0.0,110,47,simha1914__07__r3l14.png,चीलत रहना. (आत्मारक्षतेधर्म:) आत्माकी रक्षाकरना
True,False,0.0973630831643002,0.018255578093306288,112,14,simha1914__07__r3l15.png,परम धर्म है ।।
True,False,0.2566489361702128,0.0,101,25,simha1914__07__r3l16.png,(४) शरीरके आरामका बयान ।।
True,False,0.4547633313361294,0.002396644697423607,106,38,simha1914__07__line_1517477911802_41.png,सोनेका कमरा कुछ खुला रखना चाहिये जिससे
False,False,0.0,0.0,86,1,simha1914__08__r2l1.png,८
True,False,0.7260504201680672,0.0,99,12,simha1914__08__r2l2.png,जगत् उपदेश ।
True,False,0.4621295279912184,0.0,97,46,simha1914__08__r2l3.png,कुछ हवा लगे. प्रातःकाल ठण्ढे जलसे स्नान न करना
True,False,0.7931614349775785,0.002802690582959641,95,45,simha1914__08__r2l4.png,सबे रे भोजनके पहले कुछ घूमना. और मादकद्रव्यों
True,False,0.7644419517666854,0.0,98,44,simha1914__08__r2l5.png,से बचना चाहिये. क्योंकि उनसे नुक़सान होताहै.
True,False,0.7849223946784922,0.005543237250554324,94,41,simha1914__08__r2l6.png,"जिस कमरेमें रहतेहो पालतू जानवर मत आने दो,"
True,False,0.7321029082774049,0.0,95,45,simha1914__08__r2l7.png,क्योंकि उनसे बीमारी के कीड़े होजातेहैं. शहरसे
True,False,0.2703150912106136,0.0,88,44,simha1914__08__r2l8.png,"देहातका रहना अच्छा होताहै. पीनेका पानी, नमी,"
True,False,0.4445835942391985,0.01628052598622417,50,44,simha1914__08__r2l12.png,औरपानी बहनेकी मोरियोंका ज़ियादा ख़्याल रक्खो
True,False,0.7882022471910113,0.0,95,40,simha1914__08__r2l13.png,एकही कामको बराबर न करो और २ कामोंको किया
True,False,0.6176470588235294,0.0,96,39,simha1914__08__r2l14.png,"करो, और कुछ आराम करने को कामोंसे सावकाश"
True,False,0.4506413831567206,0.0,89,43,simha1914__08__r2l15.png,"भी लियाकरो. अपने मिज़ाजको शान्त रक्खो, इतना"
True,False,0.2620380739081747,0.0033594624860022394,83,40,simha1914__08__r2l16.png,ज़ियादा काम न करो जिससे जी घबड़ाजाय. दिन
True,False,0.6947544642857143,0.0,90,43,simha1914__08__r2l17.png,में थोड़ा २ तीनबेर भोजन करो ईश्वर को यादकरो
True,False,0.7241962774957699,0.0,89,47,simha1914__08__r2l19.png,"अपनी स्त्रीका ख़्याल रक्खो, जिसका क़र्ज़ लेव उस"
True,False,0.10131434830230011,0.0,101,43,simha1914__08__r2l20.png,से नम्र रहो. अपनी पाचनशक्तिको ठीक रक्खो; और
True,True,0.43086283185840707,0.06084070796460177,44,43,simha1914__08__r2l22.png,धीरे २ आरामके साथ चलो. अगर ज़ियादे ज़िन्दगी
True,False,0.0625,0.0,98,1,simha1914__09__r2l1.png,९
True,False,0.16878402903811252,0.0,106,12,simha1914__09__r2l2.png,जगत् उपदेश ।
True,False,0.5680177679067185,0.0,100,41,simha1914__09__r2l3.png,चाहते हो तो तमाखू मदिरा वग़ैरह नशा न पीवो
True,False,0.05549389567147614,0.0,106,46,simha1914__09__r2l4.png,"सबेरे उठना चिन्ता कम करनाचाहिये, कृत्रिम रोशनी"
True,False,0.03962575674188222,0.0,110,43,simha1914__09__r2l5.png,"में कम काम करना. गृहस्थ शोकों की खानि, शरीर"
True,False,0.08328675237562884,0.0,106,44,simha1914__09__r2l6.png,"रोगोंकी खानि, अविवेक दुःखोंकी खानि, और विवेक"
True,False,0.07163000564015792,0.0,110,47,simha1914__09__line_1517478070075_43.png,"सुखोंकी खानि. अपनेको सुधार नहीं तो बुद्धि कैसी,"
True,False,0.036524626452684006,0.0,110,43,simha1914__09__r2l9.png,मरजाना तो चिन्ता कैसी. दूसरेका उपकार और मौत
True,False,0.08622620380739082,0.0,102,37,simha1914__09__r2l10.png,"को सदा याद रखना, अपना उपकार, और पराया"
True,False,0.7575418994413408,0.004469273743016759,96,43,simha1914__09__r2l11.png,अपराध भुलादेना. महामूर्ख वहहै जो मरजाना समझ
True,False,0.06374722838137473,0.0,104,41,simha1914__09__r2l12.png,करकेभी परलोककी चिन्ता नहीं करता और विषयरत
True,False,0.0773542600896861,0.0,104,48,simha1914__09__line_1517478052205_42.png,"रहताहै. ईश्वरका हमेशा ध्यान रक्खो, धर्म करने में"
True,False,0.6643638457109959,0.0,102,34,simha1914__09__r2l15.png,"आलस्य मत करो, कल करने को सो आज करो"
True,False,0.27210496292070735,0.0,100,45,simha1914__09__r2l16.png,"जिससे कल प्रसन्नता हो, मनको अपने बशमें रक्खो."
True,False,0.7864788732394367,0.0,96,40,simha1914__09__r2l17.png,"जिससे विषयके भोगसे अरुचि हो, मनको अनुचित"
True,False,0.07048458149779736,0.0,110,43,simha1914__09__r2l18.png,करतूतिपर ग्लानि हो; और अन्तःकरणकी शुद्धतापर
True,False,0.0621152770005596,0.00391717963066592,110,42,simha1914__09__r2l19.png,"ध्यानहो वही दुःखोंसे बचताहै. आलस्य, विषयकी"
True,False,0.15286624203821655,0.0,98,2,simha1914__10__r2l1.png,१०
True,False,0.7437275985663082,0.0,105,12,simha1914__10__r2l2.png,जगत् उपदेश ।
True,False,0.7571830985915493,0.0028169014084507044,95,45,simha1914__10__r2l3.png,"वृत्ति, अभिमान, और ममता दूरहो तो सुख मिलताहै."
True,False,0.06778711484593837,0.0011204481792717086,108,51,simha1914__10__r2l4.png,मनुष्यके शरीरमें पांच मोती हैं जिनके पांच शत्रुहैं.
True,False,0.04823331463825014,0.0,107,51,simha1914__10__r2l5.png,"धर्म तिसका शत्रु झूठ, बुद्धि तिसका शत्रु क्रोध, सं-"
True,False,0.7229916897506925,0.0,96,47,simha1914__10__r2l6.png,"तोष तिसका शत्रु लोभ, विद्या तिसका शुत्र अभिमान;"
True,False,0.3459367945823928,0.0,103,41,simha1914__10__r2l7.png,और उदारता उसका शत्रु पछितावा. सौगन्द खाना
True,False,0.7577639751552795,0.0,101,44,simha1914__10__r2l8.png,वही ठीक है जो पूरी होसके. वह काम न करो जिससे
True,False,0.17066369213608476,0.0,100,40,simha1914__10__r2l9.png,कुछ लाभ न हो. वह भोजन न करो जिससे शरीरको
True,True,0.40277008310249307,0.03102493074792244,52,45,simha1914__10__r2l11.png,कष्ट होय. जब काम ख़र्चसे होसके तो शरीरको दुःख
True,False,0.11470408785845028,0.0,108,48,simha1914__10__r2l12.png,"न देना, क्योंकि पैसा तो प्राणरक्षाही के लिये है."
True,False,0.26072234762979685,0.0,101,39,simha1914__10__r2l14.png,बिना मतलब समझे किसी काग़ज़में दस्तख़त न
True,False,0.0777903043968433,0.0,104,41,simha1914__10__r2l15.png,करना. जब किसीके साथ गुप्त बात करो तो चारो
True,False,0.049389567147613764,0.0,110,42,simha1914__10__r2l16.png,तरफ़ देखो कि कोई सुनता न होय. जिस जगह गप्प
True,False,0.1289237668161435,0.0,104,46,simha1914__10__r2l17.png,मारनेवाले बैठेहों वहां बुद्धिमान् आदमीको कुछ न
True,False,0.34349030470914127,0.0,111,45,simha1914__10__line_1517478113246_44.png,बोलना चाहिये. जिस घरमें मूर्खोंके साथ सलाह और
True,False,0.6513048306496391,0.0,95,50,simha1914__10__r2l20.png,स्त्री पुरुषोंमें विरोध हो वहां धन दौलत नहीं रहती.
True,True,0.4233576642335766,0.23722627737226276,64,14,sivaramasukla1900__01__line_1517327645043_1.png,श्रीगणेशाय नमः
True,False,0.3946524064171123,0.0,61,30,sivaramasukla1900__01__line_1517327652339_2.png,अथ शिवरत्नसंग्रह:प्रारभ्यते ।।
True,True,0.36444444444444446,0.04711111111111111,70,39,sivaramasukla1900__01__line_1517327740201_7.png,गजाननं चारुविशालमूर्तिं मौंजीधरंमूषकवाह
True,True,0.3659147869674185,0.04177109440267335,69,48,sivaramasukla1900__01__r1l36.png,नंच ।। चतुर्भुजं चंचलकर्णनेत्रं गणाधिपं गौरिसुतं
True,True,0.445371142618849,0.03919933277731443,73,37,sivaramasukla1900__01__line_1517327721484_6.png,नमामि १ नीलाम्बुजश्यामलकोमलांगं सीतास
True,False,0.34957264957264955,0.026495726495726495,65,37,sivaramasukla1900__01__line_1517327711738_5.png,मारोपितवामभागम् । पाणौमहाशायकचारुचापं
True,True,0.2683229813664596,0.09813664596273292,44,27,sivaramasukla1900__01__r1l45.png,नमामि रामं रघुवंशनाथम् २ ।।
True,False,0.038461538461538464,0.02262443438914027,53,20,sivaramasukla1900__01__r1l46.png,अथ मनुस्मृतिश्लोक ।।
True,False,0.3546511627906977,0.018410852713178296,69,34,sivaramasukla1900__01__r1l47.png,यथा काष्ठमयोहस्ती यथाचर्ममयोमृग: ।
True,False,0.49238095238095236,0.007619047619047619,59,41,sivaramasukla1900__01__r1l48.png,यश्चविप्रोनधीयानस्त्रयस्तेनामबिभ्रति ३ ।।
True,True,0.13303964757709252,0.048458149779735685,61,48,sivaramasukla1900__01__r1l49.png,अर्थ ।। जैसे काठका बनाहुवा हाथी और जैसे चमड़े का
True,True,0.1697019867549669,0.048013245033112585,60,55,sivaramasukla1900__01__r1l51.png,बनाहुवा मृग और विना पढ़ाहुवा ब्राह्मण ये तीनों केवल नाम
True,True,0.05485232067510549,0.048945147679324896,67,52,sivaramasukla1900__01__r1l53.png,को धारण करते हैं शत्रुबध आदि हाथी आदिकों के काम नहीं
True,True,0.07896924355777224,0.03158769742310889,66,54,sivaramasukla1900__01__r1l55.png,"करसक्ते, वैसेही विना पढ़ाहुवा ब्राह्मण यज्ञ आदि काम का"
True,False,0.2757475083056478,0.0,54,14,sivaramasukla1900__01__r1l56.png,नहीं होता ३ ।।
True,True,0.3877973112719752,0.031023784901758014,62,40,sivaramasukla1900__01__line_1517327690677_4.png,संमानाद्ब्राह्मणोनित्यमुद्विजेतविषादिव ।
True,False,0.40936254980079684,0.0069721115537848604,67,37,sivaramasukla1900__01__line_1517327676054_3.png,अमृतस्येवचाकांक्षेदवमानस्यसर्वदा ४ ।।
False,True,0.0,0.14285714285714285,54,1,sivaramasukla1900__02__line_1517327783303_8.png,२
True,False,0.7867132867132867,0.0,46,15,sivaramasukla1900__02__r1l1.png,शिवरत्नसंग्रह ।
True,False,0.2959363957597173,0.01678445229681979,58,52,sivaramasukla1900__02__r1l3.png,अर्थ ।। ब्राह्मण सन्मान से नित्यही विषके समान डरे और
True,False,0.34577387486278816,0.0,52,36,sivaramasukla1900__02__r1l4.png,अमृत के समान अपमान की चाहना करे ४ ।।
True,False,0.28964059196617337,0.011627906976744186,53,35,sivaramasukla1900__02__r1l9.png,नतेनवृद्धोभवति येनास्य पलितं शिर: ।
True,False,0.33180987202925044,0.009140767824497258,53,44,sivaramasukla1900__02__r1l13.png,योवैयुवाप्यधीयानस्तंदेवाः स्थविरं विदु: ५ ।।
True,True,0.44760213143872113,0.03463587921847247,52,51,sivaramasukla1900__02__r1l15.png,शिरके बाल सफेद होने से वृद्ध नहीं होताहै जो जवान भी
True,False,0.36822429906542054,0.0,54,48,sivaramasukla1900__02__line_1517327931856_12.png,पढ़ा लिखाहो तो उसको देवतालोग वृद्ध कहते हैं ५ ।।
True,False,0.4665071770334928,0.0,48,39,sivaramasukla1900__02__r1l19.png,सब आश्रमोंको गृहस्थके संहारे से जीना ।।
False,False,0.02720348204570185,0.0,69,40,sivaramasukla1900__02__line_1517327912955_11.png,यथावायुंसूमाश्रित्य वर्तन्तेसर्वजन्तव: ।
True,False,0.2824287028518859,0.0009199632014719411,55,46,sivaramasukla1900__02__r1l26.png,तर्थागृहस्थमाश्रित्य वर्तन्ते सर्वआश्रमा: ६ ।।
True,True,0.3321396598030439,0.051924798567591766,55,52,sivaramasukla1900__02__r1l27.png,अर्थ ।। जैसे हृदय में स्थित प्राणनाम पवन के आश्रय से
True,True,0.11064891846921797,0.03743760399334443,55,50,sivaramasukla1900__02__r1l28.png,सब जीव जीते हैं वैसेही गृहस्थ के सहारे से सब आश्रम
True,False,0.34102564102564104,0.005128205128205128,47,21,sivaramasukla1900__02__r1l29.png,निर्वाह करते हैं ६ ।।
True,False,0.6521739130434783,0.0,42,22,sivaramasukla1900__02__r1l30.png,भिक्षाके देने का फल ।।
True,True,0.4686907020872865,0.03415559772296015,55,42,sivaramasukla1900__02__r1l31.png,यत्पुण्यफलमाप्नोति गांदत्त्वाविधिवदगुरो: ।
True,False,0.256816182937555,0.0008795074758135445,51,47,sivaramasukla1900__02__r1l36.png,तत्पुण्यफलमाप्नोति भिक्षांदत्त्वाद्विजोगृही ७।।
True,True,0.20958646616541354,0.08458646616541353,57,50,sivaramasukla1900__02__r1l37.png,अर्थ ।। विधिवत् कहिये सोने के सींग आदि मढ़ाकै गुरु
True,False,0.4142502071251036,0.010770505385252692,48,52,sivaramasukla1900__02__r1l40.png,को गौदेने से जो फल होताहै वह फल गृहस्थ को विधिपूर्वक
True,False,0.5632183908045977,0.003284072249589491,46,34,sivaramasukla1900__02__r1l41.png,भिक्षा देने से प्राप्त होताहै ७ ।।
True,False,0.4241573033707865,0.012640449438202247,48,34,sivaramasukla1900__02__r1l43.png,दरिद्री गृहस्यको अतिथिका सत्कार ।।
True,True,0.32945736434108525,0.03391472868217054,52,39,sivaramasukla1900__02__r1l46.png,तृणानिभूमिरुदकं वाक् चतुर्थी च सूनृता ।
True,False,0.4519927536231884,0.010869565217391304,58,41,sivaramasukla1900__02__line_1517327818985_10.png,एतान्यापिसतांगेहे नोच्छिद्यन्तेकदाचन ८ ।।
True,True,0.38860103626943004,0.07340241796200346,60,56,sivaramasukla1900__02__r1l52.png,अर्थ ।। अन्न न होय तो तृण बिछानेको १ विश्रामके लिये भूमि
True,True,0.034970857618651124,0.0749375520399667,61,49,sivaramasukla1900__02__r1l53.png,२ पैर धोने आदि के लिये जल ३ और प्यारे वचन ४ ये सब
True,True,0.16763485477178422,0.048132780082987554,65,61,sivaramasukla1900__02__line_1517327807924_9.png,अतिथि के लिये धर्मात्मा गृहस्थके घर में कभी नहीं दूर रहते हैं
True,False,0.09841269841269841,0.009523809523809525,52,33,sivaramasukla1900__02__r1l57.png,अर्थात् अवश्य देने पड़ते हैं ८ ।।
False,True,0.0,0.07894736842105263,56,1,sivaramasukla1900__03__line_1517327993897_13.png,३
False,False,0.017064846416382253,0.0,49,15,sivaramasukla1900__03__r1l1.png,शिवरत्नसंग्रह ।
True,False,0.4805194805194805,0.0,45,16,sivaramasukla1900__03__r1l2.png,अतिथि के लक्षण ।
True,True,0.43024494142705005,0.03514376996805112,55,40,sivaramasukla1900__03__r1l3.png,एकरात्रंतुनिवसन्नतिथिर्ब्राह्मणःस्मृत: ।
True,True,0.3096270598438855,0.03902862098872507,41,44,sivaramasukla1900__03__r1l7.png,अनित्यंहिस्थितो यस्मात्तस्मादतिथिरुच्यते ९।।
True,False,0.6882556131260794,0.017271157167530225,42,52,sivaramasukla1900__03__r1l8.png,अर्थ ।। केवल एकरात्रि पराये घर में बसताहुवा ब्राह्मण
True,False,0.12468827930174564,0.011637572734829594,45,52,sivaramasukla1900__03__r1l10.png,सदा न रहने से अतिथि होता है नहीं है दूसरी तिथि जिसकी
True,False,0.6632478632478632,0.0,45,24,sivaramasukla1900__03__r1l11.png,वह अतिथि कहाजाता है ९ ।।
True,False,0.6557377049180327,0.0,44,22,sivaramasukla1900__03__r1l12.png,ब्रह्मचारी के लक्षण ।।
False,True,0.0150093808630394,0.20637898686679174,58,40,sivaramasukla1900__03__line_1517328110770_16.png,अभ्यङ्गमञ्जनंचाक्ष्णोरुपानच्छत्रधारणम् ।
True,False,0.20053715308863027,0.009847806624888093,47,39,sivaramasukla1900__03__line_1517328063184_15.png,कामंक्रोधंचलोभंच नर्तनं गीतवादनम् १० ।।
True,False,0.33244444444444443,0.011555555555555555,46,44,sivaramasukla1900__03__r1l27.png,अर्थ ।। तिल आदि का लगाना आंखों को आंजना जूता
True,False,0.7142857142857143,0.0008257638315441783,40,44,sivaramasukla1900__03__r1l29.png,छातेको धारण करना और काम क्रोध लोभ लालच नाचना
False,False,0.022115384615384617,0.007692307692307693,47,48,sivaramasukla1900__03__r1l30.png,गाना बजाना इन सबों को ब्रह्मचारी वर्जितकरे १० ।।
False,False,0.01282051282051282,0.005128205128205128,50,20,sivaramasukla1900__03__r1l31.png,अथ शिष्यके धर्म्म ।।
True,True,0.3604004449388209,0.03337041156840934,45,42,sivaramasukla1900__03__r1l33.png,हीनान्नवस्त्रवेष:स्यात् सर्वदागुरुसंनिधौ ।
True,True,0.2440147329650092,0.04511970534069982,45,43,sivaramasukla1900__03__r1l37.png,उतिष्ठेत्प्रथमंचास्य चरमंचैव संविशेत् ११ ।।
False,False,0.02745792736935341,0.02037201062887511,53,52,sivaramasukla1900__03__r1l38.png,अर्थ ।। गुरु के समीप सदा गुरु से हीन अन्न वस्त्र खाय
True,False,0.04046242774566474,0.012386457473162676,51,58,sivaramasukla1900__03__line_1517328021361_14.png,पहिरै और सबेरे दो घड़ी रातिरहे गरु से पहिले उठे और सन्ध्या
True,False,0.06766917293233082,0.02556390977443609,53,32,sivaramasukla1900__03__r1l42.png,को गरुके सोने के पीछे सोवै ११ ।।
True,True,0.3237791932059448,0.04670912951167728,41,33,sivaramasukla1900__03__r1l43.png,प्रतिश्रवणसंभाषे शयानोनसमाचरेत् ।
True,True,0.242263483642794,0.03359858532272325,51,41,sivaramasukla1900__03__r1l44.png,नासीनोनचभुञ्जानो नतिष्ठन्नपराङ्मुख: १२ ।।
True,False,0.03430079155672823,0.026385224274406333,47,48,sivaramasukla1900__03__r1l45.png,अर्थ ।। शय्यापर पड़ाहुवा आसनपर बैठा हुवा भोजन क-
True,True,0.0380479735318445,0.04714640198511166,48,61,sivaramasukla1900__03__r1l47.png,रताहुवा मुंह फेरे खड़ाहुवा ब्रह्मचारी गुरुकी आज्ञा का स्वीकार
True,False,0.03012912482065997,0.0,48,29,sivaramasukla1900__03__r1l48.png,और उनसे वार्तालाप न करे १२ ।।
True,False,0.2608695652173913,0.0,45,1,sivaramasukla1900__04__r1l1.png,४
True,False,0.0661764705882353,0.0,60,15,sivaramasukla1900__04__r1l2.png,शिवरत्नसंग्रह ।
True,True,0.049019607843137254,0.054901960784313725,58,24,sivaramasukla1900__04__r1l3.png,गुरुकी निन्दा न सुनना ।।
True,False,0.3174061433447099,0.02161547212741752,46,39,sivaramasukla1900__04__r1l5.png,गुरोर्यत्रपरीवादो निन्दावापिप्रवर्तते ।
True,False,0.3382480485689506,0.0,51,44,sivaramasukla1900__04__r1l7.png,कर्णौतत्रपिधातव्यौ गन्तव्यंवाततोऽन्यत: १३ ।।
True,False,0.4500442086648983,0.022988505747126436,50,55,sivaramasukla1900__04__r1l10.png,अर्थ ।। जहां गुरुकी परिवाद अर्थात् उन में वर्तमान दोषों
True,False,0.44083333333333335,0.028333333333333332,49,56,sivaramasukla1900__04__r1l12.png,को कहना और निन्दा अर्थात् झूंठे दोष लगाना ये दोनों बातैं
True,False,0.34439834024896265,0.024896265560165973,53,56,sivaramasukla1900__04__r1l14.png,जहां होतीहों वहां स्थित शिष्यको कान मूंदलेने चाहिये अथवा
False,False,0.024516129032258065,0.0,57,36,sivaramasukla1900__04__r1l16.png,वहां से अन्यत्र चलाजाना चाहिये १३ ।।
True,False,0.04659498207885305,0.0,63,26,sivaramasukla1900__04__r1l17.png,गुरु के साथ बराबर बैठना ।।
True,True,0.04336283185840708,0.2610619469026549,63,44,sivaramasukla1900__04__line_1517328277261_19.png,गोऽश्वोष्ट्रयानप्रासादप्रस्तरेषुकटेषुच । आसी
True,True,0.4,0.06192468619246862,46,47,sivaramasukla1900__04__r1l23.png,तगुरुणासार्धं शिलाफलकनौषुच ।। १४ ।। गुरोर्गुरौस
True,False,0.3628023352793995,0.010008340283569641,50,48,sivaramasukla1900__04__r1l25.png,न्निहितेगुरुवद्वृतिमाचरेत् ।। नचानिसृष्टो गुरुणा
True,True,0.5780346820809249,0.036127167630057806,53,26,sivaramasukla1900__04__r1l30.png,स्वान्गुरूनभिवादयेत् १५ ।।
True,False,0.1169744942832014,0.02990325417766051,62,55,sivaramasukla1900__04__r1l31.png,अर्थ ।। बैल घोड़ा ऊंट जिनमें जुते होयँ ऐसी सवारियों में
True,True,0.036544850498338874,0.04235880398671096,70,48,sivaramasukla1900__04__r1l32.png,अर्थात् रथ छकड़ा आदि में महल के ऊपर गचपर चटाई पर
True,True,0.06879194630872483,0.04949664429530201,62,53,sivaramasukla1900__04__r1l33.png,शिलापर तख्त पर और नाव में गुरु के साथ बैठे १४ जो गुरु
True,False,0.07268170426065163,0.028404344193817876,71,53,sivaramasukla1900__04__r1l34.png,के गुरु घर आवैं तौ गुरु के समान उनका भी आदर सत्कारादि
True,True,0.04304635761589404,0.06788079470198675,66,53,sivaramasukla1900__04__line_1517328201647_18.png,करै और गुरुके घर में बसता हुआ शिष्य गुरुकी आज्ञा विना
True,False,0.05344295991778006,0.0010277492291880781,62,40,sivaramasukla1900__04__r1l37.png,अपने पिता चाचा आदि को प्रणाम न करै १५ ।।
True,False,0.09314586994727592,0.005272407732864675,54,29,sivaramasukla1900__04__r1l38.png,स्त्रीआदिकों को दुख न देना ।।
True,True,0.3751205400192864,0.04918032786885246,64,39,sivaramasukla1900__04__r1l44.png,शोचन्तिजामयोयत्र विनश्यत्याशुतत्कुलम् ।
True,False,0.41514598540145986,0.0,58,45,sivaramasukla1900__04__r1l45.png,न शोचंति तु यत्रैता वर्धते तद्धि सर्वदा १६ ।।
True,True,0.06972639011473963,0.06619593998234775,65,57,sivaramasukla1900__04__r1l46.png,अर्थ ।। जिसकुल में बहिन स्त्री पुत्री और पुत्र की बहू आदि
True,False,0.06255212677231026,0.0025020850708924102,72,54,sivaramasukla1900__04__r1l48.png,दुःखी होती हैं वह कुल शीघ्रही निर्धन होजाताहै और देवता
True,False,0.10711297071129706,0.015899581589958158,59,52,sivaramasukla1900__04__line_1517328144328_17.png,तथा राजा आदि करि पीड़ित होता है और जहां ये नहीं शोच-
True,False,0.19176954732510287,0.0008230452674897119,54,58,sivaramasukla1900__04__r1l53.png,ती हैं वह कुल धन आदि से सदा वृद्धि को प्राप्त होताहै १६ ।।
False,False,0.0,0.0,54,1,sivaramasukla1900__05__line_1517328307569_20.png,५
True,False,0.5395189003436426,0.0,50,15,sivaramasukla1900__05__r1l1.png,शिवरत्नसंग्रह ।
True,False,0.09487179487179487,0.007692307692307693,53,20,sivaramasukla1900__05__r1l2.png,स्त्री को न देखना ।।
True,True,0.4119718309859155,0.03345070422535211,57,45,sivaramasukla1900__05__r1l5.png,नाश्नीयाद्भार्ययासार्धमैनामिक्षेत चाश्नतीम् ।
True,False,0.4003392705682782,0.02714164546225615,54,43,sivaramasukla1900__05__r1l8.png,क्षवतींजृम्भमाणां वा नचासीनांयथासुखम् १७ ।।
True,True,0.07616487455197132,0.16218637992831542,71,52,sivaramasukla1900__05__r1l9.png,"अर्थ ।। स्त्री के साथ एकपात्र में न खाय और खाती हुई,"
True,False,0.3541666666666667,0.013333333333333334,57,55,sivaramasukla1900__05__r1l13.png,"छींकतीहुई, जम्हातीहुई और बेपर्द बैठीहुई को न देखै १७ ।।"
True,False,0.046875,0.0,57,20,sivaramasukla1900__05__r1l14.png,स्त्री को निकालना ।।
True,False,0.402321083172147,0.029980657640232108,67,43,sivaramasukla1900__05__r1l17.png,अधिविन्नातुयानारी निर्गच्छेद्रुषितागृहात् ।
True,True,0.4165968147527242,0.03185247275775356,59,47,sivaramasukla1900__05__r1l18.png,सासद्यःसन्निरोद्धव्या त्याज्यावाकुलसन्निधौ १८।।
True,True,0.13356461405030357,0.08152645273200347,67,59,sivaramasukla1900__05__r1l19.png,अर्थ ।। जो स्त्री दूसरी स्त्री करनेपर कुपितहो घरसे निकलै वह
True,True,0.06879194630872483,0.06879194630872483,73,52,sivaramasukla1900__05__line_1517328451813_25.png,उसी दिन रस्सी आदि से बांधकर रखने योग्य है और कोप दूर
True,False,0.15774647887323945,0.0,62,47,sivaramasukla1900__05__line_1517328443188_24.png,होने तक पिता आदिके समीप छोड़ने के योग्यहै १८ ।।
True,True,0.08741258741258741,0.04895104895104895,52,18,sivaramasukla1900__05__r1l26.png,सूर्य को न देखै ।।
True,False,0.46061814556331004,0.0259222333000997,57,42,sivaramasukla1900__05__line_1517328423692_23.png,नेक्षेतोद्यन्तमादित्यं नास्तंयान्तंकदाचन ।
True,False,0.43462578899909826,0.025247971145175834,58,39,sivaramasukla1900__05__line_1517328417427_22.png,नोपसृष्टंनवारिस्थं नमध्यंनभसोगतम् १९ ।।
True,True,0.15017985611510792,0.09532374100719425,59,57,sivaramasukla1900__05__r1l37.png,अर्थ ।। उदय होतेहुये और अस्त होतेहुये सूर्य्य के सम्पूर्ण
True,True,0.05328892589508743,0.08492922564529559,69,49,sivaramasukla1900__05__r1l39.png,मण्डल को न देखै तथा राहु ग्रह से ग्रसे हुये और जल
True,False,0.060453400503778336,0.026028547439126783,72,58,sivaramasukla1900__05__r1l40.png,से प्रतिबिम्ब पड़े हुये तथा आकाश के मध्य में स्थित अर्थात्
True,False,0.040372670807453416,0.003105590062111801,60,34,sivaramasukla1900__05__r1l41.png,मध्याह्नके सूर्य्य को न देखै १९ ।।
True,False,0.2029197080291971,0.0,59,29,sivaramasukla1900__05__r1l42.png,बछवा आदि की रस्सी न नांधना ।।
True,False,0.4350282485875706,0.014689265536723164,64,41,sivaramasukla1900__05__line_1517328404101_21.png,नलङ्घयेद्वत्सतंत्रीं न प्रधावेच्चवर्षति ।
True,True,0.41886409736308317,0.057809330628803245,50,38,sivaramasukla1900__05__r1l49.png,नचोदकेनिरीक्षेत स्वंरूपमितिधारणा १० ।।
True,True,0.10774710596616206,0.060552092609082814,64,55,sivaramasukla1900__05__r1l50.png,अर्थ ।। बछड़ा बांधन की रस्सी को न उल्लंघै और मेघ वर्षने
True,False,0.05804311774461028,0.009950248756218905,67,51,sivaramasukla1900__05__r1l51.png,के समय नहीं दौरे और अपनी देह की परछाहीं को जल में न
True,False,0.06806282722513089,0.0,55,10,sivaramasukla1900__05__r1l52.png,देखै १० ।।
False,True,0.0,0.07317073170731707,54,1,sivaramasukla1900__06__line_1517329249079_26.png,६
False,False,0.014336917562724014,0.0,52,15,sivaramasukla1900__06__r1l1.png,शिवरत्नसंग्रह ।
True,False,0.05349182763744428,0.0,51,33,sivaramasukla1900__06__r1l2.png,मार्ग में दहिनावर्त करिके जाना ।।
True,True,0.10554951033732318,0.09249183895538629,71,39,sivaramasukla1900__06__line_1517329417975_36.png,मृदंगांदैवतंविप्रं घृतं मधु चतुष्पथम् ।
True,True,0.38614718614718613,0.05367965367965368,38,48,sivaramasukla1900__06__r1l11.png,प्रदक्षिणानिकुर्वीत प्रज्ञातांश्चवनस्पतीन् २१ ।।
True,False,0.051418439716312055,0.018617021276595744,56,51,sivaramasukla1900__06__r1l12.png,"अर्थ ।। मट्टी का ढेर, गौ, पाषाण आदि से बनी देवता की"
True,False,0.16043225270157938,0.00997506234413965,52,61,sivaramasukla1900__06__r1l13.png,"मूर्ति, ब्राह्मण, घी, शहद, चौराहा, और बड़े प्रमाण से जातेहुये"
True,False,0.04344193817878028,0.000835421888053467,55,54,sivaramasukla1900__06__r1l14.png,पीपलआदि वृक्ष इनसबको मार्ग में दहिनावर्त देकरचले २१ ।।
True,True,0.06645898234683281,0.036344755970924195,55,41,sivaramasukla1900__06__line_1517329391723_35.png,रात्रिको तिलकी मिलीहुई कोई वस्तु न खाय ।।
True,True,0.0704070407040704,0.1474147414741474,60,36,sivaramasukla1900__06__line_1517329427427_37.png,सर्वंचतिलसंबद्धं नाद्यादस्तमितेरवौ ।
True,True,0.03511705685618729,0.056856187290969896,63,44,sivaramasukla1900__06__line_1517329433780_38.png,नचनग्नःशयीतेह नचोच्छिष्टःक्वचिद्व्रजेत २२ ।।
True,True,0.060123784261715295,0.032714412024756855,50,55,sivaramasukla1900__06__line_1517329362347_34.png,अर्थ ।। जो कुछ तिलों से मिलेहुए पदार्थ लड्डू आदि हैं उन
True,False,0.05245628642797669,0.005828476269775187,53,52,sivaramasukla1900__06__line_1517329349085_33.png,को रात्रि में न खाय और इसलोक में नंगा होके न सोवै और
False,False,0.02040816326530612,0.013605442176870748,48,27,sivaramasukla1900__06__line_1517329339843_32.png,जूंठा होके कहीं न जाय २२ ।।
True,False,0.1118421052631579,0.003289473684210526,62,26,sivaramasukla1900__06__line_1517329439623_39.png,गीले पैर होके भोजन करना ।।
True,True,0.040566037735849055,0.2028301886792453,56,45,sivaramasukla1900__06__line_1517329443385_40.png,आर्द्रपादस्तुभुञ्जीत नार्द्रपादस्तुसंविशेत् ।
False,True,0.024744027303754267,0.10665529010238908,62,48,sivaramasukla1900__06__line_1517329451085_41.png,आर्द्रपादस्तुभुञ्जानो दीर्घमायुरवाप्नुयात् २३ ।।
True,False,0.08480565371024736,0.0035335689045936395,54,52,sivaramasukla1900__06__line_1517329305125_31.png,अर्थ ।। जल से गीले पैर होनेपर भोजन करे और गीले पैरों
True,False,0.03787878787878788,0.021043771043771045,47,53,sivaramasukla1900__06__r1l76.png,से सोवै नहीं और गीले पैर होनेसे भोजन करताहुआ पुरुषबडी
False,True,0.02403846153846154,0.04567307692307692,55,41,sivaramasukla1900__06__line_1517329293327_30.png,आयु अर्थात् शतायु को प्राप्त होताहै २३ ।।
True,True,0.037894736842105266,0.037894736842105266,52,39,sivaramasukla1900__06__line_1517329288535_29.png,बहुत दिन जीने की चाह रखनेवाला मनुष्य इन
True,False,0.24653739612188366,0.0,48,17,sivaramasukla1900__06__r1l82.png,बातों को न करै ।।
True,False,0.247451343836886,0.014828544949026877,54,42,sivaramasukla1900__06__line_1517329268671_28.png,अधितिष्ठेन्नकेशांस्तु नमस्मास्थिकपालिकाः ।
True,False,0.2461033634126333,0.015586546349466776,54,48,sivaramasukla1900__06__line_1517329259054_27.png,नकर्प्पासास्थिन तुषान्दीर्घमायुर्जिजीविषुः २४ ।।
True,False,0.13805309734513274,0.01592920353982301,50,51,sivaramasukla1900__06__r1l88.png,"अर्थ ।। जो बहुत दिन जीनाचाहे तौ बाल, भस्म, हाड़, ख-"
True,False,0.07860824742268041,0.01804123711340206,52,34,sivaramasukla1900__06__r1l89.png,"परा, बिनौला भूसी इनपर न बैठे २४ ।।"
False,False,0.0,0.0,56,1,sivaramasukla1900__07__line_1517329684259_46.png,७
True,False,0.8344827586206897,0.0,44,15,sivaramasukla1900__07__r1l1.png,शिवरत्नसंग्रह ।
True,False,0.514721919302072,0.013086150490730643,37,40,sivaramasukla1900__07__r1l2.png,तेजकी इच्छा रखनेवाला इन बातोंको न करे ।।
True,False,0.3039485766758494,0.0036730945821854912,48,43,sivaramasukla1900__07__r1l5.png,नाञ्जयन्तीस्वकेनेत्रे नचाभ्यक्तामनावृताम् ।
True,True,0.38434163701067614,0.03291814946619217,39,46,sivaramasukla1900__07__r1l8.png,नपश्येत्प्रस्रवतींच तेजस्कामोद्विजोत्तम: २५ ।।
True,False,0.6399647887323944,0.011443661971830986,38,52,sivaramasukla1900__07__r1l9.png,अर्थ ।। तेजकी इच्छा रखनेवाला मनुष्य अपनी आंखिमें आं-
True,False,0.2514427040395713,0.023083264633140973,38,53,sivaramasukla1900__07__r1l13.png,जती हुई और तेल लगाती हुई तथा स्तन ढकने के वस्त्र रहित
True,True,0.0559662090813094,0.0665258711721225,57,41,sivaramasukla1900__07__line_1517329691860_47.png,और बालक को जनती हुई स्त्रीको न देखै २५ ।।
True,False,0.6854304635761589,0.0,45,12,sivaramasukla1900__07__r1l17.png,गमन न करे ।।
True,True,0.35371589840075257,0.034807149576669805,39,40,sivaramasukla1900__07__r1l20.png,नातिकल्यंनातिसायं नातिमध्यन्दिनेस्थिते ।
False,True,0.01981132075471698,0.17358490566037735,54,39,sivaramasukla1900__07__line_1517329698248_48.png,नाज्ञातेनसमंगच्छेत् नैकोनवृषलैःसह २६ ।।
True,True,0.3518029903254178,0.0316622691292876,47,50,sivaramasukla1900__07__line_1517329600717_44.png,अर्थ ।। न बहुत सबेरे न बहुत सन्ध्या को न ठीक दोपहर
True,False,0.6039933444259568,0.025790349417637273,36,51,sivaramasukla1900__07__r1l35.png,में और विना पहिंचान मनुष्य के साथ न अकेले और न वृष-
True,False,0.6256781193490054,0.0,42,24,sivaramasukla1900__07__r1l36.png,लों के साथ गमन करै २६ ।।
True,True,0.6987951807228916,0.030120481927710843,41,24,sivaramasukla1900__07__r1l37.png,सच्चा दुःखदायो न बोलै ।।
True,True,0.31683168316831684,0.062376237623762376,42,51,sivaramasukla1900__07__r1l38.png,सत्यंब्रूयात्प्रियंब्रूयान्न ब्रूयात्सत्यमप्रियम् ।
True,True,0.5102420856610801,0.0633147113594041,54,42,sivaramasukla1900__07__line_1517329621913_45.png,प्रियञ्चनानृतंब्रूयादेषधर्म्मःसनातन: २७ ।।
True,True,0.7776801405975395,0.06063268892794376,43,56,sivaramasukla1900__07__r1l45.png,अर्थ ।। देखा और सुनाहुआ सत्य कहै जैसे तुम्हारे पुत्र हुआ
True,False,0.04251700680272109,0.01870748299319728,46,51,sivaramasukla1900__07__line_1517329556579_43.png,"है ऐसी प्यारी बात कहै, और देखा सुना भी अप्रिय वचन न"
True,False,0.7342192691029901,0.027408637873754152,41,56,sivaramasukla1900__07__r1l50.png,कहै जैसे तुम्हारा पुत्र मरगया है ऐसा अप्रिय वचन न कहै और
True,False,0.5395503746877602,0.01498751040799334,45,56,sivaramasukla1900__07__r1l54.png,प्यारी भी बात झूंठ न कहै यह वेदमूलका सनातन धर्म है २७ ।।
False,True,0.0,0.03343465045592705,62,13,sivaramasukla1900__07__line_1517329703874_49.png,आयुको घटना ।।
True,True,0.05197505197505198,0.24116424116424118,56,35,sivaramasukla1900__07__line_1517329711860_50.png,नहीदृशमनायुष्यं लोकेकिञ्चनविद्यते ।
True,True,0.3384615384615385,0.12205128205128205,40,35,sivaramasukla1900__07__r1l59.png,यादृशंपुरुषस्येह परदारोपसेवनम २८ ।।
True,True,0.26424870466321243,0.05008635578583765,45,46,sivaramasukla1900__07__r1l60.png,इस लोकमें पुरुष की आयु घटाने वाला ऐसा कुछ नहीं
True,False,0.27177177177177175,0.0075075075075075074,44,33,sivaramasukla1900__07__line_1517329514445_42.png,जैसा पराई स्त्री का सेवन है २८ ।।
False,False,0.0,0.0,56,1,sivaramasukla1900__08__line_1517329806246_53.png,८
False,False,0.017064846416382253,0.013651877133105802,50,15,sivaramasukla1900__08__r2l1.png,शिवरत्नसंग्रह ।
True,False,0.23627287853577372,0.0,50,27,sivaramasukla1900__08__r2l2.png,अधर्म्म निष्फल नहीं जाता ।।
True,False,0.23625730994152047,0.0011695906432748538,57,41,sivaramasukla1900__08__r2l3.png,यदिनात्मनिपुत्रेषु नचेत्पुत्रेषुनप्तृषु ।
True,True,0.3847533632286996,0.0726457399103139,39,46,sivaramasukla1900__08__r2l5.png,नत्वेवतुकृतोऽधर्म्म: कर्तुर्भुवतिनिष्फल: २९ ।।
True,True,0.07400881057268723,0.03171806167400881,57,50,sivaramasukla1900__08__r2l6.png,अर्थ ।। जो अधर्म्मकरनेवाले की देह धनके नाशआदि फलों
True,True,0.44073455759599334,0.03171953255425709,54,61,sivaramasukla1900__08__r2l7.png,को नहीं करताहै तौ उसके पुत्रों में नहीं तो पौत्रों में करताहै
True,False,0.0421792618629174,0.0,53,25,sivaramasukla1900__08__r2l8.png,निष्फल नहीं जाता है २९ ।।
True,False,0.13875598086124402,0.0,60,28,sivaramasukla1900__08__r2l9.png,बैरी आदिकों को सेवन न करे ।।
True,False,0.6217440543601359,0.021517553793884484,53,34,sivaramasukla1900__08__r2l10.png,वैरिणंनोपसेवेत साहय्यञ्चैववैरिण: ।
True,False,0.2560747663551402,0.010280373831775701,49,37,sivaramasukla1900__08__r2l12.png,अधर्मिकंतस्करंच परस्यैवचयोषितम् ३० ।।
True,False,0.07542147293700088,0.005323868677905945,56,51,sivaramasukla1900__08__r2l13.png,"अर्थ ।। बैरी का और उसके मित्रका और अधर्म्मी का, चौर"
True,False,0.06432038834951456,0.007281553398058253,59,38,sivaramasukla1900__08__line_1517329778741_52.png,"का, पराई स्त्रीका कभी सेवन न करे ३० ।।"
True,False,0.03205128205128205,0.0,53,23,sivaramasukla1900__08__r2l16.png,लक्ष्मी को यत्न करना ।।
True,True,0.06471183013144591,0.1102123356926188,63,37,sivaramasukla1900__08__line_1517329811488_54.png,नात्मानमवमन्येत पूर्वाभिरसमृद्धिभिः ।
True,True,0.269485903814262,0.03233830845771144,49,47,sivaramasukla1900__08__r2l23.png,आमृत्योःश्रियमन्विच्छेन्नैनमन्येतदुर्लभम् ३१ ।।
True,False,0.14634146341463414,0.011743450767841012,56,49,sivaramasukla1900__08__r2l24.png,अर्थ ।। उद्यम करनेपर जो धन न मिलै तो मैं मन्दभागी
True,True,0.38260135135135137,0.09206081081081081,51,55,sivaramasukla1900__08__r2l26.png,हूं ऐसा कहकर अपनी निन्दा न करै किन्तु मरने तक लक्ष्मीकी
True,False,0.2445141065830721,0.00522466039707419,53,47,sivaramasukla1900__08__r2l27.png,सिद्धिके लिये यत्न करै उसको दुर्लभ न जानै ३१ ।।
True,False,0.3668639053254438,0.0019723865877712033,49,25,sivaramasukla1900__08__r2l28.png,ब्राह्मणके ताड़नेका फल ।।
True,True,0.5096481271282634,0.04426787741203178,52,32,sivaramasukla1900__08__r2l30.png,अवगूर्यत्वब्दशतं सहस्रमभिहत्यच ।
True,False,0.3645933014354067,0.007655502392344498,52,41,sivaramasukla1900__08__r2l31.png,जिघांसयाब्राह्मणस्य नरकंप्रतिपद्यते ३२ ।।
True,True,0.13503971756398941,0.03177405119152692,56,57,sivaramasukla1900__08__r2l32.png,अर्थ ।। ब्राह्मणके मारने की इच्छासे डण्डेको उठायकै सौवर्ष
True,False,0.2751677852348993,0.016778523489932886,54,52,sivaramasukla1900__08__r2l33.png,तक नरकमें रहताहै और दण्ड आदिसे ताड़ना करके हजार वर्ष
True,False,0.13095238095238096,0.011904761904761904,48,22,sivaramasukla1900__08__line_1517329751716_51.png,तक नरकमें रहताहै ३२ ।।
False,False,0.0,0.0,56,1,sivaramasukla1900__09__line_1517329988349_61.png,९
True,False,0.6156462585034014,0.0,47,15,sivaramasukla1900__09__r1l1.png,शिवरत्नसंग्रह ।
True,False,0.6901709401709402,0.027777777777777776,44,23,sivaramasukla1900__09__r1l3.png,कन्या मूर्खको न देना ।।
True,True,0.36772216547497444,0.06332992849846783,50,39,sivaramasukla1900__09__r1l6.png,काममामरणात्तिष्ठेद्गृहेकन्यर्तुमत्यपि ।
True,True,0.09694793536804308,0.10143626570915619,70,45,sivaramasukla1900__09__line_1517329996324_62.png,नचैवैनांप्रयच्छेत्तु गुणहीनाय कर्हिचित् ३३ ।।
True,True,0.05782918149466192,0.03113879003558719,58,55,sivaramasukla1900__09__line_1517330043713_63.png,अर्थ ।। उत्पन्नहै ऋतुधर्म जिसके ऐसी कन्या मरण पर्य्यन्त
True,True,0.14920368818105617,0.04107292539815591,53,55,sivaramasukla1900__09__line_1517329956849_60.png,पिताके धरमें रहै सो अच्छा परन्तु विद्या और गणों करके र-
True,False,0.49304482225656876,0.021638330757341576,41,28,sivaramasukla1900__09__r1l22.png,हितको पिता आदि न देवैं ३३ ।।
True,True,0.6289978678038379,0.07249466950959488,41,22,sivaramasukla1900__09__r1l24.png,इति मनुस्मृति श्लोक ।।
True,False,0.30997304582210244,0.0,44,17,sivaramasukla1900__09__r1l25.png,अथ नैतिक श्लोक ।।
True,False,0.44056603773584907,0.008490566037735849,51,43,sivaramasukla1900__09__r1l26.png,आज्ञाभंगोनरेन्द्राणां विप्राणांमानखण्डनम् ।
True,True,0.5321969696969697,0.030303030303030304,51,37,sivaramasukla1900__09__r1l29.png,पृथक्शय्याचनारीणामशस्त्रवधउच्यते १ ।।
True,False,0.31670281995661603,0.0032537960954446853,46,43,sivaramasukla1900__09__r1l30.png,दो० । आज्ञाभंग नरेन्द्र की विप्रनको अपमान ।
True,False,0.18077803203661327,0.0011441647597254005,52,40,sivaramasukla1900__09__r1l31.png,भिन्न सेज नारीनकी विना शस्त्रवध जान १ ।।
True,False,0.29789473684210527,0.022105263157894735,56,44,sivaramasukla1900__09__line_1517329932675_59.png,स्त्रीपुत्रेतथामित्रे शिष्यार्तेदूतिकारिपौ ।
True,False,0.35520149953139646,0.013120899718837863,51,39,sivaramasukla1900__09__line_1517329925403_58.png,हरौबन्धुविशेषेच नवगोप्यंप्रकाशयेत् २ ।।
True,False,0.18374558303886926,0.02120141342756184,53,59,sivaramasukla1900__09__r1l38.png,"अर्त्थ ।। इनको यह बातैं बतानी चाहियें, स्त्री को आयु, पुत्र"
True,False,0.09007506255212677,0.025020850708924104,57,56,sivaramasukla1900__09__r1l40.png,"को धन, मित्रको ग्रहछिद्र, शिष्य को मन्त्र, रोगी को औषधि,"
True,True,0.2165551839464883,0.05852842809364549,47,56,sivaramasukla1900__09__r1l41.png,"दूतीसे मैथुन, शत्रुके सामने विभव, महादेव तथा विष्णुके म-"
True,False,0.09435551811288964,0.018534119629317607,54,50,sivaramasukla1900__09__r1l42.png,न्दिरमें दान प्रकाशित करना और अपने भाई से अपमान की
True,False,0.03740157480314961,0.0,50,23,sivaramasukla1900__09__r1l43.png,बातैं प्रकाशत करना २ ।।
True,True,0.38969873663751214,0.03984450923226433,49,41,sivaramasukla1900__09__r1l45.png,एकाकीचिन्तयेन्नित्यं विविक्तेहितमात्मन: ।
True,False,0.2336206896551724,0.004310344827586207,69,39,sivaramasukla1900__09__line_1517329907137_57.png,एकाकीचिन्तमानोहि परंश्रेयोधिगच्छति ३ ।।
True,False,0.12926391382405744,0.0008976660682226212,52,53,sivaramasukla1900__09__line_1517329897654_56.png,अर्थ ।। प्रति दिन अकेला निर्जन में अपने हितकी बात चि-
True,False,0.030115146147032774,0.0,56,50,sivaramasukla1900__09__line_1517329888835_55.png,न्तवन करे अकेले चिन्ता करने से परमलाभ मङ्गलहै ३ ।।
True,False,0.4324853228962818,0.018590998043052837,51,36,sivaramasukla1900__09__r1l57.png,अतिवादांस्तितिक्षेत नावमन्येतकञ्चन ।
True,False,0.0975609756097561,0.0,44,2,sivaramasukla1900__10__r3l1.png,१०
True,False,0.5649122807017544,0.0,47,15,sivaramasukla1900__10__r3l2.png,शिवरत्नसंग्रह ।
True,True,0.2799616490891659,0.030680728667305847,45,42,sivaramasukla1900__10__r3l4.png,नचेमन्देहमाश्रित्य वैरंकुर्वीतकेनचित् ४ ।।
True,False,0.7316857899382171,0.00529567519858782,47,48,sivaramasukla1900__10__r3l5.png,अर्थ ।। कोई कठोर वाणी कहे उसे सहना चाहिये किसीका
True,False,0.6153846153846154,0.006617038875103391,43,48,sivaramasukla1900__10__r3l6.png,अपमान न करना चाहिये यह मानव देह धारण करके किसीके
True,False,0.04582651391162029,0.0,51,26,sivaramasukla1900__10__line_1517330639857_77.png,साथ वैर न करना चाहिये ४ ।।
True,True,0.4569045412418906,0.03429101019462465,45,41,sivaramasukla1900__10__r3l9.png,अतिथिविबुधमैत्रीराजसेवाग्निहोत्रं कृषिपशु
True,False,0.2919768403639371,0.014061207609594707,50,43,sivaramasukla1900__10__r3l10.png,धनविद्याबालभार्य्यादिदास: ।। गृहमृणरिपुरोगी
True,True,0.13415637860082305,0.07325102880658436,67,46,sivaramasukla1900__10__line_1517330631552_76.png,लोकवार्तेन्द्रियाणां प्रतिदिनमिहचिन्त्यं नैववि
True,False,0.5280373831775701,0.014018691588785047,55,15,sivaramasukla1900__10__r3l15.png,स्मारणीयम् ५ ।।
True,False,0.1840753424657534,0.0025684931506849314,57,53,sivaramasukla1900__10__r3l16.png,अर्थ ।। मनुष्यको इतनी बातोंको हमेशा ख्याल रखना चाहिये
True,False,0.09594706368899918,0.008271298593879239,45,47,sivaramasukla1900__10__r3l17.png,अतिथि कभी जो न आयाहो उसका सत्कार करनाचाहिये यथा
True,False,0.07219917012448132,0.013278008298755186,50,53,sivaramasukla1900__10__r3l18.png,"शक्ति पण्डित लोगोंसे मित्रता रखनी चाहिये, तथा राजा की"
True,False,0.03633360858794385,0.01568951279933939,53,51,sivaramasukla1900__10__line_1517330622030_75.png,कचहरी के सब हुक्मों पर ख्याल रखना और अग्निहोत्र रोज
True,True,0.04769874476987448,0.08786610878661087,57,49,sivaramasukla1900__10__line_1517330616404_74.png,"करना चाहिये, खेती तथा रोजगार तथा पशु या धन विद्या"
True,False,0.1196652719665272,0.0066945606694560665,58,55,sivaramasukla1900__10__r3l23.png,"इनको रोज रोज देखै घटते हैं या बढ़ते हैं, लड़कों को अपने"
True,False,0.04431438127090301,0.01839464882943144,54,52,sivaramasukla1900__10__r3l24.png,"सामने रखना चाहिये, और स्त्री को और दासको अपने आज्ञा-"
True,True,0.03753127606338615,0.030025020850708923,58,47,sivaramasukla1900__10__line_1517330606483_73.png,"नुकूल रखना, घरको देखना बना बिगड़ा, और अपना करजा"
True,True,0.039662447257383965,0.0379746835443038,56,55,sivaramasukla1900__10__line_1517330588553_72.png,"देखना घटताहै या बढ़ता, अपने शत्रुवों व रोगको देखना घटते"
False,False,0.017640573318632856,0.015435501653803748,50,52,sivaramasukla1900__10__line_1517330574199_71.png,हैं या बढ़ते हैं तिसका उपाय करना संसारकी बातैं समझना
True,True,0.10942760942760943,0.045454545454545456,50,56,sivaramasukla1900__10__line_1517330545718_69.png,हमारी निन्दा होती है या स्तुति और अपनी इन्द्रियोंको अपने
True,True,0.060075093867334166,0.05506883604505632,56,53,sivaramasukla1900__10__line_1517330525547_68.png,"वंश में रखना, ये बिचार हितके हैं भूलना नहीं, भूलने से"
False,True,0.029055690072639227,0.0387409200968523,53,19,sivaramasukla1900__10__line_1517330520051_67.png,नुकसान होता है ५ ।।
True,True,0.670556552962298,0.05655296229802514,63,49,sivaramasukla1900__10__line_1517330516015_66.png,"वैद्यंपानरतंनटंकुपठितं, स्वाध्यायहीनंद्विजंयुद्धे"
True,False,0.5881863560732113,0.02329450915141431,57,47,sivaramasukla1900__10__line_1517330509391_65.png,"कापुरुषंहयंगतरयं, मूर्खंपरिव्राजकम् । राजानंचकु"
True,False,0.41506276150627613,0.009205020920502092,57,47,sivaramasukla1900__10__line_1517330501467_64.png,मन्त्रिभिःपरिवृतंदेशञ्चसोपद्रवं भार्य्यां यौवनग
True,False,0.43729903536977494,0.0,47,38,sivaramasukla1900__10__r3l88.png,र्वितां पररतां मुञ्चतिशीघ्रंबुधाः ६ ।।
True,False,0.3191489361702128,0.0,52,15,sivaramasukla1900__11__r1l1.png,शिवरत्नसंग्रह ।
True,False,0.42424242424242425,0.0,52,2,sivaramasukla1900__11__r1l2.png,११
True,False,0.6827768014059754,0.014938488576449912,46,56,sivaramasukla1900__11__r1l3.png,"अर्थ ।। पानरत अर्थात् नशेबाज बैद्यको त्यागदेना, नट तमाशा"
True,False,0.7757322175732217,0.015899581589958158,42,53,sivaramasukla1900__11__line_1517330816942_86.png,"करनेवाला पढ़ा न होय तो उसको त्याग करना, बेद पढ़ा नहीं"
True,True,0.06801007556675064,0.04785894206549118,54,57,sivaramasukla1900__11__line_1517330804082_85.png,"होय उस ब्राह्मणको त्यागदेना, नपुंसकसे युद्ध नहींकरना, जिस"
True,False,0.053164556962025315,0.007594936708860759,48,56,sivaramasukla1900__11__r1l11.png,"घोड़े में कदम न होय उसको त्यागदेना, जो संन्यासी मूर्ख हो"
True,False,0.04746044962531224,0.02331390507910075,53,56,sivaramasukla1900__11__r1l12.png,"उसको त्यागदेना, जिसराजाका कुमन्त्री मन्त्रीहो उसको त्याग"
True,False,0.5396825396825397,0.005847953216374269,47,62,sivaramasukla1900__11__line_1517330795504_84.png,"देना, जिस देशमें उपद्रवहों उसे त्यागदेना, जो स्त्री यौवनके जोर"
True,False,0.08890770533446232,0.015241320914479255,58,58,sivaramasukla1900__11__r1l16.png,"से परपुरुषमें रतहो उसकों त्यागदेना, इतने जीवोंका त्यागकरना"
True,False,0.2089041095890411,0.015410958904109588,53,54,sivaramasukla1900__11__r1l17.png,बुद्धिमानोंको उचितहै इनको शीघ्रहीत्याग करनाचाहिये ५ ।।
True,False,0.5148782687105501,0.016230838593327322,54,42,sivaramasukla1900__11__r1l18.png,मूर्खोद्विजातिःस्थविरोगृहस्थःकामीदरिद्रीधन
True,False,0.8476430976430976,0.003367003367003367,63,47,sivaramasukla1900__11__line_1517330779596_83.png,वांस्तपस्वी ।। वेश्याकुरूपानृपतिः कदर्योलोकेषडे
True,False,0.6608084358523726,0.0035149384885764497,52,20,sivaramasukla1900__11__r1l22.png,तानिविडम्बितानि ६ ।।
True,True,0.06483126110124333,0.03907637655417407,52,60,sivaramasukla1900__11__line_1517330769185_82.png,"अर्थ ।। मूर्ख ब्रह्मणहो, ग्रहस्थ बूढ़ा, कामी दरिद्री, तपस्वी"
True,True,0.056666666666666664,0.04666666666666667,49,55,sivaramasukla1900__11__r1l26.png,"धनवान् हो वेश्या कुरूपाहो, राजा बहुत डरताहो इन छःप्रकार"
True,True,0.14,0.037142857142857144,57,32,sivaramasukla1900__11__r1l27.png,के मनुष्य की सदैव हँसी होती है ।
True,True,0.08035714285714286,0.175,62,55,sivaramasukla1900__11__line_1517330757487_81.png,सर्वंनेत्यनृतंब्रूयात्स्वदुष्कीर्तिःश्वसन्मृतः । स्त्री
True,False,0.4671717171717172,0.021885521885521887,60,55,sivaramasukla1900__11__line_1517330738552_80.png,षुनर्मविवाहेषुवृत्त्यर्थेप्राणसंकटे । गोब्राह्मणार्थहिं
True,True,0.3754646840148699,0.06567534076827757,62,33,sivaramasukla1900__11__line_1517330727695_79.png,सायांनानृतंस्याज्जुगुप्सितम् ७ ।।
True,False,0.07582515611061552,0.01784121320249777,56,51,sivaramasukla1900__11__line_1517330708680_78.png,अर्थ ।। इतनी जगह झूंठ बोलने में दोष नहीं है कि जहां
True,False,0.056431535269709544,0.0,50,49,sivaramasukla1900__11__r1l43.png,"अपनी बदनामी होतीहो, और जहां कोई अपनेको मारे डालता"
True,False,0.16240725474031328,0.004122011541632316,52,60,sivaramasukla1900__11__r1l44.png,"हो, स्त्रियोंमें और बिवाहमें और हँसी दिल्लगी में अपनी जीविका"
True,False,0.08633696563285834,0.0,51,54,sivaramasukla1900__11__r1l45.png,के निमित्त तथा प्राणसंकट पड़नेपर और गोब्राह्मण के लिये
True,False,0.05504587155963303,0.013344453711426188,53,52,sivaramasukla1900__11__r1l46.png,और जहां कोई जीवमारा जाताहो इन स्थानों में झूंठ बोलने
True,True,0.0425531914893617,0.030395136778115502,54,28,sivaramasukla1900__11__r1l47.png,से कुछ पाप नहीं होता है ७ ।।
False,True,0.023605150214592276,0.03648068669527897,54,20,sivaramasukla1900__11__r1l48.png,अथ बसंत ऋतु वर्णन ।।
True,False,0.33436853002070394,0.0010351966873706005,56,34,sivaramasukla1900__11__r1l50.png,परिमलमृतोवाताःशाखानवांकुरकोटयः । म
True,False,0.5181818181818182,0.0,102,7,sriramastavarajah1898__00a__r8l3.png,श्रीः ।
True,True,0.40372670807453415,0.1956521739130435,77,15,sriramastavarajah1898__00a__line_1517234000650_174.png,श्रीरामस्तवराजः
True,False,0.4059861857252494,0.0,96,32,sriramastavarajah1898__00a__r8l7.png,प्रातर्निवेदनकारिका-दशावतारस्तो-
True,False,0.03993203058623619,0.020390824129141887,111,28,sriramastavarajah1898__00a__r8l8.png,त्र-चतुःश्लोकीभागवत-शिवद्वा-
True,False,0.19548133595284872,0.0,94,25,sriramastavarajah1898__00a__r8l9.png,दशज्योतिर्लिंगानि-समेतः ।
True,False,0.3415929203539823,0.0,100,12,sriramastavarajah1898__00a__r8l10.png,शास्त्रिजनैः
True,False,0.8216867469879519,0.0,98,8,sriramastavarajah1898__00a__r8l11.png,संशोधितः
True,False,0.03048780487804878,0.0,97,12,sriramastavarajah1898__00a__r8l12.png,प्रथमावृत्तौ
True,False,0.1736842105263158,0.0,88,3,sriramastavarajah1898__00a__r8l14.png,232
False,False,0.0,0.0,94,9,sriramastavarajah1898__00a__r8l15.png,Lucknow :
False,False,0.0,0.0,91,34,sriramastavarajah1898__00a__r8l18.png,PRINTED AT THE NEWUL KISHORE PRESS
True,False,0.03142857142857143,0.0,94,21,sriramastavarajah1898__00a__r8l19.png,नवम्वर सन् १८९८ ई० ।।
True,False,0.56,0.017142857142857144,84,7,sriramastavarajah1898__01__r1l1.png,श्रीः ।
True,False,0.5534188034188035,0.0010683760683760685,90,24,sriramastavarajah1898__01__r1l2.png,श्रीमते रामकृष्णाय नमः ।
True,True,0.38838348495451364,0.044086773967809655,89,28,sriramastavarajah1898__01__r1l3.png,अथ श्रीरामस्तवराजप्रारम्भः ।
True,False,0.4461738002594034,0.020752269779507133,90,36,sriramastavarajah1898__01__r1l4.png,श्रीरङ्गेशाय नमः ।। ॐ अस्य श्रीरामच-
True,False,0.8656934306569343,0.026277372262773723,87,43,sriramastavarajah1898__01__r1l5.png,न्द्रस्तवराजस्तोत्रमन्त्रस्य ।। सनत्कुमारऋ-
True,True,0.17738659444820581,0.037237643872714964,97,42,sriramastavarajah1898__01__r1l6.png,षिः ।। अनुष्टुप्छन्दः ।। श्रीरामो देवता ।।
True,False,0.18791946308724833,0.024161073825503355,99,39,sriramastavarajah1898__01__r1l7.png,सीताबीजम् ।। हनूमान् शक्ति: ।। श्रीराम-
True,False,0.7723418134377038,0.016960208741030658,88,43,sriramastavarajah1898__01__r1l8.png,प्रीत्यर्थे जपे विनियोगः ।। १ ।। सूत उवाच।।
True,False,0.6422535211267606,0.029577464788732393,96,46,sriramastavarajah1898__01__r1l9.png,सर्वशास्त्रार्थतत्वज्ञं व्यासं सत्यवतीसुतम् ।।
True,True,0.0907911802853437,0.05901426718547341,95,45,sriramastavarajah1898__01__r1l10.png,धर्मपुत्रः प्रहृष्टात्मा प्रत्युवाच मुनीश्वर-
True,False,0.03322475570032573,0.026710097719869708,99,38,sriramastavarajah1898__01__r1l11.png,म् ।। २ ।। युधिष्ठिर उवाच ।। भगवन् यो-
True,False,0.14664897146648972,0.0,96,46,sriramastavarajah1898__01__r1l12.png,गिनां श्रेष्ठ सर्वशास्त्रविशारद ।। किं तत्त्वं
True,False,0.15153538050734314,0.018691588785046728,98,46,sriramastavarajah1898__01__r1l13.png,किं परं जाप्यं किं ध्यानं मुक्तिसाधनम् ।। ३ ।।
True,True,0.5783212161269002,0.06939854593522803,92,46,sriramastavarajah1898__01__r1l14.png,श्रोतुमिच्छामि तत्सर्वं ब्रूहि मे मुनिसत्तम ।।
True,False,0.4456094364351245,0.014416775884665793,90,33,sriramastavarajah1898__01__line_1517234057187_175.png,वेदव्यास उवाच ।। धर्म्मराज महाभाग
True,True,0.042666666666666665,0.11733333333333333,130,45,sriramastavarajah1898__01__r1l17.png,शृणु वक्ष्यामि तत्त्वतः ।। ४ ।। यत्परं यद्गु-
True,False,0.38451612903225807,0.005806451612903226,92,37,sriramastavarajah1898__01__r1l18.png,णातीतं यज्ज्योतिरमलं शिवम् ।। तदेव प-
True,False,0.8408037094281299,0.0,91,17,sriramastavarajah1898__02__r2l1.png,श्रीरामस्तवराजः ।
True,True,0.12903225806451613,0.11827956989247312,61,1,sriramastavarajah1898__02__line_1517234138970_176.png,२
True,False,0.6039473684210527,0.0,91,42,sriramastavarajah1898__02__r2l2.png,रमं तत्त्वं कैवल्यपदकारणम् ।। ५ ।। श्रीरा-
True,False,0.44028871391076113,0.006561679790026247,98,46,sriramastavarajah1898__02__line_1517234188131_177.png,मेति परं जाप्यं तारकं ब्रह्मसंज्ञकम् ।। ब्रह्म
True,False,0.40143603133159267,0.0195822454308094,80,39,sriramastavarajah1898__02__r2l7.png,हत्यादिपापघ्नमिति वेदविदो विदुः ।। ६ ।।
True,False,0.4832567301378857,0.011162179908076166,77,40,sriramastavarajah1898__02__r2l10.png,श्रीराम रामेति जना ये जपन्ति च सर्वदा ।।
True,True,0.6660143509458578,0.0365296803652968,77,42,sriramastavarajah1898__02__r2l11.png,तेषां भुक्तिश्च मुक्तिश्च भविष्यति न संशयः
True,True,0.5973770491803279,0.036065573770491806,82,43,sriramastavarajah1898__02__r2l12.png,।। ७ ।। स्तवराजं पुरा प्रोक्तं नारदेन च धी-
True,False,0.6263879817112998,0.024167210973220117,78,44,sriramastavarajah1898__02__r2l13.png,मता ।। तत्सर्वं संप्रवक्ष्यामि हरिध्यानपुरः-
True,False,0.3639921722113503,0.0006523157208088715,90,39,sriramastavarajah1898__02__r2l14.png,सरम् ।। ८ ।। तापत्रयाग्निशमनं सर्वाघौघ-
True,False,0.03398692810457516,0.024183006535947713,95,40,sriramastavarajah1898__02__r2l15.png,निकृन्तनम् ।। दारिद्र्यदुःखशमनं सर्वसंप-
True,False,0.4829142488716957,0.018052869116698903,89,42,sriramastavarajah1898__02__r2l16.png,त्करं शिवम् ।। ९ ।। विज्ञानफलदं दिव्यं मो-
True,False,0.567193675889328,0.0,88,39,sriramastavarajah1898__02__r2l17.png,क्षैकफलसाधनम् ।। नमस्कृत्य प्रवक्ष्यामि
True,False,0.5025873221216042,0.003234152652005175,84,38,sriramastavarajah1898__02__r2l18.png,रामं कृष्णं जगन्मयम्।। १० ।। अयोध्यान-
True,False,0.4442988204456094,0.011795543905635648,85,41,sriramastavarajah1898__02__r2l19.png,गरे रम्ये रत्नमण्डपमध्यमे ।। स्मरेत्कल्प-
True,True,0.550326797385621,0.04967320261437908,94,40,sriramastavarajah1898__02__r2l20.png,तरोर्मूले रत्नसिंहासनं शुभम् ।। ११ ।। त-
True,True,0.25654450261780104,0.061518324607329845,111,45,sriramastavarajah1898__02__r2l21.png,न्मध्येष्टदलं पद्मं नानारत्नैश्च वेष्टितम् ।।
True,False,0.4229486324216144,0.0020013342228152103,98,40,sriramastavarajah1898__02__r2l22.png,स्मरेन्मध्ये दाशरथिं सहस्रादित्यतेजसम् ॥
True,True,0.539651837524178,0.06640876853642812,74,36,sriramastavarajah1898__02__r2l23.png,॥ १२ ॥ पितुरङ्कगतं राममिन्द्रनीलमणि-
True,False,0.5115817339510258,0.02183984116479153,65,43,sriramastavarajah1898__02__r2l24.png,प्रभम् ॥ कोमलांगं विशालाक्षं विद्युद्वर्णा-
True,False,0.6484018264840182,0.0,94,16,sriramastavarajah1898__03__r1l1.png,श्रीरामस्तवराजः।
True,True,0.367816091954023,0.1724137931034483,57,1,sriramastavarajah1898__03__line_1517234294357_178.png,३
True,False,0.06241872561768531,0.022106631989596878,102,39,sriramastavarajah1898__03__r1l2.png,म्बरावृतम्।।१३।।भानुकोटिप्रतीकाशं किरी-
True,True,0.49348869088416725,0.053461274845784786,52,45,sriramastavarajah1898__03__r1l3.png,टेन विराजितम् ।। रत्नग्रैबेयकेयूरं रत्नकुण्ड-
True,False,0.04781144781144781,0.0006734006734006734,106,37,sriramastavarajah1898__03__r1l5.png,लमण्डितम् ।। १४।। रत्नकङ्कणमञ्जीरकटि-
True,True,0.041666666666666664,0.042328042328042326,98,43,sriramastavarajah1898__03__r1l6.png,सूत्रैरलंकृतम् ।। श्रवित्सकौस्तुभोरस्कं मु-
True,False,0.041474654377880185,0.0065832784726793945,96,37,sriramastavarajah1898__03__r1l8.png,क्ताहारोपशोभितम् ।। १५ ।। दिव्यरत्नस-
True,True,0.8131510416666666,0.059244791666666664,90,44,sriramastavarajah1898__03__r1l9.png,मायुक्तं मुद्रिकाभिरलंकृतम् ।। राघवं द्विभु-
True,False,0.6200814111261872,0.026458616010854818,98,39,sriramastavarajah1898__03__r1l11.png,जं बालं राममीषत्स्मिताननम् ।। १६ ।। तु-
True,True,0.9223684210526316,0.04473684210526316,85,41,sriramastavarajah1898__03__r1l12.png,लसीकुन्दमन्दारपुष्पमाल्यैरलंकृतम्।।कर्पू-
True,True,0.8470052083333334,0.047526041666666664,96,39,sriramastavarajah1898__03__r1l13.png,रागुरुकस्तूरीदिव्यगन्धानुलेपनम् ।। १७।।
True,False,0.8490932642487047,0.0051813471502590676,88,38,sriramastavarajah1898__03__r1l14.png,योगशास्त्रेष्वभिरतं योगीशं योगदायकम् ॥
True,False,0.5087837837837837,0.025,93,37,sriramastavarajah1898__03__r1l15.png,सदाभरतसौमित्रिशत्रुघ्नैरुपशोभितम १८।।
True,False,0.8189712758851035,0.013360053440213761,89,42,sriramastavarajah1898__03__r1l16.png,विद्याधरसुराधीशसिद्धगन्धर्वकिन्नरैः ।। यो-
True,False,0.8198019801980198,0.02574257425742574,91,44,sriramastavarajah1898__03__r1l18.png,गीन्द्रैर्नारदाद्यैश्च स्तूयमानमहर्निशम्१९।।
True,False,0.08811475409836066,0.011612021857923498,99,40,sriramastavarajah1898__03__r1l19.png,विश्वामित्रवसिष्ठादिमुनिभिः परिसेवितम् ॥
True,False,0.18441558441558442,0.01948051948051948,99,43,sriramastavarajah1898__03__r1l20.png,सनकादिमुनिश्रेष्ठैर्योगिवृन्दैश्च सेवितम् ॥
True,True,0.7006451612903226,0.04387096774193548,87,37,sriramastavarajah1898__03__r1l22.png,॥२०॥ रामं रघुवरं वीरं धनुर्वेदविशारद-
True,False,0.7066839714471123,0.0006489292667099286,87,36,sriramastavarajah1898__03__r1l23.png,म् ॥ मंगलायतनं देवं रामं राजीवलोचनम्
False,False,0.026845637583892617,0.024161073825503355,97,43,sriramastavarajah1898__03__r1l24.png,॥२१॥ सर्वशास्त्रार्थतत्त्वज्ञमानन्दकरसुन्द-
True,False,0.03076923076923077,0.0,118,17,sriramastavarajah1898__04__r2l1.png,श्रीरामस्तवराजः ।
True,False,0.27419354838709675,0.0,112,1,sriramastavarajah1898__04__r2l2.png,४
True,False,0.040105193951347796,0.021696252465483234,110,39,sriramastavarajah1898__04__r2l3.png,रम् ॥ कौसल्यानन्दनं रामं धनुर्बाणधरं ह-
True,True,0.10484927916120576,0.03604193971166448,111,42,sriramastavarajah1898__04__r2l4.png,रिम् ॥ २२ ॥ एवं संचिन्तयन्विष्णुं यज्ज्यो-
True,True,0.10236220472440945,0.07742782152230972,117,42,sriramastavarajah1898__04__r2l5.png,तिरमलं विभुम् ॥ प्रहृष्टमानसो भूत्वा मुनि-
True,False,0.042706964520367936,0.00788436268068331,110,41,sriramastavarajah1898__04__r2l6.png,वर्य्यः स नारदः ।। २३ ।। सर्वलोकहितार्था-
False,True,0.020394736842105264,0.06973684210526315,124,41,sriramastavarajah1898__04__line_1517234409225_180.png,य तुष्टाव रघुनन्दनम् ।। कृताञ्जलिपुटो भू-
True,False,0.04964539007092199,0.02127659574468085,112,41,sriramastavarajah1898__04__r2l9.png,त्वा चिन्तयन्नद्भुतं हरिम् ।। २४ ।। यदेकं
True,False,0.0776255707762557,0.0,110,41,sriramastavarajah1898__04__r2l10.png,यत्परं नित्यं यदनन्तं चिदात्मकम् ।। यदेकं
True,True,0.040051679586563305,0.06782945736434108,118,41,sriramastavarajah1898__04__r2l11.png,व्यापकं लोके तद्रूपं चिन्तयाम्यहम् ।।२५।।
True,True,0.8425096030729834,0.15749039692701663,65,43,sriramastavarajah1898__04__line_1517234433737_181.png,विज्ञानहेतुं विमलायताक्षं प्रज्ञानरूपं स्व-
True,True,0.49697783747481533,0.03492276695768973,98,41,sriramastavarajah1898__04__r2l14.png,सुखैकहेतुम् ।। श्रीरामचन्द्रं हरिमादिदेवं
True,False,0.041143654114365415,0.009762900976290097,108,39,sriramastavarajah1898__04__r2l16.png,परात्परं राममहं भजामि ।। २६ ।। कविं षु-
True,True,0.12210796915167095,0.043701799485861184,113,38,sriramastavarajah1898__04__line_1517234375478_179.png,राणं पुरुषं पुरस्तात्सनातनं योगिनमीशि-
True,False,0.05592105263157895,0.011842105263157895,108,40,sriramastavarajah1898__04__r2l19.png,तारम्।। अणोरणीयांसमनन्तवीर्यं प्राणेश्व-
False,False,0.025282767797737856,0.005988023952095809,121,36,sriramastavarajah1898__04__r2l20.png,रं राममसौ ददर्श ।। २७ ।। नारदउवाच ।।
True,False,0.07761385503527903,0.0,120,35,sriramastavarajah1898__04__r2l21.png,नारायणं जगन्नाथमभिरामं जगत्पतिम् ।।
True,False,0.07074569789674952,0.021032504780114723,117,38,sriramastavarajah1898__04__r2l22.png,कविं पुराणं वागीशं रामं दशरथात्मजम् ।।
False,False,0.02894736842105263,0.021052631578947368,103,36,sriramastavarajah1898__04__r2l23.png,।। २८ ।। राजराजं रघुवरं कौसल्यानन्दव
True,False,0.10968569595894805,0.024374599101988453,108,43,sriramastavarajah1898__04__r2l24.png,र्धनम् ।। भर्गं वरेण्यं विश्वेशं रघुनाथं ज-
True,False,0.3466666666666667,0.0,90,1,sriramastavarajah1898__05__r2l1.png,५
True,False,0.8240601503759398,0.0,91,17,sriramastavarajah1898__05__r2l2.png,श्रीरामस्तवराजः ।
True,True,0.4888157894736842,0.039473684210526314,97,46,sriramastavarajah1898__05__r2l3.png,गद्गुरुम् ॥ २९ ॥ सत्यं सत्यप्रियं श्रेष्ठं जा-
True,True,0.5811965811965812,0.04076265614727153,91,42,sriramastavarajah1898__05__r2l4.png,नकीवल्लभं विभुम् ।। सौमित्रिपूर्वजं शान्तं
True,True,0.35841313269493846,0.08823529411764706,49,37,sriramastavarajah1898__05__r2l7.png,कामदं कमलेक्षणाम् ।। ३० ।। आदित्यं र-
True,False,0.5281045751633987,0.025490196078431372,94,34,sriramastavarajah1898__05__r2l8.png,विमीशानं घृणिं सूर्यमनामयम् ।। आन-
True,False,0.5166340508806262,0.01304631441617743,86,40,sriramastavarajah1898__05__line_1517234516653_184.png,न्दरूपिणं सोम्यं राघवं करुणामयम्।। ३१ ।।
True,True,0.5063039150630392,0.033178500331785,95,41,sriramastavarajah1898__05__line_1517234506586_183.png,जामदग्न्यं तपोमूर्तिं रामं परशुधारिणम् ।।
True,False,0.4752925877763329,0.007152145643693108,90,41,sriramastavarajah1898__05__r2l14.png,वाक्पतिं वरदं वाच्यं श्रीपतिं पक्षिवाहनम्
True,True,0.28201725282017254,0.0364963503649635,98,41,sriramastavarajah1898__05__r2l15.png,।। ३२ ।। श्रीशार्ङ्गधारिणं रामं चिन्मयान-
True,False,0.49537037037037035,0.02447089947089947,100,40,sriramastavarajah1898__05__r2l16.png,न्दविग्रहम् ।। हलधृग्विष्णुमीशानं बलरामं
True,False,0.412771560236998,0.02304147465437788,99,39,sriramastavarajah1898__05__r2l17.png,कृपानिधिम् ।। ३३ ।। श्रीवल्लभं कृपानाथं
True,True,0.4524128686327078,0.04423592493297587,89,39,sriramastavarajah1898__05__r2l18.png,जगन्मोहनमच्युतम् ।। मत्स्यकूर्मवराहादि-
True,False,0.040549378678875085,0.028122956180510136,105,36,sriramastavarajah1898__05__r2l19.png,रूपधारिणमव्ययम् ।। ३४ ।। वासुदेवं ज-
True,False,0.31836195508586523,0.0033025099075297227,97,38,sriramastavarajah1898__05__r2l20.png,गद्योनिमनादिनिधनं हरिम्।। गोविन्दं गो-
True,False,0.30579613590939375,0.02731512325116589,91,37,sriramastavarajah1898__05__r2l21.png,पतिं विष्णुं गोपीजनमनोहरम्।। ३५ ।। गो
True,False,0.2643524699599466,0.0,97,36,sriramastavarajah1898__05__line_1517234493532_182.png,गोपालपरीवारं गोपकन्यासमावृतम् ।। वि-
True,False,0.3781456953642384,0.027152317880794703,94,44,sriramastavarajah1898__05__r2l24.png,द्युत्पुञ्जप्रतीकाशं रामं कृष्णं जगन्मयम् ।।
True,False,0.335781041388518,0.0267022696929239,96,37,sriramastavarajah1898__05__r2l25.png,।। ३६ ।। गोगोपिकासमाकीर्णं वेणुवादनत-
True,False,0.24456163480553725,0.0,99,37,sriramastavarajah1898__05__r2l26.png,त्परम् ।। कामरूपं कलावन्तं कामिनीकाम-
True,False,0.5068078668683812,0.0,78,16,sriramastavarajah1898__06__r3l1.png,श्रीरामस्तवराजः।
True,True,0.25,0.09782608695652174,54,1,sriramastavarajah1898__06__line_1517234702772_188.png,६
True,True,0.6354883081155434,0.054332874828060526,70,41,sriramastavarajah1898__06__r3l2.png,दं विभुम् ।। ३७ ।। मन्मथं मथुरानाथं माधवं
True,False,0.5546272493573264,0.009640102827763496,71,43,sriramastavarajah1898__06__r3l3.png,मकरध्वजम्।।श्रीधरं श्रीकरं श्रीशं श्रीनिवा-
True,True,0.4869109947643979,0.06086387434554974,78,38,sriramastavarajah1898__06__line_1517234692724_187.png,सं परात्परम् ।। ३८ ।। भूतेशं भूपतिं भ-
True,True,0.5847222222222223,0.09652777777777778,46,43,sriramastavarajah1898__06__r3l11.png,द्रं विभूतिं भूतिभूषणम् ।। सर्वदुःखहरं वीरं
True,True,0.3492597577388964,0.052489905787348586,87,42,sriramastavarajah1898__06__r3l14.png,दुष्टदानववैरिणम् ।। ३९ ।। श्रीनृसिंहं महा-
True,True,0.2734225621414914,0.05162523900573614,68,40,sriramastavarajah1898__06__r3l15.png,बाहुं महान्तं दीप्ततेजसम् ।। चिदानन्दमयं
True,False,0.3273213092852371,0.02404809619238477,67,38,sriramastavarajah1898__06__r3l17.png,नित्यं प्रणवज्योतिरूपिणम् ।।४० ।। आदि-
True,False,0.8701384311140409,0.02043506921555702,77,39,sriramastavarajah1898__06__r3l18.png,त्यमण्डलगतंनिश्चितार्थस्वरूपिणम्।।भक्त-
True,False,0.3285340314136126,0.0,81,46,sriramastavarajah1898__06__r3l20.png,प्रियं पद्मनेत्रं भक्तानामीप्सितप्रदम्।। ४१ ।।
True,True,0.4216393442622951,0.03344262295081967,68,42,sriramastavarajah1898__06__r3l21.png,कौसल्येयं कलामूर्तिं काकुत्स्थं कमलाप्रिय-
True,False,0.47122762148337594,0.028132992327365727,51,38,sriramastavarajah1898__06__r3l24.png,म् ।। सिंहासने समासीनं नित्यव्रतमकल्म-
True,True,0.43669446550416985,0.07354056103108415,42,44,sriramastavarajah1898__06__r3l27.png,षम्।। ४२।।विश्वामित्रप्रियं दान्तं स्वदारनि-
True,False,0.3848150551589877,0.01752109020116807,79,43,sriramastavarajah1898__06__line_1517234649716_186.png,यतव्रतम् ।। यज्ञेशं यज्ञपुरुषं यज्ञपालनतत्प
True,True,0.46959896507115134,0.06080206985769728,49,37,sriramastavarajah1898__06__r3l32.png,रम् ।।४३।।सत्यसंधं जितक्रोधं शरणागतव-
True,False,0.7973509933774835,0.025827814569536423,79,39,sriramastavarajah1898__06__r3l34.png,त्सलम् ।। सर्वक्लेशापहरणं विभीषणवरप्रद-
True,True,0.45066666666666666,0.05,59,41,sriramastavarajah1898__06__r3l39.png,म् ।। ४४ ।। दशग्रीवहरं रौद्रं केशवं केशि-
True,True,0.37982005141388175,0.09961439588688946,48,42,sriramastavarajah1898__06__r3l41.png,मर्दनम् ।। वालिप्रमथनं वीरं सुग्रीवेप्सित-
True,False,0.7096560846560847,0.013227513227513227,86,36,sriramastavarajah1898__06__line_1517234624557_185.png,राज्यदम् ।। ४५ ।। नरवानरदेवैश्चसेवित
True,False,0.36541353383458647,0.0,98,17,sriramastavarajah1898__07__r1l1.png,श्रीरामस्तवराजः ।
True,False,0.2753623188405797,0.0,92,1,sriramastavarajah1898__07__r1l2.png,७
True,True,0.5277591973244147,0.05150501672240803,116,46,sriramastavarajah1898__07__r1l3.png,हनुमत्प्रियम् ॥ शुद्धं सूक्ष्मं परं शान्तं ता-
True,True,0.43905635648754915,0.04062909567496723,94,41,sriramastavarajah1898__07__r1l4.png,रकं ब्रह्मरूपिणम् ।। ४६ ।। सर्वभूतात्मभू-
True,False,0.5397350993377483,0.0026490066225165563,94,37,sriramastavarajah1898__07__r1l5.png,तस्थं सर्वाधारं सनातनम् ।। सर्वकारणक-
True,True,0.468,0.03266666666666666,102,44,sriramastavarajah1898__07__r1l6.png,र्त्तारं निदानं प्रकृतेः परम् ।। ४७ ।। निरा-
True,False,0.6147382029734971,0.001292824822236587,91,38,sriramastavarajah1898__07__r1l7.png,मयं निराभासं निरवद्यं निरञ्जनम् ।। नि-
True,False,0.716251638269987,0.0,97,41,sriramastavarajah1898__07__r1l8.png,त्यानन्दं निराकारमद्वैतं तमसः परम् ।।४८।।
True,False,0.6318572372769332,0.0,97,43,sriramastavarajah1898__07__r1l9.png,परात्परतरं तत्त्वं सत्यानन्दं चिदात्मकम् ।।
True,False,0.5993650793650793,0.014603174603174604,105,36,sriramastavarajah1898__07__r1l10.png,मनसा शिरसा नित्यं प्रणमामि रघूत्तमम्
True,True,0.1468668407310705,0.05939947780678851,112,39,sriramastavarajah1898__07__r1l11.png,।। ४९ ।। सूर्यमण्डलमध्यस्थं रामं सीतास-
True,True,0.05290322580645161,0.04,101,39,sriramastavarajah1898__07__r1l12.png,मन्वितम् ।। नमामि पुण्डरीकाक्षममेयं गु-
True,False,0.5026315789473684,0.029605263157894735,100,36,sriramastavarajah1898__07__r1l13.png,रुतत्परम् ।। ५० ।। नमोस्तु वासुदेवाय
True,False,0.509020618556701,0.028994845360824743,101,38,sriramastavarajah1898__07__line_1517234779029_189.png,ज्योतिषां पतये नमः ।। नमोस्तु रामदेवाय
True,False,0.1106612685560054,0.016194331983805668,107,36,sriramastavarajah1898__07__r1l17.png,जगदानन्दरूपिणे ।। ५१ ।। नमो वेदान्त-
True,False,0.7817460317460317,0.0,95,40,sriramastavarajah1898__07__r1l18.png,निष्ठाय योगिने ब्रह्मवादिने ।। मायामयनि-
True,False,0.5888223552894212,0.025282767797737856,104,40,sriramastavarajah1898__07__r1l19.png,रस्ताय प्रपन्नजनसेविने ।। ५२ ।। वन्दामहे
True,False,0.6754443712969058,0.0,104,34,sriramastavarajah1898__07__r1l20.png,महेशानं चण्डकोदण्डखण्डनम् ।। जानकी
True,False,0.14323962516733602,0.014725568942436412,106,38,sriramastavarajah1898__07__r1l21.png,हृदयानन्दचन्दनं रघुनन्दनम् ।। ५३ ।। उ-
True,False,0.5589203423304806,0.01184990125082291,100,34,sriramastavarajah1898__07__r1l22.png,त्फुल्लामलकोमलोत्पलदलश्यामाय रामाय
True,False,0.5588697017268446,0.0031397174254317113,75,17,sriramastavarajah1898__08__r2l1.png,श्रीरामस्तवराजः ।
True,False,0.7837837837837838,0.0,54,1,sriramastavarajah1898__08__line_1517234900735_192.png,८
True,True,0.3942048517520216,0.04177897574123989,91,36,sriramastavarajah1898__08__r2l3.png,ते कामाय प्रमदामनोहरगुणग्रामाय रामा-
True,False,0.6194805194805195,0.01818181818181818,85,37,sriramastavarajah1898__08__r2l4.png,त्मने ।। योगारूढमुनीन्द्रमानससरोहंसाय
True,True,0.4079136690647482,0.14028776978417265,55,40,sriramastavarajah1898__08__r2l7.png,संसारविध्वंसाय स्फुरदोजसे रघुकुलोत्तंसा-
True,False,0.3993265993265993,0.020202020202020204,77,38,sriramastavarajah1898__08__r2l9.png,य पुंसे नमः ।। ५४ ।। भवोद्भवं वेदविदां
True,True,0.5451527224435591,0.11885790172642763,50,42,sriramastavarajah1898__08__r2l11.png,वरिष्ठमादित्यचन्द्रानलसुप्रभावम् ।। सर्वा-
True,False,0.27610966057441255,0.0,89,38,sriramastavarajah1898__08__r2l12.png,त्मकं सर्वगतस्वरूपं नमामि रामं तमसः प-
True,False,0.4519736842105263,0.025,54,41,sriramastavarajah1898__08__r2l14.png,रस्तात् ।। ५५ ।। निरञ्जनं निष्प्रतिमं नि-
True,False,0.592944369063772,0.013568521031207599,87,41,sriramastavarajah1898__08__line_1517234877053_191.png,रीहं निराश्रयं निष्कलमप्रपञ्चम् ।। नित्यं
True,False,0.6520026263952725,0.028233749179251477,75,43,sriramastavarajah1898__08__r2l17.png,ध्रुवं निर्विषयस्वरूपं निरन्तरं राममहं भजा-
True,False,0.4950884086444008,0.007858546168958742,80,36,sriramastavarajah1898__08__r2l18.png,मि ।। ५६ ।। भवाब्धिपोतं भरताग्रजं तं
True,True,0.32323897300855825,0.07504937458854509,63,41,sriramastavarajah1898__08__line_1517234864920_190.png,भक्लप्रियं भानुकुलप्रदीपम् ।। भूतत्रिनाथं
True,False,0.6586632057105776,0.0227125243348475,71,39,sriramastavarajah1898__08__r2l23.png,भुवनाधिपत्यं भजामि रामं भवरोगवैद्यम् ।।
True,False,0.6728016359918201,0.0013633265167007499,83,38,sriramastavarajah1898__08__r2l24.png,।। ५७ ।। सर्वाधिपत्यं समरे गभीरं सत्यं
True,True,0.42670157068062825,0.031413612565445025,69,36,sriramastavarajah1898__08__r2l25.png,चिदानन्दमयस्वरूपम् ।। सत्यं शिवं शा-
True,False,0.7621696801112656,0.019471488178025034,72,34,sriramastavarajah1898__08__r2l26.png,न्तिमयं शरण्यं सनातनं राममहं भजामि
True,False,0.7173629242819843,0.015665796344647518,81,41,sriramastavarajah1898__08__r2l27.png,।। ५८ ।। कार्यक्रियाकारणमप्रमेयं कविं पु-
True,False,0.7830065359477124,0.0196078431372549,80,39,sriramastavarajah1898__08__r2l28.png,राणं कमलायताक्षम् ।। कुमारवैद्यं करुणा-
True,False,0.6064388961892248,0.028252299605781867,76,39,sriramastavarajah1898__08__r2l30.png,मयं तं कल्पद्रुमं राममहं भजामि ।। ५९ ।।
True,False,0.05692307692307692,0.0,101,17,sriramastavarajah1898__09__r2l1.png,श्रीरामस्तवराजः ।
True,False,0.2602739726027397,0.0,58,1,sriramastavarajah1898__09__line_1517235102267_194.png,९
True,True,0.13065976714100905,0.08990944372574386,115,45,sriramastavarajah1898__09__r2l2.png,त्रैलोक्यनाथं सरसीरुहाक्षं दयानिधिं द्वन्द्व-
True,True,0.09108653220559532,0.04229017566688354,104,40,sriramastavarajah1898__09__line_1517235003818_193.png,विनाशहेतुम् ।। महाबलं वेदनिधिं सुरेशं स-
True,False,0.03949967083607637,0.007241606319947334,103,35,sriramastavarajah1898__09__r2l5.png,नातनं राममहं भजामि ।। ६० ।। वेदान्त
True,False,0.3125,0.0,93,37,sriramastavarajah1898__09__r2l6.png,वेद्यं कविमीशितारमनादिमध्यान्तमचिन्य-
True,False,0.16955266955266957,0.0,99,37,sriramastavarajah1898__09__r2l7.png,माद्यम् ।। अगोचरं निर्मलमेकरूपं नमामि
False,False,0.01507208387942333,0.002621231979030144,111,37,sriramastavarajah1898__09__r2l9.png,रामं तमसः परस्तात् ।। ६१ ।। अशेषवेदा-
True,False,0.07924034053700066,0.02619515389652914,112,39,sriramastavarajah1898__09__r2l10.png,त्मकमादिसंज्ञमजं हरिं विष्णुमनन्तमाद्य-
True,True,0.5426251691474966,0.061569688768606225,43,39,sriramastavarajah1898__09__r2l13.png,म् ।। अपारसंवित्सुखमेकरूपं परात्परं रा-
True,False,0.05138607167004733,0.028397565922920892,105,40,sriramastavarajah1898__09__r2l14.png,ममहं भजामि ।। ६२ ।। तत्त्वस्वरूपं पुरुषं
True,False,0.06994818652849741,0.021373056994818652,112,39,sriramastavarajah1898__09__r2l15.png,पुराणं स्वतेजसा पूरितविश्वमेकम्।। राजा-
True,False,0.16279069767441862,0.0,107,39,sriramastavarajah1898__09__r2l16.png,धिराजं रविमण्डलस्थं विश्वेश्वरंराममहंभ-
True,True,0.18620227729403885,0.03549899531145345,105,38,sriramastavarajah1898__09__r2l17.png,जामि ।। ६३।।लोकाभिरामं रघुवंशनाथं हरिं
True,True,0.12747688243064728,0.0488771466314399,99,38,sriramastavarajah1898__09__r2l18.png,चिदानन्दमयं मुकुन्दम् ।। अशेषविद्याधिप
True,True,0.1525312294543064,0.07955292570677186,117,41,sriramastavarajah1898__09__r2l19.png,तिं कवीन्द्रं नमामि रामं तमसः परस्तात् ।।
True,False,0.8109919571045576,0.0160857908847185,91,42,sriramastavarajah1898__09__r2l20.png,।।६४।। योगीन्द्रसंघैश्चसुसेव्यमानं नारायणं
True,False,0.16502301117685733,0.0026298487836949377,105,39,sriramastavarajah1898__09__r2l21.png,निर्मलमादिदेवम् ।। नतोस्मि नित्यं जगदेक
True,True,0.5126162018592297,0.06374501992031872,105,38,sriramastavarajah1898__09__r2l22.png,नाथमादित्यवर्णं तमसः परस्तात् ।। ६५ ।।
True,True,0.6227897838899804,0.03339882121807466,92,42,sriramastavarajah1898__09__r2l23.png,विभूतिदं विश्वसृजं विराजं राजेन्द्रमीशं र-
False,False,0.0,0.0,89,2,sriramastavarajah1898__10__r2l1.png,१०
True,False,0.5614334470989761,0.0,91,17,sriramastavarajah1898__10__r2l2.png,श्रीरामस्तवराजः ।
True,True,0.39709944751381215,0.031767955801104975,92,40,sriramastavarajah1898__10__r2l3.png,घुवंशनाथम् ।।अचिन्त्यमव्यक्तमनन्तमूर्तिं
True,False,0.054071661237785014,0.012377850162866449,101,38,sriramastavarajah1898__10__line_1517235189785_198.png,ज्योतिर्मयं राममहं भजामि ।। ६६ ।। अशे-
True,True,0.07278688524590164,0.0380327868852459,103,36,sriramastavarajah1898__10__r2l6.png,षसंसारविकारहीनमादित्यगं पूर्णसुखाभि-
True,True,0.6577922077922078,0.14675324675324675,62,38,sriramastavarajah1898__10__line_1517235210213_200.png,रामम् ।। समस्तसाक्षिं तमसः परस्तान्ना-
True,True,0.0804054054054054,0.05405405405405406,97,36,sriramastavarajah1898__10__r2l12.png,रायणं विष्णुमहं भजामि ।। ६७ ।। मुनी-
True,True,0.2526455026455027,0.04894179894179894,93,42,sriramastavarajah1898__10__r2l13.png,न्द्रगुह्यं परिपूर्णकामं कलानिधिं कल्मषना-
True,False,0.4238653001464129,0.027086383601756955,98,41,sriramastavarajah1898__10__r2l14.png,शहेतुम् ।। परात्परं यत्परमं पवित्रं नमामि
False,False,0.02130406714009038,0.024531956100710135,101,43,sriramastavarajah1898__10__r2l15.png,रामं महतो महान्तम् ।। ६८ ।। ब्रह्मा विष्णु-
True,False,0.031746031746031744,0.0013227513227513227,102,42,sriramastavarajah1898__10__line_1517235163952_197.png,श्च रुद्रश्च देवेन्द्रो देवतास्तथा ।। आदि-
False,False,0.024119947848761408,0.02151238591916558,108,41,sriramastavarajah1898__10__line_1517235154334_196.png,त्यादिग्रहाश्चैव त्वमेव रघुनन्दन ।। ६९ ।।
True,False,0.6424657534246575,0.0,91,35,sriramastavarajah1898__10__r2l21.png,तापसा ऋषयःसिद्धाः सध्याश्च मरुतस्त-
False,False,0.02612671456564337,0.020248203788373612,103,39,sriramastavarajah1898__10__r2l22.png,था ।। विप्रा वेदास्तथा यज्ञाः पुराणं ध-
True,False,0.35092529129540784,0.011651816312542838,94,41,sriramastavarajah1898__10__r2l23.png,र्मसंहिताः ।। ७० ।। वर्णाश्रमास्तथा धर्मा
True,False,0.03820816864295125,0.0,98,42,sriramastavarajah1898__10__r2l24.png,वर्णधर्मास्तथैवच ।। यक्षराक्षसगन्धर्वा दि-
True,True,0.75,0.12370466321243523,65,35,sriramastavarajah1898__10__line_1517235204057_199.png,क्पाला दिग्गजादिभिः ।। ७१ ।। सनकादि
True,True,0.10894941634241245,0.04669260700389105,105,46,sriramastavarajah1898__10__line_1517235138248_195.png,मुनिश्रेष्ठास्त्वमेव रघुपुंगव ।। वसवोष्टौ त्र-
False,False,0.0013080444735120995,0.009156311314584695,104,37,sriramastavarajah1898__10__r2l29.png,यः काला रुद्रा एकादश स्मृताः ।। ७२ ।।
True,True,0.037395228884590584,0.0425531914893617,101,37,sriramastavarajah1898__10__r2l30.png,तारका दश चैवाशास्त्वमेव रघुनन्दन।। स-
True,False,0.39285714285714285,0.0,104,17,sriramastavarajah1898__11__r1l1.png,श्रीरामस्तवराजः ।
True,False,0.6328125,0.0,97,2,sriramastavarajah1898__11__r1l2.png,११
True,False,0.45602901178603805,0.028105167724388033,109,44,sriramastavarajah1898__11__r1l3.png,प्तद्वीपाः समुद्रश्च नगा नद्यस्तथा द्रुमाः ।
True,True,0.3944223107569721,0.08034528552456839,106,40,sriramastavarajah1898__11__r1l5.png,।। ७३ ।। स्थावरा जङ्गमाश्चैव त्वमेव रघु-
True,True,0.41217150760719223,0.03319502074688797,103,40,sriramastavarajah1898__11__r1l7.png,नायक ।। देवतिर्यङ्मनुष्याणां दानवानां त-
True,True,0.038834951456310676,0.04854368932038835,125,34,sriramastavarajah1898__11__r1l8.png,थैवच ।। ७४ ।। माता पिता तथा भ्राता
True,True,0.11044973544973545,0.0667989417989418,120,48,sriramastavarajah1898__11__r1l9.png,त्वमेव रघुवल्लभ ।। सर्वेषां त्वं परं ब्रह्म त्व-
True,False,0.06478511866581142,0.015394483643361129,125,45,sriramastavarajah1898__11__r1l10.png,न्मयं सर्वमेव हि ।। ७५ ।। त्वमक्षरं परं ज्यो-
True,True,0.08046722907203115,0.07008436080467229,127,44,sriramastavarajah1898__11__r1l11.png,तिस्त्वमेव पुरुषोत्तम ।। त्वमेव तारकं ब्रह्म
True,False,0.26160053799596505,0.012777404169468728,107,43,sriramastavarajah1898__11__r1l12.png,त्वत्तोन्यन्नैव किंचन ।। ७६ ।। शान्तं सर्व-
True,True,0.46765847347994827,0.06403622250970246,60,41,sriramastavarajah1898__11__r1l13.png,गतं सूक्ष्मं परं ब्रह्म सनातनम् ।। राजीव-
True,False,0.2138200782268579,0.002607561929595828,112,36,sriramastavarajah1898__11__r1l15.png,लोचनं रामं प्रणमामि जगत्पतिम् ।।७७।।
True,False,0.0501628664495114,0.018241042345276872,117,41,sriramastavarajah1898__11__r1l16.png,व्यास उवाच ।। ततः प्रसन्नः श्रीरामः प्रो-
True,True,0.15918097754293262,0.0785997357992074,113,42,sriramastavarajah1898__11__r1l17.png,वाच मुनिपुङ्गवम् ।। तुष्टोस्मि मुनिशार्दूल
False,False,0.01798330122029544,0.023763648041104687,116,37,sriramastavarajah1898__11__r1l18.png,वृणीष्व वरमुत्तमम् ।। ७८ ।। नारद उवा-
True,True,0.07040417209908735,0.056714471968709254,110,40,sriramastavarajah1898__11__r1l19.png,च ।। यदि तुष्टोसि सर्वज्ञ श्रीराम करुणा-
True,True,0.14369693011103854,0.035924232527759635,124,45,sriramastavarajah1898__11__r1l20.png,निधे ।। त्वन्मूर्तिदर्शनेनैव कृतार्थोऽहं च स-
True,True,0.30804150453955903,0.05966277561608301,113,46,sriramastavarajah1898__11__r1l21.png,र्वदा।।७९।। धन्योहंकृतकृत्योहं पुण्योहं पुरुषो
True,False,0.27512886597938147,0.02190721649484536,107,33,sriramastavarajah1898__11__r1l22.png,त्तम ।।अद्यमेसफलंजन्म जीवितंसफलंच
True,False,0.07797270955165692,0.0,114,41,sriramastavarajah1898__11__r1l23.png,मे ।। ८० ।। अद्यमे सफलं ज्ञानमद्य मे सफलं
True,False,0.30513595166163143,0.0015105740181268882,103,17,sriramastavarajah1898__12__r2l1.png,श्रीरामस्तवराजः ।
False,False,0.0,0.0,117,2,sriramastavarajah1898__12__r2l2.png,१२
True,False,0.07176079734219269,0.027906976744186046,116,39,sriramastavarajah1898__12__r2l3.png,तपः ।। अद्य मे सफलं जन्म त्वत्पदाम्भोज-
True,True,0.06045751633986928,0.03676470588235294,128,41,sriramastavarajah1898__12__r2l4.png,दर्शनात् ।। ८१ ।। अद्य मे सफलं सर्वं त्व-
True,False,0.4869109947643979,0.014397905759162303,102,45,sriramastavarajah1898__12__r2l6.png,न्नामस्मरणं तथा ।। त्वत्पादाम्भोरुहद्वन्द्वस-
True,False,0.05706702057067021,0.021234240212342402,131,38,sriramastavarajah1898__12__line_1517235401215_202.png,द्भक्तिं देहि राघव ।। ८२ ।। ततः परमसं-
True,True,0.07020997375328084,0.06758530183727034,117,40,sriramastavarajah1898__12__r2l9.png,प्रीतो रामः प्राह स नारदम् ।। श्रीराम उ-
True,True,0.3424479166666667,0.0390625,106,41,sriramastavarajah1898__12__r2l10.png,वाच ।। मुनिवर्य महाभाग मुने त्विष्टं ददा-
True,False,0.20185307743216413,0.010589013898080741,109,43,sriramastavarajah1898__12__r2l11.png,मि ते ।। तत्त्वया चेप्सितं सर्वं मनसा तद्भ-
True,False,0.16265452179570591,0.026024723487312947,110,35,sriramastavarajah1898__12__r2l12.png,विष्यति ।। ८३ ।। नारद उवाच ।। वरं न
True,True,0.039278815196394076,0.0463618802318094,111,38,sriramastavarajah1898__12__r2l13.png,याचे रघुनाथ युष्मत्पदाब्जभक्तिःसततं म-
True,True,0.07737321196358908,0.04096228868660598,120,45,sriramastavarajah1898__12__r2l14.png,मास्तु ।। इदं प्रियं नाथ वरं प्रयाचे पुनः पु-
True,False,0.05859375,0.02734375,114,38,sriramastavarajah1898__12__r2l15.png,नस्त्वामिदमेव याचे ।। ८४ ।। व्यास उवा-
True,False,0.08840864440078586,0.02619515389652914,115,41,sriramastavarajah1898__12__r2l16.png,च ।। इत्येवमीडितो रामः प्रादात्तस्मै वरा-
True,False,0.053465346534653464,0.007920792079207921,113,37,sriramastavarajah1898__12__r2l17.png,न्तरम् ।। विरराम महातेजाः सच्चिदानन्द
True,False,0.048046124279308135,0.017937219730941704,118,43,sriramastavarajah1898__12__r2l18.png,विग्रहः ।। ८५ ।। अद्वैतममलंज्ञानं त्वन्नाम-
True,False,0.08392511297611362,0.011620400258231117,108,37,sriramastavarajah1898__12__r2l19.png,स्मरणं तथा ।। अन्तर्धाय जगन्नाथः पुर-
True,True,0.03145478374836173,0.06028833551769332,118,37,sriramastavarajah1898__12__r2l21.png,तस्तस्य राघवः ।। ८६ ।। इति श्रीरघुना-
False,True,0.016191709844559584,0.038860103626943004,112,38,sriramastavarajah1898__12__line_1517235384168_201.png,थस्य स्तवराजमनुत्तमम् ।।सर्वसौभाग्यसं-
True,False,0.07763157894736843,0.017763157894736842,123,39,sriramastavarajah1898__12__r2l24.png,पत्तिदायकं मुक्तिदं शुभम् ।। ८७ ।। कथि-
False,False,0.020338983050847456,0.0,101,16,sriramastavarajah1898__13__r1l1.png,श्रीरामस्तवराजः।
True,False,0.6578947368421053,0.0,95,2,sriramastavarajah1898__13__r1l2.png,१३
True,True,0.2256548018804567,0.07790463398253862,125,50,sriramastavarajah1898__13__r1l3.png,तं ब्रह्मपुत्रेण वेदानां सारमुत्तमम् ।। गुह्याद्गु
True,False,0.7105263157894737,0.0,97,44,sriramastavarajah1898__13__r1l4.png,ह्यतमंदिव्यं तवस्नेहात्प्रकीर्तितम् ।। ८८ ।।
True,False,0.05970149253731343,0.01946787800129786,110,45,sriramastavarajah1898__13__r1l5.png,यः पठेच्छणुयाद्वापि त्रिसन्ध्यं श्रद्धयान्वि-
True,False,0.050066755674232306,0.021361815754339118,99,40,sriramastavarajah1898__13__r1l6.png,तः ।। ब्रह्महत्यादिपापानि तत्समानि बहूनि
True,True,0.22041612483745124,0.04681404421326398,91,40,sriramastavarajah1898__13__r1l7.png,च ।। ८९ ।। स्वर्णस्तेयसुरापानगुरुतल्पयु-
True,False,0.04384133611691023,0.022268615170494086,103,38,sriramastavarajah1898__13__r1l8.png,तानि च ।। गोवधाद्युपपापानि ह्यनृतादिभ-
True,False,0.0367504835589942,0.018052869116698903,100,42,sriramastavarajah1898__13__r1l11.png,वानि च ।। ९० ।। सर्वैः प्रमुच्यते पापैः क-
True,False,0.04412719013627515,0.024010382868267358,108,40,sriramastavarajah1898__13__r1l12.png,ल्पायुतशतोद्भवैः ।। मानसं वाचिकं पापं क-
True,False,0.040671400903808906,0.015493867010974823,105,42,sriramastavarajah1898__13__r1l13.png,र्मणा समुपार्जितम् ।। ९१ ।। श्रीरामस्मरणे-
False,False,0.02894736842105263,0.024342105263157894,103,44,sriramastavarajah1898__13__r1l14.png,नैव तत्क्षणान्नश्यति ध्रुवम् ।। इदं सत्यमिदं
False,False,0.02572347266881029,0.021864951768488745,96,39,sriramastavarajah1898__13__r1l15.png,सत्यं सत्यमेतदिहोच्यते ।। ९२ ।। रामः स-
True,False,0.07421875,0.0,110,47,sriramastavarajah1898__13__r1l16.png,त्यं परं ब्रह्म रामात्किंचिन्नविद्यते ।। तस्मा-
True,False,0.055299539170506916,0.017116524028966424,108,40,sriramastavarajah1898__13__r1l17.png,द्रामस्वत्वरूपात् सत्यं सत्यमिदं जगत् ।।
False,True,0.018122977346278317,0.04983818770226537,100,43,sriramastavarajah1898__13__r1l18.png,।। ९३ ।। श्रीरामचन्द्र रघुपुंगव राजवर्य रा-
False,False,0.025607353906762966,0.014445173998686802,103,36,sriramastavarajah1898__13__line_1517235486472_203.png,जेन्द्र रामरघुनायक राघवेश ।। राजाधि-
True,True,0.12146529562982006,0.030848329048843187,96,35,sriramastavarajah1898__13__r1l21.png,राज रघुनन्दन रामभद्र दासोहमद्य भवतः
True,True,0.06978233034571063,0.03137003841229193,104,36,sriramastavarajah1898__13__r1l22.png,शरणागतोऽस्मि ।। ९४ ।। वैदेहीसहितं स-
False,True,0.026282051282051282,0.05,95,40,sriramastavarajah1898__13__r1l23.png,रद्रुमतले हैमे महामण्डपे मध्ये पुष्पकमा-
False,False,0.02457757296466974,0.0,105,17,sriramastavarajah1898__14__r3l1.png,श्रीरामस्तवराजः ।
True,False,0.3484848484848485,0.0,89,2,sriramastavarajah1898__14__r3l2.png,१४
True,False,0.09631544925662573,0.0019392372333548805,108,37,sriramastavarajah1898__14__r3l3.png,सने भणिमये वीरासने संस्थितम् ।। अग्रे
True,True,0.119140625,0.032552083333333336,107,43,sriramastavarajah1898__14__r3l4.png,वाचयति प्रभज्जनसुते तत्त्वं मुनीन्द्रैः परं
True,False,0.0799475753604194,0.0,103,37,sriramastavarajah1898__14__r3l5.png,व्याख्यातं भरतादिभिः परिवृतं रामं भजे
True,False,0.3136212624584718,0.019269102990033222,96,38,sriramastavarajah1898__14__r3l7.png,श्यामलम् ।। ९५ ।। रामं रत्नकिरीटकुण्ड-
True,True,0.6498002663115846,0.08322237017310254,45,38,sriramastavarajah1898__14__r3l8.png,लयुतं केयूरहारान्वितं सीतालंकृतवामभाग-
True,True,0.06680026720106881,0.12625250501002003,115,39,sriramastavarajah1898__14__r3l10.png,ममलं सिंहासनस्थं विभुम् ।। सुग्रीवादिह-
True,False,0.1061305207646671,0.025049439683586024,98,40,sriramastavarajah1898__14__r3l11.png,रीश्वरैःसुरगणैः संसेव्यमानंसदा विश्वामि-
True,True,0.11003236245954692,0.10161812297734628,115,41,sriramastavarajah1898__14__line_1517235589829_204.png,त्रपराशरादिमुनिभिः संस्तूयमानं प्रभुम् ।।
True,True,0.564453125,0.040364583333333336,94,38,sriramastavarajah1898__14__r3l16.png,।। ९६ ।। सकलगुणनिधानं योगिभिः स्तूयमा-
True,True,0.8468025298664793,0.03724525650035137,103,39,sriramastavarajah1898__14__r3l17.png,नं भुजविजितसमानं राक्षसेन्द्रादिमानम्।।
True,False,0.9140779907468606,0.0,94,35,sriramastavarajah1898__14__r3l18.png,अहितनृपभयानं सीतया शोभमानं स्मृतहृ-
True,True,0.6653517422748192,0.057856673241288625,102,39,sriramastavarajah1898__14__r3l19.png,दयविमानं ब्रह्मरामाभिधानम् ।। ९७।। रघु-
True,False,0.7486979166666666,0.026692708333333332,102,39,sriramastavarajah1898__14__r3l20.png,वर तव मूर्तिर्मामके मानसाब्जे नरकगतिहरं
True,True,0.7575554063129617,0.039623908663532575,97,37,sriramastavarajah1898__14__r3l21.png,ते नामधेयं मुखे मे ।। अनिशमतुलभक्त्या
True,False,0.2731707317073171,0.0,97,38,sriramastavarajah1898__14__r3l22.png,मस्तकं त्वत्पदाब्जे भवजलनिधिमग्नं रक्ष
True,False,0.7471029311520109,0.0054533060668029995,93,45,sriramastavarajah1898__14__r3l23.png,मामार्तबन्धो ।। ९८ ।। रामरत्नमहं वन्दे चित्र-
True,True,0.5749039692701664,0.040973111395646605,94,39,sriramastavarajah1898__14__r3l24.png,कूटपतिंहरिम् ।। कौसल्याभक्तिसंभूतं जान-
True,True,0.1004566210045662,0.04892367906066536,100,37,sriramastavarajah1898__14__r3l25.png,कीकण्ठभूषणम् ।। ९९ ।। इति श्रीसनत्कु-
True,False,0.38636363636363635,0.022727272727272728,40,2,sriramastavarajah1898__15__r2l1.png,१५
False,False,0.017027863777089782,0.0,105,17,sriramastavarajah1898__15__r2l2.png,श्रीरामस्तवराजः ।
False,False,0.018637532133676093,0.0,101,41,sriramastavarajah1898__15__line_1517235739314_207.png,मारसंहितायां नारदोक्तश्रीरामचन्द्रस्तवरा-
True,False,0.18127090301003346,0.02274247491638796,97,47,sriramastavarajah1898__15__r2l7.png,जस्तोत्रं सम्पूर्णम् ।। श्रीसीतारामाभ्यांनमः ।।
True,False,0.6319758672699849,0.006033182503770739,108,25,sriramastavarajah1898__15__r2l8.png,अथ प्रातर्निवेदनकारिकाः ।
True,True,0.06408450704225352,0.030985915492957747,110,36,sriramastavarajah1898__15__r2l9.png,श्रीमते रामानुजाय नमः ।। ।। श्रीगणे-
True,False,0.10087424344317418,0.005379959650302623,97,36,sriramastavarajah1898__15__r2l10.png,शाय नमः ।। ।। उत्थाय शयने तस्मिन्ना-
True,False,0.10382513661202186,0.00078064012490242,116,42,sriramastavarajah1898__15__r2l12.png,सीनो नियतेन्द्रियः ।। त्रस्तनिर्विण्णहृदयो
True,False,0.04238921001926782,0.006422607578676943,105,41,sriramastavarajah1898__15__r2l13.png,व्यर्थं वीक्ष्य गतं वयः ।। १ ।। तापत्रयेण
True,False,0.0391644908616188,0.0,106,41,sriramastavarajah1898__15__r2l14.png,चाक्रगन्तस्तीव्रेणाध्यात्मिकादिना ।। दाव-
True,False,0.05204216073781291,0.017127799736495388,112,42,sriramastavarajah1898__15__r2l15.png,जेनाग्निनालीढो भ्राम्यन्निववनेमृगः ।। २ ।।
True,True,0.11422845691382766,0.049432197728790914,96,38,sriramastavarajah1898__15__r2l16.png,संसारवागुरान्तस्थो लूनपक्ष इवाण्डजः ।।
True,False,0.041364296081277216,0.01088534107402032,98,38,sriramastavarajah1898__15__r2l17.png,अपश्यन्निर्गमोपायमागामिष्वपि जन्मसु ।।
True,False,0.1302549965541006,0.025499655410062026,100,43,sriramastavarajah1898__15__r2l18.png,।। ३ ।। अकार्यैरतिबीभत्सैः क्रियमाणैः कृतै-
True,False,0.06330749354005168,0.003875968992248062,100,38,sriramastavarajah1898__15__r2l19.png,रपि ।। लज्जितश्च विषण्णश्च स्मर्यमाणैः
True,False,0.06282722513089005,0.005235602094240838,104,38,sriramastavarajah1898__15__r2l20.png,स्वकर्मभिः ।। ४ ।। अविनीतमशिक्षार्हमस-
False,False,0.022895622895622896,0.0,112,37,sriramastavarajah1898__15__line_1517235718590_206.png,द्रुणगणाकरम्।। अवधार्य स्वमात्मानमचि-
False,True,0.011315417256011316,0.03536067892503536,110,40,sriramastavarajah1898__15__line_1517235710683_205.png,कित्स्याशुभाश्रयम् ।। ५ ।। दह्यमानेन्धना
True,True,0.11290322580645161,0.04252199413489736,107,38,sriramastavarajah1898__15__r2l25.png,न्तस्थो विस्फुरन्निव कीटकः ।। अलब्धनि-
True,False,0.0910209102091021,0.0,109,22,sriramastavarajah1898__16__r2l1.png,प्रातर्निवेदनकारिकाः ।
True,False,0.5555555555555556,0.0,97,2,sriramastavarajah1898__16__r2l2.png,१६
True,True,0.06562703053931124,0.08966861598440545,127,44,sriramastavarajah1898__16__r2l3.png,र्गमस्तिष्ठन्मध्ये मरणजन्मनोः ।। ६ ।। विह्व-
True,True,0.0567741935483871,0.09290322580645162,119,40,sriramastavarajah1898__16__r2l4.png,लश्च विषण्णश्च विमृशन्स्वामिमां दशाम् ।।
True,True,0.04144736842105263,0.09144736842105264,120,44,sriramastavarajah1898__16__r2l5.png,चिन्तयेत्प्रथमं चैवमाचरन्प्रियमात्मनः।। ७ ।।
True,True,0.06754098360655737,0.03540983606557377,115,39,sriramastavarajah1898__16__r2l6.png,संसारचक्रमारोप्य बलिभिः कर्मरज्जुभिः ।।
False,True,0.007746933505487412,0.03808908973531311,114,38,sriramastavarajah1898__16__r2l7.png,कालेनाकृष्यमाणस्य जङ्गमस्थावरात्मनः ।।
True,False,0.1313065976714101,0.0,102,35,sriramastavarajah1898__16__r2l8.png,।। ८ ।। अहो मे महती याता निष्कला ज-
True,False,0.09667093469910372,0.0,109,37,sriramastavarajah1898__16__r2l9.png,न्मसंततिः ।। अनाराधितगोविन्दचरणाम्भो-
True,False,0.4290281329923274,0.0,99,41,sriramastavarajah1898__16__r2l11.png,रुहद्वया ।। ९ ।। अनास्वादितसत्कर्मज्ञानभ-
True,False,0.6298487836949376,0.01972386587771203,52,40,sriramastavarajah1898__16__r2l12.png,क्तिसुधारसा।। अदृष्टानन्तसंसारसागरोत्ता-
True,True,0.05946291560102302,0.04092071611253197,105,39,sriramastavarajah1898__16__r2l14.png,रणप्लवा ।। १० ।। श्रुतिस्मृत्युदिताशेष-
True,True,0.030183727034120734,0.05446194225721785,121,36,sriramastavarajah1898__16__line_1517235861600_208.png,सदाचारपराङ्मुखी ।। त्यक्तवर्णसमाचारा
True,False,0.06657963446475196,0.022845953002610966,112,40,sriramastavarajah1898__16__r2l17.png,भ्रष्टा वैदिकवर्त्मनः ।। ११ ।। अनुपासित-
True,True,0.1684958037443512,0.039380245319561004,107,40,sriramastavarajah1898__16__r2l18.png,सद्वृद्धा स्वीकृतासत्समागमा ।। असम्पादि-
True,True,0.1010752688172043,0.05161290322580645,110,43,sriramastavarajah1898__16__r2l20.png,तशुश्रूषा गुर्वाचार्यपितृष्वपि ।। १२ ।। नि-
True,False,0.059508408796895215,0.025226390685640362,119,41,sriramastavarajah1898__16__r2l21.png,जकर्मजदेवादिदेहाध्यस्तात्मभावना ।। तद्भा-
True,True,0.06267029972752043,0.04155313351498638,114,39,sriramastavarajah1898__16__r2l22.png,वनानुगोद्भूतसुखटुःखव्यवस्थितिः ।। १३ ।।
True,True,0.11895161290322581,0.0907258064516129,117,41,sriramastavarajah1898__16__r2l23.png,असंभूतस्वयाथात्म्यज्ञानजोत्तमनिर्तृतिः ।।
True,False,0.10464310464310464,0.0,115,43,sriramastavarajah1898__16__r2l25.png,पशुवत्प्राकृतैरेव गुणैरधिकनिर्वृता ।। १४ ।।
True,False,0.908745247148289,0.0,86,22,sriramastavarajah1898__17__r2l1.png,प्रातर्निवेदनकारिकाः ।
True,False,0.3557692307692308,0.0,89,2,sriramastavarajah1898__17__r2l2.png,१७
True,False,0.04784366576819407,0.01549865229110512,104,43,sriramastavarajah1898__17__r2l3.png,न कर्मनिष्ठा नात्मज्ञानापि भक्तियुता हरौ ।।
True,True,0.0364963503649635,0.0822826808228268,114,48,sriramastavarajah1898__17__r2l4.png,नोद्युक्ता भक्तिहीनत्वात्तत्क्रियास्वर्चनादिषु।।
True,False,0.821236559139785,0.0228494623655914,91,39,sriramastavarajah1898__17__r2l5.png,१५ ।। कर्मभिः पुण्यपापाख्यैरविद्यापरनाम
True,False,0.7000672494956288,0.00605245460659045,102,45,sriramastavarajah1898__17__r2l6.png,भिः ।। धूमैरिवार्चिराग्नेयं ज्ञानमावृत्यदेहि-
True,True,0.5898692810457516,0.03594771241830065,98,39,sriramastavarajah1898__17__r2l8.png,नः ।। १६ ।। भूषयित्वा स्वकं देहं शब्दा-
True,True,0.45394736842105265,0.07302631578947369,49,50,sriramastavarajah1898__17__r2l11.png,द्यैः स्वार्जितैर्गुणैः ।। दर्शयित्वा स्वसौन्दर्य-
True,True,0.373134328358209,0.07397793640493186,49,38,sriramastavarajah1898__17__r2l13.png,मात्मने तिष्ठमानया ।। १७ ।। निरस्ताति-
True,False,0.914490861618799,0.01762402088772846,85,40,sriramastavarajah1898__17__r2l14.png,शयाह्लादसुखभावैकलक्षणम् ।। संच्छाद्यस्व-
True,True,0.3870541611624835,0.031043593130779392,91,40,sriramastavarajah1898__17__r2l15.png,गुणै एवं स्वरूपं परमात्मनः ।। १८ ।। गुण-
True,False,0.11277705345501955,0.0,92,40,sriramastavarajah1898__17__r2l16.png,मुय्या प्रकृत्याख्यभगवन्माययानया ।। स्व-
True,False,0.8325455773126266,0.01823092505064146,94,38,sriramastavarajah1898__17__r2l17.png,सँल्लीनानन्तजीवकृतकर्मानुरूपया।। १९ ।।
True,False,0.8279009126466753,0.010430247718383311,87,38,sriramastavarajah1898__17__r2l18.png,गुणत्रयाश्रयानन्तविचित्रपरिणामया ।। अ-
True,True,0.8161073825503355,0.03087248322147651,84,42,sriramastavarajah1898__17__r2l19.png,तिदुस्तरयादेव प्रपत्तिरहितात्मभिः ।। २० ।।
True,False,0.2807133421400264,0.0,99,40,sriramastavarajah1898__17__r2l20.png,प्रलोभ्यमाना सततं तयैवात्यन्तनिर्वृता ।।
True,False,0.8908848968729208,0.027944111776447105,95,37,sriramastavarajah1898__17__r2l21.png,अजानतीव स्वहितं मूकस्वप्नानुकारिणी ।।
True,False,0.49638395792241946,0.006574621959237344,99,38,sriramastavarajah1898__17__r2l22.png,।। २१ ।। निष्पानीये निरालम्बे निच्छाये
True,False,0.534128561961564,0.012591119946984758,87,41,sriramastavarajah1898__17__r2l23.png,निरुपाश्रये ।। द्राघीयस्यशुभेमार्गे यमस्य
True,False,0.4161696487740225,0.0145791915175613,95,36,sriramastavarajah1898__17__line_1517235981531_209.png,सदनं प्रति ।। २२ ।। गच्छतो मेसहायस्य
True,False,0.29129886506935687,0.0,105,22,sriramastavarajah1898__18__r2l1.png,प्रातर्निवेदनकारिकाः ।
False,False,0.0,0.0,103,2,sriramastavarajah1898__18__r2l2.png,१८
True,False,0.06723237597911227,0.01174934725848564,119,39,sriramastavarajah1898__18__r2l3.png,वर्द्धयन्ती भयं महत् ।। अतीतापि सदैवैषा
False,True,0.01568627450980392,0.0915032679738562,137,38,sriramastavarajah1898__18__line_1517236135494_213.png,तिष्ठतीव पुरो मम ।। २३ ।। गतायास्त्वी-
True,False,0.10606060606060606,0.0,135,42,sriramastavarajah1898__18__r2l6.png,दृशं रूपं वर्त्तमानेपि जन्मनि ।। तथैव सुम-
False,True,0.0,0.12243547319655856,132,36,sriramastavarajah1898__18__line_1517236127712_212.png,हान्कालो गतक्षण इवाल्पकः ।। २४ ।। अ-
True,False,0.06812339331619537,0.017994858611825194,114,39,sriramastavarajah1898__18__r2l9.png,लब्धसुखसंस्पर्शमकृताघौघनिष्कृतिः ।। वि-
True,True,0.09757694826457106,0.11591355599214145,122,38,sriramastavarajah1898__18__r2l10.png,नैव हरिपादार्चामहो पश्यत एव मे ।। २५।।
True,True,0.16983606557377048,0.04131147540983607,116,36,sriramastavarajah1898__18__r2l11.png,किं करिष्यामि पदयोर्निपतिष्यामि कस्य
True,True,0.13294422827496757,0.04928664072632944,120,39,sriramastavarajah1898__18__r2l12.png,वा ।। २६ ।। इत ऊर्ध्वमहं तावद्यावज्जीवं
True,True,0.06455862977602109,0.05204216073781291,126,41,sriramastavarajah1898__18__r2l13.png,श्रियः श्रियः ।। पदयोरर्चनं कर्तुं यतमानः
True,True,0.043170103092783504,0.05219072164948454,123,40,sriramastavarajah1898__18__r2l14.png,समाहितः ।। २७।। अभिगच्छन्हरिंप्राप्तः प-
True,True,0.0870988867059594,0.03143418467583497,125,42,sriramastavarajah1898__18__line_1517236116611_211.png,श्चाद् द्रव्याणि चार्जयन् ।। अर्चयंश्च ततो
True,False,0.03808273145108339,0.005909389363099146,128,44,sriramastavarajah1898__18__r2l17.png,देवं ततो मन्त्राज्जपन्नपि ।। २८ ।। ध्यायन्न-
True,True,0.06283068783068783,0.057539682539682536,118,45,sriramastavarajah1898__18__r2l18.png,पि परं देवं कालेषुक्रेषु पञ्चसु ।। वर्त्तमानः
True,True,0.4645776566757493,0.05381471389645776,55,41,sriramastavarajah1898__18__r2l20.png,सदा चैव पाश्चकालिकवर्त्मना ।। २९ ।। स्वा-
True,True,0.15058670143415906,0.08279009126466753,120,46,sriramastavarajah1898__18__r2l21.png,र्जितैर्गन्धपुष्पाद्यैः शुभैः शक्त्यनुरूपतः ।।
True,True,0.0821566110397946,0.05391527599486521,128,35,sriramastavarajah1898__18__line_1517236101963_210.png,आराधयन्हरिं भक्त्या गमयिष्यामि वास-
True,False,0.17057291666666666,0.0032552083333333335,125,41,sriramastavarajah1898__18__r2l25.png,रान् ।। ३० ।। इति वेदान्ताचार्यवि० प्रात-
True,False,0.06965572457966374,0.0,115,32,sriramastavarajah1898__18__r2l27.png,नि० कारिकाः समाप्ताः ।। ।। ।। ।।
True,True,0.5211912943871707,0.3172966781214204,54,9,trisuli1890__00c__line_1517229948264_107.png,पीयूषलहरी
True,True,0.3491422805247225,0.289606458123108,62,19,trisuli1890__00c__line_1517229952801_108.png,अर्त्थात् गङ्गालहरी
True,True,0.4672176308539945,0.2462809917355372,63,28,trisuli1890__00c__line_1517229957298_109.png,पण्डितवर जगन्नाथत्रिशूलि कृत
False,True,0.0,0.21176470588235294,62,6,trisuli1890__00c__line_1517229962303_110.png,जिसमें
True,True,0.4287003610108303,0.04828519855595668,58,48,trisuli1890__00c__line_1517229967473_111.png,श्रीमहाराणी गंगाजीका चरित्र उत्तमरीतिसे वर्णितहै
False,True,0.014563106796116505,0.23786407766990292,62,4,trisuli1890__00c__line_1517229971180_112.png,जिसे
True,False,0.40339425587467365,0.023063533507397736,62,47,trisuli1890__00c__line_1517229977514_113.png,अत्यन्त कठिन पाण्डित्यपूरित विचारिकर श्रीमहारा-
True,True,0.3059181897302002,0.18581375108790252,54,47,trisuli1890__00c__line_1517229986544_114.png,जाधिराज राजेन्द्र महाराज परमधर्म्मज्ञ प्रजापालन
True,True,0.35785374296841194,0.06447425356988316,62,44,trisuli1890__00c__line_1517229994763_115.png,तत्पर भूलोक पुरन्दर बैकुण्ठागार वालीय भरतपुर
True,True,0.375543740937651,0.08796520057999033,62,42,trisuli1890__00c__line_1517230003073_116.png,श्रीमद्बलवन्तसिंह बहादुर बहादुरजंगकी आज्ञा
True,True,0.6456521739130435,0.24130434782608695,67,43,trisuli1890__00c__line_1517230008338_117.png,पाय बलदेवसिंहने अत्युत्तम कवित्तोंमें प्रति
True,True,0.7800687285223368,0.17010309278350516,67,21,trisuli1890__00c__line_1517230014399_118.png,श्लोक अनुवाद कियाथा ॥
True,True,0.4969818913480885,0.15191146881287726,62,39,trisuli1890__00c__line_1517230022367_119.png,उक्त श्रीमहाराज बहादुर भरतपुरके चरणसेवक
True,True,0.3537981269510926,0.0931321540062435,62,37,trisuli1890__00c__line_1517230028565_120.png,बलदेवसिंह वैश्य खण्डेलवाल पेशकारात्मज
True,True,0.609009009009009,0.15945945945945947,66,22,trisuli1890__00c__line_1517230034911_121.png,गोपालसिंहके उद्योगसे ॥
True,True,0.14361702127659576,0.09042553191489362,79,8,trisuli1890__00c__line_1517230038970_122.png,दूसरीबार
True,False,0.2550335570469799,0.0,63,2,trisuli1890__00c__line_1517230078504_127.png,41
True,True,0.5551181102362205,0.3346456692913386,54,4,trisuli1890__00c__line_1517230042471_123.png,लखनऊ
True,True,0.4843384759233287,0.09163160355306219,70,48,trisuli1890__00c__line_1517230049746_124.png,"मुन्शीनवलकिशोर (सी, आई, ई) के यंत्रालयमें छापीगई"
True,False,0.3079507278835386,0.0011198208286674132,86,20,trisuli1890__00c__line_1517230058371_125.png,नवम्वर सन् १८५० ई० ॥
True,False,0.36666666666666664,0.0,113,8,trisuli1890__01__r1l1.png,भूमिका ॥
True,False,0.32930756843800324,0.011272141706924315,143,59,trisuli1890__01__r1l2.png,विदितहो कि श्रीमन्महाराजाधिराज राजेन्द्र श्रीब्रजेन्द्रमहा-
True,True,0.2104089219330855,0.04981412639405204,131,53,trisuli1890__01__r1l3.png,राज परम धर्मज्ञ प्रजापालन तत्पर भूलोक पुरन्दर परमउदार
True,True,0.10882572924457741,0.10209424083769633,135,54,trisuli1890__01__r1l4.png,बैकुणठागारवालीय भरतपुर श्रीमत्बलवंतसिंह बहादुर बहादुर-
True,False,0.0791044776119403,0.004850746268656716,139,55,trisuli1890__01__r1l5.png,जंगने अपनी कृपातिशय प्रकटकरनेके हेतु मेरेपिताजीको आज्ञा
True,False,0.04138702460850112,0.014914243102162566,115,54,trisuli1890__01__r1l6.png,दीथी कि आजकल संस्कृत विद्याका प्रचार न्यूनहोता जाता है
True,True,0.05782060785767235,0.0340993328391401,119,57,trisuli1890__01__r1l7.png,लोगोंकी बुद्धि अतिकुण्ठितहै इस्से कोई पुस्तक भाषानिबन्धसे
True,False,0.2337322363500374,0.002243829468960359,111,51,trisuli1890__01__r1l8.png,"उल्थाकीजाय, इसआज्ञानुसार पिताजीते पण्डित राजजगन्नाथ"
True,False,0.05439642324888227,0.021982116244411327,113,57,trisuli1890__01__r1l9.png,त्रिशूलीकृत पियूषलहरीको उल्था प्रतिश्लोकसंस्कृतसे भाषामें
True,False,0.1079587324981577,0.0058953574060427415,111,52,trisuli1890__01__r1l10.png,"किया, श्रीमहाराजने उसउल्थाकोदेख अतिप्रसन्न मनहोकर एक"
True,False,0.06806282722513089,0.0,107,49,trisuli1890__01__r1l11.png,लेखक गिरिधरनामीको नौकरकरके केवलइसकीप्रति लिखानेको
True,False,0.06684092606422704,0.025765496639283045,109,59,trisuli1890__01__r1l13.png,नियतकरदिया कि यत्रतत्र इसकीप्रति प्रचलितहुंई परंतु यन्त्रा-
True,False,0.10452830188679245,0.008679245283018867,109,51,trisuli1890__01__r1l14.png,लयकाप्रचार ऐसाअधिक न था देशीरीतिपर पुस्तकैं लिखीगंई
False,False,0.023577844311377244,0.027320359281437126,115,49,trisuli1890__01__r1l15.png,इससेप्रचार अधिक न हुआ और इसउल्थाके उपरान्त हनुमा-
True,False,0.03281133482475764,0.0003728560775540641,107,56,trisuli1890__01__r1l16.png,न्नाटक संस्कृत ग्रन्थकाउल्था विचित्र रामायणनामसे विख्यात
True,True,0.04017857142857143,0.034970238095238096,113,54,trisuli1890__01__r1l17.png,उक्तश्रीमन्महाराजकी आज्ञानुसार कियागयाथा कि वहउक्तरीति
True,True,0.07126865671641791,0.05447761194029851,121,51,trisuli1890__01__r1l18.png,अनुसार लिखलिखकर प्रचलितहुआपरंतु जैसाशीघ्र और सार्ब-
True,False,0.0862453531598513,0.016728624535315983,113,57,trisuli1890__01__r1l19.png,जनीन बिदित अबयंत्रालयद्वारा पस्तकोंका प्रचारहोताहै वहकहां
False,False,0.021722846441947566,0.02846441947565543,115,52,trisuli1890__01__r1l20.png,इसलिये जोउल्थाप्रथम आज्ञानुसार बनायागयाथा उसकासार्व-
True,True,0.058736059479553904,0.030111524163568774,117,56,trisuli1890__01__r1l21.png,जनीनप्रचार होनेके हेतु श्रीमन्महाराजाधिराज बैकुण्ठागारकी
True,False,0.10759493670886076,0.0,119,52,trisuli1890__01__r1l22.png,कीर्त्ति और परलोकनिवासी पिताजीकीकृति प्रकट करनेको यह
True,False,0.05740181268882175,0.02379154078549849,123,55,trisuli1890__01__r1l23.png,उल्था पीयूषलहरीका छपवायागयाहै शब्द अर्थका संस्कृतकेअनु-
True,False,0.10253542132736763,0.009694258016405667,133,56,trisuli1890__01__line_1517230134248_128.png,सारहोना और रीतिविरुद्ध नहोना इसउल्यासे प्रकटहै परम्परासे
True,False,0.07084265473527218,0.014914243102162566,123,56,trisuli1890__01__r1l26.png,श्री मत्ब्रजेनद्र वालीय भरतपुरके चरणसेवक बलदेवसिंह वैश्य
True,False,0.05957767722473605,0.029411764705882353,127,56,trisuli1890__01__r1l27.png,"खंडेलवाल, पेशकारनकम, तत्पुत्र गोपालसिंहकी यहप्रार्थना है"
True,False,0.13066666666666665,0.0,69,3,trisuli1890__02__line_1517230237645_129.png,(२)
True,True,0.5,0.061164333087693444,123,52,trisuli1890__02__r2l2.png,कि इसपुस्तकमें जोकुछ लेखक प्रमाद आदिकसे भूलचूक देखैं
True,False,0.21996996996996998,0.0,121,50,trisuli1890__02__r2l4.png,वहक्षमाकरैं और बनादें और इसश्लोकके आशयको यादकरैं ॥
True,False,0.698019801980198,0.0024752475247524753,92,7,trisuli1890__02__r2l5.png,श्लोक ॥
True,True,0.71,0.1025,72,35,trisuli1890__02__r2l7.png,गुणायन्तेदोषास्सुजनवदनेदुर्ज्जनमुखे
True,True,0.10683760683760683,0.031517094017094016,153,35,trisuli1890__02__r2l8.png,गुणादोषायन्तेतदिदमितिनोविस्मयपदम् ॥
True,False,0.08974358974358974,0.023717948717948717,123,31,trisuli1890__02__r2l9.png,यथाजीमूतास्येलवणजलधेर्वारिमधुरं
True,True,0.08987603305785125,0.049586776859504134,149,38,trisuli1890__02__r2l10.png,फणिःपीत्वाक्षीरंवमतिगरलंदुस्सहतरम् १ ॥
True,True,0.05042016806722689,0.03991596638655462,125,28,trisuli1890__02__r2l11.png,सत्सङ्गाद्भवतिहिसाधुताखलानां
False,False,0.028326745718050064,0.006587615283267457,133,27,trisuli1890__02__r2l12.png,साधूनांनचखलसंगमात्खलत्वम् ॥
True,True,0.09780621572212066,0.10603290676416818,127,23,trisuli1890__02__r2l13.png,आमोदंकुसुमभवंमृदेवधत्ते
True,True,0.12757201646090535,0.051440329218107,137,31,trisuli1890__02__r2l14.png,मृद्गन्धंनहिकुसुमानिधारयंति २ ॥
True,True,0.5120845921450151,0.03625377643504532,128,9,trisuli1890__04__r1l3.png,पीयूषलहरी
True,False,0.5887521968365553,0.0,138,19,trisuli1890__04__line_1517230360066_130.png,अर्थात् गङ्गालहरी ॥
True,False,0.04846335697399527,0.018912529550827423,146,39,trisuli1890__04__r1l6.png,क० ॥ सकल मही को परिपूरण सौभाग्य यही वेद
True,False,0.7823834196891192,0.017024426350851222,118,39,trisuli1890__04__r1l7.png,औ पुराणनको सरबससारहै । लीलाही करिकै जिन
True,True,0.19716206123973115,0.07580283793876028,138,46,trisuli1890__04__r1l8.png,अखिलरच्यो है जग ऐसेत्रिपुरारिजूको बैभवउदारहै ॥
True,True,0.5464338781575037,0.08023774145616643,66,45,trisuli1890__04__r1l11.png,देवनकोसुकृत अमोघप्रकट्योहैसही सुधातैंसरिससुतौ
True,False,0.5695067264573991,0.01569506726457399,128,42,trisuli1890__04__r1l12.png,शोभाको अगारहै । सलिलतुम्हारो गंग मंगलहमारो
True,False,0.8335854765506808,0.014750378214826021,126,40,trisuli1890__04__line_1517230472180_133.png,नित पादपअमंगलको काटन कुठारहै १ दारिदजनित
True,False,0.8182161753590325,0.015117157974300832,130,50,trisuli1890__04__line_1517230414757_132.png,दीनताईकेबिदारनके कारणहै जिनको ते दृष्टि तैं निहारै
True,True,0.51165371809101,0.0828708842027377,71,52,trisuli1890__04__line_1517230519440_134.png,हैं । जिनकेहृदय दुरबासनानहूतैं युक्त ऐसे पावरनहूँ के
True,False,0.7652370203160271,0.011286681715575621,116,48,trisuli1890__04__r1l21.png,पापनको हारै हैं ॥ मनकी अविद्यादीह द्रुमताहि काटन
True,False,0.055100521221146684,0.008935219657483246,142,50,trisuli1890__04__line_1517230395490_131.png,को शिक्षाके करनहार तिनहि उचारै हैं । दायक हैं श्री
True,False,0.45754359363153907,0.0200909780136467,120,49,trisuli1890__04__r1l24.png,के हमैंनीके मात गंगतेरे वारिके प्रवाह चाह सकल सु-
True,False,0.3852520692249812,0.0071482317531978935,105,48,trisuli1890__04__r1l26.png,धारै हैं २ उदयमत्सर तातैं प्रकट्यो कपट जाके जननी
True,False,0.30134932533733133,0.0,130,45,trisuli1890__04__r1l27.png,बिनायककी कोपके कटाक्ष संग । बारबार तिनको चला-
True,True,0.6562962962962963,0.03481481481481481,126,54,trisuli1890__04__r1l30.png,इकै निहारैं तुम्हैं यातेई विदित कढ़ैंक्षोभके भरेतरंग ॥
True,False,0.4480421686746988,0.021460843373493976,130,41,trisuli1890__04__r1l31.png,तेईवे अपारसब सुखके भँडार सदा करत बिहार ईश
True,True,0.08992805755395683,0.07913669064748201,146,11,trisuli1890__05__r1l1.png,पीयूषलहरी ।
True,True,0.35185185185185186,0.2222222222222222,59,1,trisuli1890__05__line_1517230554193_135.png,५
True,False,0.3424759080800593,0.021497405485544848,106,43,trisuli1890__05__r1l3.png,शीशपै लिये उमंग । सकलहमारेते दुरित भरभंगकरो
True,True,0.5078241430700448,0.043591654247391955,81,47,trisuli1890__05__r1l5.png,निकसे तो अंगते तरंगजे उतंगगंग ३ कबहूंही सुकृत न
True,True,0.7154981549815498,0.09557195571955719,142,54,trisuli1890__05__r1l6.png,कीनो जिनतेऊतुम्हैं सुमिरैं त्यों तिनहूँकी तंद्राको हरत
True,True,0.6214918759231906,0.08013293943870015,142,48,trisuli1890__05__r1l7.png,हाल । जैसे मारतंडकी प्रचंडने मयूष सदा सबै अंधकार
True,True,0.5164424514200299,0.03811659192825112,142,41,trisuli1890__05__r1l8.png,को बिदारतहैं ततकाल॥सेवत सकल सुरनिशिदिन जल
True,False,0.7961452928094885,0.011489992587101558,132,45,trisuli1890__05__r1l9.png,जाको ऐसी तेरी मूरतिसोचूरति अघबिशाल । सोई त्रय
True,True,0.18736059479553904,0.056133828996282525,138,49,trisuli1890__05__r1l10.png,ताप मेरीब्याधि व्यथा अंतरकी एहोमातगंग तिन्हैं भंग
True,False,0.5777450257921887,0.010316875460574797,136,45,trisuli1890__05__r1l12.png,करो ह्वै दयाल ४ तेरे आसरेते बलपायकै बिशाल गंग
True,True,0.6485884101040119,0.030832095096582468,140,52,trisuli1890__05__r1l14.png,बढ़योगर्वजाकूँ सोमैं तुमसों कहतसब । याही तैं वृंदारक
True,True,0.07492581602373888,0.07492581602373888,168,41,trisuli1890__05__r1l15.png,वृन्दनकी अवज्ञाकरी काहूकी न अबलगिमानी कछू
True,True,0.6009723261032162,0.06843679880329095,134,43,trisuli1890__05__r1l16.png,दाहदब ॥ जोपै कहूँ यासमै उदासता गहौगी अंब तो
True,True,0.03789004457652303,0.11144130757800892,162,43,trisuli1890__05__r1l17.png,मैं निराधारनाहिं दूसरो अधार भव । मुख बिलखाय
True,True,0.03348382242287434,0.09932279909706546,164,40,trisuli1890__05__r1l18.png,अति दीनता दिखाय कहौ कौनके अगारी जाइ रुदन
True,True,0.050407709414381024,0.19570051890289103,162,47,trisuli1890__05__r1l19.png,करूंगो अब ५ तृण ज्यों तुरंत निजराज त्यागितेईनृप
True,True,0.6651340996168582,0.04942528735632184,134,43,trisuli1890__05__r1l20.png,तेरे तीरहीको आय आसरो चितैधरैं । बैतकीलताबि-
True,True,0.08590806330067823,0.07573474001507159,148,47,trisuli1890__05__r1l21.png,लोल चैत चांदनीसे गंग तेरे वे तरंगनकी शोभाजे मनै
True,True,0.6274658573596358,0.16236722306525037,144,47,trisuli1890__05__r1l22.png,हरैं ॥ तिनको दरसकरैं सरस पियूषहू ते स्वादित तु-
True,True,0.08799093655589124,0.13746223564954682,160,50,trisuli1890__05__r1l23.png,म्हारो जल पेट तृप्ति ह्वै भरैं । ऐसेजे सदाईजन आनँद
True,True,0.11434977578475336,0.06278026905829596,152,50,trisuli1890__05__r1l24.png,उमंगभरे तुच्छ जाति मुक्तिकीहू हाँसीते कस्यो करैं ६
True,True,0.05439642324888227,0.05253353204172876,154,48,trisuli1890__05__r1l26.png,तेरे वे प्रवाह में प्रभात काल न्हात आय रमणीनरेशन
True,True,0.11074074074074074,0.10888888888888888,178,43,trisuli1890__05__r1l27.png,की आनँदको छायकै । तिनहीं के कुच लपटानो हुतो
True,True,0.1387434554973822,0.07329842931937172,152,40,trisuli1890__05__r1l28.png,मृगमद सोवह पखरिपस्यो तेरेजलआइकै ॥ जिनजिन
True,True,0.3352017937219731,0.09977578475336323,144,45,trisuli1890__05__r1l29.png,कौ हुतौ सुतेई वे कुरंगयूथ अतिही अनूप दिव्यरूप
True,True,0.09863429438543247,0.051213960546282244,152,48,trisuli1890__05__r1l30.png,को बनायकै । सेवितहैं वृंदारक वृंदनसों चहूंओर की-
True,False,0.28539156626506024,0.027484939759036143,140,41,trisuli1890__05__r1l31.png,नो तिननंदन उद्यानबास जाइकै ७ एकबार सुमिरण
True,True,0.9034090909090909,0.08522727272727272,114,11,trisuli1890__06__r1l1.png,पीयूषलहरी ।
True,True,0.34074074074074073,0.14074074074074075,54,1,trisuli1890__06__line_1517230892181_142.png,६
True,False,0.6776266061980347,0.017762660619803475,118,48,trisuli1890__06__r1l2.png,करतजो नेक तुम्हैं तिनके पबित्र उरअंतर करतज्यों ।
True,False,0.30777777777777776,0.025555555555555557,104,46,trisuli1890__06__r1l3.png,काननकोप्यारो यहनाम जो तुम्हारो अंब मुखतैं उचा-
True,True,0.4569413511507053,0.03303637713437268,71,41,trisuli1890__06__r1l5.png,रतही पातकहरतन्यों ॥ औरेंयाजगत की जो दारूण
True,False,0.261372110365399,0.0,104,49,trisuli1890__06__r1l8.png,त्रिविधिताप तिनके बिदारन में बारनधरतत्यों । प्राण
True,True,0.4067357512953368,0.03256846780162842,74,45,trisuli1890__06__r1l10.png,के पयानसमै सोई तुमनामगंग गंगकरो मेरेमुखकंजमें
True,False,0.48668639053254437,0.01220414201183432,59,44,trisuli1890__06__r1l13.png,विलासयों ८ मंदाकिनि तेरे तीर तिनके निवासी जन
True,True,0.5271982116244411,0.040611028315946346,62,45,trisuli1890__06__r1l15.png,जिनके जनममृत्यु दुखको करैंनिपात । परमसंतोषभरे
True,True,0.47667419112114373,0.045146726862302484,74,47,trisuli1890__06__r1l19.png,क्रीड़ातहांकरैं काक तिनहूंकी महिमा बिशाल सो कही
True,False,0.23300970873786409,0.009335324869305451,104,40,trisuli1890__06__r1l21.png,न जात ॥ बासी चिरकालनके सबसुखराशीतेई बासव
True,False,0.34062268346923646,0.013343217197924388,84,48,trisuli1890__06__r1l24.png,के बैभवको तुच्छि गिनैं सबै भाँत । सोईतीर तेरे भव
True,False,0.36539895600298283,0.024608501118568233,78,44,trisuli1890__06__r1l26.png,भीरके हरनहार होउधीर मेरेश्रमकाटन को गंगमात ९
True,False,0.8191165270373191,0.011805026656511805,112,46,trisuli1890__06__line_1517230812544_141.png,तेरोशुद्धतत्त्व जो अकथ्यमात गंगतामें जीवनकी मन
True,True,0.42049736247174074,0.04559155990957046,106,49,trisuli1890__06__line_1517230796100_140.png,बुद्धि बानीहूं नजावै है । जातरह्यो भेद जिन बेदनको
True,False,0.7446096654275093,0.02973977695167286,130,47,trisuli1890__06__line_1517230789896_139.png,तिनहूंते ताकोभेद कैसेहू जुकहतनआवै है ॥ याही तैं
True,True,0.289386705839148,0.19867792875504958,64,39,trisuli1890__06__line_1517230904025_144.png,अखंड निराकार नित्य एकरस निजतेज तिमिर अ-
True,False,0.4511363636363636,0.007954545454545454,107,50,trisuli1890__06__line_1517230753964_138.png,ज्ञानको नशावै है । खोजि खोजिहारे हैं विरंचि विष्णु
True,True,0.4441143705904196,0.0831786112142592,59,52,trisuli1890__06__line_1517230898762_143.png,वामदेव मेरीजड़बुद्धि ताहि कैसेकारिपावैहै १० बड़ेबड़े
True,True,0.449812734082397,0.037827715355805244,56,37,trisuli1890__06__r1l46.png,दानयज्ञ करतबिधाननकेनिहचल लायध्यान आलस
True,False,0.2905048982667671,0.021477015825169556,106,43,trisuli1890__06__r1l48.png,को लावैना । करैं तपघोर जेसमूह चिरकालतऊ अति-
True,True,0.4034690799396682,0.03092006033182504,104,42,trisuli1890__06__r1l49.png,हीअगम हरिपद ताहि पावैना ॥ एहोमात याते तेरी
True,True,0.3153053715967623,0.08498896247240618,92,45,trisuli1890__06__r1l50.png,महिमा अतुलसुतो काहूबिधि कैसेहू जुमोपै तुलिआवै
True,False,0.2768192048012003,0.0,104,38,trisuli1890__06__r1l52.png,ना । सोई पद सहज अखिल जगजीवनको देतै मात
True,False,0.7672349888806523,0.027798369162342476,106,42,trisuli1890__06__r1l53.png,गंगनेकबारहिलगावैना ११ क्रोधसों मलिनमुख ऐसी
True,True,0.5900225056264066,0.1837959489872468,150,43,trisuli1890__06__line_1517230707012_137.png,उमाबारबार बरजै परमहठ करि पशुपतिकौं । तिनहूं
True,False,0.3456973293768546,0.0,120,47,trisuli1890__06__line_1517230689731_136.png,को हठतजि सादरसमेत तुम्हैं धारैंनिज शीशपै प्रमोद
True,True,0.5680473372781065,0.047337278106508875,109,11,trisuli1890__07__r1l1.png,पीयूषलहरी ।
True,False,0.2786885245901639,0.0,59,1,trisuli1890__07__line_1517231052001_145.png,७
True,True,0.39097744360902253,0.033458646616541354,102,44,trisuli1890__07__r1l3.png,मानि चितकौं ॥ मंगल करनवारी मूरतितुम्हारीताकी
True,True,0.4778195488721805,0.0481203007518797,62,43,trisuli1890__07__r1l6.png,बरनैको लोकमाहिं महिमाकीगतिकौं । जाकेनेक दर-
True,True,0.4429206819866568,0.042994810971089696,76,41,trisuli1890__07__r1l11.png,शन करतेही जीवनके दूरिहोत भवभय पावैंशुभमति
True,True,0.33283693224125094,0.051005212211466866,78,48,trisuli1890__07__r1l15.png,कौं १२ निंदित जेकीने हैं उन्नत उनमत्तनिहू संसकार
True,True,0.45689974102848685,0.10950795412504624,63,49,trisuli1890__07__line_1517231060357_146.png,हीननिहूँ नेकनाहिं आदरे । जिनके सुनेतैं हिंसक निहू
True,False,0.29420505200594355,0.02711738484398217,89,45,trisuli1890__07__line_1517231155360_150.png,के रोमहोत हेमके हरैया आदि तेऊतिनतैं डरे ॥ जिन
True,True,0.33633633633633636,0.13288288288288289,68,46,trisuli1890__07__line_1517231145899_149.png,हूँकेतारन मैं आलस न लावतहौ पातकीनहूँतैं महापा-
True,False,0.3471290082028337,0.0014914243102162564,113,42,trisuli1890__07__line_1517231126194_148.png,पनके आगरे । अधिक सबहीते तो महिमाकहांलौकहौं
True,False,0.4720754716981132,0.013207547169811321,107,41,trisuli1890__07__r1l32.png,तैंने गंगलोकनके पातक परैंकरे १३ सकल महीतल
True,False,0.5518196202531646,0.023734177215189875,75,42,trisuli1890__07__r1l35.png,को शोकदूरिकरिबेको आओ सुरलोकतैं बिचारिकैदया
True,True,0.2633587786259542,0.03778625954198473,105,51,trisuli1890__07__r1l37.png,हिये । बांधी जटाधरने जटाकेजूट ग्रंथमाहिं यतैंहीरहैं
True,False,0.3234375,0.0,113,42,trisuli1890__07__r1l38.png,हमउरमैं बिचार किये ॥ करैनिरलोभनके मनकोसदाई
True,False,0.4894578313253012,0.02108433734939759,127,48,trisuli1890__07__r1l39.png,लोभ सो तौ याप्रकारके तुम्हारे गुण मानिये । तिनही
True,False,0.6186252771618626,0.013673318551367332,117,41,trisuli1890__07__r1l40.png,गुननको सकलभांतिही सों यह एहो मात मंदाकिनि
True,False,0.3321995464852608,0.0,113,43,trisuli1890__07__r1l41.png,फैल्यो दोष जानिये १४ नैननतैं अंध और पावनतैं
True,True,0.810229799851742,0.04744255003706449,119,49,trisuli1890__07__r1l42.png,पंगुजे सुभावकरि बहैरे जिनकी जड़मति है । उक्तिनतैं
True,False,0.2585949177877429,0.028026905829596414,107,52,trisuli1890__07__r1l43.png,बिकल ग्रसेजेभूतप्रेतनिहूँ त्यागे देवतानि तिनपाई नर्क
True,False,0.24647887323943662,0.014825796886582653,97,42,trisuli1890__07__r1l44.png,गतिहै ॥ अस्तभये जिनके सुकृत पापमोचन जे सबै
True,False,0.5920658682634731,0.017964071856287425,131,44,trisuli1890__07__r1l45.png,आधि ब्याधिनतैं पीड़ित पतितहै । ऐसे मानवनहूको
True,False,0.34929472902746844,0.021158129175946547,111,45,trisuli1890__07__r1l46.png,रक्षाकरिबेको गंग औषध प्रसिद्ध तोसी तूही दरशति
True,False,0.6281628162816282,0.023652365236523653,101,39,trisuli1890__07__r1l48.png,है १५ सहजही शीतल सुभाव करि निरमल ऐसेगंग
True,False,0.4657190635451505,0.015468227424749164,86,42,trisuli1890__07__r1l50.png,तेरेजल तिनकी महिमाअपार । बानीमनकरिकैहूँ कह
True,False,0.5869230769230769,0.011923076923076923,123,45,trisuli1890__07__r1l53.png,तैं बनत नाहिं फैलिरही अवनीपै सबहिन तैं उदार ॥
True,True,0.303557910673732,0.046555639666919,97,42,trisuli1890__07__r1l54.png,ताही महिमाको सुत सगर महीपति के उज्ज्वलअनूप
True,True,0.6242537313432835,0.03619402985074627,117,48,trisuli1890__07__r1l55.png,द्युति दिव्यरूप धारिधार । अंग अंग पुलकैं ते आनँद
True,True,0.4467741935483871,0.09516129032258064,62,11,trisuli1890__08__r1l2.png,पीयूषलहरी ।
True,False,0.13114754098360656,0.0,59,1,trisuli1890__08__line_1517231336680_156.png,८
True,False,0.6791101055806938,0.004147812971342383,120,44,trisuli1890__08__r1l3.png,उमंगन सों अजौं दिवलोकमाहिं गावतहैं बारबार १६
True,False,0.797085201793722,0.01195814648729447,116,46,trisuli1890__08__r1l4.png,किये क्षुद्रपापन की तापनतप्योहै मन ऐसे मानवनको
True,False,0.6812358703843255,0.012434061793519217,112,43,trisuli1890__08__r1l5.png,ना कठिन बिचारहै । जिनके उधारनको एहोमातमंदा-
True,True,0.44754464285714285,0.030877976190476192,106,44,trisuli1890__08__r1l6.png,किनि सुतौ तिहूँलोकमाहिं तीरथअपार है ॥ पापनके
True,False,0.6230366492146597,0.01832460732984293,106,44,trisuli1890__08__r1l7.png,रूप पापकरत न मानैंशंक पापनको कबहूंना कीनोनि-
True,False,0.40179238237490666,0.010455563853622106,102,45,trisuli1890__08__r1l8.png,स्तारहै । काऊ नैनतारे अपनाइते उधार यातैं सबते
True,False,0.7287434161023326,0.006772009029345372,120,41,trisuli1890__08__r1l9.png,अधिक तेरी करनीउदार है १७ धर्मको निदान अरु
True,False,0.8457979953739398,0.018504240555127217,118,40,trisuli1890__08__r1l10.png,आनँदनवीननको कहतनआवे ऐसोसुंदर बिधान हैं ।
True,True,0.1456538762725137,0.047768206734534066,134,41,trisuli1890__08__r1l11.png,अमलअनूप तिहूँ लोकनको वस्त्ररूप तीरथ समूहन
True,True,0.6675353685778108,0.042069992553983616,124,52,trisuli1890__08__r1l12.png,के मध्य में प्रधान हैं ॥ सकल कुबुद्धिन की बुद्धिन को
True,False,0.7428355957767723,0.00980392156862745,124,47,trisuli1890__08__line_1517231290327_155.png,शुद्ध कहै इन्दिरा अपारको उदार असथानहैं । हरौ सो
True,True,0.39759036144578314,0.05082831325301205,120,43,trisuli1890__08__r1l17.png,हमारो भवतापको समूह गंग जननी तुम्हारो बपु क-
True,False,0.7273408239700374,0.007116104868913857,108,45,trisuli1890__08__r1l18.png,रुणा निधान हैं १८ धनमदिरातैं छके राते अतिमाते
True,True,0.08014981273408239,0.07265917602996255,144,46,trisuli1890__08__line_1517231275348_154.png,दृग घूमत हैं बारबार भरे अभिमान हैं । ऐसेज महीप
True,True,0.24867724867724866,0.06613756613756613,89,47,trisuli1890__08__r1l22.png,तिनहींके आगे दौरिदौरि बड़ों खेदजाकू ऐसो भ्रम्यो
True,False,0.2730682670667667,0.024756189047261814,96,43,trisuli1890__08__r1l24.png,बिनामान हैं ॥ औरै सब सुकृत समूहनको नाशक में
True,True,0.7856066314996232,0.07498116051243406,134,48,trisuli1890__08__line_1517231259785_153.png,बड़ी जड़ बुद्धि जाकी अबिधि अजान हैं । मोकूंजो या
True,False,0.32840236686390534,0.022682445759368838,100,46,trisuli1890__08__r1l28.png,लोकमें तुम्हारो है वियोग गंग सोई यह मेरे अपराध
True,True,0.5048835462058603,0.03305785123966942,64,44,trisuli1890__08__r1l30.png,को निदान हैं १९ पौनकी झकोरसंग चंचल तरंग तेरी
True,False,0.5144706778370145,0.00913937547600914,110,44,trisuli1890__08__r1l32.png,तिनतैं चलायमान पंकज कतारहै । ताही तैं परागको
True,True,0.04538690476190476,0.05654761904761905,148,46,trisuli1890__08__line_1517231221563_152.png,समूह रेणु पस्यो अम्बु केसरिके रंगजाकी उपमाउदार
True,False,0.6584720121028744,0.01361573373676248,120,45,trisuli1890__08__line_1517231212318_151.png,है ॥ औरै देवनारिनके कुच जिनहीतें गिस्यो अगरको
True,False,0.6034353995519044,0.018670649738610903,120,45,trisuli1890__08__r1l37.png,कीच मिल्यो तेरी जल धार है । सोई वह मेरो जगजाल
True,True,0.42568093385214006,0.04357976653696498,122,44,trisuli1890__08__r1l38.png,ताहि दूरिकरौ जंघापरियंत वारिशोभाको अगारहै २०
True,False,0.594523630907727,0.005626406601650412,132,42,trisuli1890__08__r1l39.png,प्रथम रमापतिके चरण युगल कंज निर्मल नखन तैं
True,True,0.0472972972972973,0.0777027027027027,132,11,trisuli1890__09__r1l1.png,पीयूषलहरी ।
True,False,0.3829787234042553,0.0,69,1,trisuli1890__09__line_1517231517431_157.png,९
True,True,0.5701951951951952,0.04617117117117117,116,44,trisuli1890__09__r1l2.png,तुम्हारीउतपति है । दूजेईशशीशजटाजूटको भवनकिये
True,False,0.585003711952487,0.015219005196733483,114,42,trisuli1890__09__r1l3.png,करत निवास तू बिनोद सरसति है ॥ तीजे नष्टजीव
True,True,0.5194902548725637,0.04122938530734633,68,48,trisuli1890__09__r1l5.png,पातकीनहूंके तारणकी बिधि है जे तिनमें तुम्हारी आ-
True,False,0.609340252038547,0.01519644180874722,122,42,trisuli1890__09__r1l6.png,सकति है । देखि न सकतदुःख दीननको एहोगंग कौन
True,False,0.5904690990320178,0.016381236038719285,120,45,trisuli1890__09__r1l7.png,हेतु ते प्रभाव तेरोना जगतहै २१ शैलनके शिखर स-
True,False,0.6108189331329827,0.01652892561983471,126,43,trisuli1890__09__r1l8.png,मूहन ते स्वच्छअति सरिता अनेक चली आवतहैं धा-
True,False,0.7209035222052067,0.003445635528330781,112,42,trisuli1890__09__r1l10.png,इकै । तिनहींके मध्य ऐसी और कौनसीहै जो महेश
True,True,0.7154592979835698,0.037341299477221805,122,41,trisuli1890__09__r1l11.png,जटाजूट चढ़ी अतिसुखपाइकै ॥ धोयेकहो कौने पद
True,False,0.08618071374335612,0.012908124525436599,128,41,trisuli1890__09__r1l12.png,कमल रमापतिके अपने जलन सों मुदित मनभाइकै ।
True,True,0.46228528752800596,0.0351008215085885,132,46,trisuli1890__09__r1l13.png,सुरधुनी याते तेरे लेशके समान सरि और दूजी नाहिं
True,False,0.7168539325842697,0.020599250936329586,124,46,trisuli1890__09__r1l15.png,ताहि कहैं कबिगाइकै २२ होइकै निशंक विधि जैसेहोय
True,False,0.7916030534351145,0.017938931297709924,112,47,trisuli1890__09__r1l16.png,तैसे सुतौ कस्योकरो ध्यानको समाधिहि लगायकै । सो-
True,False,0.4308790383170548,0.018782870022539443,126,44,trisuli1890__09__r1l17.png,योकरो सुखसेज शेषकी रमानिवास निरंतर नाच्योकरो
True,True,0.28826728826728826,0.04623154623154623,84,41,trisuli1890__09__r1l18.png,शम्भु मन लायकै ॥ सबै पापमोचनके सकृत समूहन
True,True,0.34043348281016445,0.042974588938714496,110,47,trisuli1890__09__r1l20.png,ते हूजिये हमहिं परिपूरण सुभायकै । औरै तप दान के
True,True,0.47348767737117253,0.033607169529499624,120,44,trisuli1890__09__r1l21.png,प्रयाससों न काम कछू जो पै जगजागौ तुम गंग सुख
True,True,0.1401938851603281,0.051826994780014915,132,48,trisuli1890__09__r1l22.png,पायकै २३ मैंतो हूं अनाथ तुमनेह करियुक्त मात नष्ट
True,True,0.04781319495922906,0.038917716827279465,126,48,trisuli1890__09__r1l23.png,गतिमेरी तुम शुद्ध गति दानीहौ । डूब्यो भवसागर में
True,True,0.5612397311426438,0.04256908140403286,122,49,trisuli1890__09__r1l24.png,तुम विश्वतारणि हौ मैं रोग पीड़ित तुम सिद्धि वैद्य
True,True,0.4287313432835821,0.038432835820895524,126,48,trisuli1890__09__r1l25.png,मानीहौ ॥ मेरो तो हृदयमात तृष्णाकरि ब्याकुलहै सु-
True,True,0.26656626506024095,0.036897590361445784,124,42,trisuli1890__09__r1l26.png,धाको समुद्र आपवेदन बखानीहौ । याते शिशुशरणि
True,True,0.06775170325510976,0.04125662376987131,140,43,trisuli1890__09__r1l27.png,तुम्हारी तकि आयो अब उचित बिधान सोई कीजै तुम
True,False,0.045316070068545315,0.0072353389185072356,138,46,trisuli1890__09__r1l29.png,स्यानीहौ २४ जादिनसों तेरी महि मंडल कल्यानी कथा
True,False,0.6271503365744203,0.012341062079281975,126,48,trisuli1890__09__r1l30.png,प्रकटीहै तादिनसों कौतुकयोंछायोहै । यमके नगरमाहिं
True,True,0.404047976011994,0.041979010494752625,132,42,trisuli1890__09__r1l31.png,पातकी पुकारतहैं तिनको जो कोलाहल दुसह बिला-
False,False,0.0,0.0,108,1,trisuli1890__09__r1l32.png,२
True,True,0.6428571428571429,0.07692307692307693,110,11,trisuli1890__10__r1l1.png,पीयूषलहरी ।
True,True,0.43946188340807174,0.16143497757847533,54,2,trisuli1890__10__line_1517231676078_159.png,१०
True,True,0.29011887072808323,0.07652303120356613,92,51,trisuli1890__10__r1l2.png,योहै ॥ याते यमदूतदुरिदुरि जाय जहां तहां ढूंढ़िबे को
True,False,0.4795539033457249,0.011524163568773234,92,45,trisuli1890__10__r1l3.png,प्रेतनको यतन उपायो है । औरै देवतानके बिमाननके
True,True,0.6924500370096225,0.04922279792746114,110,41,trisuli1890__10__r1l4.png,यूथ मिलि दिवकी गलीन दलि धूमसों मचायोहै २५
True,True,0.47270007479431564,0.037397157816005985,74,46,trisuli1890__10__r1l6.png,काम और क्रोध दोनोंदीपित दवागनि ज्यों तिनहीं ते
True,True,0.4332333083270818,0.038634658664666165,54,48,trisuli1890__10__r1l8.png,प्रकटी प्रबल जटाझरहै । ऐसो जो प्रचंड ज्वरताको जो
True,True,0.4077669902912621,0.05078416728902166,88,40,trisuli1890__10__r1l9.png,समूहतातेबसभयोपजरतमेरौबपुबरहै॥पौनकेसकाशते
True,True,0.4965062111801242,0.07298136645962733,54,43,trisuli1890__10__r1l13.png,प्रकाशमान गंगतेरेजलकेतरंगनको कणिका निकरहै ।
True,True,0.4976869699306091,0.07671549730146492,64,48,trisuli1890__10__r1l17.png,तेई वे हमारे दिन दिन प्रतिदूरि करौ एहो मात दिव्य
True,False,0.38352059925093634,0.02247191011235955,96,41,trisuli1890__10__r1l18.png,नदी तापन के भर है २६ जाके मध्य चर थिर जीव
True,True,0.7740601503759399,0.0518796992481203,100,41,trisuli1890__10__r1l19.png,सब बास करैं जोई तिहुँलोकनको एकओकहै उदार ।
True,True,0.5706766917293233,0.12368421052631579,60,45,trisuli1890__10__r1l22.png,सोई ब्रह्मण्ड ताकी तरल तरंगनसों तिंदुकके फलसम
True,False,0.773071104387292,0.01664145234493192,104,48,trisuli1890__10__r1l23.png,तामें चलै बारबार ॥ औरै त्रिपुरारिके अपार जटाजूटन
True,False,0.407309721175584,0.016955538809344386,108,44,trisuli1890__10__r1l24.png,में जिटिरह्यो जोई शोभा सुखको सकल सार । सोईयह
True,False,0.26879699248120303,0.007518796992481203,98,42,trisuli1890__10__r1l25.png,मात तेरे जलनको ब्रात अबहरौ सो हमारौ तन ताप
True,False,0.3707611152976639,0.005651846269781462,94,42,trisuli1890__10__r1l26.png,को अखिल भार २७ जाके तारिबेकीविधि तामें तत-
True,True,0.4623493975903614,0.035015060240963854,100,42,trisuli1890__10__r1l27.png,काल इहां तीरथ समूह सुनि लाजन मरत हैं । औरै
True,True,0.332953682611997,0.030372057706909643,90,43,trisuli1890__10__r1l29.png,त्रिपुरारि आदि देवता सकल जाके पातक विचारिकर
True,False,0.3002283105022831,0.0258751902587519,90,40,trisuli1890__10__r1l30.png,कानन धरत हैं ॥ दयाकरि कोमल हृदय जाको ऐसी
True,True,0.463768115942029,0.06407322654462243,71,52,trisuli1890__10__r1l32.png,तुम पापी जुमैंऐसो ताहि पावनकरतहैं । याही ते तुम्हारे
True,True,0.6984126984126984,0.03250188964474679,114,43,trisuli1890__10__r1l34.png,गुण तीरथ सुदेवनको पातक मथन गर्व खंडन करतहैं
True,False,0.2979529946929492,0.02084912812736922,92,40,trisuli1890__10__r1l35.png,२८ पापनकी अमितचिकित्सानहूते मनतिनके चलाय
True,True,0.4540273556231003,0.0729483282674772,78,48,trisuli1890__10__r1l37.png,मान ह्वै रहै निडर है । ऐसे श्वपचनके समूह तिनहूंन
True,False,0.24311926605504589,0.006498470948012232,104,40,trisuli1890__10__r1l38.png,तजी तिनहींकी मलिन सभानको निकर है ॥ जिनही
True,True,0.3333333333333333,0.04062262718299165,92,41,trisuli1890__10__r1l39.png,सभानको सदन ऐसो पातकी मैं ताहू के उधारन को
True,True,0.4919020715630885,0.21657250470809794,58,45,trisuli1890__10__line_1517231573795_158.png,बांधौ परिकर है । ऐसी तुम ए हो मात तिनकी बड़ाई
True,True,0.41097922848664686,0.05934718100890208,111,11,trisuli1890__11__r1l1.png,पीयूषलहरी ।
True,False,0.5681818181818182,0.0,101,2,trisuli1890__11__r1l2.png,११
True,False,0.4025423728813559,0.018875192604006163,105,41,trisuli1890__11__r1l3.png,ताहि करिबेको समरथ ऐसो कौननर है २९ यह चिर-
True,False,0.32946896035901274,0.02281226626776365,99,42,trisuli1890__11__r1l4.png,कालसों तुम्हारे अभिलाषहौ कि ऐसोमोहिं अबलगि
True,False,0.23962264150943396,0.012452830188679246,99,43,trisuli1890__11__r1l5.png,पातकी मिल्योनही । जाके तारिबे ते यह सकल जगत
True,True,0.6258477769404672,0.0693293142426526,137,42,trisuli1890__11__r1l6.png,मध्य बिस्मय अपार सबहिनकै भस्योसही ॥ सोई यह
True,True,0.28171206225680934,0.04124513618677043,101,46,trisuli1890__11__r1l7.png,मैंतौ सुर तटिनी तुम्हारे तट अतिही सनेहकरि चाह-
True,False,0.39270746018440905,0.003352891869237217,113,40,trisuli1890__11__r1l8.png,ना चितै यही । आयोसोई कीजिये सफल ताहि एहो
True,False,0.22924457741211668,0.013089005235602094,135,41,trisuli1890__11__line_1517231844181_162.png,गंग जोई अभिलाष माततुम्हारे मनैरही ३० निशि
True,False,0.3167044595616024,0.007558578987150416,101,44,trisuli1890__11__r1l11.png,दिन मेरी नीचसेवनमें आसकति त्योंहीं वृथाबचनको
True,True,0.45298507462686566,0.030970149253731344,84,52,trisuli1890__11__r1l13.png,करिबोहै बारबार । औरै ज्यों कुतर्कन में कीनोहै प्रचार
True,True,0.4597315436241611,0.03616703952274422,57,47,trisuli1890__11__r1l16.png,मैंने झूठीपर चुगलीको मननकरनहार ॥ मेरे या प्रकार
False,True,0.028647822765469823,0.06493506493506493,147,46,trisuli1890__11__line_1517231825350_161.png,के अपार गुण तिन्हैं सुनि सुनिकरिएहो मात तुमहीं
True,True,0.5250642673521851,0.04820051413881748,101,46,trisuli1890__11__r1l20.png,करो बिचार । छिनहूं जो मोसे पातकीको मुखदेखै ऐसो
True,False,0.29163526752072344,0.024491333835719668,103,40,trisuli1890__11__r1l22.png,तुम बिना और कौन जगमें अतिउदार ३१ एहो मात
True,False,0.4045112781954887,0.011278195488721804,113,46,trisuli1890__11__r1l24.png,गंग या जगतमाहिं जिनहीके हुये जो बिशाल नैन तोपै
True,False,0.44951744617668893,0.02190051967334818,117,42,trisuli1890__11__r1l25.png,कहा काम हैं । जिनसों न कबहूं परम रमणीक अति
True,False,0.5305970149253731,0.029104477611940297,121,48,trisuli1890__11__line_1517231803668_160.png,मूरति तुम्हारी ना निहारी अभिरामहैं॥औरैजिन प्राणि
True,False,0.31137048192771083,0.0007530120481927711,103,42,trisuli1890__11__r1l29.png,नके श्रवण उदारमात बारबार तिनकोधिकार परिनाम
True,True,0.48484848484848486,0.06247661803217359,69,46,trisuli1890__11__line_1517231928716_163.png,हैं । जिनसोंन कबहूंतुम्हारी जेतरंगनको कलकलशब्द
True,True,0.5548411497730711,0.047655068078668684,119,47,trisuli1890__11__r1l35.png,जोसुन्योन सुखधामहैं ३२ सुकृतीपुमान तौस्वइच्छाते
True,False,0.38449962377727614,0.01655379984951091,100,45,trisuli1890__11__r1l37.png,बिमानबैठि जातसुरपुरको प्रमोद उरलाइकै । औरैपर-
True,False,0.4935993975903614,0.025225903614457833,107,39,trisuli1890__11__r1l38.png,बशहोइ पातकी अपारतहां नरकनभीतर परतदुखपा-
True,True,0.443716268311488,0.05397070161912105,72,43,trisuli1890__11__r1l42.png,इकै ॥ अशुभमयमूरति जादेशकीतादेशहूमेंरहतबिभा-
True,False,0.37786259541984735,0.014885496183206106,101,39,trisuli1890__11__r1l43.png,ग यहऐसोनितछाइकै । लीलाकरिकेई जिनपातकबि-
True,True,0.47415730337078654,0.049812734082397,111,42,trisuli1890__11__r1l44.png,नाशकीने ऐसीजहां तुमनाबिराजो मातआइकै ३३ मा-
True,True,0.3822188449848024,0.03343465045592705,103,45,trisuli1890__11__r1l46.png,रतदुजनहीको गुरुत्रियइच्छाकरै हरैंजेकनकअरुकरैं
True,True,0.75,0.30823863636363635,64,15,vyasa1896__01__line_1517224627924_3.png,वेदास्तुतिसाटीक
False,True,0.0,0.2265625,54,6,vyasa1896__01__line_1517224620263_2.png,जिसमें
True,False,0.8110599078341014,0.009216589861751152,53,36,vyasa1896__01__r10l23.png,श्रमिद्भागवत के दशमस्कन्ध के सत्तासी
True,True,0.49403122130394855,0.03764921946740129,64,36,vyasa1896__01__line_1517224660227_4.png,अध्यायकी वेदोंकी कीहुई श्रीभगवान् की
True,False,0.24622356495468278,0.02416918429003021,57,23,vyasa1896__01__r10l35.png,स्तुति वर्णन कीगई है ।।
True,False,0.43478260869565216,0.0,43,5,vyasa1896__01__r10l39.png,जिसको
True,False,0.4822565969062784,0.0,47,35,vyasa1896__01__r10l43.png,महात्मावेदव्यासजीने ललितश्लोकों में
True,False,0.5876494023904383,0.00199203187250996,59,15,vyasa1896__01__r10l46.png,रचना किया था ।।
True,False,0.9696969696969697,0.0,40,3,vyasa1896__01__r10l49.png,वही
True,True,0.04568527918781726,0.11759729272419628,61,38,vyasa1896__01__line_1517224689537_5.png,उत्तम संस्कृतटीकासहित अत्यन्तशुद्धहोकर
True,True,0.5094339622641509,0.04150943396226415,39,7,vyasa1896__01__r10l56.png,पहलीबार
True,False,0.24714828897338403,0.0,48,4,vyasa1896__01__r10l58.png,लखनऊ
True,False,0.33088235294117646,0.0,55,3,vyasa1896__01__r10l59.png,181
True,True,0.4076999012833169,0.040473840078973346,45,42,vyasa1896__01__r10l63.png,"मुंशी नवलकिशोर (सी, आई, ई) के छापेख़ने छपी"
True,False,0.5518867924528302,0.0,43,17,vyasa1896__01__r10l67.png,जनवरी सन् १८९६ ई०
True,False,0.05827067669172932,0.0,89,16,vyasa1896__02__line_1517224790030_6.png,श्रीगणेशायनमः ।।
True,True,0.5329512893982808,0.0329512893982808,97,13,vyasa1896__02__line_1517224802600_7.png,वेदस्तुतिसटीक
True,False,0.36087295401402963,0.020265003897116135,121,17,vyasa1896__02__r1l8.png,जयजयजह्यजामजितदोष
True,True,0.29088471849865954,0.08310991957104558,105,26,vyasa1896__02__line_1517224840698_8.png,गृभीतगुणांत्वमसियदात्मना स
True,True,0.41367159971811135,0.047216349541930935,110,25,vyasa1896__02__r1l19.png,मवरुद्धसमस्तभगः ।। अगजगदो
True,True,0.3452461227242077,0.033715441672285906,106,24,vyasa1896__02__line_1517224922268_9.png,कसामखिलशक्त्यवबोधकते क्व
True,True,0.4354948805460751,0.034129692832764506,113,24,vyasa1896__02__r1l29.png,चिदजयात्मना च चरतोऽनुचरे
True,False,0.39389736477115117,0.011095700416088766,87,15,vyasa1896__02__r1l31.png,न्निगमः ।। १ ।।
True,True,0.18682114409847936,0.0391020999275887,106,44,vyasa1896__02__r1l32.png,श्रमिथुरेशोजयति ।। हे अजितनकेनाऽपिजितस्त्वंज
True,False,0.20799457994579945,0.02100271002710027,96,45,vyasa1896__02__r1l36.png,यजयसर्वोत्कर्षेणविराजमानोभव अथ च अजांनिद्रांज
True,False,0.2459349593495935,0.029132791327913278,87,41,vyasa1896__02__r1l39.png,हित्यज अथवा अगजगदोकसांजीवानांअजांमायांजहि
True,False,0.22408026755852842,0.0274247491638796,95,46,vyasa1896__02__r1l43.png,कथंभूतां दोषगृभीतगुणांअगजगदोकसांजीवानांस्वरूपा
True,False,0.22672064777327935,0.01417004048582996,95,49,vyasa1896__02__r1l45.png,ज्ञानांर्थगृहीतागुणाः सत्वरजस्तमोरूपाययातं कथंभूत
True,False,0.25,0.0,110,55,vyasa1896__02__r1l47.png,स्त्वं यद्यस्मात्कारणात्त्वंआत्मनैवस्वरूपेणैवसमवरुद्धाः
True,False,0.04712404712404712,0.0,100,80,vyasa1896__02__r1l48.png,प्राकृत्यःश्रुतयःसर्वाभगवंतंमधोक्षजम् । स्तुवंतिदोषनाशायतत्राविष्टोभवेद्यथा १ ।।
True,False,0.5869565217391305,0.0,56,1,vyasa1896__03__line_1517225010712_10.png,३
True,True,0.36009732360097324,0.043795620437956206,50,12,vyasa1896__03__r2l1.png,वेदस्तुति स०
True,False,0.3778833107191316,0.015603799185888738,42,42,vyasa1896__03__r2l2.png,समस्ताऐश्वर्यादयोभगायेन एतादृशोऽसि अगजगदोक
True,False,0.43766756032171583,0.006702412868632708,43,42,vyasa1896__03__r2l8.png,सांहेअखिलशक्त्यवबोधकस्थावरंजगमजीवानांअखिला
True,False,0.4904109589041096,0.024657534246575342,36,50,vyasa1896__03__r2l12.png,निइंद्रियाणितेषांशक्त्यवबोधकशक्तिप्रकाशकइत्यर्थः आ
True,False,0.25401459854014596,0.02408759124087591,46,47,vyasa1896__03__line_1517225065780_11.png,त्मनाचरतःस्वरूपेणैवक्रीडतस्तेतवनिगमःअनुचरेत् से
True,False,0.35815842924847663,0.010832769126607989,48,49,vyasa1896__03__r2l22.png,वनंकरोतीत्यर्थः कयंभूतस्यतवक्वचिदजयाचचरतः ।। १ ।।
True,True,0.19148936170212766,0.19756838905775076,56,23,vyasa1896__03__line_1517225262350_13.png,बृहदुपलब्धमेतदवयंत्यवशे
True,True,0.20446851726472579,0.20853080568720378,67,27,vyasa1896__03__line_1517225271039_14.png,षतयायतउदयास्तमयौ विकृतेर्मृ
True,True,0.2559081701553005,0.08507765023632681,72,25,vyasa1896__03__line_1517225284360_15.png,दिवाविकृतात् ।। अतऋषयोदधु
True,True,0.46617050067659,0.18538565629228687,62,24,vyasa1896__03__line_1517225294497_16.png,स्त्वयिमनो वचनाचरितं कथम
True,True,0.20364126770060686,0.09710047201618341,67,26,vyasa1896__03__line_1517225302441_17.png,यथाभवंति भुवि दत्तपदानि नृ
True,True,0.22167487684729065,0.19376026272577998,59,12,vyasa1896__03__line_1517225316135_18.png,णाम् ।। २ ।।
True,False,0.28613138686131384,0.012408759124087591,51,46,vyasa1896__03__r2l85.png,अवशेषतयाउपलब्यंप्राप्तंएतत्चराचरं जगत्ब्रह्मवि
True,False,0.2776659959758551,0.028169014084507043,51,51,vyasa1896__03__r2l92.png,दःवेदाश्चबृहदित्येवअवयंतिअक्षरब्रह्मत्वेन जानंतीत्य
True,False,0.7714093054619016,0.016183412002697236,56,48,vyasa1896__03__line_1517225232106_12.png,र्थः यतः ब्रह्मणःसकाशादुदयास्तमयौजगतउत्पत्तिप्रल
True,False,0.24711473183978275,0.02240325865580448,52,51,vyasa1896__03__r2l103.png,यौभवतःतत्रदृष्टांतःविकृतेर्मृदिवाविकृतात् घटशरावादे
True,True,0.27595628415300544,0.041666666666666664,45,48,vyasa1896__03__r2l106.png,र्थदाप्रलयस्तदाअविकृतात्हेतोः मृदेवाऽवशिष्यते अव
True,False,0.7940969782150387,0.02600140548137737,39,75,vyasa1896__03__r2l107.png,*सत्योहरिःसमस्तेषुभ्रमभातेष्वपिस्थिरः ।। अतःअंतःसमस्तार्थेकृष्णमेवविजानते २
True,False,0.40476190476190477,0.0,62,1,vyasa1896__04__r1l1.png,४
True,True,0.10049019607843138,0.07598039215686274,82,14,vyasa1896__04__r1l2.png,वेदस्तुति स० ।
True,True,0.17489986648865152,0.03871829105473965,99,52,vyasa1896__04__r1l3.png,शेषतयातिष्ठतीत्यर्थः अतःकारणादृषयोवेदद्रष्टारःवेदावा
True,False,0.08100929614873838,0.029880478087649404,113,47,vyasa1896__04__r1l4.png,मनोवचनाचरितंयत्किंचिन्मनसाविभाव्यं यत्किंचिद्वा
True,False,0.3404255319148936,0.011667810569663692,78,57,vyasa1896__04__r1l7.png,चाअनूद्यंतत्सर्वंत्वय्येवदधुर्धारयंतीत्यर्थः यथानृणांभुवि
True,True,0.16789791806581597,0.03492276695768973,96,47,vyasa1896__04__r1l8.png,दत्तपदानिअयथाअन्यथाकथंभवंतिनभवंतीत्यर्थः भूमावे
True,False,0.07311320754716981,0.0,85,14,vyasa1896__04__r1l9.png,वपतंति ।। २ ।।
True,False,0.41171617161716173,0.02392739273927393,80,20,vyasa1896__04__line_1517225625225_19.png,इतितव सूरयस्यधिपतेखि
True,False,0.4416553595658073,0.0,106,21,vyasa1896__04__r1l15.png,ललोकमलक्षपणकथामृतावधि
True,False,0.46015625,0.02109375,94,28,vyasa1896__04__r1l16.png,मवगाह्यतपांसिजहुः ।। किमुतपु
True,True,0.3803810868031052,0.08750882145377559,66,22,vyasa1896__04__r1l21.png,न: स्वधामविधुताशयकालगु
True,False,0.4203508771929825,0.018245614035087718,84,24,vyasa1896__04__r1l24.png,णाः परमभजंतिये पदमजस्रसु
True,True,0.49144254278728605,0.0488997555012225,107,16,vyasa1896__04__r1l25.png,खानुभवम् ।। ३ ।।
True,False,0.06691176470588235,0.003676470588235294,98,45,vyasa1896__04__r1l26.png,हे त्र्यधिपते इति एवं निश्चित्य सूरयः तव अखिल
True,False,0.07764390896921017,0.024096385542168676,97,41,vyasa1896__04__r1l27.png,लोकमलक्षपणकथामृताब्धिं अवगाह्य तपांसिसाधन
False,False,0.015667574931880108,0.01226158038147139,93,47,vyasa1896__04__r1l28.png,क्लेशान् जहुः हे परम येअजस्रसुखानुभवं पदं तव चर
True,False,0.4404283801874163,0.018741633199464525,74,49,vyasa1896__04__r1l29.png,णारविंदं भजंति ते पुनः किमुत कथंभूतास्ते स्वधामवि
True,False,0.4688128772635815,0.00670690811535882,85,52,vyasa1896__04__r1l31.png,धुताशयकालगुणाः स्वस्यधामस्फूर्त्तिः तेनैव विधुताः दू
True,False,0.03681392235609103,0.0,87,85,vyasa1896__04__r1l33.png,* कथानंत्योक्तिहृदयाःसाधनानिविकुर्वते ।। साज्ञात्तेपादसंश्लिष्टास्तेकिंवाच्यामहाशयाः३
True,False,0.038834951456310676,0.0,80,14,vyasa1896__05__r3l1.png,वेदस्तुति स० ।
True,False,0.3333333333333333,0.0,67,1,vyasa1896__05__r3l2.png,५
True,False,0.30181086519114686,0.022132796780684104,76,42,vyasa1896__05__r3l3.png,रीकृताः आशयगुणाः अन्तःकरणगुणाः कामादयः काल
True,True,0.03142857142857143,0.05,70,24,vyasa1896__05__line_1517225836872_21.png,गुणाजरादयोयैस्ते ।। ३ ।।
True,True,0.4643660915228807,0.15303825956489123,86,25,vyasa1896__05__line_1517225842625_22.png,* दृतयइवश्वसंत्यसुभृतोयदि
True,True,0.3945260347129506,0.09279038718291055,98,24,vyasa1896__05__line_1517225850667_23.png,तेनुविधामहदहमादयोण्डमसृज
True,False,0.4273801250868659,0.02849200833912439,85,30,vyasa1896__05__r3l16.png,न्यदनुग्रहतः ।। पुरुषविधोन्वयो
True,True,0.6595030221625252,0.2256548018804567,72,25,vyasa1896__05__line_1517225873271_24.png,त्रचरमोन्नमयादिषुयःसदसतःप
True,False,0.45605187319884727,0.0,82,28,vyasa1896__05__r3l23.png,रंत्वमथयदेष्ववशेषमृत ।। ४ ।।
True,False,0.1263537906137184,0.0,86,49,vyasa1896__05__r3l24.png,यदि ये जीवाः तेनुविधास्त्वदनुविधास्त्वत्सेवायां स
True,False,0.08575286968264687,0.014854827819041188,89,47,vyasa1896__05__r3l25.png,न्मुखास्तदा ते एव असुभृतः सफलप्राणाः अन्यथा दृत
True,False,0.24983255190890824,0.0,80,52,vyasa1896__05__r3l26.png,यइव भस्त्राइव श्वसंति परोपद्रवार्थमेवजीवंतीत्यर्थः य
True,False,0.12121212121212122,0.0,92,46,vyasa1896__05__r3l27.png,दनुग्रहतः महदहमादयः ब्रह्माण्डमसृजन् अन्नमयादि
True,True,0.46472184531886024,0.044097693351424695,59,50,vyasa1896__05__r3l29.png,षुयश्चरमः अन्त्यः आनन्दमयः सः अत्र देहेषुपुरुषविधः
True,False,0.13078470824949698,0.004694835680751174,87,48,vyasa1896__05__r3l30.png,अन्वयश्च सदसतः परं कार्यकारणतः परं यत् तत्त्वमेव
True,False,0.2442489851150203,0.010148849797023005,85,48,vyasa1896__05__r3l31.png,अथ यत् एषु कार्यकारणात्मकसर्ववस्तुषु अवशेषं ऋतंस
True,False,0.5949008498583569,0.0,70,29,vyasa1896__05__r3l32.png,त्यंतत्त्वमेवेत्यर्थः ।। ४ ।।
True,True,0.5166790214974055,0.05856189770200148,83,26,vyasa1896__05__line_1517225772057_20.png,+ उदरमुपासतेयऋषिवर्त्मसुकू
False,True,0.011134307585247043,0.0675017397355602,80,74,vyasa1896__05__r3l40.png,* कृष्णएवसदासेव्योनिर्णीतःपंचधावुधैः ।। शरीरदःप्रेरकश्चसुखदःशेषसत्पदः ४ ।।
False,False,0.008350730688935281,0.0,86,78,vyasa1896__05__r3l41.png,+ कर्मरूपंहरिंकेचित्सेवंतेयोगरूपिणम् ।। तेभ्योप्यक्षररूपस्यमेषकाःसंमताःसताम् ५
True,True,0.23809523809523808,0.21428571428571427,54,1,vyasa1896__06__line_1517226225474_25.png,६
True,True,0.09900990099009901,0.04455445544554455,66,14,vyasa1896__06__r2l1.png,वेदस्तुति स० ।
True,True,0.4569855471438403,0.10254645560908465,67,31,vyasa1896__06__r2l3.png,र्पदृशः परिसरपद्धतिंत्दृदयमारुण
True,True,0.5741849634065203,0.06387225548902195,85,26,vyasa1896__06__line_1517226243060_26.png,योदहरम् ।। तत उदगादनंततवधा
True,True,0.4012056262558607,0.1319490957803081,87,27,vyasa1896__06__line_1517226247959_27.png,मशिरःपरमं पुनरिहयत्समेत्य न
True,False,0.310634328358209,0.018656716417910446,97,23,vyasa1896__06__r2l22.png,पतंतिकृतांतमुखे ।। ५ ।।
True,True,0.30463096960926195,0.05137481910274964,92,52,vyasa1896__06__r2l24.png,ये ऋषिवर्त्मसु वेदोक्तमार्गेषु उदरं कर्मउपासते ते कू
True,False,0.27766463000678887,0.002036659877800407,68,51,vyasa1896__06__r2l27.png,र्पदृशः रजोपिहितदृष्टयः ये दहरं त्दृदयं उपासते ते आ
True,False,0.2813127930341594,0.024112525117213665,75,50,vyasa1896__06__r2l29.png,रुणयः अरुणवंशजाः अल्पप्रकाशयुक्ताः कथंभूतं त्दृदयं
True,True,0.3297515110812626,0.05104096709200806,89,47,vyasa1896__06__r2l30.png,परिसरपद्धतिंपरितः सरंतीतिपरिसरानाड्यः तासांपद्ध
True,False,0.3290969899665552,0.0,71,52,vyasa1896__06__r2l31.png,तिर्मार्गोयत्रतं हे अनन्त परमं तव धाम ततस्त्रैलोक्या
True,False,0.4105691056910569,0.0047425474254742545,74,52,vyasa1896__06__r2l33.png,त्कालादपि शिरः ऊर्ध्वमेवोदगात् यत्समेत्य यद्भगवत्स्व
True,False,0.39066666666666666,0.018,72,57,vyasa1896__06__r2l36.png,रूपंप्राप्यप्राणिनः इह संसारेकृतान्तमुखे न पतन्ति ।। ५ ।।
True,True,0.3588957055214724,0.03144171779141104,79,25,vyasa1896__06__line_1517226322228_29.png,* स्वकृतविचित्रयोनिषु विश
True,True,0.5244474212993971,0.08975217682518419,93,26,vyasa1896__06__line_1517226329361_30.png,न्निवहेतुतया तरतमतश्चकास्य
True,False,0.38779803646563815,0.01332398316970547,93,28,vyasa1896__06__line_1517226291953_28.png,नलवत्स्वकृतानुकृतिः ।। अथवित
True,False,0.45365168539325845,0.018258426966292134,83,26,vyasa1896__06__r2l63.png,थास्वमूष्ववितथंतवधामसमंविर
True,False,0.07676203768318214,0.0,64,84,vyasa1896__06__r2l64.png,* सर्वत्रभगवांस्तुल्यःसर्वदोषविवर्जितः ।। क्रीडार्थमनुकुर्वन्हिसर्वत्रैवविराजते ६ ।।
False,True,0.0,0.4,54,1,vyasa1896__07__line_1517226524946_31.png,७
True,True,0.47560975609756095,0.07560975609756097,46,14,vyasa1896__07__r2l2.png,वेदस्तुति स० ।
True,True,0.6369770580296896,0.26180836707152494,62,25,vyasa1896__07__line_1517226531476_32.png,जधियोऽन्वयंत्यभिविपण्यव ए
True,True,0.32653061224489793,0.03139717425431711,69,13,vyasa1896__07__r2l10.png,करसम् ।। ६ ।।
True,True,0.3100944081336238,0.032679738562091505,47,47,vyasa1896__07__r2l11.png,स्वकृतविचित्रयोनिषु स्वेनैव कृतासु देवमनुष्यादि
True,False,0.3842530282637954,0.02288021534320323,48,48,vyasa1896__07__r2l12.png,शरीररूपविचित्रयोनिषु हेतुतया कारणरूपतयातत्र स्थि
True,True,0.2950268817204301,0.03696236559139785,50,57,vyasa1896__07__r2l16.png,तएवत्वं विशन्निव प्रवेशं कुंर्वन्निव तरतमतः देवतिर्यङ्मनु
True,False,0.46206425153793573,0.001367053998632946,47,49,vyasa1896__07__r2l18.png,ष्यादिभावेन राजादिभावेनचचकासि दीप्यसे अत्रदृष्टां
True,False,0.4825970548862115,0.02610441767068273,37,52,vyasa1896__07__r2l21.png,तः अनलोग्निस्तद्वत् यथाग्निः सर्वत्रकाष्ठेषुस्थित एव
True,True,0.33978638184245663,0.03404539385847797,49,53,vyasa1896__07__r2l22.png,पुनस्तत्रप्रविशन् वर्णभेदं दीर्घवक्रादिकं च तनुते तथा
True,False,0.4425789120214909,0.018132975151108125,41,44,vyasa1896__07__r2l27.png,भगवानपि स्वकृतानुकृतिस्वकृतमनुकरोति अथ वितथा
True,True,0.3516483516483517,0.05631868131868132,49,50,vyasa1896__07__r2l28.png,सु मिथ्याभूतासु अमूषुयोनिषु तव अवितथं सत्यं धाम वि
True,False,0.3387205387205387,0.008754208754208754,41,47,vyasa1896__07__r2l32.png,रजधियः अन्वयंति जानंतीत्यर्थः कथंभूतं धाम समं ए
True,False,0.4012137559002023,0.006743088334457181,52,41,vyasa1896__07__line_1517226576613_33.png,करसंच कथंभूताः विरजधियः अभिविपण्यवः अभितः
True,False,0.44763860369609854,0.012320328542094456,43,43,vyasa1896__07__r2l37.png,सर्वतः इहलोकेपरलोकेच विशेषेणगताः पणवोव्यवहा
True,False,0.6162790697674418,0.0,57,17,vyasa1896__07__r2l38.png,रायेषांते ।। ६ ।।
True,True,0.2684049079754601,0.20245398773006135,64,29,vyasa1896__07__line_1517226607761_34.png,* स्वकृतपुरेष्वमीष्वबहिरंतरसं
True,True,0.432712215320911,0.05935127674258109,52,28,vyasa1896__07__r2l45.png,वरणं तवपुरुषं वदंत्यखिलशक्ति
True,True,0.537568306010929,0.2390710382513661,54,31,vyasa1896__07__line_1517226624760_35.png,धृतोंशकृतम् ।। इतिनृगतिंविविच्य
True,False,0.0685595567867036,0.019390581717451522,51,83,vyasa1896__07__r2l52.png,* गुप्तानंदायतोजीवानिरानंदंजगद्यतः ।। पूर्णानंदोहरिस्तस्माज्जीवैःसेव्यःसुखार्थिभिः७
False,False,0.0,0.0,54,1,vyasa1896__08__line_1517226756086_36.png,८
True,True,0.065,0.0475,82,14,vyasa1896__08__r1l2.png,वेदस्तुति स० ।
True,False,0.5388383484954513,0.015395381385584325,91,24,vyasa1896__08__r1l4.png,क वयोनिगमावपनंभवतउपासतें
True,False,0.4381153305203938,0.01969057665260197,98,31,vyasa1896__08__r1l7.png,घ्रिमभवंभुविविश्वासिताः ।। ७ ।।
True,True,0.11612903225806452,0.03225806451612903,92,51,vyasa1896__08__r1l8.png,स्वकृतपुरेषु भगवत्कृतपुरेषु एषु देवतिर्यङ्मनुष्यादि
True,False,0.05976095617529881,0.0,98,48,vyasa1896__08__r1l9.png,शरीरेषु अखिलशक्तिधृतस्तवपुरुषंजीवं अंशकृतं अंशेन
True,True,0.13008130081300814,0.042682926829268296,95,51,vyasa1896__08__r1l10.png,कृतं अंशकृतं त्वदंशं ये वदंति कथंभूतं बहिरंतरसंवरणं
True,True,0.08444148936170212,0.061170212765957445,107,50,vyasa1896__08__r1l11.png,न विद्यते बाह्माभ्यंतरभेदेन संवरणमावरणं यस्यतं इति
True,False,0.15910629654705485,0.007447528774542992,97,50,vyasa1896__08__r1l12.png,नृगतिंविविच्यएवंप्रकारेण जीवगतिंज्ञात्वा कवयः निपु
True,True,0.1134089392928619,0.057371581054036024,103,43,vyasa1896__08__r1l13.png,णः भवतः अंघ्रिचरणं अभवं जन्मादिरहितं उपासते
True,True,0.06466666666666666,0.035333333333333335,102,47,vyasa1896__08__r1l14.png,कथंभूतंअंघ्रिं निगमावपनं निगमावेदा आसमंतात्उप्य
True,False,0.09134287661895024,0.023176550783912748,102,48,vyasa1896__08__r1l15.png,ते अस्मिन्तं यथा सकल बीजानां आवपनस्थानं क्षेत्रं
True,False,0.08885941644562334,0.013262599469496022,101,47,vyasa1896__08__r1l16.png,तथा सकलवेदोक्तकर्मफलानां सफलत्वमत्रैवेत्यर्थः क
True,True,0.14899328859060404,0.03959731543624161,95,47,vyasa1896__08__r1l17.png,थंभूताः कवयः भुविविश्वसिताः भूमावेव भगवतिविश्वा
True,True,0.12058212058212059,0.04781704781704782,84,18,vyasa1896__08__r1l19.png,संकुर्वंति ।। ७ ।।
True,False,0.5027322404371585,0.02888368462138954,100,23,vyasa1896__08__r1l21.png,* दुरवगमात्मतत्वनिगमायत
True,True,0.3383705650459921,0.1445466491458607,90,27,vyasa1896__08__line_1517226852238_38.png,वात्ततनोश्चरितमहामृताऽब्धिप
True,True,0.55257586450247,0.03669724770642202,88,31,vyasa1896__08__line_1517226827978_37.png,रिवर्त्तपरिश्रमणाः ।। नपरिलषंति
False,False,0.009122807017543859,0.0,100,71,vyasa1896__08__r1l42.png,* कृष्णेहरौभगवतिपरमानंदसागरः ।। वर्त्ततेनात्रसंदेहःकथातत्रनियामिका ८ ।।
True,False,0.06779661016949153,0.0,93,14,vyasa1896__09__r2l1.png,वेदस्तुति स० ।
True,False,0.21428571428571427,0.0,59,1,vyasa1896__09__line_1517226990922_39.png,९
True,False,0.5904292751583392,0.009852216748768473,87,26,vyasa1896__09__line_1517227003827_40.png,केचिदपवर्गमपीश्वरते चरणसरो
True,True,0.37097878165639975,0.045174537987679675,96,30,vyasa1896__09__r2l6.png,जहंसकुलसंगविसृष्टगृहाः ।। ८ ।।
True,False,0.06990434142752024,0.007358351729212656,92,40,vyasa1896__09__r2l7.png,दुरवगमात्मतत्वनिगमाय दुःखेनापि अवगतः गमो
True,False,0.03595206391478029,0.0,96,47,vyasa1896__09__r2l8.png,ज्ञानंयस्यस आत्माकेनापिज्ञातुमशक्यः तस्यच तत्वम
True,False,0.06048387096774194,0.010080645161290322,105,52,vyasa1896__09__r2l9.png,पिदुर्ज्ञेयं तस्य निगमाय ज्ञानाय आत्ततनोः स्वीकृतदेह
True,False,0.04032258064516129,0.0114247311827957,99,52,vyasa1896__09__r2l10.png,स्य तव चरित्ररूपोयो महामृतसमुद्रस्तत्रपरिवर्त्तः परि
True,False,0.06174496644295302,0.0006711409395973154,104,52,vyasa1896__09__r2l11.png,वर्त्तनं बहुधा आलोडनं तदर्थंपरिश्रमणाः परितः श्रमोये
True,False,0.0689419795221843,0.0,103,50,vyasa1896__09__r2l12.png,षां हेईश्वर एतादृशाः केचिद्विरलाभक्ताः अपवर्गमपिमो
True,False,0.07133333333333333,0.005333333333333333,103,51,vyasa1896__09__r2l13.png,क्षसुखमपितेनपरिलषंति न वांछंतीत्यर्थः कथंभूताभक्ताः
True,False,0.4902093180283592,0.02700877785280216,60,49,vyasa1896__09__r2l15.png,ते तव चरणसरोजैकाश्रयाः येहंसास्तेषांकुलः समूहस्ते
True,False,0.10610932475884244,0.023579849946409433,82,40,vyasa1896__09__line_1517227081949_42.png,षां सङ्गार्थं विसृष्टंगृहंयैस्ते ।। ८ ।।
True,True,0.3603112840466926,0.14552529182879378,70,24,vyasa1896__09__r2l21.png,* त्वदनुपथंकुलायमिदमात्म
True,True,0.5224913494809689,0.15847750865051904,49,34,vyasa1896__09__r2l30.png,सुत्दृत्प्रियवच्चरतितथोन्मुखेत्वयि
True,False,0.3518915060670949,0.0,83,26,vyasa1896__09__r2l32.png,हितेप्रियआत्मनिच ।। नबतरमं
True,True,0.7003389830508474,0.18033898305084745,80,24,vyasa1896__09__line_1517227075175_41.png,त्यहो असदुपासनयात्महनोयद
False,False,0.0,0.0,95,87,vyasa1896__09__r2l37.png,* असत्संगोनकर्त्तव्योभक्तिमार्गस्यबाधकः ।। देहेह्मनुगुणेकृष्णेनेंद्रियाणांप्रियंभवेत् ९
True,False,0.1527777777777778,0.0,63,2,vyasa1896__10__r1l1.png,१०
False,True,0.020100502512562814,0.07035175879396985,68,14,vyasa1896__10__r1l2.png,वेदस्तुति स० ।
True,True,0.29172320217096337,0.14586160108548168,67,29,vyasa1896__10__line_1517227239295_43.png,नुशया भ्रमंत्युरुभये कुशरीरभृ
True,False,0.29691211401425177,0.0,71,10,vyasa1896__10__r1l13.png,तः ।। ९ ।।
True,False,0.15301724137931033,0.0,88,45,vyasa1896__10__r1l14.png,कुलायं पक्षिणां नीडं तथा जीवस्यनीडं शरीरं इदं
True,True,0.16055962691538975,0.0519653564290473,80,47,vyasa1896__10__r1l15.png,कुलायं नीडरूपं शरीरं त्वदनुपथं अनुगुणसेवकरूपं आ
True,False,0.24158815612382234,0.0,83,51,vyasa1896__10__r1l16.png,त्मवत्सुत्दृदवत् प्रियवच्चरति जीवस्य हितमेव करोति त
True,False,0.08893414799728445,0.008146639511201629,85,56,vyasa1896__10__r1l17.png,था उन्मुखे त्वयि स्वसेवार्थं ब्राह्मणादिदेहदानेन सन्मुखे
True,False,0.1617946974847043,0.0013596193065941536,78,44,vyasa1896__10__r1l18.png,सति अथ च प्रिये आत्मनिआत्मरूपे च असद उपासनया
True,False,0.48563794255177023,0.02004008016032064,55,49,vyasa1896__10__r1l20.png,क्षुद्रदेवतोपासनया इन्द्रियाणांवाउपासनया ये यदनुश
True,False,0.3103212576896787,0.016404647983595352,75,51,vyasa1896__10__r1l22.png,याः सन्तः यस्मिन्नसत्सङ्गे अनुशयः अन्तःकरणंयेषां ते
True,False,0.3261744966442953,0.0,72,44,vyasa1896__10__r1l23.png,आत्महन आत्मघातिनः अहो आश्चर्येबतेतिखेदे सकले
True,True,0.7022388059701492,0.05522388059701493,57,57,vyasa1896__10__r1l27.png,न्द्रियसामर्थ्ययुक्तं भगवद्वैदिकधर्मोपयिकं सर्वानुगुणंशरी
True,False,0.08927335640138408,0.01591695501730104,76,51,vyasa1896__10__r1l29.png,रं प्राप्य अथच सर्वात्मना उन्मुखेसति त्वयि न रमन्ति
True,True,0.5209621993127148,0.06735395189003436,60,60,vyasa1896__10__r1l31.png,सेवाद्याशक्तिं न कुर्वन्ति ते कुशरीरं मोक्षानुपयोगि मुहुर्मु
True,True,0.5409614082599865,0.033852403520649964,54,56,vyasa1896__10__r1l33.png,हुर्जन्ममरणादिरूपं प्राप्य उरुभये महद्भययुक्ते संसारेपरि
True,False,0.37043478260869567,0.0,67,22,vyasa1896__10__r1l34.png,भ्रमंतीत्यर्थः ।। ९ ।।
True,True,0.2570093457943925,0.04984423676012461,72,24,vyasa1896__10__r1l37.png,* निभृतमरुन्मनोक्षदृढयोग
True,True,0.40924775707384403,0.04071773636991028,88,27,vyasa1896__10__line_1517227313868_44.png,युजोत्दृदि यन्मुनयउपासतेतदर
False,False,0.02631578947368421,0.0,79,80,vyasa1896__10__r1l40.png,* सर्वएवहरेर्भक्तास्तुल्यायान्मन्यतेहरिः ।। अतःकृष्णोयथात्मीयान्मन्यतेभजनंतथा १०
True,True,0.07360406091370558,0.07614213197969544,82,14,vyasa1896__11__r2l1.png,वेदस्तुति स० ।
True,False,0.5,0.0,74,2,vyasa1896__11__r2l2.png,११
True,False,0.4737201365187713,0.020477815699658702,111,31,vyasa1896__11__r2l3.png,योपिययुःस्मरणात् ।। स्त्रियउरगे
True,True,0.4902749832327297,0.15425888665325285,89,27,vyasa1896__11__line_1517227440793_45.png,न्द्रभोगभुजदंडविशक्तधियो वय
True,False,0.4547945205479452,0.018493150684931507,114,27,vyasa1896__11__line_1517227462960_46.png,मपितेसमाः समदृशोंघ्रिसरोजसु
True,False,0.23973727422003285,0.0,108,12,vyasa1896__11__r2l10.png,धाः ।। १० ।।
True,False,0.32054992764109985,0.017366136034732273,76,41,vyasa1896__11__r2l13.png,मुनयः यत् भगवंतं त्दृदिमानसपूजादिनाउपासते
True,False,0.057534246575342465,0.0027397260273972603,110,47,vyasa1896__11__r2l14.png,देव भगवत्स्वरूपं तदरयोपि शिशुपालादयोपि स्मरणात्
False,True,0.026881720430107527,0.05577956989247312,106,50,vyasa1896__11__r2l15.png,ययुः कथंभूतामुनयः नितरांभृतः मस्द्वायुःमनः अक्षाणि
True,True,0.17567567567567569,0.03310810810810811,93,58,vyasa1896__11__r2l16.png,इंद्रियाणिचतैः कृत्वा ये दृढं योगं युंजंति ते अथच स्त्रियः
False,False,0.02562373567093729,0.024275118004045852,113,55,vyasa1896__11__r2l17.png,गोप्योपि तदेव भगवंतं ययुः कथंभूताः स्त्रियः उरगेंद्रस्य
False,False,0.018646408839779006,0.0055248618784530384,106,48,vyasa1896__11__r2l18.png,शेषस्य भोगइव कायइव यौबाहू तत्र विशक्ता धीर्यासां
False,True,0.017461383478844864,0.03022162525184688,99,54,vyasa1896__11__r2l19.png,तादृश्यः वयंचश्रुतयः सर्वादरणीयाः तदेवत्वांप्रापुः एवं
True,False,0.03206412825651302,0.014028056112224449,104,47,vyasa1896__11__r2l20.png,स्त्रियः पुरुषाश्च सर्वएवतेतवसमाः यतो भगवान् सम
True,True,0.3333333333333333,0.033738191632928474,59,53,vyasa1896__11__r2l22.png,दृक् सर्वानेवस्वकीयान्समत्वेनमन्यते कथंभूताः सर्वे अं
True,True,0.36946148602590323,0.03612815269256987,67,52,vyasa1896__11__r2l24.png,घ्रिसरोजसुधा: अंघ्रिसरोजं सुष्टु धारयंतीति तथा १० ।।
True,True,0.5369276218611522,0.06277695716395865,87,22,vyasa1896__11__line_1517227504201_47.png,* कइहनुवेदबतावरजन्मलयो
True,True,0.33489932885906043,0.10201342281879194,94,28,vyasa1896__11__line_1517227526889_48.png,ग्रसरं यतउदगादृषिर्यमनु देवग
False,False,0.0,0.0,97,92,vyasa1896__11__r2l31.png,* ज्ञानमार्गोभ्रांतिरूपस्ततःकृष्णंभजेद्बुधः ।। प्रवर्त्तकंज्ञानकांडंचित्तुशद्ध्यैयतोभजेत् ११
True,False,0.05405405405405406,0.0,83,2,vyasa1896__12__r2l1.png,१२
True,False,0.12987012987012986,0.0,98,14,vyasa1896__12__r2l2.png,वेदस्तुति स० ।
True,True,0.4507042253521127,0.12005365526492287,87,26,vyasa1896__12__line_1517227689250_51.png,णाउभये ।। तर्हिनसन्नचासदुभ
True,False,0.14255910987482615,0.0,127,26,vyasa1896__12__r2l6.png,यं न च कालजवः किमपि न तत्र
True,False,0.5901183020180932,0.0,138,30,vyasa1896__12__r2l7.png,शास्त्रमवकृष्यशयीतयदा ।। ११ ।।
True,False,0.07552650689905592,0.01888162672476398,100,49,vyasa1896__12__r2l8.png,इह संसारेबतेति खेदे अग्रसरं सर्वप्रमाणात्पूर्वमेव
True,False,0.10074880871341048,0.007488087134104833,113,50,vyasa1896__12__r2l9.png,सिद्वंत्वां नु इति वितर्के अवरजन्मलयः पश्चाज्जन्मल
False,False,0.0006720430107526882,0.02486559139784946,117,46,vyasa1896__12__r2l10.png,यश्च यस्य तादृशः को वेदजानाति नकोपीत्यर्थः यतः
True,False,0.04226312201772325,0.016359918200409,109,51,vyasa1896__12__r2l11.png,सकाशादृषिर्ब्रह्मा उदगात् उत्पन्नोजात इत्यर्थः यमनु
True,False,0.06891891891891892,0.029054054054054056,106,47,vyasa1896__12__r2l12.png,ब्रह्माणमनु पश्चादुभये देवगणा आध्यात्मिकाधिदौवक
True,False,0.05191256830601093,0.0020491803278688526,102,53,vyasa1896__12__r2l13.png,इन्द्रियदेवगणाः उत्पन्नाः यर्हिभगवान् सर्वमेवाकृष्य श
True,False,0.0977088948787062,0.0,109,45,vyasa1896__12__r2l14.png,यीत शयनं करोति तर्हि नसत्कार्यं न चासत् कारणं
True,True,0.04912516823687752,0.03095558546433378,108,42,vyasa1896__12__r2l15.png,नच उभयं मनःकालवेगोपि न नवातत्र तस्मिन्समये
True,False,0.11804008908685969,0.0,105,31,vyasa1896__12__r2l16.png,किमपि शास्त्रंवेदपुराणादि ११ ।।
True,False,0.4112781954887218,0.016541353383458645,92,21,vyasa1896__12__line_1517227654938_49.png,जनिमसतःसतोमृतिमुतात्म
True,False,0.13944817300521997,0.01640566741237882,118,29,vyasa1896__12__line_1517227667786_50.png,नियेचभिदां विपणमृतंस्मरंत्युप
True,False,0.40042674253200566,0.02275960170697013,65,27,vyasa1896__12__r2l26.png,दिशंतितआरुपितैः ।। त्रिगुणम
True,False,0.6410605030591434,0.01971447994561523,115,25,vyasa1896__12__r2l27.png,यः पुमानितिभिदा यदबोधकृता
True,False,0.29254571026722925,0.0,102,85,vyasa1896__12__r2l28.png,* भ्रांतिमूलतयासर्वसमयानामयुक्तितः ।। नतद्विरोधात्कृष्णास्व्यंपरंब्रह्मत्यजेद्बुधः १२
True,True,0.4188861985472155,0.07990314769975787,56,14,vyasa1896__13__r1l1.png,वेदस्तुति स० ।
True,False,0.3924050632911392,0.0,60,2,vyasa1896__13__r1l2.png,१३
True,True,0.5630936227951153,0.26322930800542743,60,26,vyasa1896__13__line_1517227822577_52.png,त्वयिनततः परत्र सभवेदवबोधर
True,False,0.3728813559322034,0.0,65,11,vyasa1896__13__r1l12.png,से ।। १२ ।।
True,False,0.6813583815028902,0.0,59,45,vyasa1896__13__r1l13.png,नैयायकाः असतः घटादेः जनिं उत्पत्तिं वदन्ति वै
True,True,0.44286680189317107,0.03718728870858688,55,43,vyasa1896__13__r1l14.png,शेषिकादयस्तुसतः आत्मनः मृतिंमरणं आहुः तथामी
True,False,0.512491559756921,0.02903443619176232,54,50,vyasa1896__13__r1l15.png,मांसकादयस्तु आत्मनि भिदां जीवानां भेदमंगीकुर्वन्ति
True,False,0.3412322274881517,0.016249153689911984,50,48,vyasa1896__13__r1l16.png,अन्येपुनः सांख्यैकदेशिनः योगिनश्च विपणमृतं कर्मफ
True,False,0.33176628609805237,0.014775016789791807,41,53,vyasa1896__13__r1l20.png,लं सत्यंमन्यंते ते सर्वे आरुपितैः आरोपितभ्रमैः कृत्वा
True,False,0.4234417344173442,0.014905149051490514,45,50,vyasa1896__13__r1l22.png,स्मरन्ति निरूपयन्ति अथच शिष्येभ्य उपदिशन्ति त्रिगु
True,False,0.3498992612491605,0.011417058428475487,49,45,vyasa1896__13__r1l23.png,णमयः पुमानिति भिदाभेदः यद्यस्मादबोधकृता अज्ञा
True,False,0.23221476510067113,0.0,51,44,vyasa1896__13__r1l24.png,नकृता भगवत्स्वरूपाज्ञानादेव जायते तदेवाह ततः
True,False,0.6116373477672531,0.014884979702300407,55,51,vyasa1896__13__r1l25.png,परत्र त्रिगुणरूपात्परेत्वयि अवबोधरसे ज्ञानैकघने स न
True,False,0.5332480818414322,0.020460358056265986,44,25,vyasa1896__13__r1l26.png,भवेत् अबोधो न भवेत् १२ ।।
True,True,0.4267515923566879,0.044585987261146494,74,25,vyasa1896__13__line_1517227873032_55.png,सदिवमनस्त्रिवृत्त्वयिविभा
True,True,0.37651006711409396,0.2087248322147651,59,27,vyasa1896__13__line_1517227828724_53.png,त्यसदा मनुजात्सदभिमृशंत्यशे
True,True,0.4456780333068993,0.0317208564631245,53,26,vyasa1896__13__r1l44.png,षमिदमात्मतयात्मविदः ।। नहि
True,True,0.351714862138534,0.17350369872225957,59,26,vyasa1896__13__line_1517227834061_54.png,विकृतिं त्यजंति कनकस्य तदा
True,False,0.06342494714587738,0.0,54,74,vyasa1896__13__r1l51.png,जीवानांब्रह्मरूपत्वाद्दोषाअपिचमानसाः ।। जगच्चसकलंब्रह्मततोदोषःकथंहरौ १३ ।।
False,True,0.0,0.2815533980582524,59,2,vyasa1896__14__line_1517228031014_56.png,१४
True,True,0.449438202247191,0.0651685393258427,56,14,vyasa1896__14__line_1517228035376_57.png,वेदस्तुति स० ।
True,True,0.7547425474254743,0.13075880758807587,87,29,vyasa1896__14__line_1517228043888_58.png,त्मतया स्वकृतमनुप्रविष्टमिदमा
True,True,0.2745792736935341,0.03631532329495128,82,21,vyasa1896__14__line_1517228051034_59.png,त्मतयावसितम् ।। १३ ।।
False,True,0.02030456852791878,0.05511240029006526,82,47,vyasa1896__14__line_1517228057583_60.png,आमनुजात् ब्रह्मतृणस्तंभमारभ्य मनुष्यपर्यंतात् अ
True,True,0.07046979865771812,0.049664429530201344,75,47,vyasa1896__14__line_1517228063678_61.png,सत्मनः त्वयिसदिव विभाति कथंभूतं मनः त्रिवृत् गु
True,True,0.051595383570943655,0.031228784792939578,72,46,vyasa1896__14__line_1517228070679_62.png,णत्रयवेष्टितं आत्मविदः ज्ञानिनः इदं जगत् अशेषं
True,True,0.05945945945945946,0.09864864864864865,67,55,vyasa1896__14__line_1517228074614_63.png,संपूर्ण आत्मतया ब्रह्मतया सदभिमृशंति सर्वं ब्रह्म इत्ये
True,False,0.030364372469635626,0.014844804318488529,69,43,vyasa1896__14__line_1517228079561_64.png,वं जानंति यथा कनकार्थिनो वणिजः कनकात्मतया क
True,False,0.06562922868741543,0.02029769959404601,77,47,vyasa1896__14__line_1517228087191_65.png,नकस्य विकृतिं कुण्डलादिकं न त्यजंति तथा स्वकृतं
True,False,0.04306864064602961,0.028936742934051143,72,49,vyasa1896__14__line_1517228092741_66.png,भगवताकृतं अनुप्रविष्टं भगवतः सृजनानंतरं प्रवेशो य
True,True,0.04993252361673414,0.033063427800269905,70,47,vyasa1896__14__line_1517228099605_67.png,स्मिन् तदिदं जगत् आत्मतया ब्रह्मतया आत्मविद्भिः
True,False,0.11910882604970009,0.02913453299057412,69,42,vyasa1896__14__line_1517228104999_68.png,अवसितं निश्चितं निर्द्धारितमित्यर्थः १३ ।।
True,True,0.6538461538461539,0.18,77,22,vyasa1896__14__line_1517228120653_69.png,तवपयेरिचरंत्यखिलसत्वनि
True,True,0.3146900269541779,0.17722371967654987,67,24,vyasa1896__14__line_1517228124765_70.png,केततया तउतपदाक्रमंत विगण
True,False,0.3405259608900877,0.0026972353337828725,82,27,vyasa1896__14__line_1517228130684_71.png,य्यशिरोनिऋतेः ।। परिवयसेपशू
True,True,0.37576167907921465,0.2092078537576168,67,28,vyasa1896__14__line_1517228135175_72.png,निवगिरा विबुधानपि तांस्त्वाय
False,False,0.0,0.025,69,74,vyasa1896__14__line_1517228146110_73.png,* सर्वथासर्वतःशुद्धाभक्ताएवनचापरे ।। अतःशुद्धिमभीप्सद्भिव्याभक्तानचापरे १४
True,True,0.7192982456140351,0.07518796992481203,62,14,vyasa1896__15__r3l1.png,वेदस्तुति स० ।
True,False,0.31683168316831684,0.0,54,2,vyasa1896__15__r3l2.png,१५
True,True,0.5487804878048781,0.051490514905149054,90,30,vyasa1896__15__line_1517228297141_75.png,कृतसौत्दृदाः खलुपुनंति नयेविमु
True,False,0.26666666666666666,0.027642276422764227,80,12,vyasa1896__15__line_1517228300876_76.png,खाः ।। १४ ।।
True,False,0.07620416966211359,0.011502516175413372,85,44,vyasa1896__15__line_1517228307511_77.png,ये तवत्वां अखिलसत्वनिकेततया अखिलसत्वेषु प्रा
False,True,0.0291583830351226,0.08217362491716368,82,51,vyasa1896__15__line_1517228316243_78.png,णिमात्रेषु निकेतः स्थानंयस्य तस्य भावस्तत्तातया परि
True,True,0.0985254691689008,0.12935656836461126,69,50,vyasa1896__15__line_1517228325853_79.png,चरंति सेवांकुर्वंति उतएव निऋतेर्मृत्योः शिरः अविगण
True,True,0.03825503355704698,0.042953020134228186,97,52,vyasa1896__15__line_1517228331759_80.png,य्य अवगणनांकृत्वा पदाआक्रमन्ति तान्प्रसिद्धान्मृत्यो
True,False,0.05902079141515761,0.007377598926894702,90,51,vyasa1896__15__line_1517228336721_81.png,रपि उत्कृष्टान्विबुधानपि देवानपि त्वं पशूनिव गिरावा
True,False,0.06885026737967914,0.02540106951871658,89,51,vyasa1896__15__line_1517228341518_82.png,ण्या परिवयसेबध्नासि त्वयि कृतसौत्दृदास्ते खलु निश्च
True,False,0.03095558546433378,0.016823687752355317,98,53,vyasa1896__15__line_1517228345695_83.png,येन पुनन्ति अर्थाज्जगत्पुनंतीत्यर्थः न ये विमुखाः नतु
True,False,0.05674740484429066,0.010380622837370242,97,48,vyasa1896__15__line_1517228349432_84.png,तपस्विनो वा धार्मिकाः यतस्त्वयि विमुखाः ।। १४ ।।
True,True,0.3874425727411945,0.06355283307810107,102,20,vyasa1896__15__line_1517228354883_85.png,त्वमकरणःस्वराडखिलकार
True,True,0.3222297756628144,0.09449354180829368,103,27,vyasa1896__15__line_1517228358871_86.png,कशक्लिधरस्तव बलिमुद्वहंति स
True,True,0.35859269282814615,0.04330175913396482,92,29,vyasa1896__15__line_1517228365525_87.png,मदंत्यजयानिमिषाः ।। वर्षभु जो
True,True,0.3682454969979987,0.06270847231487658,93,27,vyasa1896__15__line_1517228369710_88.png,खिलक्षितिपतेरिव विश्वसृजोवि
True,False,0.46238785369220153,0.029675638371290544,87,26,vyasa1896__15__line_1517228262539_74.png,दधतियत्रये त्वधिकृताभवतश्च
True,False,0.2762589928057554,0.0014388489208633094,73,14,vyasa1896__15__r3l68.png,किताः ।। १५ ।।
True,False,0.15117104329311568,0.0,92,82,vyasa1896__15__r3l69.png,* सुवर्णप्रतिमेवासौसर्वानंदमयोऽधिराट् ।। सवसेव्योनियंताचनिर्द्दुष्टःसर्वएवहि १५ ।।
True,True,0.7097560975609756,0.04390243902439024,58,14,vyasa1896__16__r1l1.png,वेदस्तुति स० ।
True,False,0.24285714285714285,0.0,57,2,vyasa1896__16__r1l2.png,१६
True,False,0.545653761869978,0.014609203798392988,52,46,vyasa1896__16__r1l3.png,त्वंअकरणः करणं इन्द्रियं तद्रहितः पुनः स्वराट्
True,False,0.4300134589502019,0.0013458950201884253,48,41,vyasa1896__16__r1l4.png,स्वेनैवरूपेणराजते अथच अखिलकारकशक्तिधरः सक
True,False,0.40215924426450744,0.0,51,47,vyasa1896__16__r1l5.png,लक्रियाकलापानां शक्ति सामर्थ्यंधरतीति तथा अतः अ
True,False,0.4713804713804714,0.006734006734006734,40,42,vyasa1896__16__r1l7.png,निमिषादेवाः अजया मायया तव बलिंउद्वहंति समद
True,False,0.41851106639839036,0.019450033534540577,48,51,vyasa1896__16__r1l8.png,न्तिच भगवते बलिंदत्वा तच्छेषं स्वयं गृह्णन्ति यथा अ
True,False,0.28966914247130315,0.011478730587440918,50,51,vyasa1896__16__r1l9.png,खिलक्षितिपतेः सार्वभौमस्यराज्ञः वर्षभुजः नववर्षाद्य
True,False,0.8403755868544601,0.014755197853789403,54,42,vyasa1896__16__r1l10.png,धिपतयः खण्डमण्डलाधिपतयः बलिकरंवहन्ति किञ्च
True,False,0.43049932523616735,0.02766531713900135,37,53,vyasa1896__16__r1l13.png,येतुविश्वसृजः यत्र यस्मिन्कार्ये त्वयाअधिकृताः स्थापि
True,False,0.30899256254225826,0.011494252873563218,49,47,vyasa1896__16__r1l14.png,ताः भवतः त्वत्तः चकिताः भीताः सन्तः तत्तत् विदध
True,True,0.43089430894308944,0.039634146341463415,48,41,vyasa1896__16__r1l16.png,ति तत्तत् कांर्यकुर्वन्तीत्यर्थः ।। १५ ।।
True,True,0.30763299922898996,0.14340786430223593,69,21,vyasa1896__16__line_1517228530923_89.png,स्थिरचरजातयः स्युरजयो
True,True,0.25667351129363447,0.2272416153319644,62,27,vyasa1896__16__line_1517228534443_90.png,त्थितनिमित्तयुजो विहरउदीक्ष
True,True,0.3393817204301075,0.2049731182795699,59,27,vyasa1896__16__line_1517228537760_91.png,यायदिपरस्यविमुक्तततः ।। नहि
True,True,0.8502747252747253,0.2342032967032967,67,24,vyasa1896__16__line_1517228542159_92.png,परमस्यकश्चिदपरोनपरश्चभवे
True,True,0.37209302325581395,0.25376196990424077,57,28,vyasa1896__16__line_1517228546606_93.png,द्वियतइवापदस्य तवशून्यतुलांद
True,True,0.3107890499194847,0.18840579710144928,59,12,vyasa1896__16__line_1517228554303_94.png,धतः ।। १६ ।।
True,False,0.10225669957686882,0.022566995768688293,51,82,vyasa1896__16__r1l59.png,* सर्वभावविनिर्मुक्तःपूर्णःक्रीडार्थमुद्गतः।।निमित्तंतंसमाश्रित्यजायंतेजीवराशयः १६
False,False,0.0,0.0,87,2,vyasa1896__17__r2l1.png,१७
True,False,0.14485981308411214,0.0,98,14,vyasa1896__17__r2l2.png,वेदस्तुति स० ।
True,False,0.08573487031700289,0.0,90,41,vyasa1896__17__r2l3.png,हेततः बिमुक्तमायासम्बन्धरहित यदि परस्य तव
True,False,0.08979591836734693,0.0,92,50,vyasa1896__17__r2l4.png,उदीक्षया उद्गता ईक्षा इच्छातया विहरः विहारः क्रीडा
True,False,0.030529172320217096,0.0,86,45,vyasa1896__17__r2l5.png,तदा स्थिरचरजातयः स्थावरजङ्गमभेदाः स्वयमेवोत्य
True,False,0.5658338960162053,0.02633355840648211,44,46,vyasa1896__17__r2l6.png,द्यन्ते कथम्भूता जातयः अजयोत्थनिमित्तयुजः अजया
True,False,0.08998646820027063,0.0,82,52,vyasa1896__17__r2l8.png,प्रकृत्या जातयः उत्थिताः सत्यः तयैव उत्थितं निमित्तं
True,False,0.08214528173794976,0.0,101,50,vyasa1896__17__r2l9.png,कर्मापि युञ्जते इति तथा नहि परमस्य अक्षरादपि अग्रे
True,False,0.04628999319264806,0.0,96,46,vyasa1896__17__r2l10.png,स्थितस्य तव परश्चापरश्च भवेत् वियतइव आकाशस्यवे
False,False,0.01350438892640108,0.002025658338960162,105,46,vyasa1896__17__r2l11.png,कथम्भूतस्य अपदस्य स्थानरहितस्य अथ शून्यतुलांदध
False,False,0.013297872340425532,0.0,100,23,vyasa1896__17__r2l12.png,तः तुलांसमताम् ।। १६ ।।
True,True,0.7588325652841782,0.2534562211981567,72,24,vyasa1896__17__line_1517228681679_96.png,अपरिमिताध्रुवास्तनुभृतोय
True,False,0.4306418219461698,0.0,85,30,vyasa1896__17__r2l21.png,दिसर्वगतास्तर्हि न शास्यतेतिनि
True,False,0.4033731553056922,0.023190442726633873,77,27,vyasa1896__17__r2l23.png,यमोध्रुवनेतरथा ।। अजनिचयन्म
True,False,0.8057705840957072,0.029556650246305417,144,27,vyasa1896__17__line_1517228610649_95.png,यंतदविमुच्यनियंतृभवेत्सममनु
True,False,0.4218106995884774,0.023319615912208505,105,26,vyasa1896__17__r2l26.png,जानतांयदमतंमतदुष्टतया १७।।
True,True,0.06273062730627306,0.03099630996309963,105,44,vyasa1896__17__r2l27.png,अप रिमिता असंख्याताः ध्रुवा निश्चलास्तनुभृतो
True,False,0.07512060647829083,0.0006891798759476223,110,51,vyasa1896__17__r2l28.png,जीवाः हेध्रुव यदि सर्वगता व्यापकाभवेयुस्तर्हिनशास्य
False,False,0.0,0.0,82,69,vyasa1896__17__r2l29.png,नियंताजीवखोकस्य हरिस्तेनाणवोमताः ।। जीवानव्यापकाःक्वापि चिन्मयाज्ञानि
False,False,0.0,0.0,73,12,vyasa1896__17__r2l30.png,नोमताः १७ ।।
True,True,0.75,0.26666666666666666,38,2,vyasa1896__18__r1l1.png,१८
True,True,0.7614213197969543,0.050761421319796954,57,13,vyasa1896__18__r1l3.png,वेदस्तुति स०।
True,False,0.5074424898511503,0.010148849797023005,68,49,vyasa1896__18__r1l4.png,ताइति कृत्वा त्वया नियमनंनियमः न सिद्ध्येत् इतरथा
True,False,0.451459606245757,0.0013577732518669382,68,48,vyasa1896__18__r1l5.png,जीवस्याव्यापकत्वे नियम्य नियामकभावो भवेदित्यर्थः
True,False,0.49828884325804246,0.01779603011635866,74,44,vyasa1896__18__r1l6.png,जीवस्य व्यापकत्वेभगवतः अणुत्वे नियम्य नियामक
True,False,0.2471068754254595,0.012253233492171545,78,42,vyasa1896__18__r1l7.png,भावो नोपपद्यत इतिभावः अजनिचयन्मयंच पुनः जी
True,False,0.39594594594594595,0.008108108108108109,72,51,vyasa1896__18__r1l8.png,वाख्यं ब्रह्ममयं ब्रह्मात्मकमजनि जातं तदविमुच्य ब्र
True,False,0.4415322580645161,0.02889784946236559,56,50,vyasa1896__18__r1l10.png,ह्मात्मकमपरित्यज्य भगवान्नियंतृभ्रवेत् जीवस्य नियं
True,False,0.35906040268456374,0.02080536912751678,68,52,vyasa1896__18__r1l11.png,ताभवतीत्यर्थः समं सर्व समं ब्रह्मैव मनुजानतां ज्ञानि
True,False,0.29344151453684925,0.02028397565922921,75,44,vyasa1896__18__line_1517228786441_97.png,नांमतं दुष्टतया यद्यस्मादमतमननुमतं न सम्मतमि
True,False,0.343980343980344,0.0,66,16,vyasa1896__18__r1l14.png,त्यर्थः ।। १७ ।।
True,True,0.48778625954198473,0.08549618320610687,90,26,vyasa1896__18__line_1517228844120_98.png,* नघटतउद्भवःप्रकृतिपुरुषयो
True,True,0.33964817320703655,0.04668470906630582,102,25,vyasa1896__18__line_1517228852133_99.png,रजयोरुभययुजा भवंत्यसुभृतो
True,True,0.319755600814664,0.19823489477257297,90,28,vyasa1896__18__line_1517228861720_100.png,जलबुद्बुदवत् ।। त्वयितइमेततो
True,True,0.36271186440677966,0.10711864406779661,95,24,vyasa1896__18__line_1517228868284_101.png,विविधनामगुणैः परमसारतइवा
True,True,0.3089812332439678,0.044906166219839144,112,29,vyasa1896__18__line_1517228873865_102.png,र्णवेमधुनिलिल्युरशेषरसाः १८।।
True,False,0.20391872278664733,0.006531204644412192,81,45,vyasa1896__18__r1l59.png,अजयो: प्रकृतिपुरुषयोः सकाशात् उद्भवः उत्पत्ति
True,True,0.1646174863387978,0.0471311475409836,91,48,vyasa1896__18__r1l60.png,र्नघटते उभययुजा प्रकृतिपुरुषसंयोगेन असुभृतो जीवा
True,True,0.2272108843537415,0.061224489795918366,83,49,vyasa1896__18__r1l61.png,भवंति यथा जलवायुसंबंधेन बुद्बुदा भवंति तद्वत् यतः
True,False,0.18169014084507043,0.023943661971830985,73,77,vyasa1896__18__r1l62.png,* नामरूपंप्रपंचंहिदेवतिर्यङ्नरात्मकम् ।। कृष्णादेवसमुदभूतलीनंतत्रैवतन्मयम् १८
True,False,0.05128205128205128,0.0,58,13,vyasa1906__00c__line_1516802545582_8.png,काशीमाहात्म्य
True,False,0.23793103448275862,0.0,58,6,vyasa1906__00c__line_1516802550174_9.png,जिसमें
True,True,0.22811671087533156,0.03183023872679045,63,40,vyasa1906__00c__r7l30.png,श्रीमहादेवजीकी पुरी श्रीकाशीजीका उत्तमो-
True,False,0.5765550239234449,0.0,83,33,vyasa1906__00c__r7l31.png,त्तम माहात्म्य वर्णन कियागया है ॥
True,False,0.1222707423580786,0.0,58,5,vyasa1906__00c__line_1516802556424_10.png,जिसको
True,False,0.4529855868222375,0.013040494166094716,71,40,vyasa1906__00c__r7l36.png,महात्मा श्रीव्यासजी ने मनोहर श्लोकों में
True,False,0.07058823529411765,0.0,86,12,vyasa1906__00c__r7l37.png,रचना किया था
True,False,0.14873417721518986,0.0,54,8,vyasa1906__00c__line_1516802562132_11.png,दूसरीबार
False,False,0.028824833702882482,0.0,54,4,vyasa1906__00c__line_1516802570798_12.png,लखनऊ
True,False,0.14175257731958762,0.0,77,46,vyasa1906__00c__r7l47.png,"मुंशीनवलकिशोर (सी, आई, ई) के छापेख़ाने में छपा"
False,False,0.016296296296296295,0.0,69,19,vyasa1906__00c__r7l48.png,जौलाई सन् १९०६ ई० ॥
True,True,0.4390681003584229,0.06093189964157706,82,15,vyasa1906__01__line_1516802660151_22.png,काशीमाहात्म्य ॥
True,True,0.5841584158415841,0.05005500550055005,122,31,vyasa1906__01__r1l3.png,सूतउवाच ॥ एकदासुखमासीनं रेवायाः
True,True,0.3693650024236549,0.05574406204556471,98,42,vyasa1906__01__line_1516803596890_56.png,पुलिनेभृगुम् ॥ मुनयोविनयोपेताःपप्रच्छुर्लो
True,True,0.4469135802469136,0.13135802469135802,102,33,vyasa1906__01__line_1516803611182_57.png,मशादयः १ मुनयऊचुः ॥ भगवन् सर्व्वध
True,True,0.4073529411764706,0.056372549019607844,72,46,vyasa1906__01__line_1516803641819_58.png,र्म्मज्ञ तत्त्वंयत्तवनिश्चितम् ॥ निर्वाणोपरिनि
True,True,0.44977733795150915,0.06630380999505195,121,43,vyasa1906__01__r1l19.png,र्माणकारणं मुक्तिकाङ्क्षिणाम् २ यद्रहस्यञ्च
True,False,0.3943248532289628,0.028864970645792562,111,45,vyasa1906__01__r1l23.png,वेदानां तन्निःकृष्यविविच्यच ॥ ब्रूहिनः श्रद्ध
True,False,0.5107125062282013,0.016940707523667164,110,37,vyasa1906__01__r1l24.png,योपेतान् करुणालयतत्त्वतः ॥ वयंहिमायया
True,True,0.31228416378885054,0.056240749876665025,109,37,vyasa1906__01__r1l26.png,मुग्धा निश्चयंनलभामहे ३ सूतउवाच ॥ एवं
True,True,0.3902932254802831,0.07785642062689585,122,40,vyasa1906__01__r1l28.png,पृष्टःसभगवान् भृगुस्तत्त्वार्थदर्शनः ॥ य
True,False,0.41488779419813904,0.0,114,36,vyasa1906__01__r1l30.png,दुवाचतदाख्यामि तच्छृणुघ्वंसमाहिताः ४
True,True,0.49528067560854444,0.05911574764033781,105,33,vyasa1906__01__r1l31.png,भृगुरुवाच ॥ साधुसाधुमहाभागाः साधु
True,True,0.6244725738396625,0.05010548523206751,124,46,vyasa1906__01__r1l32.png,साधुतपोधनाः ॥ भवद्भिर्यदहंपृष्टस्तत्त्वंतत्त्व
True,False,0.4598393574297189,0.006526104417670682,117,43,vyasa1906__01__r1l33.png,विवित्सया ५ तत्त्वंज्ञातुं कथयितुंयाथातथ्ये
True,False,0.8922610015174507,0.012139605462822459,107,15,vyasa1906__02__line_1516802706602_24.png,काशीमाहात्म्य ।
True,False,0.35185185185185186,0.0,61,1,vyasa1906__02__line_1516803846925_63.png,२
True,True,0.6135360470819029,0.030407062285434036,120,33,vyasa1906__02__r1l2.png,नपद्मजः ॥ भूयसासमयेनापि नालंभवतित
True,False,0.5182741116751269,0.008629441624365483,114,43,vyasa1906__02__r1l3.png,त्त्वतः ६ तदहंचयथापूर्वंश्रुतवानस्मियत्नतः॥
True,False,0.4607019278299555,0.01828966880869995,125,41,vyasa1906__02__r1l4.png,तथाकिञ्चित्प्रवक्ष्यामि नमस्कृत्यस्वयम्भु
True,True,0.4475110892065057,0.04583538689009364,107,37,vyasa1906__02__line_1516803705541_59.png,वे ७ उपक्रमोयंसुमहानुत्तरस्यतपोधनाः ॥
True,False,0.560891089108911,0.02920792079207921,116,37,vyasa1906__02__r1l7.png,शम्भोःस्मरणमेवैकं सहायंप्राप्यचारभे ८
True,False,0.5505729945191828,0.024414549078226207,123,38,vyasa1906__02__r1l8.png,अत्रेतिहासंसुमहान्तमद्भुतं मनोमलक्षालन
True,True,0.43580914904082635,0.039350713231677326,129,31,vyasa1906__02__r1l9.png,शीलमादिमम् ॥ शृणुध्वमन्तःकरणादि
True,False,0.3424589347934296,0.022399203583872575,131,35,vyasa1906__02__line_1516802726922_25.png,निश्चलं विधायमेधाभिविवृद्धिसाधनम् ९
True,True,0.48095703125,0.05615234375,87,43,vyasa1906__02__line_1516803738430_60.png,कल्पान्तेसूर्य्यचन्द्रादिविनाशेसमुपस्थिते ॥
True,True,0.411706837186424,0.04574520413182489,95,36,vyasa1906__02__line_1516803757498_61.png,पृथिव्यादिमहाभूते नष्टेचसतिसर्वशः १०
True,True,0.4838709677419355,0.051267281105990783,116,37,vyasa1906__02__r1l20.png,गुणसाम्येसमापन्ने माययाश्रीपतेःपुनः ॥
True,False,0.41464621474517566,0.01979218208807521,100,36,vyasa1906__02__r1l22.png,गतेबहुतिथेकाले सर्गोन्मुखतयाविभोः ११
True,False,0.44389027431421446,0.01596009975062344,138,36,vyasa1906__02__line_1516803781168_62.png,पचेलिमायांप्रकृतौ साशयायांतदात्मनः ॥
True,True,0.31544303797468354,0.044050632911392405,140,36,vyasa1906__02__line_1516802770037_26.png,व्योमाभवत्ततोवायुस्ततस्तेजोजलंततः १२
True,False,0.5172225259704757,0.015855658829961726,119,36,vyasa1906__02__r1l27.png,जलाद्भूरभवत्तानि क्रमेणाधिगतामियुः ॥
True,False,0.6605960264900662,0.006622516556291391,83,15,vyasa1906__03__r1l1.png,काशीमाहात्म्य ।
True,True,0.5223880597014925,0.31343283582089554,58,1,vyasa1906__03__line_1516803924608_64.png,३
True,True,0.6427511133102425,0.03661553686293914,127,43,vyasa1906__03__r1l2.png,एवंक्रमेणभूतानि सृष्ट्वासर्वेश्वरःप्रभुः १३
True,False,0.5215258855585831,0.0,113,38,vyasa1906__03__r1l3.png,भक्तानुग्रहमात्रार्थं लीलादेहमधारयत् ॥
True,True,0.5776458951533135,0.07764589515331355,112,39,vyasa1906__03__line_1516803398869_54.png,इन्दीवरदलश्यामं चतुर्बाहुंस्वलंकृतम् १४
True,True,0.5204795204795205,0.04995004995004995,131,38,vyasa1906__03__line_1516803413567_55.png,पद्मनेत्रं पद्मनाभं पद्मारिदरधारिणम् ॥
True,True,0.49358341559723595,0.03652517275419546,107,37,vyasa1906__03__r1l15.png,जलान्तर्गतमुद्भासिपीताम्बरसमावृतम् १५
True,False,0.4586880320480721,0.013520280420630946,119,33,vyasa1906__03__r1l16.png,तस्यनाभ्यांसरसिजं ततोजायतपद्मजः ॥
True,True,0.37461617195496416,0.048106448311156604,113,42,vyasa1906__03__line_1516802829285_29.png,चतुर्मुखश्चतुर्द्दिक्षु न ददर्श च कञ्चन १६
True,True,0.5377311344327836,0.05847076461769116,125,38,vyasa1906__03__r1l20.png,तदामेनेस्वमात्मानं भूतेशंविश्वभावनम् ॥
True,False,0.4298974108451392,0.024914509037616023,114,36,vyasa1906__03__r1l21.png,अहङ्कारगृहीतात्माविष्णुनाभिसरोजजः १७
True,True,0.46397273612463485,0.037487828627069134,131,40,vyasa1906__03__r1l23.png,एवमज्ञानसम्भूतंविज्ञायभगवान्हरिः ॥स्वंरू
True,False,0.448938321536906,0.010616784630940344,109,44,vyasa1906__03__r1l25.png,पंदर्शयामास कोसीतिद्रुहिणंब्रुवन् १८ ब्रह्मो
True,True,0.30227848101265825,0.04050632911392405,93,38,vyasa1906__03__r1l28.png,वाच ॥ अहम्भूतेश्वरःसाक्षाद्भवताकारणम्प
True,False,0.48945561549779304,0.00392349190779794,125,45,vyasa1906__03__r1l31.png,रम्॥ सर्वमेतन्मयासृष्टङ्किंमांवेत्सिनतत्त्वतः
True,False,0.43139240506329113,0.004556962025316456,138,30,vyasa1906__03__r1l33.png,१९ नारायणउवाच ॥ अहोअविद्यामाहा
False,False,0.002280501710376283,0.0,120,22,vyasa1906__03__r1l34.png,१ कामलचक्रशङ्खधारिणम्॥
True,False,0.3563218390804598,0.0,73,1,vyasa1906__04__r1l1.png,४
True,False,0.9041731066460588,0.012364760432766615,92,15,vyasa1906__04__r1l2.png,काशीमाहात्म्य ।
True,False,0.37462537462537465,0.006493506493506494,98,39,vyasa1906__04__r1l3.png,त्म्यमयमत्राभिपद्मजः ॥ ईश्वरम्मान्नजाना
True,False,0.2924901185770751,0.0266798418972332,101,38,vyasa1906__04__line_1516802868998_30.png,ति विरञ्चिर्मन्दमूढधीः २० पद्मयोनेपश्य
True,True,0.3821376281112738,0.06686188384577843,45,47,vyasa1906__04__r1l12.png,हेतुं स्वीयम्मन्नाभिपङ्कजम् ॥ दृष्ट्वापश्चान्नि
True,True,0.42702702702702705,0.11842751842751843,66,36,vyasa1906__04__r1l14.png,जगुरुंमामेवशरणंव्रज २१ भृगुरुवाच ॥ ए
True,False,0.3257059396299903,0.02385589094449854,85,34,vyasa1906__04__r1l17.png,वन्तौविवदन्तौहि परस्परममर्षणौ ॥ अह
True,True,0.33296763576522215,0.10806363137685135,77,45,vyasa1906__04__r1l19.png,म्पूर्व्वमहम्पूर्व्वमितिवाग्युद्धमीयतुः २२ सं
True,False,0.27043010752688174,0.0,101,39,vyasa1906__04__line_1516802907423_31.png,रब्धावयवान्योन्यौ स्वानुभावसमुत्थितैः ॥
True,True,0.4042437431991295,0.03917301414581066,66,46,vyasa1906__04__r1l24.png,अस्त्रैःशस्त्रैस्ततःख्यातैः क्षतजोक्षितमुद्गलौ
True,True,0.6060134784862623,0.058061171591498185,106,39,vyasa1906__04__line_1516802940639_33.png,२३ हरिद्रुहिणयोरेवं युध्यतोःशतवत्सराः ॥
True,False,0.29052734375,0.0,102,33,vyasa1906__04__line_1516802956058_34.png,अतीतानानयोर्मध्ये पराजीयतकश्चन २४
True,False,0.38216243148978574,0.006975585450921774,86,36,vyasa1906__04__line_1516802968974_35.png,अपश्यतामथाभ्याशेलिङ्गन्तेजोमयम्परम्॥
True,True,0.11495372625426206,0.035557720409157334,129,39,vyasa1906__04__line_1516802976102_36.png,शरच्चन्द्रायुतसमम्प्रभाभासुरमैश्वरम् २५
True,True,0.5203458799593083,0.0335707019328586,69,45,vyasa1906__04__r1l46.png,वीक्ष्यतद्व्यापकञ्ज्योतिर्न्निःप्रभौ विस्मितौ
True,True,0.4488802336903603,0.07546251217137293,123,38,vyasa1906__04__line_1516803004027_37.png,चतौ ॥ कर्त्तव्यन्नान्वपद्येतामीषदागतसा
True,False,0.2914004914004914,0.008353808353808353,101,41,vyasa1906__04__line_1516803021414_38.png,ध्वसौ २६ किंस्विदग्रेमहाज्योतिःकश्चिदग्ने
True,False,0.22255639097744362,0.010526315789473684,92,17,vyasa1906__05__line_1516803066221_39.png,काशीमाहात्म्य । ५
True,False,0.41919686581782567,0.01665034280117532,104,37,vyasa1906__05__line_1516803095240_41.png,स्थितःकुतः ॥तर्कयन्तौविधिहरी ददृशातेत
True,True,0.3468149646107179,0.047522750252780584,130,40,vyasa1906__05__line_1516803107190_42.png,दन्तरा २७ पुरुषंपिङ्गलजटं दिग्वाससमलङ्कृ
True,True,0.4896653543307087,0.03543307086614173,122,44,vyasa1906__05__line_1516803123877_43.png,तम् ॥ भुजङ्गैर्नृकपालैश्च कुन्देन्दुविमलद्यु
True,True,0.40097799511002447,0.05232273838630807,118,36,vyasa1906__05__line_1516803147212_44.png,तिम् २८ तंदृष्ट्वाथतयोरासीदयमेवपरःपु
True,True,0.4464816650148662,0.0599603567888999,143,42,vyasa1906__05__line_1516803163009_45.png,मान् ॥ इतिबुद्धिस्ततस्ताभ्यां संस्तुतोवैदि
True,True,0.3072378138847858,0.05366814377154111,111,35,vyasa1906__05__line_1516803182016_46.png,कैःस्तवैः २९ महादेवउवाच॥ भवद्भ्यामि
True,True,0.3665202537823328,0.0424597364568082,102,46,vyasa1906__05__line_1516803204319_47.png,दमुद्भासि मल्लिङ्गंदृष्टमद्भुतम् ॥ स्तुतञ्चतेन
True,True,0.3986892408519934,0.12288367012561442,129,37,vyasa1906__05__r1l46.png,प्रीतोहंवृणीतांवरमादिजौ ३० तावूचतुः ॥
True,False,0.3963110667996012,0.01296111665004985,104,39,vyasa1906__05__r1l48.png,सदाशिवप्रसन्नश्चेत्त्वयिनौनिश्चलामतिः ॥
True,True,0.44938271604938274,0.05580246913580247,113,35,vyasa1906__05__line_1516803231606_48.png,सदाभवतुभूतेश वरन्नान्यंवृणीमहे ३१ ए
True,True,0.26840039254170756,0.06771344455348381,124,36,vyasa1906__05__line_1516803246270_49.png,कम्पराकुरुविभो संशयन्नौहृदिस्थितम् ॥
True,True,0.3447753659767794,0.05098435133770823,142,39,vyasa1906__05__line_1516803253604_50.png,यद्भवांस्तैजसंलिङ्गमधितिष्ठतिनित्यशः ३२
True,True,0.45161290322580644,0.039205955334987594,107,42,vyasa1906__05__line_1516803277424_51.png,तत्किंसमाख्यङ्किंरूपं किम्प्रभावङ्किमाश्रय
True,False,0.31777557100297915,0.013406156901688183,119,39,vyasa1906__05__line_1516803290098_52.png,म् ॥ एतत्सर्वम्महेशान वक्तुमर्हस्यशेषतः
True,False,0.31256231306081755,0.0,137,35,vyasa1906__05__line_1516803304885_53.png,३३ महादेव उवाच ॥यदेतत्परमं लिङ्गं प
True,False,0.6595744680851063,0.0,87,15,vyasa1906__06__r1l1.png,काशीमाहात्म्य ।
True,True,0.3404255319148936,0.11702127659574468,54,1,vyasa1906__06__line_1516804052337_65.png,६
True,True,0.5973829894313035,0.05787619526925013,110,41,vyasa1906__06__r1l2.png,श्यतम्पुरतःस्फुरन् ॥ तद्विश्वेरसंज्ञंहि स
True,True,0.5168316831683168,0.07772277227722772,105,37,vyasa1906__06__r1l3.png,च्चिदानन्दविग्रहम् ३४ लयंलिङ्गशरीरस्य
True,True,0.5403265710044532,0.08807521029193469,102,39,vyasa1906__06__r1l4.png,विश्लेषङ्गमयेत्परम् ॥ तेनलिङ्गमितिख्यात
True,True,0.5227422544495716,0.13315754779169414,58,36,vyasa1906__06__r1l7.png,मपवर्गैकसाधनम् ३५ व्यापकत्वेपिचैतस्य
True,True,0.5894039735099338,0.0489047376464595,107,43,vyasa1906__06__r1l8.png,निराकारस्यतत्त्वतः ॥ परिच्छिन्नप्रभावर्द्धि
True,True,0.5323632714500752,0.06221776216758655,96,32,vyasa1906__06__r1l9.png,र्नमयानचविष्णुना ३६ यथाव्योमापरि
True,False,0.6253177427554651,0.028978139298423997,115,36,vyasa1906__06__r1l10.png,च्छिन्नंशब्दहेतुतयासमम् ॥ स्वयमेवपरि
True,False,0.6314572089437163,0.014649190439475714,110,39,vyasa1906__06__r1l13.png,च्छिन्नम्प्राप्नोतीदमपीदृशम् ३७ प्रभावः
True,True,0.4707646176911544,0.10644677661169415,70,38,vyasa1906__06__r1l14.png,श्रूयतामस्य नित्यानन्दस्वरूपिण: ॥ अत्र
True,True,0.5137568784392196,0.06953476738369184,116,42,vyasa1906__06__r1l16.png,त्यक्त्वाप्यसून् सन्तःसच्चिदानन्दरूपताम ३८
True,True,0.43818544366899304,0.03738783649052842,108,38,vyasa1906__06__r1l17.png,यथायोग्यंलभन्तेहि नात्रकार्याविचारणा ॥
True,True,0.441079034548036,0.10459062943681968,59,42,vyasa1906__06__r1l18.png,अत्रप्रविष्टमात्रस्य जन्तोः पापम्पुरार्जित
True,True,0.403,0.0925,113,36,vyasa1906__06__line_1516804141459_66.png,म् ३९ विनाशमाप्नोतिपरं पुण्यराशिश्चव
True,False,0.6351706036745407,0.004199475065616798,116,41,vyasa1906__06__r1l22.png,र्द्धते॥ निर्वाणपदमेवैतदधितिष्ठामिनित्यशः
True,True,0.5144965735371639,0.03690036900369004,77,42,vyasa1906__06__r1l23.png,४० म्रियमाणस्यजन्तोर्हि वाक्यङ्कर्णेसमुच्च
False,False,0.0,0.0,119,1,vyasa1906__07__r1l1.png,७
True,False,0.06521739130434782,0.010033444816053512,134,15,vyasa1906__07__r1l2.png,काशीमाहात्म्य ।
True,True,0.7950901803607214,0.03406813627254509,134,39,vyasa1906__07__r1l3.png,रन् ॥ विनावाक्योपदेशेनब्रह्मात्मैक्यं न
True,True,0.7969814995131451,0.03992210321324245,135,42,vyasa1906__07__r1l4.png,भासते ४१ ब्रह्मात्मैकत्वविज्ञानादृतेमुक्ति
True,False,0.7452357071213641,0.0005015045135406219,130,32,vyasa1906__07__r1l5.png,र्नजायते ॥ नियमेनेहकथये तदहंयस्य
True,False,0.7954879843060324,0.019127023050514957,146,39,vyasa1906__07__r1l6.png,कस्यचित् ४२ स्वे स्वे कर्मणि निष्णातानु
True,False,0.7674180327868853,0.015881147540983607,122,33,vyasa1906__07__r1l7.png,त्तमानथमध्यमान् ॥ अधमानथमार्गस्था
True,True,0.742997542997543,0.10073710073710074,154,36,vyasa1906__07__r1l8.png,न्नयामीहपराङ्गतिम् ४३ पण्डितोवापि मू
True,True,0.5648930880159125,0.0417702635504724,150,36,vyasa1906__07__r1l9.png,र्खोवामुखजोवातथान्त्यजः ॥ अस्मिँल्लि
True,False,0.8581743166580712,0.0,126,46,vyasa1906__07__r1l10.png,ङ्गेत्याजान्प्राणान् धर्मकृन्मोक्षमाप्नुयात्४४
True,False,0.7565853658536585,0.0,131,38,vyasa1906__07__r1l11.png,निराश्रयमिदंलिङ्गं विश्वेशमाश्रयःपरम्॥
True,True,0.8499005964214712,0.039761431411530816,142,43,vyasa1906__07__r1l12.png,भवन्तावपिलिङ्गेस्मिन्स्थित्वातत्त्वमवाप्स्य
False,False,0.018611670020120725,0.018611670020120725,158,40,vyasa1906__07__line_1516804225192_67.png,थ ४५ भृगुरुवाच ॥ एवमुक्त्वासभगवान्विश्वे
True,False,0.5022026431718062,0.00978952520802741,69,38,vyasa1906__07__line_1516804245986_68.png,शोन्तर्हितोभवत् ॥ माधवःपद्मजश्चैव गतरो
True,False,0.3779264214046823,0.01950947603121516,120,41,vyasa1906__07__r1l17.png,षौविचेरतुः ४६ भवद्भिर्यदहम्पृष्टो मोक्षहे
True,False,0.6403990024937656,0.012967581047381545,128,41,vyasa1906__07__r1l18.png,तुंप्रतिद्विजाः ॥ तदुक्तंविश्वनाथस्य कथां
True,False,0.8331658291457287,0.0,138,39,vyasa1906__07__r1l19.png,कथयतामया ४७ यल्लिङ्गंदृष्टवान्तौहिनाराय
True,True,0.8707964601769912,0.11150442477876106,77,15,vyasa1906__08__r1l1.png,काशीमाहात्म्य ।
True,True,0.4435483870967742,0.056451612903225805,54,1,vyasa1906__08__line_1516804287888_69.png,८
True,True,0.42569887199607653,0.1525257479156449,57,31,vyasa1906__08__line_1516804315853_70.png,णपितामहौ ॥ तदेवेलोकेवेच काशीतिप
True,True,0.4625121713729309,0.08958130477117819,62,36,vyasa1906__08__line_1516804331102_71.png,रिगीयते ४८ अत्रमुक्तिस्तुसुलभापाणौफल
True,True,0.45495049504950497,0.040594059405940595,74,38,vyasa1906__08__r1l14.png,मिवाहितम् ॥ तस्यादर्शनमात्रेण पापंयाति
True,True,0.39346660165772795,0.07215992198927353,61,36,vyasa1906__08__line_1516804356558_72.png,सहस्रधा ४९ इत्येतत्सर्वमाख्यातं भूयः
True,True,0.3768844221105528,0.11105527638190955,70,34,vyasa1906__08__r1l27.png,किंनिगदामिवः ५० ऋषयऊचुः ॥ भृगोसर्व
True,True,0.31813676907829536,0.031219028741328047,99,37,vyasa1906__08__r1l28.png,मुनिश्रेष्ठ अस्माभिस्तपसःफलम् ॥ लब्धम
True,True,0.42593491986401166,0.10733365711510442,69,39,vyasa1906__08__line_1516804402084_73.png,द्यैव यत्काशीप्रभावस्त्वन्मुखाच्छुतः ५१
True,True,0.3076923076923077,0.049485546300832926,86,32,vyasa1906__08__line_1516804409459_74.png,काश्याएवमहाबाहोभूयः कथयसत्कथाः ॥
True,False,0.4713313896987366,0.01749271137026239,66,36,vyasa1906__08__line_1516804445943_75.png,विस्तरेणसमासेन सर्वेषांहितकाम्यया ५२
True,False,0.38998555609051516,0.007221954742416947,72,47,vyasa1906__08__line_1516804449676_76.png,किंमाहात्म्यंकथंवेद्यं सेव्याकैश्चद्विजोत्तमा ।
True,True,0.47396593673965937,0.19854014598540146,54,36,vyasa1906__08__line_1516804466610_77.png,परिणामंचतस्याःकिं केनोपायेनलभ्यते ५३
True,True,0.41182123978856316,0.20663142719846228,54,35,vyasa1906__08__line_1516804497152_78.png,एतत्सर्वंसुनिश्चित्य कथयाथविशेषतः ॥
True,True,0.33008763388510226,0.22784810126582278,69,46,vyasa1906__08__line_1516804503493_79.png,श्रोत्रपात्राणिचास्माकं काङ्क्षन्तित्वद्वचोमृत
True,True,0.4581497797356828,0.12971120900636318,62,37,vyasa1906__08__line_1516804530848_80.png,म् ५४ भृगुरुवाच ॥ सावधानाः शृणुध्वंमे
True,True,0.33430515063168126,0.2813411078717201,58,39,vyasa1906__08__line_1516804536122_81.png,वचःकाशीगुणार्थकम् ॥ यच्छ्रुत्वासर्वपापे
True,True,0.11363636363636363,0.14772727272727273,62,1,vyasa1906__09__line_1516804550049_82.png,९
True,False,0.38880248833592534,0.02332814930015552,82,15,vyasa1906__09__r1l1.png,काशीमाहात्म्य ।
True,True,0.35236220472440943,0.23179133858267717,62,36,vyasa1906__09__line_1516804573359_83.png,भ्यो मुच्यन्तेसर्वशोजनाः ५५ आसीत्कृत
True,False,0.3757495003331113,0.012658227848101266,93,41,vyasa1906__09__line_1516804583868_84.png,युगेश्रीमान् समृद्धबलवाहनः ॥ भूरिद्युम्नो
True,True,0.39950248756218903,0.06417910447761194,76,32,vyasa1906__09__r1l14.png,महाराजः क्षमामण्डलपालकः ५६ तस्या
True,True,0.41240694789081883,0.10521091811414392,73,37,vyasa1906__09__r1l18.png,सञ्छतसाहस्राःप्रमदाःकमलेक्षणा ॥ तासां
True,True,0.33579881656804733,0.26528599605522685,54,38,vyasa1906__09__line_1516804627354_85.png,विभावरीश्रेष्ठा बभूवतनुमध्यमा ५७ तस्या
True,True,0.2360493827160494,0.2108641975308642,76,42,vyasa1906__09__line_1516804648885_86.png,मेवाहितमतिर्भूरिद्युम्नोनिरन्तरम् ॥ चिक्री
True,True,0.2800995024875622,0.24427860696517412,64,34,vyasa1906__09__line_1521639702382_1.png,ड वनखण्डेषु पौलोम्या इव देवराट् ५८
True,False,0.4847270906359539,0.014021031547320982,87,40,vyasa1906__09__line_1516804682083_88.png,तस्यैवं क्रीडतः कालो गतोबहुतिथोद्विजाः ॥
True,True,0.5120724346076458,0.11317907444668009,64,38,vyasa1906__09__r1l47.png,नसराज्येमतिंचक्रेमन्मथाक्रान्तचेतनः ५९
True,False,0.345049504950495,0.01287128712871287,85,41,vyasa1906__09__line_1516804726524_89.png,इत्थंविलासासक्तस्यराज्यंकोशोबलंस्त्रियः ॥
True,True,0.2994974874371859,0.034673366834170855,100,41,vyasa1906__09__r1l55.png,शत्रुणामित्रवृन्देन हृतं नातिप्रयत्नतः ६०
True,True,0.42792566549472627,0.08588648920140633,64,39,vyasa1906__09__r1l58.png,तच्छुत्वा शोकसंतप्तो नीत्वा नारीं विभाव
True,True,0.38008827856792543,0.27366356056890634,58,40,vyasa1906__09__line_1516804766855_90.png,रीम् ॥ जगामविन्ध्यकान्तारंखड्गमात्रायुधो
True,False,0.35349529003470503,0.027764005949429845,96,49,vyasa1906__09__line_1516804780924_91.png,भवत् ६१ क्षुत्क्षामश्चपिपासार्त्तः स्त्रीद्वितीयः
True,True,0.4928644240570846,0.03160040774719674,85,41,vyasa1906__09__line_1516804797314_92.png,सभूपतिः ॥ बहुभिर्दिवसैःप्रापविन्ध्यकान्ता
False,False,0.0,0.0,107,2,vyasa1906__10__r1l1.png,१०
True,False,0.8557844690966719,0.0,106,15,vyasa1906__10__r1l2.png,काशीमाहात्म्य ।
True,False,0.5359202936549554,0.008914525432616675,123,35,vyasa1906__10__line_1516804843893_93.png,रमुल्बणम् ६२ शार्दूलशावयूथेन मृगयूथ
True,False,0.38549618320610685,0.019083969465648856,101,44,vyasa1906__10__r1l5.png,विमर्द्दिना ॥ सेवितंरोषचलितंक्षिप्तलाङ्मूलसे
True,False,0.4862944162436548,0.005076142131979695,106,40,vyasa1906__10__r1l6.png,विना ६३ क्वचिन्मातङ्गनिनदैः क्वचित्पञ्चा
True,True,0.4818317570930811,0.03484320557491289,111,44,vyasa1906__10__r1l7.png,स्यगर्जितैः ॥ क्वचिन्महिषहुङ्कारैराकुलंविश्व
True,False,0.7974180734856008,0.006454816285998014,115,43,vyasa1906__10__r1l8.png,भीषणम् ६४ तंदृष्ट्वाविन्ध्यकान्तारंकान्तारा
True,False,0.25049212598425197,0.006889763779527559,108,39,vyasa1906__10__r1l9.png,जानमब्रवीत् ॥ विभावर्य्युवाच ॥ राजन्केय
True,True,0.2749747729566095,0.1357214934409687,111,37,vyasa1906__10__r1l10.png,मवस्थाते मत्सहायस्यचागता ॥ यदत्रश्वाप
True,False,0.40970485242621313,0.01200600300150075,87,44,vyasa1906__10__r1l11.png,दाकीर्णं कान्तारंप्रतिपद्यसे ६५ कथंवनेस्मिन्
True,True,0.537371763556424,0.19247679531021006,62,41,vyasa1906__10__line_1516804905517_94.png,राजेन्द्रस्थातव्यंभवतामया ॥ निर्मानुषेनिर
True,False,0.25833748133399703,0.0009955201592832255,106,39,vyasa1906__10__r1l17.png,न्नेचप्रायस्तोयविवर्जिते ६६ इदानीमेवबाध
True,True,0.29382219989954794,0.04470115519839277,105,42,vyasa1906__10__r1l18.png,न्तेक्षुत्पिपासादयोग्रहाः ॥ मुखंचतेतिविम्ल
True,False,0.7502472799208705,0.016320474777448073,130,37,vyasa1906__10__r1l19.png,नंनतथामेस्तिभूपते ६७ प्राप्यापिमहतीमृ
True,False,0.5894006934125805,0.02823179791976226,76,38,vyasa1906__10__line_1516804933905_95.png,द्धिंनत्वयासुकृतंकृतम्॥नीतःकालोवृथाराज
True,False,0.3131979695431472,0.01015228426395939,101,39,vyasa1906__10__r1l23.png,न् काममात्रोपसेवया ६८ धर्मार्थौयःपरित्य
True,False,0.7819283190307925,0.010095911155981827,124,40,vyasa1906__10__r1l24.png,ज्य काममात्रोपसेवते ॥ भवानिवसदुःखार्त्तः
True,False,0.5106382978723404,0.0,92,2,vyasa1906__11__r1l1.png,११
True,False,0.8634969325153374,0.0,97,15,vyasa1906__11__r1l2.png,काशीमाहात्म्य ।
True,True,0.5454545454545454,0.0667693888032871,100,39,vyasa1906__11__r1l3.png,परिभ्रमतिसङ्कुले६९भृगुरुवाच ॥ इत्यङ्गना
True,True,0.5333667837431009,0.08128449573507275,102,37,vyasa1906__11__r1l4.png,वचःशृण्वन्क्षुधितःसपिपासितः ॥ नकिञ्चि
True,True,0.4243486973947896,0.10320641282565131,120,44,vyasa1906__11__r1l5.png,त्प्रत्युवाचैनां स्वापराधंविचिन्तयन् ७० दम्प
True,True,0.49851190476190477,0.03273809523809524,127,46,vyasa1906__11__r1l6.png,तीतौवनेभीमेभ्रमन्तौक्षुत्तृषार्द्दितौ ॥ पञ्चमि
True,False,0.4970559371933268,0.009813542688910697,109,42,vyasa1906__11__line_1516805010144_96.png,र्दिवसैःप्राप्तःशालङ्कायनमाश्रमम् ७१ पूजित
True,False,0.43616492796820666,0.007451564828614009,106,33,vyasa1906__11__r1l10.png,स्तेनविधिवत्फलमूलजलादिभिः । उवासत
True,False,0.5144278606965174,0.027860696517412936,109,38,vyasa1906__11__r1l11.png,त्रनिःशङ्कः कथितःस्वार्त्तिसाधनः७२एकरा
True,True,0.4024084295032614,0.04315102860010035,94,44,vyasa1906__11__r1l12.png,त्रिंतत्रनीत्वा पुनर्बभ्रामतद्वने ॥ तथामृगदृ
True,True,0.4958797867183713,0.18662142510906446,87,42,vyasa1906__11__line_1516805055115_97.png,शासार्द्धं दिनानिसुबहून्यपि ७३ इत्येवंपरित
True,False,0.4399801587301587,0.029265873015873016,99,42,vyasa1906__11__r1l19.png,प्तस्तु नैवप्रापफलादिकम् ॥ विशुष्यद्वदनोरा
True,False,0.3438268568617806,0.020659124446630595,109,35,vyasa1906__11__r1l21.png,ज्ञासहितोविन्ध्यकानने७४तदातस्याभवद्
True,True,0.4209962506695233,0.04981253347616497,118,39,vyasa1906__11__r1l23.png,बुद्धिःकूरापापस्यराक्षसी ॥ भक्षणायविभाव
True,True,0.5407810182896688,0.04794859120118636,117,39,vyasa1906__11__r1l24.png,र्य्यास्तदासातद्व्यजानत७५विभावर्युवाच ॥
True,True,0.4300341296928328,0.1355436372501219,69,41,vyasa1906__11__line_1516805095868_98.png,राजेन्द्रक्षुधयातेद्य पीडाप्राणविनाशिनी ॥
True,True,0.6177924217462932,0.22075782537067545,55,49,vyasa1906__11__r1l28.png,लक्ष्यतेतेनमृद्गात्रान्मांसमुत्कृत्यभुंक्ष्वच ७६॥
True,True,0.4264705882352941,0.22794117647058823,58,2,vyasa1906__12__line_1516805209740_99.png,१२
True,True,0.562396006655574,0.27287853577371046,45,15,vyasa1906__12__r1l1.png,काशीमाहात्म्य ।
True,True,0.4679264047737444,0.06563898557931377,82,40,vyasa1906__12__line_1516805219863_100.png,माविलम्बंकुरुविभोनमेदुःखंभविष्यति॥स्त्री
True,True,0.3610837438423645,0.04285714285714286,85,37,vyasa1906__12__r1l7.png,णामतःपरोधर्मोनास्त्येवपृथिवीपते ७७ सू
True,True,0.45552825552825554,0.03488943488943489,70,43,vyasa1906__12__line_1516805252972_101.png,र्येनैवोपचारंस्यात्तत्कार्यमविशङ्कया॥ अत्रा
True,True,0.3736868434217109,0.03151575787893947,70,33,vyasa1906__12__line_1516805259406_102.png,पिगाथांगायन्तियेपुराणविदोजनाः७८ आ
True,False,0.485012285012285,0.02457002457002457,76,45,vyasa1906__12__line_1516805274032_103.png,पदर्थेधनंरक्षेद्दारान्रक्षेद्धनैरपि॥आत्मानंसत
True,True,0.3488824101068999,0.22740524781341107,72,43,vyasa1906__12__line_1516805296380_104.png,तंरक्षेद्दारैरपिधनैरपि ७९ भृगुरुवाच ॥ इत्ये
True,True,0.5302579365079365,0.09623015873015874,69,37,vyasa1906__12__line_1516805304324_105.png,वंवादिनींतान्तुजघानतरसाबली॥हत्वाभक्षि
True,True,0.3690651003426334,0.05090553108174253,73,39,vyasa1906__12__line_1516805336180_106.png,तुमारेभे प्रियामांसंसपापभाक् ८० तदैवसिं
True,True,0.4995136186770428,0.22519455252918288,88,43,vyasa1906__12__line_1516805408199_107.png,हाःखेलन्तस्तत्राजग्मुरितस्ततः॥ तान्दृष्ट्वा
True,False,0.41074092491297864,0.0,82,40,vyasa1906__12__line_1516805414142_108.png,तद्विहायसः प्रायात्प्राणपरिप्सया ८१ पलाय
True,True,0.47914252607184243,0.039397450753186555,62,36,vyasa1906__12__r1l57.png,मानःसहसायोजनानन्तरंद्विजान् ॥ चतुरोप
True,False,0.39511911679256245,0.022080185938407902,85,33,vyasa1906__12__line_1516805428328_109.png,श्यदलग्नान्नीदारान्गृह्यगच्छतः ८२
True,True,0.27982541222114454,0.27643064985451016,69,51,vyasa1906__12__line_1516805446952_110.png,दाङ्गसम्पन्नान् ब्रह्मचारिव्रतेस्थितान् ॥ दृष्ट्वैव
True,True,0.3405146618791143,0.06882106523040096,81,32,vyasa1906__12__line_1516805461595_111.png,खद्गमुद्यम्य न्यवधीत्तान्सकिल्बि
True,True,0.6282545805207329,0.28013500482160075,84,38,vyasa1906__12__line_1516805476901_112.png,हत्वानीवारकान्भोक्तुमुपविष्टः सकानने ॥
True,False,0.7811023622047244,0.0031496062992125984,85,15,vyasa1906__13__r1l1.png,काशीमाहात्म्य ।
True,False,0.3826086956521739,0.0,91,2,vyasa1906__13__r1l2.png,१३
True,True,0.37617021276595747,0.04340425531914894,75,32,vyasa1906__13__r1l3.png,उपवीतानिददृशे तेषांसाजिनकानिच ८४
True,False,0.42077922077922075,0.0,99,49,vyasa1906__13__line_1516805511580_113.png,दृष्ट्वाब्राह्मण्यसंपन्नान्ब्रह्महत्याभयार्दितः ॥
True,True,0.2882258923814598,0.044752264251465106,82,34,vyasa1906__13__line_1516805658865_119.png,पर्यतप्यतदुःखेनकिंकृतंमेनिनिन्दितम
True,True,0.39896373056994816,0.08808290155440414,43,2,vyasa1906__13__r1l9.png,८५
True,False,0.41189307146753956,0.02127659574468085,67,42,vyasa1906__13__r1l12.png,विशस्ताब्राह्मणाह्येते हताभार्यापतिव्रता ॥
True,False,0.38654223968565815,0.015717092337917484,76,37,vyasa1906__13__r1l15.png,प्राणलोभेनमहताकृतंनिष्कृतिवर्जितम् ८६
True,False,0.6575208231259186,0.021068103870651642,115,40,vyasa1906__13__line_1516805640822_118.png,एकब्राह्मणविच्छेदोनरकान्प्रापयेत्परान् ॥
True,False,0.4669318746892093,0.0208851317752362,80,43,vyasa1906__13__r1l22.png,यावत्कल्पशतंपूर्णंस्त्रीघातश्चतदर्द्धकम् ८७
True,False,0.48689574839836924,0.0029120559114735,87,41,vyasa1906__13__r1l23.png,चत्वारोब्राह्मणाःशस्ताएकास्त्रीचपतिक्ता ॥
True,False,0.23821339950372208,0.020347394540942927,96,32,vyasa1906__13__line_1516805611266_117.png,एकाधिकशतंपूर्वे मया सह यमालये ८८
True,True,0.2671300893743793,0.03227408142999007,100,36,vyasa1906__13__line_1516805604965_116.png,निरयेषुपतिष्यन्ति पतिताएवतेथवा ॥ अतः
True,False,0.29985082048731976,0.0,94,36,vyasa1906__13__r1l35.png,परंमयाकिञ्चिततथाकार्यंविजानता ८९ तथै
True,True,0.4155588380108321,0.12850812407680945,64,40,vyasa1906__13__r1l40.png,तत्पापमतुलं तूलवद्भस्मसाद्भवेत् ॥ भृगुरु
True,False,0.2830188679245283,0.0,99,42,vyasa1906__13__line_1516805552566_114.png,वाच ॥ भूरिद्युम्नोविचार्यैवं भ्रमंस्तत्रैव
True,False,0.2691292875989446,0.02321899736147757,114,35,vyasa1906__13__r1l45.png,कानने ॥ शालङ्कायनजंविप्रमपश्यत्स्वा
True,False,0.7071572580645161,0.0,128,42,vyasa1906__13__line_1516805574253_115.png,श्रमस्थितम् ९० दूरेस्थित्वाभिवाद्यैनं कथया
False,False,0.0,0.0,131,2,vyasa1906__14__r1l1.png,१४
True,False,0.05454545454545454,0.0,128,14,vyasa1906__14__r1l2.png,काशीमाहात्मय ।
True,True,0.7692695214105794,0.04130982367758186,125,39,vyasa1906__14__r1l3.png,मासदुःखितः॥ यद्वृत्तंतत्समाकर्ण्यंसमुनि
True,False,0.6525679758308157,0.02920443101711984,143,45,vyasa1906__14__r1l4.png,र्दुःखितोभवत् ९१ गच्छ्रेतःपापबुद्धेत्वं नात्र
True,False,0.7420318725099602,0.0034860557768924302,124,39,vyasa1906__14__r1l5.png,स्थेयंकथञ्चन ॥ इत्युक्त्वासमुनिस्तस्मात
True,False,0.14045214045214044,0.000962000962000962,143,41,vyasa1906__14__line_1516805714461_120.png,परागास्योभवत्पुनः ९२ भूरिद्युम्नोपितमृषिं
True,False,0.5771543086172345,0.022545090180360723,136,37,vyasa1906__14__line_1516805720236_121.png,पुनःपुनरपृच्छत ॥ स्वयंकृतस्यपापस्य नि
True,False,0.4882205513784461,0.014035087719298246,132,44,vyasa1906__14__r1l11.png,ष्कृतिंविलपन्बहु ९३ तस्यैवंपृच्छ्रतःश्रुत्वा
True,False,0.6076388888888888,0.017361111111111112,132,35,vyasa1906__14__r1l12.png,दीनवाक्यंदयानिधिः ॥ विमृश्योवाचराजा
True,True,0.5608074839980305,0.032988675529295915,128,32,vyasa1906__14__r1l13.png,नंशालङ्कायनजोमुनिः ९४ शालङ्कायनउ
True,False,0.6173086543271635,0.029014507253626812,126,33,vyasa1906__14__r1l14.png,वाच ॥ काशींगच्छमहाराज सर्वपापापनो
True,False,0.27589641434262946,0.023406374501992032,141,39,vyasa1906__14__r1l15.png,दिनीम् ॥ तांप्राप्यसकलंपापं क्षपयिष्यसि
True,False,0.3695436507936508,0.016865079365079364,138,41,vyasa1906__14__r1l16.png,सर्वथा ९५ प्रत्ययार्थंचराजेन्द्र नीलीनिचय
False,False,0.025038323965252938,0.011241696474195196,143,41,vyasa1906__14__line_1516805756059_122.png,संभवान् ॥ कञ्चुकान्पञ्चमनिशं परिधत्स्वपरं
True,False,0.5332326283987915,0.014098690835850957,124,35,vyasa1906__14__r1l19.png,तप ९६ आकाशीदर्शनात्तेहि दृष्टाःस्यु
True,False,0.805441478439425,0.008726899383983572,126,42,vyasa1906__14__r1l20.png,श्चन्द्रसन्निभाः ॥ कञ्चुकाहियदानैल्यंजघ्नु
True,False,0.5106162610046608,0.0,136,34,vyasa1906__14__r1l21.png,काशीविलोकनात् ॥ तदात्वंतत्स्वकलुषं
True,False,0.97632058287796,0.0018214936247723133,101,15,vyasa1906__15__r1l1.png,काशीमाहात्म्य ।
True,False,0.4015748031496063,0.0,102,2,vyasa1906__15__r1l2.png,१५
True,True,0.5501988071570576,0.07852882703777336,122,40,vyasa1906__15__r1l3.png,क्षपितंवेत्सितत्त्वतः ९७ भृगुरुवाच ॥ इति
True,False,0.28053624627606755,0.02432969215491559,146,42,vyasa1906__15__r1l4.png,श्रुत्वावचस्तस्यभूरिद्युम्नोविधायतत् ॥ जगा
True,True,0.546494281452014,0.07409249129786176,140,44,vyasa1906__15__r1l5.png,मकाशींविप्रेन्द्रन्नत्वातम्मुनिपुङ्गवम् ॥ सस
True,True,0.5235498264749628,0.07783837382250867,122,39,vyasa1906__15__r1l6.png,प्तदिवसैः काशीमपश्यद्दुष्टमानसः ९८ सुरु
True,True,0.5131775236200895,0.08602685231228245,137,39,vyasa1906__15__r1l7.png,चिरभवनेन विश्वभर्तुर्मणिमयकुट्टिमचञ्चदं
True,True,0.5438770451165097,0.08180466038671294,140,34,vyasa1906__15__r1l8.png,शुजालैः ॥ रविकरनिकरप्रभाभिभूतिंविर
True,False,0.4115308151093439,0.0,137,34,vyasa1906__15__r1l9.png,चयतानिचितान्नितान्तरम्याम् ९९ कलिम
True,True,0.688,0.045,136,31,vyasa1906__15__r1l10.png,लकुलकालकालराजक्षपितनिवासिजनान्त
True,True,0.47220831246870304,0.0786179268903355,142,36,vyasa1906__15__line_1516805828823_123.png,रायरम्याम् ॥ हरवृषभपिनद्धकिङ्किणीनां
True,True,0.3586581154415392,0.05673408978786384,98,35,vyasa1906__15__r1l14.png,क्वणमुखरीकृतदिव्यदिग्विभागाम् १०० भ
True,True,0.5012431626056688,0.11188463451019394,152,34,vyasa1906__15__r1l16.png,वभयपरिभीतिनाशहेतुः सुरनरकिन्नरसेवि
True,True,0.5092118730808598,0.086489252814739,124,37,vyasa1906__15__line_1516805868863_124.png,तांसमन्तात् ॥ विविधलिङ्गसमर्चनतत्परैः
True,True,0.26782077393075354,0.03665987780040733,106,35,vyasa1906__15__r1l21.png,शिवशिवेतिमुहुः प्रतिजल्पनैः १०१ वदन
True,True,0.5941878567721848,0.09807991696938247,147,40,vyasa1906__15__r1l22.png,वाद्यविधानविचक्षणैर्म्मुनिगणैरभितोरुचिरा
True,False,0.4411134903640257,0.0,116,34,vyasa1906__15__r1l23.png,चिरम् ॥ शुकपिककुलकूजितस्वनद्भिःपनस
True,True,0.78125,0.3203125,58,15,vyasa1906__16__line_1516805920662_125.png,काशीमाहात्म्य ।
True,False,0.3617021276595745,0.0,59,2,vyasa1906__16__r1l1.png,१६
True,True,0.38796477495107634,0.17661448140900196,69,34,vyasa1906__16__line_1516805980379_126.png,रसालकदम्बकोटिवृक्षैः कुसुमनिचर्यभा
True,True,0.3697478991596639,0.05734058329214039,81,36,vyasa1906__16__line_1516805986736_127.png,रनम्रशाखैरधिकतरं सुतरां विराजयन्तीम्
True,False,0.46825799898425596,0.016251904520060943,77,33,vyasa1906__16__line_1516805990452_128.png,१०२ दुरिताविलोपिगतपापगणो भवति क्ष
True,True,0.4252407501267106,0.0983274201723264,61,33,vyasa1906__16__r1l17.png,णंसमवलोकयतः ॥ सददर्शतांहरपुरींपरि
True,False,0.3555776892430279,0.0,81,35,vyasa1906__16__r1l21.png,तःपरिवारिताऽघनिकरांप्रमथैः १०३ शृणु
True,True,0.36769933976637886,0.09649568308786186,56,29,vyasa1906__16__r1l23.png,रुवाच ॥ अहो काशीमहिमानं पश्यत
True,False,0.33616808404202103,0.0,82,43,vyasa1906__16__line_1516806012529_129.png,द्विजसत्तमाः ॥ भूरिद्युम्नोपियांदृष्ट्वा शर
True,True,0.36891293654697493,0.18199704869650762,58,40,vyasa1906__16__line_1516806026241_130.png,च्चन्द्राम्बरोभवत १०४ विवेशकाशींनिष्पापः
True,True,0.31976459048553213,0.2491417361451692,54,37,vyasa1906__16__line_1516806074328_131.png,पूजयामासचेश्वरम् ॥ महादेवंविधानेन प्र
True,False,0.4063974829575249,0.02097535395909806,73,35,vyasa1906__16__r1l45.png,तीतोनैल्यनाशनात् १०५ वसंस्तत्रमहाभा
True,True,0.41972823351786614,0.03271263210870659,67,38,vyasa1906__16__line_1516806087025_132.png,गःकालेकालमुपेयिवान् ॥ शिवोपदिष्टवाक्यः
True,False,0.3611818644931228,0.024961793173713703,83,41,vyasa1906__16__r1l54.png,सल्लेँभेब्रह्मैकतांद्विजाः १०६ एवमन्येपिब
True,False,0.3792553191489362,0.027127659574468086,76,38,vyasa1906__16__r1l58.png,हवो मुक्ताः काशीनिषेवणात् ॥ काश्यांपरि
True,True,0.7428998505231689,0.07822620827105133,107,36,vyasa1906__16__r1l61.png,त्यजन्प्राणान् परित्यजतिसंसृतिम् १०७
True,True,0.44886363636363635,0.10950413223140495,52,41,vyasa1906__16__r1l63.png,पापकृन्म्रियतेकाश्यां यदिप्राक्पुण्यगौरवा
