line_path,page_id,source_id,line_id,text,width,height,n_chars
diksita1895__00c__line_1518610818277_1.png,diksita1895__00c,diksita1895,line_1518610818277_1,जीवनचरित्र,992,90,10
diksita1895__00c__r3l12.png,diksita1895__00c,diksita1895,r3l12,जिसमें,286,117,6
diksita1895__00c__r3l15.png,diksita1895__00c,diksita1895,r3l15,श्रीमान् भार्गवकुलकमलप्रकाशक मा-,1307,124,32
diksita1895__00c__r3l20.png,diksita1895__00c,diksita1895,r3l20,"र्तण्ड मुंशी नवलकिशोर जी (सी,",1225,101,29
diksita1895__00c__r3l24.png,diksita1895__00c,diksita1895,r3l24,"आई, ई) का विमलचरित्र जन्ममे",1111,104,27
diksita1895__00c__r3l30.png,diksita1895__00c,diksita1895,r3l30,लेकर मरणपर्यन्त वर्णितहै ॥,762,98,26
diksita1895__00c__r3l34.png,diksita1895__00c,diksita1895,r3l34,जिसको,324,102,5
diksita1895__00c__line_1518610839603_2.png,diksita1895__00c,diksita1895,line_1518610839603_2,उन्नाम प्रदेशान्तर्गत मसवासी ग्राम,1266,99,34
diksita1895__00c__line_1518610859368_3.png,diksita1895__00c,diksita1895,line_1518610859368_3,निवासी पण्डित बन्दीदीन दीक्षित,1141,115,30
diksita1895__00c__r3l48.png,diksita1895__00c,diksita1895,r3l48,ने उत्तम ललित छन्दों में,715,111,24
diksita1895__00c__r3l51.png,diksita1895__00c,diksita1895,r3l51,निर्मित किया ॥,541,101,14
diksita1895__00c__r3l58.png,diksita1895__00c,diksita1895,r3l58,श्रीबाबू प्रयागनारायण की आज्ञानुसार,1067,106,35
diksita1895__00c__r3l62.png,diksita1895__00c,diksita1895,r3l62,प्रथम बार,426,114,9
diksita1895__00c__line_1518610885849_5.png,diksita1895__00c,diksita1895,line_1518610885849_5,3,55,90,1
diksita1895__00c__line_1518610883333_4.png,diksita1895__00c,diksita1895,line_1518610883333_4,लखनऊ,728,118,4
diksita1895__00c__r3l74.png,diksita1895__00c,diksita1895,r3l74,"मुंशी नवलकिशोर (सी, आई, ई) के छापेखानेमें छपा",1447,112,45
diksita1895__00c__r3l76.png,diksita1895__00c,diksita1895,r3l76,मई सन् १८९४ ई० ॥,667,121,16
diksita1895__01__line_1518611095647_6.png,diksita1895__01,diksita1895,line_1518611095647_6,श्री गणेशाय नमः,437,98,15
diksita1895__01__r3l5.png,diksita1895__01,diksita1895,r3l5,श्रीमान् मुंशीनवलकिशोरजीको,1714,202,26
diksita1895__01__r3l6.png,diksita1895__01,diksita1895,r3l6,जीवनचरित्र प्रारम्भ: ॥,1261,196,22
diksita1895__01__r3l7.png,diksita1895__01,diksita1895,r3l7,षट्पदछंद ॥,532,218,10
diksita1895__01__r3l8.png,diksita1895__01,diksita1895,r3l8,लंबोदर गजबदन कदन घन विघन पगा,1619,172,28
diksita1895__01__r3l9.png,diksita1895__01,diksita1895,r3l9,न । अशरन शरन कृपाल विकट संकट हठि,1684,144,32
diksita1895__01__r3l10.png,diksita1895__01,diksita1895,r3l10,रन ॥ सुर सरदार उदार दार चारहु फल,1699,140,32
diksita1895__01__r3l11.png,diksita1895__01,diksita1895,r3l11,को । यश अपार शुचिसार वेद विस्तारत,1694,137,33
diksita1895__01__r3l12.png,diksita1895__01,diksita1895,r3l12,को ॥ ध्याय ताहि लवलाय पग चाहि दया,1671,142,33
diksita1895__01__r3l13.png,diksita1895__01,diksita1895,r3l13,कोरको । बरणहुं जीवन चरित कछु श्रीम,1591,137,34
diksita1895__01__r3l14.png,diksita1895__01,diksita1895,r3l14,लकिशोरको ॥,577,161,10
diksita1895__01__r3l15.png,diksita1895__01,diksita1895,r3l15,सोरठा ॥,368,172,7
diksita1895__01__r3l16.png,diksita1895__01,diksita1895,r3l16,ऋषिते उत्पत्ति ज्यहिकुलकीभइजगतमहँ ।,1588,164,35
diksita1895__02__r3l1.png,diksita1895__02,diksita1895,r3l1,जीवनचरित्र ।,565,182,12
diksita1895__02__line_1518611272846_13.png,diksita1895__02,diksita1895,line_1518611272846_13,२,51,90,1
diksita1895__02__r3l2.png,diksita1895__02,diksita1895,r3l2,भार्गवकुलस्वइसत्ति विदित भयोअतिबृद्धिलहि,1750,178,40
diksita1895__02__r3l3.png,diksita1895__02,diksita1895,r3l3,दाहा ॥,294,138,6
diksita1895__02__r3l4.png,diksita1895__02,diksita1895,r3l4,जनमें त्यहिकुल धवलमहँ श्रीयमुनापरसाद ।,1687,141,38
diksita1895__02__line_1518611253183_12.png,diksita1895__02,diksita1895,line_1518611253183_12,जिनको यशवर्णनकरत भरत हृदय अहलाद ॥,1660,145,33
diksita1895__02__r3l9.png,diksita1895__02,diksita1895,r3l9,सरसीछंद ॥,493,149,9
diksita1895__02__r3l10.png,diksita1895__02,diksita1895,r3l10,पश्चिम देश प्रदेश बेश शुभ जासु अली-,1601,139,35
diksita1895__02__line_1518611241198_11.png,diksita1895__02,diksita1895,line_1518611241198_11,गढ़ नाम । त्यहि अन्तर्ग्गत बसत लसत इक-,1747,146,38
diksita1895__02__line_1518611236236_10.png,diksita1895__02,diksita1895,line_1518611236236_10,सुभग सासनी ग्राम ॥ बृन्द भार्ग्गव बहुनि ब-,1738,145,42
diksita1895__02__r3l15.png,diksita1895__02,diksita1895,r3l15,सत तहँ अति अनन्द दरशाय । औरहु इतर,1744,136,33
diksita1895__02__line_1518611226375_9.png,diksita1895__02,diksita1895,line_1518611226375_9,वर्ण राजत तहँ धनिक बनिक बरभाय ॥,1546,152,31
diksita1895__02__r3l20.png,diksita1895__02,diksita1895,r3l20,दोहा ॥,316,94,6
diksita1895__02__r3l21.png,diksita1895__02,diksita1895,r3l21,श्री यमुना परसाद के पितृ पितामह आदि ।,1712,121,37
diksita1895__02__line_1518611209604_7.png,diksita1895__02,diksita1895,line_1518611209604_7,बसेप्रथमत्यहि ग्राममहँ सुखसह रहित उपाधि ॥,1789,126,41
diksita1895__02__line_1518611217534_8.png,diksita1895__02,diksita1895,line_1518611217534_8,ककुभाछन्द ॥,595,104,11
diksita1895__02__r3l30.png,diksita1895__02,diksita1895,r3l30,करी बहुत एकत्र रियासत महि ग्राम(...)दि,1652,108,38
diksita1895__02__r3l31.png,diksita1895__02,diksita1895,r3l31,इलाका । धाम ललाम रचे विरचे बाँ(...)ध्यो,1625,134,39
diksita1895__02__r3l33.png,diksita1895__02,diksita1895,r3l33,सुयश पताका ॥ करि बहुकाल विशाल भोग,1649,136,33
diksita1895__02__r3l35.png,diksita1895__02,diksita1895,r3l35,सुख अन्त गये सुर धामहिं । उज्ज्वल कीर(...)ति,1652,140,44
diksita1895__02__r3l36.png,diksita1895__02,diksita1895,r3l36,ते प्रगट्यो बहु जगत माहिं निज नामहिं ॥,1541,139,38
dudhadasa1900__01__line_1518443504242_245.png,dudhadasa1900__01,dudhadasa1900,line_1518443504242_245,रामाश्वमेध भाषा ॥,740,99,17
dudhadasa1900__01__line_1518443500302_244.png,dudhadasa1900__01,dudhadasa1900,line_1518443500302_244,186,120,101,3
dudhadasa1900__01__line_1518443498082_243.png,dudhadasa1900__01,dudhadasa1900,line_1518443498082_243,जिसमें,182,95,6
dudhadasa1900__01__line_1518443484577_242.png,dudhadasa1900__01,dudhadasa1900,line_1518443484577_242,जीकी आज्ञानुसार बाल्मीक्याश्रम समीप जानकी,1054,79,41
dudhadasa1900__01__line_1518443479612_241.png,dudhadasa1900__01,dudhadasa1900,line_1518443479612_241,का परित्याग व बाल्मीक्याश्रममें जानकी निवास व लवकुशो-,1296,72,53
dudhadasa1900__01__line_1518443469633_240.png,dudhadasa1900__01,dudhadasa1900,line_1518443469633_240,मचन्द्रजी कृत अश्वमेध यज्ञार्थ वाजिपर्यटन और,1035,74,44
dudhadasa1900__01__line_1518443465001_239.png,dudhadasa1900__01,dudhadasa1900,line_1518443465001_239,दिग्विजय व लव कुश कृत वाजिबन्धन पश्चात् शत्रुध्न,1203,74,48
dudhadasa1900__01__r7l39.png,dudhadasa1900__01,dudhadasa1900,r7l39,भरत लक्ष्मणादि व लव कुशसे परस्पर युद्ध कथा अति,1084,72,46
dudhadasa1900__01__r7l41.png,dudhadasa1900__01,dudhadasa1900,r7l41,विचित्र दोहा चौपाई आदि छंदोंमें वर्णितहै,920,73,40
dudhadasa1900__01__line_1518443451514_238.png,dudhadasa1900__01,dudhadasa1900,line_1518443451514_238,जिसको,213,101,5
dudhadasa1900__01__r7l43.png,dudhadasa1900__01,dudhadasa1900,r7l43,श्रीपरमहंसाग्रगण्य श्रीबाबा दूधदासने रामरसरसिक पुरुषों,1285,79,54
dudhadasa1900__01__r7l45.png,dudhadasa1900__01,dudhadasa1900,r7l45,के अवलोकनार्थ भक्ति पूर्व्वक बड़े परिश्रमसे संस्कृत से,1188,69,54
dudhadasa1900__01__r7l46.png,dudhadasa1900__01,dudhadasa1900,r7l46,भाषा छंद बंधमें निर्मित किया,666,81,28
dudhadasa1900__01__line_1518443432065_237.png,dudhadasa1900__01,dudhadasa1900,line_1518443432065_237,दूसरी बार,218,95,9
dudhadasa1900__01__r7l50.png,dudhadasa1900__01,dudhadasa1900,r7l50,लखनऊ,224,78,4
dudhadasa1900__01__r7l51.png,dudhadasa1900__01,dudhadasa1900,r7l51,"मुंशीनवलकिशोर (सी, आई, ई) के छापेखानेमें छपी",605,82,44
dudhadasa1900__01__r7l52.png,dudhadasa1900__01,dudhadasa1900,r7l52,सन् १९०० ई०,198,67,11
dudhadasa1900__02__line_1518443564367_246.png,dudhadasa1900__02,dudhadasa1900,line_1518443564367_246,अश्वमेधयज्ञ श्रीरामचन्द्रजीकी ॥,1215,110,31
dudhadasa1900__02__line_1518443567010_247.png,dudhadasa1900__02,dudhadasa1900,line_1518443567010_247,सोरठा ॥,224,101,7
dudhadasa1900__02__line_1518443573165_248.png,dudhadasa1900__02,dudhadasa1900,line_1518443573165_248,बन्दौं चरण पुनीत गुण प्रतिपालन गजवदन ।,1267,108,38
dudhadasa1900__02__line_1518443581734_249.png,dudhadasa1900__02,dudhadasa1900,line_1518443581734_249,जे पूजत करि प्रीत होत परम कल्याणमय ॥,1278,95,36
dudhadasa1900__02__line_1518443588669_250.png,dudhadasa1900__02,dudhadasa1900,line_1518443588669_250,बन्दौं गुरु पदरेनु मन रञ्जन अञ्जन दृगन ।,1279,94,40
dudhadasa1900__02__line_1518443596014_251.png,dudhadasa1900__02,dudhadasa1900,line_1518443596014_251,मुद मंगल सुख देनु सूझिपरै रघुबर चरित ॥,1269,90,38
dudhadasa1900__02__line_1518443603487_252.png,dudhadasa1900__02,dudhadasa1900,line_1518443603487_252,बन्दौं तनयसमीर ज्ञानखान रघुनाथ प्रिय ।,1273,88,38
dudhadasa1900__02__line_1518443610532_253.png,dudhadasa1900__02,dudhadasa1900,line_1518443610532_253,जासु हृदय रघुबीर बसहिं सदा शरचापधर ॥,1270,99,36
dudhadasa1900__02__line_1518443617602_254.png,dudhadasa1900__02,dudhadasa1900,line_1518443617602_254,बन्दौं अज सनकादि सनक सनातन जय विजय ।,1266,91,36
dudhadasa1900__02__line_1518443625368_255.png,dudhadasa1900__02,dudhadasa1900,line_1518443625368_255,ऋषि परमारथवादि जे नित गावहिं राम यश ॥,1258,100,37
dudhadasa1900__02__line_1518443632315_256.png,dudhadasa1900__02,dudhadasa1900,line_1518443632315_256,बन्दौं सिन्धुसुजान शैलसुता षटमुख सहित ।,1262,92,39
dudhadasa1900__02__line_1518443642227_257.png,dudhadasa1900__02,dudhadasa1900,line_1518443642227_257,सकल सुमंगलखान नन्दीपति गिरिजारमण ॥,1254,101,34
dudhadasa1900__02__line_1518443653535_258.png,dudhadasa1900__02,dudhadasa1900,line_1518443653535_258,बन्दौं रघुबर पद जलजाता । आरतिहरण परमसुखदाता ॥,1546,90,45
dudhadasa1900__02__line_1518443663746_259.png,dudhadasa1900__02,dudhadasa1900,line_1518443663746_259,पुनि लक्ष्मण युगचरण नमामी । बीर धुरीण राम अनुगामी ॥,1557,88,51
dudhadasa1900__02__line_1518443671365_260.png,dudhadasa1900__02,dudhadasa1900,line_1518443671365_260,बन्दौं चरण भरत द्वउ भाई । शील सनेह ज्ञान अधिकाई ॥,1544,95,49
dudhadasa1900__02__line_1518443679868_261.png,dudhadasa1900__02,dudhadasa1900,line_1518443679868_261,बन्दौं तीरथराज प्रयागा । मज्जनते कोटिन अघभागा ॥,1553,88,47
dudhadasa1900__02__line_1518443689348_262.png,dudhadasa1900__02,dudhadasa1900,line_1518443689348_262,बन्दौं साधु सन्त जग जेते । करौं प्रणाम नाय शिर तेते ॥,1550,98,53
dudhadasa1900__02__line_1518443697579_263.png,dudhadasa1900__02,dudhadasa1900,line_1518443697579_263,गिरामूक शारद श्रुति शेशा । सुर मुनि नारद सप्त ऋषेशा ॥,1551,103,53
dudhadasa1900__02__line_1518443706977_264.png,dudhadasa1900__02,dudhadasa1900,line_1518443706977_264,महि पाताल अकाश समेता । भूधर विटप पयोनिधि सेता ॥,1548,96,47
dudhadasa1900__03__r1l1.png,dudhadasa1900__03,dudhadasa1900,r1l1,रामाश्वमेध ।,338,89,12
dudhadasa1900__03__line_1518446009048_265.png,dudhadasa1900__03,dudhadasa1900,line_1518446009048_265,३,58,83,1
dudhadasa1900__03__line_1518446019588_266.png,dudhadasa1900__03,dudhadasa1900,line_1518446019588_266,बन्दौं करजोरे सब काहू । दनुजमण्डली रवि शशिराहू ॥,1560,89,48
dudhadasa1900__03__line_1518446027643_267.png,dudhadasa1900__03,dudhadasa1900,line_1518446027643_267,यह बर देउ धरौं पद माथा । बरणों यश निर्मल रघुनाथा ॥,1549,100,50
dudhadasa1900__03__line_1518446035227_268.png,dudhadasa1900__03,dudhadasa1900,line_1518446035227_268,दो० श्रोता बक्ता युगों युग जे प्रवीण गुणखान ।,1297,84,45
dudhadasa1900__03__line_1518446044784_269.png,dudhadasa1900__03,dudhadasa1900,line_1518446044784_269,कृपाकरहु सेवक समुझि तजि इरषा अभिमान ॥,1164,88,37
dudhadasa1900__03__line_1518446052822_270.png,dudhadasa1900__03,dudhadasa1900,line_1518446052822_270,आगर जेते जीव जहाना । बरणों सबहिं जोरियुगपाना ॥,1548,96,46
dudhadasa1900__03__line_1518446062256_271.png,dudhadasa1900__03,dudhadasa1900,line_1518446062256_271,रघुबर चरित चहूंदिशि पावन । सुखदभवनशुभमोरसुहावन ॥,1548,98,48
dudhadasa1900__03__line_1518446075361_272.png,dudhadasa1900__03,dudhadasa1900,line_1518446075361_272,स्वइ रघुबीर अनूपम गाथा । कहिहौं गुरुपदरजधरिमाथा ॥,1556,87,49
dudhadasa1900__03__line_1518446086559_273.png,dudhadasa1900__03,dudhadasa1900,line_1518446086559_273,जोशिवमुदितउमासनभाषी । सुनतकथारुचिअतिअभिलाषी ॥,1550,96,45
dudhadasa1900__03__line_1518446097907_274.png,dudhadasa1900__03,dudhadasa1900,line_1518446097907_274,बोलीं सरल सुधा सम बानी । पारबती गिरिराज भवानी ॥,1546,94,47
dudhadasa1900__03__line_1518446111791_275.png,dudhadasa1900__03,dudhadasa1900,line_1518446111791_275,लव कुश जन्म यथा श्रुतिगाई । नाथ कृपाकरि कहौ बुझाई ॥,1543,101,51
dudhadasa1900__03__line_1518446122953_276.png,dudhadasa1900__03,dudhadasa1900,line_1518446122953_276,सुनत बचन गिरिजा त्रिपुरारी । प्रभुपदप्रीतिजानिअधिकारी॥,1556,89,54
dudhadasa1900__03__line_1518446134885_277.png,dudhadasa1900__03,dudhadasa1900,line_1518446134885_277,धन्य धन्य हिमवन्त कुमारी । तुससमनहिंक्वउजगहितकारी ॥,1540,94,51
dudhadasa1900__03__line_1518446146200_278.png,dudhadasa1900__03,dudhadasa1900,line_1518446146200_278,जगहित प्रश्न तुम्हार भवानी । कहौंसुनहुनिश्चचयजियआनी॥,1545,98,52
dudhadasa1900__03__line_1518446155124_279.png,dudhadasa1900__03,dudhadasa1900,line_1518446155124_279,दो० सुखसागर पावन परम रघुबर चरित अनूप ।,1295,84,38
dudhadasa1900__03__line_1518446164360_280.png,dudhadasa1900__03,dudhadasa1900,line_1518446164360_280,चरण सरस्वति नायशिरबरणोंमतिअनुरूप ॥,1141,101,34
dudhadasa1900__03__line_1518446179295_281.png,dudhadasa1900__03,dudhadasa1900,line_1518446179295_281,करौंललितशुभचरित अरम्भा । ज्यहिसुनिमिटैमोहमददम्भा ॥,1558,90,50
dudhadasa1900__03__line_1518446187183_282.png,dudhadasa1900__03,dudhadasa1900,line_1518446187183_282,एक समय शंकर अविनाशी । सुखमासदन ज्ञानगुणराशी ॥,1553,98,45
dudhadasa1900__03__line_1518446194422_283.png,dudhadasa1900__03,dudhadasa1900,line_1518446194422_283,योगासन रवि कामद सोहै । देखिस्वरूप चराचर मोहै ॥,1556,90,46
dudhadasa1900__03__line_1518446201813_284.png,dudhadasa1900__03,dudhadasa1900,line_1518446201813_284,जगजननी तहँ शैलकुमारी । छिनछिनपतिआयसुअनुसारी ॥,1549,94,45
dudhadasa1900__03__line_1518446209636_285.png,dudhadasa1900__03,dudhadasa1900,line_1518446209636_285,जो अनुशासन शंकर पावैं । करतसोकाजअबार न लावैं ॥,1552,91,46
dudhadasa1900__03__line_1518446219742_286.png,dudhadasa1900__03,dudhadasa1900,line_1518446219742_286,नित नूतन हरिचरित अनूठे । प्रथमहिंशंभुबचनकह मीठे ॥,1549,96,49
dudhadasa1900__03__line_1518446229878_287.png,dudhadasa1900__03,dudhadasa1900,line_1518446229878_287,गदगद कणठ होहिं बश प्रेमा । कृपानिधान शंभु दृढ़नेमा ॥,1535,91,52
dudhadasa1900__03__line_1518446239665_288.png,dudhadasa1900__03,dudhadasa1900,line_1518446239665_288,दशाबिलोकि मुदित गिरिजाई । बाढ़ी प्रीति चरण रघुराई ॥,1549,95,51
dudhadasa1900__03__line_1518446249531_289.png,dudhadasa1900__03,dudhadasa1900,line_1518446249531_289,प्रथमहिं ते सब चरितसुनावा । सियबनगमनसुनतदुखपावा ॥,1545,94,49
dudhadasa1900__03__line_1518446258477_290.png,dudhadasa1900__03,dudhadasa1900,line_1518446258477_290,दो० नयन नीरभरबिकल तनु जक्त मात करजोरि ।,1296,94,39
dudhadasa1900__03__line_1518446267496_291.png,dudhadasa1900__03,dudhadasa1900,line_1518446267496_291,बोलीं सन्मुख प्राणपति बचन अमीरस बोरि ॥,1144,91,38
dudhadasa1900__03__line_1518446278111_292.png,dudhadasa1900__03,dudhadasa1900,line_1518446278111_292,नाथ चरित प्रभु सिन्धु अपारा । को अस मूढ़ जु चाहै पारा ॥,1552,108,55
dudhadasa1900__04__line_1518447017572_293.png,dudhadasa1900__04,dudhadasa1900,line_1518447017572_293,४,54,92,1
dudhadasa1900__04__r1l1.png,dudhadasa1900__04,dudhadasa1900,r1l1,रामाश्वमेध ।,336,88,12
dudhadasa1900__04__line_1518447026867_294.png,dudhadasa1900__04,dudhadasa1900,line_1518447026867_294,प्रथमजोकहसियविपिननिकारी । सुनि संदेह भयो उर भारी ॥,1540,80,50
dudhadasa1900__04__line_1518447036248_295.png,dudhadasa1900__04,dudhadasa1900,line_1518447036248_295,क्यहि कारण प्रभु दीनसनेही । दीन्ह्यो बास विपिन बैदेही ॥,1543,101,55
dudhadasa1900__04__line_1518447048574_296.png,dudhadasa1900__04,dudhadasa1900,line_1518447048574_296,का अपराध जानकी कीन्हा । कृपासिंधुजेहिलगिबनदीन्हा॥,1538,94,49
dudhadasa1900__04__line_1518447057199_297.png,dudhadasa1900__04,dudhadasa1900,line_1518447057199_297,भयो शोच प्रभुशोच निबेरी । कहो बुझाय जानिम्वहिंचेरी॥,1521,96,51
dudhadasa1900__04__line_1518447065508_298.png,dudhadasa1900__04,dudhadasa1900,line_1518447065508_298,यावत नभ विधि विष्णुपुरारी । प्रथमलीकजगअवनिकुमारी॥,1529,91,49
dudhadasa1900__04__line_1518447073182_299.png,dudhadasa1900__04,dudhadasa1900,line_1518447073182_299,जासु दृष्टि उपजैं गुण खानी । कोटिन रमा उमा ब्रह्मानी ॥,1522,89,54
dudhadasa1900__04__line_1518447082085_300.png,dudhadasa1900__04,dudhadasa1900,line_1518447082085_300,इन्द्रबधू सुर मुनि ऋषिनारी । सदा जासु रुखरहैं निहारी ।,1527,92,54
dudhadasa1900__04__line_1518447091737_301.png,dudhadasa1900__04,dudhadasa1900,line_1518447091737_301,त्यागन विपिन योगनहिं सीता । महादेवकह विधि विपरीता ॥,1519,94,51
dudhadasa1900__04__line_1518447098181_302.png,dudhadasa1900__04,dudhadasa1900,line_1518447098181_302,दो० विपिन बास सुनि विकलभइँ गिरिनंदिनी खगेश ।,1385,86,44
dudhadasa1900__04__line_1518447102213_303.png,dudhadasa1900__04,dudhadasa1900,line_1518447102213_303,प्रभु इतिहास अनूप तब कह्यो बुझाय महेश ॥,1231,88,39
dudhadasa1900__04__line_1518447106251_304.png,dudhadasa1900__04,dudhadasa1900,line_1518447106251_304,असकछु दशाविलोकि भवानी । बोले हर प्रिय कोमलबानी ॥,1526,88,48
dudhadasa1900__04__line_1518447110786_305.png,dudhadasa1900__04,dudhadasa1900,line_1518447110786_305,अतिअपारप्रियगतिजगदीशा । को जानै कह अस गौरीशा ॥,1528,86,46
dudhadasa1900__04__line_1518447115928_306.png,dudhadasa1900__04,dudhadasa1900,line_1518447115928_306,धरि उरधीर भरम सब खोई । सुनहुकथा तुम पूँछ्यो जोई ॥,1533,92,49
dudhadasa1900__04__line_1518447121659_307.png,dudhadasa1900__04,dudhadasa1900,line_1518447121659_307,पिता बचनसुनि रघुकुलकेतू । गवनेबन सिय अनुजसमेतू ॥,1533,96,48
dudhadasa1900__04__line_1518447126727_308.png,dudhadasa1900__04,dudhadasa1900,line_1518447126727_308,मिलहिंबिपिनऋषिकुटीअनेका । सुन्दर बिमल एकते एका ॥,1533,85,48
dudhadasa1900__04__line_1518447131564_309.png,dudhadasa1900__04,dudhadasa1900,line_1518447131564_309,करत मुनिन मग दंडप्रणामा । जाहिंचलेप्रभुछबिअभिरामा ॥,1531,88,51
dudhadasa1900__04__line_1518447137191_310.png,dudhadasa1900__04,dudhadasa1900,line_1518447137191_310,देखिप्रीति ऋषि मुनिवर नारी । प्रेमबिबशभइँ जनककुमारी ॥,1548,94,53
dudhadasa1900__04__line_1518447143601_311.png,dudhadasa1900__04,dudhadasa1900,line_1518447143601_311,असअभिलाष सियाउरआनी । ऋषिनबधूसन बोलीं बानी ॥,1537,91,43
dudhadasa1900__04__line_1518447151327_312.png,dudhadasa1900__04,dudhadasa1900,line_1518447151327_312,करिपूरण पितु बचन प्रमाना । आवहिंकुशलअवधभगवान ॥,1533,92,46
dudhadasa1900__04__line_1518447155321_313.png,dudhadasa1900__04,dudhadasa1900,line_1518447155321_313,दो० तब मैं आउब अवधसे पुजिहौं सबके पांय ।,1271,85,40
dudhadasa1900__04__line_1518447160975_314.png,dudhadasa1900__04,dudhadasa1900,line_1518447160975_314,पहिरावों भूषण बसन भोजनविविध कराय ॥,1110,88,34
dudhadasa1900__04__line_1518447166456_315.png,dudhadasa1900__04,dudhadasa1900,line_1518447166456_315,अस लालसा सिया मनमाहीं । प्रभुसनकहत मुनीशलजाहीं ॥,1537,83,48
dudhadasa1900__04__line_1518447172127_316.png,dudhadasa1900__04,dudhadasa1900,line_1518447172127_316,प्रभु सिय हृदय मनोरथ जाना । बोलेबिहँसि राम भगवाना ।,1537,90,51
dudhadasa1900__04__line_1518447178607_317.png,dudhadasa1900__04,dudhadasa1900,line_1518447178607_317,जो रुचिप्रिय तुम्हरे उर होई । मांगहु बेगि देउँ बर सोई ॥,1541,91,55
dudhadasa1900__04__line_1518447185071_318.png,dudhadasa1900__04,dudhadasa1900,line_1518447185071_318,मो मनकी रुचिजानहु स्वामी । घटघटके तुम अन्तरयामी ॥,1526,91,49
dudhadasa1900__04__line_1518447201572_319.png,dudhadasa1900__04,dudhadasa1900,line_1518447201572_319,तदपि नाथ ऐसो बर पावों । बहुरि नाथ यहिकाननआवों ॥,1532,87,47
dudhadasa1900__04__line_1518447209202_320.png,dudhadasa1900__04,dudhadasa1900,line_1518447209202_320,एवमस्तु कह रघुकुलराया । दीन्ह सुभगबरसियमनभाया ॥,1542,91,47
dudhadasa1900__05__line_1518447286640_322.png,dudhadasa1900__05,dudhadasa1900,line_1518447286640_322,५,46,99,1
dudhadasa1900__05__line_1518447283704_321.png,dudhadasa1900__05,dudhadasa1900,line_1518447283704_321,रामाश्वमेध ।,321,99,12
dudhadasa1900__05__line_1518447290225_323.png,dudhadasa1900__05,dudhadasa1900,line_1518447290225_323,अवधचलबजबअवधिसिराई । तुम्हैं विपिनसँग लषणपठाई ॥,1549,81,46
dudhadasa1900__05__line_1518447295113_324.png,dudhadasa1900__05,dudhadasa1900,line_1518447295113_324,विधिवत पूज्यो सुरमुनि पाऊ । रहै न फिर कछुमन पछिताऊ ॥,1536,87,52
dudhadasa1900__05__line_1518447299428_325.png,dudhadasa1900__05,dudhadasa1900,line_1518447299428_325,जबलग साध कस्यो बनबासू । ह्वैहै सबविधि तुम्हैं सुपासू ॥,1549,85,54
dudhadasa1900__05__line_1518447303850_326.png,dudhadasa1900__05,dudhadasa1900,line_1518447303850_326,दो० सुनिप्रभु वचन विनीतअति जनकसुताखगनाथ ।,1361,89,41
dudhadasa1900__05__line_1518447307073_327.png,dudhadasa1900__05,dudhadasa1900,line_1518447307073_327,चरण सरोरुह नाथ निज मुदित नवायो माथ ।।,1210,85,37
dudhadasa1900__05__line_1518447311282_328.png,dudhadasa1900__05,dudhadasa1900,line_1518447311282_328,असकहि विपिनचले रघुबीरा । सीता सहित अनुज रणधीरा ॥,1537,88,48
dudhadasa1900__05__line_1518447315146_329.png,dudhadasa1900__05,dudhadasa1900,line_1518447315146_329,बनबसि चरित कीन्ह भगवाना । सो खगेश नहिं जायबखाना ।।,1549,90,50
dudhadasa1900__05__line_1518447319101_330.png,dudhadasa1900__05,dudhadasa1900,line_1518447319101_330,सोकिसकैं अब कहि बागीशा । शारद कोटिन कोटि अहीशा ।।,1542,89,49
dudhadasa1900__05__line_1518447323836_331.png,dudhadasa1900__05,dudhadasa1900,line_1518447323836_331,कौन लेख तहँ चेरे दासू । प्रभुपदप्रीति न दृढ़ बिश्वासू ।।,1544,89,56
dudhadasa1900__05__line_1518447327565_332.png,dudhadasa1900__05,dudhadasa1900,line_1518447327565_332,बीते अवधि अवध प्रभुआये । सुनहु उमा सो चरित सुहाये ।।,1542,93,52
dudhadasa1900__05__line_1518447333635_333.png,dudhadasa1900__05,dudhadasa1900,line_1518447333635_333,आयसु पाय केकयी माता । बैठे राज्य राम सुरत्राता ।।,1546,86,49
dudhadasa1900__05__line_1518447340358_334.png,dudhadasa1900__05,dudhadasa1900,line_1518447340358_334,पुरजन आय भेंट धरि आगे । बोले वचन प्रेम रस पागे ।।,1544,85,49
dudhadasa1900__05__line_1518447344215_335.png,dudhadasa1900__05,dudhadasa1900,line_1518447344215_335,नाथ आज बड़ि भाग्य हमारी । चरणकमलरजनयन निहारी ॥,1549,84,46
dudhadasa1900__05__line_1518447348807_336.png,dudhadasa1900__05,dudhadasa1900,line_1518447348807_336,सुरनर असुर नाग मुनिदेवा । मिलिमिलिगयेन जान्योभेवा ॥,1546,90,51
dudhadasa1900__05__line_1518447354060_337.png,dudhadasa1900__05,dudhadasa1900,line_1518447354060_337,छन्द ।।,156,83,7
dudhadasa1900__05__line_1518447359682_338.png,dudhadasa1900__05,dudhadasa1900,line_1518447359682_338,नहिं भेवकोऊ जान मिलि प्रभु देव मुनि हरषित चले ।,1361,98,47
dudhadasa1900__05__line_1518447364226_339.png,dudhadasa1900__05,dudhadasa1900,line_1518447364226_339,तब आय ब्रह्मा कीन अस्तुति जोरि युगबानी भले ॥,1361,78,44
dudhadasa1900__05__line_1518447369664_340.png,dudhadasa1900__05,dudhadasa1900,line_1518447369664_340,अब नाथ चलिये लोक निज बहुभांति नर लीलाकरी ।,1363,91,42
dudhadasa1900__05__line_1518447374862_341.png,dudhadasa1900__05,dudhadasa1900,line_1518447374862_341,मुनि देवतनकी बन्दि छोरी भार सब बसुधा हरी ॥,1361,86,42
dudhadasa1900__05__line_1518447380234_342.png,dudhadasa1900__05,dudhadasa1900,line_1518447380234_342,सो० सुनि चतुरानन बैन प्रेम लपेटे रसभरे ।,1324,92,40
dudhadasa1900__05__line_1518447386449_343.png,dudhadasa1900__05,dudhadasa1900,line_1518447386449_343,विहँसे राजिवनैन उतर दीन्ह क्वउ जाननहिं ।।,1175,91,41
dudhadasa1900__05__line_1518447391821_344.png,dudhadasa1900__05,dudhadasa1900,line_1518447391821_344,दो० रहे उमा हमहूं वहां देखा सकल समाज ।,1311,86,38
dudhadasa1900__05__line_1518447397775_345.png,dudhadasa1900__05,dudhadasa1900,line_1518447397775_345,प्रजासुखी अघलेश नहिं रामचन्द्रके राज ॥,1178,84,38
dudhadasa1900__05__line_1518447401894_346.png,dudhadasa1900__05,dudhadasa1900,line_1518447401894_346,दूत चारि प्रभुलीन बुलाई । बोले वचन मधुर जलशाई ।।,1549,89,48
dudhadasa1900__05__line_1518447407755_347.png,dudhadasa1900__05,dudhadasa1900,line_1518447407755_347,देशकोश पुर कुशल भुलाई । निशिदिनमोहिं सुनावहुआई ।।,1546,93,49
dudhadasa1900__05__line_1518447412337_348.png,dudhadasa1900__05,dudhadasa1900,line_1518447412337_348,आयसु पाय दूत हरषाने । निज निज कारजगये सयाने ।।,1549,89,46
dudhadasa1900__05__line_1518447418649_349.png,dudhadasa1900__05,dudhadasa1900,line_1518447418649_349,दिनप्रतिखबरि अवधपहुँचावैं । रामचरण पंकज शिरनावैं ।।,1559,90,51
dudhadasa1900__06__line_1518447577538_350.png,dudhadasa1900__06,dudhadasa1900,line_1518447577538_350,६,56,94,1
dudhadasa1900__06__line_1518447580372_351.png,dudhadasa1900__06,dudhadasa1900,line_1518447580372_351,रामाश्वमेध ।,326,90,12
dudhadasa1900__06__line_1518447584689_352.png,dudhadasa1900__06,dudhadasa1900,line_1518447584689_352,बीते दिवस कछू यहि भांती । परमअनन्दअवध दिनराती ॥,1565,96,47
dudhadasa1900__06__line_1518447588958_353.png,dudhadasa1900__06,dudhadasa1900,line_1518447588958_353,एक समय दशरथ कुलनायक । सुन्दरबदनश्यामसुखदायक ॥,1570,90,45
dudhadasa1900__06__line_1518447592533_354.png,dudhadasa1900__06,dudhadasa1900,line_1518447592533_354,राज सभा शोभित रघुराजा । अनुजसहितपुरलोगसमाजा ॥,1557,97,45
dudhadasa1900__06__line_1518447596772_355.png,dudhadasa1900__06,dudhadasa1900,line_1518447596772_355,राजनीति मुनिराज सुनावें । सुनिप्रभुअनुजसहितसुखपावें ।।,1556,85,54
dudhadasa1900__06__line_1518447603274_356.png,dudhadasa1900__06,dudhadasa1900,line_1518447603274_356,और विविध इतिहास पुराना । कहैं वशिष्ठ सुनैं भगवाना ।।,1555,102,52
dudhadasa1900__06__line_1518447608826_357.png,dudhadasa1900__06,dudhadasa1900,line_1518447608826_357,दो० त्यहिअवसर यकदूत तहँ खबरि सुनायो आय ।,1327,92,40
dudhadasa1900__06__line_1518447613563_358.png,dudhadasa1900__06,dudhadasa1900,line_1518447613563_358,कछू प्रकट कछु राखिउर देखि सभा सकुचाय ॥,1181,91,38
dudhadasa1900__06__line_1518447617428_359.png,dudhadasa1900__06,dudhadasa1900,line_1518447617428_359,दूत दशा चक्रित प्रभु जाना । किम्पतगातअधरकुम्हिलाना ॥,1562,94,52
dudhadasa1900__06__line_1518447621930_360.png,dudhadasa1900__06,dudhadasa1900,line_1518447621930_360,पूंछा निकट बुलाय सप्रीती । कहहु यथारथ नीतिअनीती ॥,1569,94,49
dudhadasa1900__06__line_1518447626071_361.png,dudhadasa1900__06,dudhadasa1900,line_1518447626071_361,लाग्यो कहन दूत शिरनाई । सकल चरित रघुबरहिसुनाई ।।,1565,97,48
dudhadasa1900__06__line_1518447631267_362.png,dudhadasa1900__06,dudhadasa1900,line_1518447631267_362,नाथ एक रजगुन रिसिआई । पति गृहतजि कहुँरैनिगवाँई ।।,1560,91,49
dudhadasa1900__06__line_1518447635227_363.png,dudhadasa1900__06,dudhadasa1900,line_1518447635227_363,भोरभये प्रातहि उठि आई । देखत क्रोध रजक उर छाई ॥,1552,93,47
dudhadasa1900__06__line_1518447640596_364.png,dudhadasa1900__06,dudhadasa1900,line_1518447640596_364,मास्यो बहुविधि कहि कटुबानी । रेत्रिय निलज कलहकी खानी ॥,1567,97,54
dudhadasa1900__06__line_1518447644246_365.png,dudhadasa1900__06,dudhadasa1900,line_1518447644246_365,राम समान मोहिं तैं जाने । रावणहरी नारिगृह आने ।।,1558,90,48
dudhadasa1900__06__line_1518447649106_366.png,dudhadasa1900__06,dudhadasa1900,line_1518447649106_366,उन सम मैं नहिं सुनु अपकारी । जो राखों त्वहिं बिना बिचारी ॥,1563,88,58
dudhadasa1900__06__line_1518447654856_367.png,dudhadasa1900__06,dudhadasa1900,line_1518447654856_367,वे समरथ कोशलपुर राऊ । भयवशकहतनअवधसमाऊ ॥,1565,97,39
dudhadasa1900__06__line_1518447658987_368.png,dudhadasa1900__06,dudhadasa1900,line_1518447658987_368,दो० बिन सब भाइनके कहे जो राखों मैं तोहिं ।,1325,98,42
dudhadasa1900__06__line_1518447662772_369.png,dudhadasa1900__06,dudhadasa1900,line_1518447662772_369,तुरत उठावें जाति ते जाति कबीला मोहिं ॥,1190,86,38
dudhadasa1900__06__line_1518447667643_370.png,dudhadasa1900__06,dudhadasa1900,line_1518447667643_370,दूतवचनअटपट सुनिकाना । सकलसभासुनिअतिदुखमाना ॥,1562,104,44
dudhadasa1900__06__line_1518447671496_371.png,dudhadasa1900__06,dudhadasa1900,line_1518447671496_371,नीचजाति नहिं कीन बिचारा । जो असअनुचितबैनउचारा ॥,1562,92,47
dudhadasa1900__06__line_1518447678455_372.png,dudhadasa1900__06,dudhadasa1900,line_1518447678455_372,भयउ शोचबश अवधसमाजू । विधिअबकीन्हचहतकाआजू ॥,1553,88,42
dudhadasa1900__06__line_1518447681710_373.png,dudhadasa1900__06,dudhadasa1900,line_1518447681710_373,जाना राम सभा भय पाई । बोले मधुर वचन हरषाई ॥,1562,93,43
dudhadasa1900__06__line_1518447686165_374.png,dudhadasa1900__06,dudhadasa1900,line_1518447686165_374,बीती निशा याम युगभाई । शयनकरहु निजनिजगृहजाई ॥,1559,86,45
dudhadasa1900__06__line_1518447690355_375.png,dudhadasa1900__06,dudhadasa1900,line_1518447690355_375,आयसु पाय चरण शिरनाई । गये भवन सब करत बड़ाई ॥,1557,95,44
dudhadasa1900__06__line_1518447694623_376.png,dudhadasa1900__06,dudhadasa1900,line_1518447694623_376,गुरु पद रेणु शीशधरि रामा । भाइनसहित गये निजधामा ॥,1560,96,49
dudhadasa1900__06__line_1518447700286_377.png,dudhadasa1900__06,dudhadasa1900,line_1518447700286_377,अनुजसमेत कीन्ह ज्यवनारा । पग धारे मन्दिर स्ववनारा ॥,1563,94,51
dudhadasa1900__06__line_1518447707415_378.png,dudhadasa1900__06,dudhadasa1900,line_1518447707415_378,ज्यहि मन्दिर सोवहिं रघुराई । रचना तासु बरणिनहिं जाई ॥,1560,100,53
dudhadasa1900__07__line_1518447882979_387.png,dudhadasa1900__07,dudhadasa1900,line_1518447882979_387,रामाश्वमेधा ।,333,90,13
dudhadasa1900__07__line_1518447886051_388.png,dudhadasa1900__07,dudhadasa1900,line_1518447886051_388,७,58,90,1
dudhadasa1900__07__line_1518447890610_389.png,dudhadasa1900__07,dudhadasa1900,line_1518447890610_389,छन्द ॥,187,96,6
dudhadasa1900__07__r1l7.png,dudhadasa1900__07,dudhadasa1900,r1l7,बागीश शारद खोजि उपमा थकित ह्वौ बौरी भई ॥,1314,95,40
dudhadasa1900__07__r1l8.png,dudhadasa1900__07,dudhadasa1900,r1l8,मणिहेम मुकतालसित बहुविधि जगमगत देखतबनी ।,1335,92,40
dudhadasa1900__07__r1l10.png,dudhadasa1900__07,dudhadasa1900,r1l10,मत शेष निगम पुराण सकुचत कौन विधि चेरेभनी ॥,1125,92,42
dudhadasa1900__07__r1l13.png,dudhadasa1900__07,dudhadasa1900,r1l13,दो० ज्यहिमन्दिर स्ववनार प्रभु विविध विचित्र वितान ।,941,90,51
dudhadasa1900__07__line_1518447854399_386.png,dudhadasa1900__07,dudhadasa1900,line_1518447854399_386,लखि रचना विधि चारमुख हृदय बहुत सकुचान ॥,1476,94,39
dudhadasa1900__07__line_1518447848897_385.png,dudhadasa1900__07,dudhadasa1900,line_1518447848897_385,पुानिसबभाइनआज्ञादीन्हा । निजनिजमहलशयन सबकीन्हा ॥,1575,125,48
dudhadasa1900__07__line_1518447845091_384.png,dudhadasa1900__07,dudhadasa1900,line_1518447845091_384,सोय राम परयङ्क सुहाई । पौढ़ीं सिया रजायसु पाई ॥,1556,148,47
dudhadasa1900__07__r1l21.png,dudhadasa1900__07,dudhadasa1900,r1l21,अति सियदेखि प्रसन्न कृपाला । बोलीं मञ्जुल गिरा रसाला ॥,1564,93,54
dudhadasa1900__07__line_1518447839308_383.png,dudhadasa1900__07,dudhadasa1900,line_1518447839308_383,नाथ विपिन महँ जोबर दीन्हा । अवशि नाथ सो चाहौं कीन्हा ॥,1560,93,54
dudhadasa1900__07__line_1518447835496_382.png,dudhadasa1900__07,dudhadasa1900,line_1518447835496_382,आयसुहोय जाउँ बन स्वामी । सुनहु बिनयममअन्तर्य्यामी ॥,1573,91,51
dudhadasa1900__07__line_1518447831205_381.png,dudhadasa1900__07,dudhadasa1900,line_1518447831205_381,सुनि प्रभुसीता बचनमनोहर । सजहुसाजहँसिकह्योविहगबर॥,1562,99,49
dudhadasa1900__07__line_1518447811825_380.png,dudhadasa1900__07,dudhadasa1900,line_1518447811825_380,बोलत हँसत नयन अलसाने । सोवन हेतु पीतपट ताने ॥,1573,148,45
dudhadasa1900__07__r1l35.png,dudhadasa1900__07,dudhadasa1900,r1l35,राम सियासोवत यक साथा । लखिशोभारतिकामलजाता ॥,1567,97,43
dudhadasa1900__07__line_1518447959175_390.png,dudhadasa1900__07,dudhadasa1900,line_1518447959175_390,छन्द ॥,173,76,6
dudhadasa1900__07__r1l38.png,dudhadasa1900__07,dudhadasa1900,r1l38,रतिकाम होहिं सनाथ शोभा देखि सीता रामकी ।,1411,97,40
dudhadasa1900__07__line_1518447784459_379.png,dudhadasa1900__07,dudhadasa1900,line_1518447784459_379,बरणत परस्पर छबिसुहावन राम सुखमा धामकी ॥,1401,101,39
dudhadasa1900__07__r1l41.png,dudhadasa1900__07,dudhadasa1900,r1l41,भये भोर प्रथम विदेहतनया सखी सँग महलनगई ।,1341,92,40
dudhadasa1900__07__r1l42.png,dudhadasa1900__07,dudhadasa1900,r1l42,गहि चरण कौशल्या सुमित्रा केकयी आशिषलई ॥,1314,87,39
dudhadasa1900__07__r1l43.png,dudhadasa1900__07,dudhadasa1900,r1l43,बहुभांति सासुन दीन्ह आशिष चूमि बदन निहारहीं ।,1384,127,45
dudhadasa1900__07__r1l44.png,dudhadasa1900__07,dudhadasa1900,r1l44,चेरे सकल रनिवास दशरथ हेम मणिगण वारहीं ॥,1356,150,39
dudhadasa1900__07__r1l45.png,dudhadasa1900__07,dudhadasa1900,r1l45,दो० होत प्रात रघुकुल तिलक करि सरयू अस्नान ।,1386,91,43
dudhadasa1900__07__r1l46.png,dudhadasa1900__07,dudhadasa1900,r1l46,तबहिं नहाय वशिष्ठ पहँ आये कृपानिधान ॥,1194,92,37
dudhadasa1900__07__r1l47.png,dudhadasa1900__07,dudhadasa1900,r1l47,गुरु पूजाकरि विविध प्रकारा । आये गृह अवधेश कुमारा ॥,1577,105,51
dudhadasa1900__07__r1l48.png,dudhadasa1900__07,dudhadasa1900,r1l48,सब मातन पदनायो माथा । आशिष पाय हरषिरघुनाथा ॥,1571,89,44
dudhadasa1900__08__line_1518448158335_399.png,dudhadasa1900__08,dudhadasa1900,line_1518448158335_399,रामाश्वमेध ।,331,101,12
dudhadasa1900__08__line_1518448155345_398.png,dudhadasa1900__08,dudhadasa1900,line_1518448155345_398,८,64,100,1
dudhadasa1900__08__line_1518448162481_400.png,dudhadasa1900__08,dudhadasa1900,line_1518448162481_400,भरत लषण रिपुसूदन बीरा । आये जहँ राजित रघुबीरा ॥,1544,102,47
dudhadasa1900__08__line_1518448165887_401.png,dudhadasa1900__08,dudhadasa1900,line_1518448165887_401,कीन्ह प्रणाम जोरि युग पानी । दीन अशीष राम सुखमानी ॥,1559,92,51
dudhadasa1900__08__line_1518448170939_402.png,dudhadasa1900__08,dudhadasa1900,line_1518448170939_402,बहुरि जाय मातन शिर नावा । आशिषपाय परम सुखपावा ॥,1560,92,47
dudhadasa1900__08__line_1518448174079_403.png,dudhadasa1900__08,dudhadasa1900,line_1518448174079_403,पुनि सीता पद नायोशीशा । लह्योपरमसुख पाय अशीशा ॥,1559,92,47
dudhadasa1900__08__line_1518448180540_404.png,dudhadasa1900__08,dudhadasa1900,line_1518448180540_404,भोजन कीन्ह संग सब भाई । बैठे प्रभु सिंहासन जाई ॥,1548,88,48
dudhadasa1900__08__line_1518448185678_405.png,dudhadasa1900__08,dudhadasa1900,line_1518448185678_405,पुरबासी सब आय जुहारी । आदर सहित राम बैठारी ॥,1555,101,44
dudhadasa1900__08__line_1518448188977_406.png,dudhadasa1900__08,dudhadasa1900,line_1518448188977_406,आये तब बशिष्ठ मुनिज्ञानी ।करिदण्डवत मुनिहिंसनमानी॥,1554,93,50
dudhadasa1900__08__line_1518448192292_407.png,dudhadasa1900__08,dudhadasa1900,line_1518448192292_407,दो० लगेकहन मुनिराजतब राजनीति कुल रीति ।,1316,90,39
dudhadasa1900__08__line_1518448197687_408.png,dudhadasa1900__08,dudhadasa1900,line_1518448197687_408,सुनहिंरामभाइनसहित अतिआनन्दसप्रीति ॥,1180,92,35
dudhadasa1900__08__line_1518448201356_409.png,dudhadasa1900__08,dudhadasa1900,line_1518448201356_409,सन्ध्या जानि उठे भगवाना । सरयू जाय कीन्ह अस्नाना ॥,1561,89,50
dudhadasa1900__08__line_1518448205341_410.png,dudhadasa1900__08,dudhadasa1900,line_1518448205341_410,करिनित कर्म्म भवनप्रभुआये । भारतको तब बोलि पठाये ॥,1552,94,50
dudhadasa1900__08__line_1518448209712_411.png,dudhadasa1900__08,dudhadasa1900,line_1518448209712_411,आय भरत प्रभुपद शिरनाई । बैठे राम रजायसु पाई ॥,1550,94,45
dudhadasa1900__08__line_1518448214650_412.png,dudhadasa1900__08,dudhadasa1900,line_1518448214650_412,बोले रामचन्द्र युग पावन । सुधासुरस मृदुवचनसुहावन ॥,1558,84,50
dudhadasa1900__08__line_1518448218110_413.png,dudhadasa1900__08,dudhadasa1900,line_1518448218110_413,तात कहौं तुमसन यह बानी । सियबनगमन प्रात मैं ठानी ॥,1561,89,50
dudhadasa1900__08__line_1518448223736_414.png,dudhadasa1900__08,dudhadasa1900,line_1518448223736_414,सकहु तो तात पठैबनआवहु । भेदन यहतुमसियहिसुनावहु ॥,1548,88,48
dudhadasa1900__08__line_1518448228280_415.png,dudhadasa1900__08,dudhadasa1900,line_1518448228280_415,दूत वचन सुनिकै निजकाना । ताते असप्रण अब मैं ठाना ॥,1552,91,50
dudhadasa1900__08__line_1518448234143_416.png,dudhadasa1900__08,dudhadasa1900,line_1518448234143_416,सुनि प्रभुवचन भरत रणधीरा । भयो विकल लोचनबहनीरा ॥,1554,87,48
dudhadasa1900__08__line_1518448238901_417.png,dudhadasa1900__08,dudhadasa1900,line_1518448238901_417,हृदयशोच मुख आव न बानी । समय देखि कछुकह्योभवानी ॥,1554,94,48
dudhadasa1900__08__line_1518448244100_418.png,dudhadasa1900__08,dudhadasa1900,line_1518448244100_418,दो० धरिधीरज बोले भरत सुनहु भानुकुलचन्द ।,1321,84,40
dudhadasa1900__08__line_1518448250545_419.png,dudhadasa1900__08,dudhadasa1900,line_1518448250545_419,प्रति उत्तर नहिं दैसकों बिनयकरों रघुनन्द ॥,1152,89,42
dudhadasa1900__08__line_1518448261064_420.png,dudhadasa1900__08,dudhadasa1900,line_1518448261064_420,सियको कहा दोष प्रभुलाई । जो असप्रणकरिमोहिंसुनाई ॥,1546,90,49
dudhadasa1900__08__line_1518448265312_421.png,dudhadasa1900__08,dudhadasa1900,line_1518448265312_421,आयसु नाथकरों शिर राखी । फिरनअवधआवोंअसभाखी ॥,1558,86,43
dudhadasa1900__08__line_1518448271197_422.png,dudhadasa1900__08,dudhadasa1900,line_1518448271197_422,कह करजोरि शपथ प्रभुतोरी । मैं नहिं आउब अवधबहोरी ॥,1555,94,49
dudhadasa1900__08__line_1518448276231_423.png,dudhadasa1900__08,dudhadasa1900,line_1518448276231_423,सुनि लघुभ्रात वचन रघुराई । सियपद प्रीति बहुतदृढ़पाई ॥,1553,86,53
dudhadasa1900__08__line_1518448281503_424.png,dudhadasa1900__08,dudhadasa1900,line_1518448281503_424,कहिबहुचरितअनुज समुझाई । बहुरि राम रिपुदवनबुलाई ॥,1560,97,48
dudhadasa1900__08__line_1518448285351_425.png,dudhadasa1900__08,dudhadasa1900,line_1518448285351_425,आय शत्रुहन बैठि निहोरी । दण्डप्रणाम कीन्ह करजोरी ॥,1561,94,50
dudhadasa1900__08__line_1518448290077_426.png,dudhadasa1900__08,dudhadasa1900,line_1518448290077_426,आशिष दीन्ह निकट बैठावा । अति सुन्दरमृदुबचनसुनावा ॥,1555,87,50
dudhadasa1900__09__r1l1.png,dudhadasa1900__09,dudhadasa1900,r1l1,रामाश्वमेध ।,346,116,12
dudhadasa1900__09__line_1518448526020_431.png,dudhadasa1900__09,dudhadasa1900,line_1518448526020_431,९,45,90,1
dudhadasa1900__09__r1l2.png,dudhadasa1900__09,dudhadasa1900,r1l2,सुनु शत्रुहन कीन्ह प्रण येही । आवहु छोड़ विपिन वैदेही ॥,1558,96,55
dudhadasa1900__09__r1l4.png,dudhadasa1900__09,dudhadasa1900,r1l4,इतना करहु तात हरषाई । साजिबिमान सियहि लैजाई ॥,1566,89,45
dudhadasa1900__09__line_1518448531381_432.png,dudhadasa1900__09,dudhadasa1900,line_1518448531381_432,छन्द ॥,192,78,6
dudhadasa1900__09__r1l8.png,dudhadasa1900__09,dudhadasa1900,r1l8,रथसाजि सियहि चढ़ाय प्रातहिकाल बन लैजाइये ।,1492,107,42
dudhadasa1900__09__r1l9.png,dudhadasa1900__09,dudhadasa1900,r1l9,जहँ सघनबन तहँरारिव सीतहि तात फिर पुरआइये ॥,1285,93,42
dudhadasa1900__09__r1l11.png,dudhadasa1900__09,dudhadasa1900,r1l11,यहि भांति कह करुणाअयन रिपुदवनसुनि ठगिसे रहे ।,1337,97,45
dudhadasa1900__09__r1l12.png,dudhadasa1900__09,dudhadasa1900,r1l12,कहि दासचेरे प्रेमवश गहि चरण मृदु बानी कहे ॥,1418,89,43
dudhadasa1900__09__r1l13.png,dudhadasa1900__09,dudhadasa1900,r1l13,असकवनचूक विचारि प्रभु जो जानकी को परिहरी ।,1371,95,42
dudhadasa1900__09__r1l14.png,dudhadasa1900__09,dudhadasa1900,r1l14,यह समय नहिं सिय बसहिंबन इतनो कहो मेरोकरी ॥,1371,93,42
dudhadasa1900__09__r1l15.png,dudhadasa1900__09,dudhadasa1900,r1l15,बरसहिं जो बालक अवधमें तब नाथआयसुशिरधरों ।,1383,93,41
dudhadasa1900__09__r1l16.png,dudhadasa1900__09,dudhadasa1900,r1l16,कछु कालबीते उचित अस रघुबंशमणि बिनतीकरों ॥,1456,99,41
dudhadasa1900__09__r1l17.png,dudhadasa1900__09,dudhadasa1900,r1l17,सो० यदपिकही अति नीति रिपुसूदन भारत अनुज ।,872,88,41
dudhadasa1900__09__r1l19.png,dudhadasa1900__09,dudhadasa1900,r1l19,बोले वचन सप्रीति विहँसि रामरघुकुल तिलक ।,1224,98,40
dudhadasa1900__09__r1l20.png,dudhadasa1900__09,dudhadasa1900,r1l20,नहिं त्यागों जो जनक कुमारी । लेहुं अयश शिरपातकभारी ॥,1558,96,52
dudhadasa1900__09__r1l24.png,dudhadasa1900__09,dudhadasa1900,r1l24,होय पाप भलकहै न कोई । करहु उपाय तात अब सोई ॥,1559,84,44
dudhadasa1900__09__r1l25.png,dudhadasa1900__09,dudhadasa1900,r1l25,जेहि न होय पाछे पछितावा । अस विचार मोरे मन आवा ॥,1550,93,48
dudhadasa1900__09__r1l26.png,dudhadasa1900__09,dudhadasa1900,r1l26,रघुबंशिन के कुल चलि आई । प्राणजाय बरु वचन न जाई ॥,1569,98,49
dudhadasa1900__09__r1l27.png,dudhadasa1900__09,dudhadasa1900,r1l27,भोर होत सिय संग लिवाई । त्यागि विपिनमा आवोभाई ॥,1549,94,47
dudhadasa1900__09__r1l28.png,dudhadasa1900__09,dudhadasa1900,r1l28,प्रभुरुखलखि शोचे रिपुदमनू । जानासत्यविपिन सियगमनू ॥,1555,93,51
dudhadasa1900__09__r1l30.png,dudhadasa1900__09,dudhadasa1900,r1l30,अतिव्याकुलतनकीसुधिनाहीं । परेतुरित मूर्च्छितक्षितिमाहीं ॥,1524,92,57
dudhadasa1900__09__r1l33.png,dudhadasa1900__09,dudhadasa1900,r1l33,देखि अनुज गति श्रीरघुराई । सियबिछोहदुखउरअधिकाई ॥,1110,90,48
dudhadasa1900__09__line_1518448451092_430.png,dudhadasa1900__09,dudhadasa1900,line_1518448451092_430,कह प्रिय वचन रामरणधीरा । समुझायो रिपुसूदन बीरा ॥,1568,94,48
dudhadasa1900__09__r1l39.png,dudhadasa1900__09,dudhadasa1900,r1l39,दो० आयसु दीन्ही जाहु गृह चले चरण शिरनाय ।,1268,95,41
dudhadasa1900__09__line_1518448426162_429.png,dudhadasa1900__09,dudhadasa1900,line_1518448426162_429,पठय दूत लिये बोलि तब लक्ष्मणकहँ रघुराय ॥,1217,96,40
dudhadasa1900__09__line_1518448421238_428.png,dudhadasa1900__09,dudhadasa1900,line_1518448421238_428,लक्ष्मण आय चरण शिरनाई । दीन्ह अशीष मुदितरघुराई ॥,1559,93,48
dudhadasa1900__09__r1l47.png,dudhadasa1900__09,dudhadasa1900,r1l47,अति विनीत बोले मृदुबानी । प्रभुआगे अब सुनहुभवानी ॥,1553,90,50
dudhadasa1900__09__line_1661422190808_933.png,dudhadasa1900__09,dudhadasa1900,line_1661422190808_933,आयसु होय नाथ सो करहूँ । बार बार पद पङ्कज धर हूं ॥,1561,106,49
dudhadasa1900__10__r1l1.png,dudhadasa1900__10,dudhadasa1900,r1l1,रामाश्वमेध ।,342,102,12
dudhadasa1900__10__r1l2.png,dudhadasa1900__10,dudhadasa1900,r1l2,१०,92,92,2
dudhadasa1900__10__line_1518448672752_433.png,dudhadasa1900__10,dudhadasa1900,line_1518448672752_433,कौनसोकाज जाहिलगिस्वामी । कीन शोच उर अन्तर्य्यामी ॥,1554,74,50
dudhadasa1900__10__line_1518448676964_434.png,dudhadasa1900__10,dudhadasa1900,line_1518448676964_434,जो सेवकहि रजायसु होई । पद शिरनाय करी प्रभू सोई ॥,1563,86,48
dudhadasa1900__10__line_1518448681695_435.png,dudhadasa1900__10,dudhadasa1900,line_1518448681695_435,जो न करों आयसु रघुनाथा । तौ न धरों धनुशायक हाथा ॥,1556,99,49
dudhadasa1900__10__line_1518448685284_436.png,dudhadasa1900__10,dudhadasa1900,line_1518448685284_436,जबलग जीव रहै तनस्वामी । तबलगमोहिंजान्योअनुगामी॥,1550,85,47
dudhadasa1900__10__line_1518448688887_437.png,dudhadasa1900__10,dudhadasa1900,line_1518448688887_437,सेवक धर्म्म स्वामि सेवकाई । करियसदातनमन चितलाई ॥,1563,92,48
dudhadasa1900__10__line_1518448693506_438.png,dudhadasa1900__10,dudhadasa1900,line_1518448693506_438,जो प्रभुकहों कपट छल राखी । ईश सजाय देहिंशिव साखी ॥,1559,89,50
dudhadasa1900__10__line_1518448699201_439.png,dudhadasa1900__10,dudhadasa1900,line_1518448699201_439,दो० अनुज वचन सुन्दर सलिल विगत मोहमदमान ।,1417,89,40
dudhadasa1900__10__line_1518448703328_440.png,dudhadasa1900__10,dudhadasa1900,line_1518448703328_440,सुनि हरषे रघुकुल कमल बोले वचन प्रमान ॥,1280,88,38
dudhadasa1900__10__line_1518448707234_441.png,dudhadasa1900__10,dudhadasa1900,line_1518448707234_441,तुम सब लायक शीलनिधाना । बीर धुरीण तात मैं जाना ॥,1563,88,48
dudhadasa1900__10__line_1518448718064_442.png,dudhadasa1900__10,dudhadasa1900,line_1518448718064_442,कस न नीति राखो तुम भाई । दीन सबै बिधि ईश बड़ाई ॥,1567,90,48
dudhadasa1900__10__line_1518448722250_443.png,dudhadasa1900__10,dudhadasa1900,line_1518448722250_443,अस प्रण कीन्ह सुनो मैं ताता । गवनहिंबनसिय होतप्रभाता ॥,1561,92,54
dudhadasa1900__10__line_1518448732418_444.png,dudhadasa1900__10,dudhadasa1900,line_1518448732418_444,विपिनत्यागि मिथिलेशकुमारी । आवहु तात जाउँ बलिहारी ॥,1559,92,51
dudhadasa1900__10__line_1518448740197_445.png,dudhadasa1900__10,dudhadasa1900,line_1518448740197_445,सुनत वचन रघुवंश खरारी । लक्ष्मणउर असमञ्जसभारी ॥,1566,86,47
dudhadasa1900__10__line_1518448748166_446.png,dudhadasa1900__10,dudhadasa1900,line_1518448748166_446,भई दशा लक्ष्मणकी कैसी । पङ्ख बिहीन बिहँगगतिजैसी ॥,1561,96,49
dudhadasa1900__10__line_1518448752616_447.png,dudhadasa1900__10,dudhadasa1900,line_1518448752616_447,जो सियको आवों बन त्यागी । मोहिंसमानकोअधमअभागी ॥,1568,89,47
dudhadasa1900__10__line_1518448757998_448.png,dudhadasa1900__10,dudhadasa1900,line_1518448757998_448,जो न राम आयसु अनुसरहूँ । कोटिनजन्मअयश शिरधरहूँ ॥,1572,92,48
dudhadasa1900__10__line_1518448762050_449.png,dudhadasa1900__10,dudhadasa1900,line_1518448762050_449,दोउभांति दारुणदुख ब्यापा । बरणैको उर लषण कलापा ॥,1571,101,48
dudhadasa1900__10__line_1518448767170_450.png,dudhadasa1900__10,dudhadasa1900,line_1518448767170_450,दो० पुनि धरिधीरज लक्ष्मण हाथजोरि शिरनाय ।,1325,93,41
dudhadasa1900__10__line_1518448770872_451.png,dudhadasa1900__10,dudhadasa1900,line_1518448770872_451,बोले सन्मुख अवधपति गिरा विनीतसुहाय ॥,1175,87,36
dudhadasa1900__10__line_1518448776932_452.png,dudhadasa1900__10,dudhadasa1900,line_1518448776932_452,यदपिनाथअनुचितमहा त्यागनजनककुमारि ।,1172,94,34
dudhadasa1900__10__line_1518448781899_453.png,dudhadasa1900__10,dudhadasa1900,line_1518448781899_453,तदपि नाथ आयसुकरब सेवकधर्म विचारि ॥,1177,84,34
dudhadasa1900__10__line_1518448786467_454.png,dudhadasa1900__10,dudhadasa1900,line_1518448786467_454,उठेत्वरित तजिसकल गलाना । कह्यो सारथी साज विमाना ॥,1568,81,49
dudhadasa1900__10__line_1518448793756_455.png,dudhadasa1900__10,dudhadasa1900,line_1518448793756_455,सियपहँ गये विकलअति भारी । दोउकरजोरिविनयअनुसारी ॥,1565,89,48
dudhadasa1900__10__line_1518448798213_456.png,dudhadasa1900__10,dudhadasa1900,line_1518448798213_456,मातु विपिनकर साजहु साजा । आयसुमोहिं दीन्हरघुराजा ॥,1563,90,50
dudhadasa1900__10__line_1518448802321_457.png,dudhadasa1900__10,dudhadasa1900,line_1518448802321_457,चलहु विपिन आवहुँ पहुँचाई । सेवक उचितस्वामिसेवकाई ॥,1554,85,50
dudhadasa1900__10__line_1518448806592_458.png,dudhadasa1900__10,dudhadasa1900,line_1518448806592_458,सिय समुझ्यो नहिं देवरबानी । सुनतवचनअतिशयहरषानी ॥,1559,95,48
dudhadasa1900__10__line_1518448812413_459.png,dudhadasa1900__10,dudhadasa1900,line_1518448812413_459,बहु भोजन पकवान मिठाई । भूषण वसन गिनाय न जाई ॥,1569,107,45
dudhadasa1900__11__r1l1.png,dudhadasa1900__11,dudhadasa1900,r1l1,रामाश्वमेध ।,366,110,12
dudhadasa1900__11__line_1518448935376_460.png,dudhadasa1900__11,dudhadasa1900,line_1518448935376_460,होत प्रात सिय रथ बैठाई । लक्ष्मणचले राम शिरनाई ॥,1552,89,48
dudhadasa1900__11__line_1518448942464_461.png,dudhadasa1900__11,dudhadasa1900,line_1518448942464_461,चलतसियाअशकुनभये भारी । तदपिलख्योनहिंजनककुमारी॥,1555,93,46
dudhadasa1900__11__line_1518448957069_462.png,dudhadasa1900__11,dudhadasa1900,line_1518448957069_462,हांक्यो रथ लक्ष्मण बलवाना । पवनथकितअतिवेगउड़ाना ॥,1550,88,49
dudhadasa1900__11__line_1518448960548_463.png,dudhadasa1900__11,dudhadasa1900,line_1518448960548_463,दो० उतरि नदि तमसात्वरित दीख गोमती आय ।,1317,92,38
dudhadasa1900__11__line_1518448965360_464.png,dudhadasa1900__11,dudhadasa1900,line_1518448965360_464,नित्यक्रियाकरिसियसहित पहुंचेसुरसरिजाय ॥,1168,92,39
dudhadasa1900__11__line_1518448968953_465.png,dudhadasa1900__11,dudhadasa1900,line_1518448968953_465,रथते उतरि कीन्ह परणामा । सियसमेत लक्ष्मणबलधामा ॥,1548,89,48
dudhadasa1900__11__line_1518448973093_466.png,dudhadasa1900__11,dudhadasa1900,line_1518448973093_466,भोर होत उतरे सुरसरी । सघन बिपिनकी मारगधरी ॥,1553,97,43
dudhadasa1900__11__line_1518448976319_467.png,dudhadasa1900__11,dudhadasa1900,line_1518448976319_467,देखिबिपिनघनअतिआँधियारी । केहरिनाद करैं जहँ भारी ॥,1553,96,49
dudhadasa1900__11__line_1518448980150_468.png,dudhadasa1900__11,dudhadasa1900,line_1518448980150_468,देखि बिटप बट छांह घनेरो । सियलक्ष्मणतहँलीन्ह बसेरो ॥,1555,90,52
dudhadasa1900__11__line_1518448984341_469.png,dudhadasa1900__11,dudhadasa1900,line_1518448984341_469,बिन भोजन सो बासर खोई । बटतर दोउमूरति रहे साई ॥,1560,96,46
dudhadasa1900__11__line_1518448987465_470.png,dudhadasa1900__11,dudhadasa1900,line_1518448987465_470,निशाबिगत सोवत सियजागी । देखिबिषमबनअतिभयलागी॥,1553,89,44
dudhadasa1900__11__line_1518448991976_471.png,dudhadasa1900__11,dudhadasa1900,line_1518448991976_471,सहम सहितलक्ष्मणसों बोली । पीपर पात सरिस तन डोली ॥,1556,93,49
dudhadasa1900__11__line_1518448995460_472.png,dudhadasa1900__11,dudhadasa1900,line_1518448995460_472,यह बननहिंजहँ मुनितपकरहीं । खगमृगमुदितबैरतजिफिरहीं॥,1555,92,50
dudhadasa1900__11__line_1518448999370_473.png,dudhadasa1900__11,dudhadasa1900,line_1518448999370_473,यह बन तात भयंकर भारी । डरपतउर बनघनहिं निहारी ॥,1560,97,46
dudhadasa1900__11__line_1518449003423_474.png,dudhadasa1900__11,dudhadasa1900,line_1518449003423_474,दो० मैं जान्यों रघुनाथ मोहिं परम पातकी जान ।,1322,83,44
dudhadasa1900__11__line_1518449007787_475.png,dudhadasa1900__11,dudhadasa1900,line_1518449007787_475,गवहिं निकास्यो देशते दशरथ कुलके भान ॥,1194,99,37
dudhadasa1900__11__line_1518449011872_476.png,dudhadasa1900__11,dudhadasa1900,line_1518449011872_476,ताते यह बन नाथ पठई । जहँमोहिंबाघ सिंहधरिखाई ॥,1560,101,45
dudhadasa1900__11__line_1518449015749_477.png,dudhadasa1900__11,dudhadasa1900,line_1518449015749_477,तुमहिं न दोष तात कछुलागी । मैं पापिनि सबभांतिअभागी ॥,1557,86,52
dudhadasa1900__11__line_1518449019473_478.png,dudhadasa1900__11,dudhadasa1900,line_1518449019473_478,असकहिपुनिबिलापकरिसीता । देखिविपिनभइअधिकसभीता॥,1559,91,45
dudhadasa1900__11__line_1518449022948_479.png,dudhadasa1900__11,dudhadasa1900,line_1518449022948_479,हा रघुनाथ कीन नहिं नीका । तज्योमोहिं दशरथकुलटीका ॥,1552,92,50
dudhadasa1900__11__line_1518449026412_480.png,dudhadasa1900__11,dudhadasa1900,line_1518449026412_480,नाथ समुझिदेखो मनमाहीं । तुमबिन प्राण रहैं घटनाहीं ॥,1548,90,51
dudhadasa1900__11__line_1518449030523_481.png,dudhadasa1900__11,dudhadasa1900,line_1518449030523_481,तुम सब लायक त्रिभुवनईशा । काहविचारितज्यो जगदीशा ॥,1555,90,49
dudhadasa1900__11__line_1518449034764_482.png,dudhadasa1900__11,dudhadasa1900,line_1518449034764_482,देखिसियागति लक्ष्मणयोधा । विधिगतिबामसमुझिपरबोधा ॥,1548,88,49
dudhadasa1900__11__line_1518449039614_483.png,dudhadasa1900__11,dudhadasa1900,line_1518449039614_483,धरो धीर कह लषण सुबानी । पोंछ्यो नेत्रनयन निजपानी ॥,1548,84,50
dudhadasa1900__11__line_1518449043546_484.png,dudhadasa1900__11,dudhadasa1900,line_1518449043546_484,तलफतबहुत विकल बिनुबारी । सूख्यो कण्ठ विदेहकुमारी ॥,1542,87,50
dudhadasa1900__11__line_1518449049917_485.png,dudhadasa1900__11,dudhadasa1900,line_1518449049917_485,लाय हाथमुख सियजलमांगी । देखिलषण उर दायालागी ॥,1553,86,45
dudhadasa1900__11__line_1518449054670_486.png,dudhadasa1900__11,dudhadasa1900,line_1518449054670_486,धरो धीर जल लावों माता । असकहिबचनचले सुरज्ञाता ॥,1547,91,47
dudhadasa1900__12__r2l1.png,dudhadasa1900__12,dudhadasa1900,r2l1,१२,80,105,2
dudhadasa1900__12__r2l2.png,dudhadasa1900__12,dudhadasa1900,r2l2,रामाश्वमेध ।,332,108,12
dudhadasa1900__12__r2l3.png,dudhadasa1900__12,dudhadasa1900,r2l3,दो० देखी लक्ष्ममण सियागति बिनजल त्यागतप्राण ।,1336,97,45
dudhadasa1900__12__r2l4.png,dudhadasa1900__12,dudhadasa1900,r2l4,चलेलेन जल विकल अति योजन एक प्रमाण ॥,1165,92,35
dudhadasa1900__12__r2l5.png,dudhadasa1900__12,dudhadasa1900,r2l5,करुणा करत विविध बैदेही । सो दुखबरणिजाय अबकेही ॥,1499,93,47
dudhadasa1900__12__line_1518449162883_491.png,dudhadasa1900__12,dudhadasa1900,line_1518449162883_491,परीमुरछि व्याकुल क्षितिमाहीं । देखिदशा बनचर अकुलाहीं ॥,1521,98,54
dudhadasa1900__12__line_1518449158790_490.png,dudhadasa1900__12,dudhadasa1900,line_1518449158790_490,रघुबरबिरह शूल उर व्यापी । दारुणबिपतिअधिकतनकांपी ॥,1567,95,49
dudhadasa1900__12__r2l10.png,dudhadasa1900__12,dudhadasa1900,r2l10,दुखितश्रमितगइसोयभवानी । लक्ष्मणतबजलघटभरिआनी ॥,1559,94,45
dudhadasa1900__12__r2l12.png,dudhadasa1900__12,dudhadasa1900,r2l12,लखिमुर्च्छितक्षितिअवनिकुमारी । भेलक्ष्मणदुखकेअधिकारी ॥,1573,91,54
dudhadasa1900__12__line_1518449145838_489.png,dudhadasa1900__12,dudhadasa1900,line_1518449145838_489,भसम होन हित रच्यो उपाई । नभबानी त्यहि समय सुनाई ॥,1569,94,49
dudhadasa1900__12__line_1518449140825_488.png,dudhadasa1900__12,dudhadasa1900,line_1518449140825_488,गवनहु लषण अवधकीघाहीं । जियै बाल कछुसंशय नाहीं ॥,1562,92,47
dudhadasa1900__12__r2l19.png,dudhadasa1900__12,dudhadasa1900,r2l19,सुनि नभगिरा लषणबलधारी । चढ़ि बटडार बांधिघटबारी ॥,1562,94,48
dudhadasa1900__12__r2l20.png,dudhadasa1900__12,dudhadasa1900,r2l20,धरि धीरज उर अनुज खरारी । जोततुरितरथ अवधसिधारी ॥,1561,100,47
dudhadasa1900__12__r2l23.png,dudhadasa1900__12,dudhadasa1900,r2l23,दो० मनहींमन पद बन्दि सिय बहुविधि कीन्ह निहोर ।,1347,95,46
dudhadasa1900__12__r2l25.png,dudhadasa1900__12,dudhadasa1900,r2l25,मन मलीन तन क्षीण अति हांक्यो रथ पुरओर ॥,1144,80,39
dudhadasa1900__12__r2l27.png,dudhadasa1900__12,dudhadasa1900,r2l27,त्यागि सिया बन सघन अनेरी । लक्ष्मण अवधचले रथफेरी ॥,1574,101,50
dudhadasa1900__12__r2l28.png,dudhadasa1900__12,dudhadasa1900,r2l28,सिया विरह अति दीन दुखारी । भयसभीत प्रियबन्धु खरारी ॥,1564,94,52
dudhadasa1900__12__r2l29.png,dudhadasa1900__12,dudhadasa1900,r2l29,चौथे दिवस अवध में आई । रघुनायक पद शीश नवाई ॥,1546,103,44
dudhadasa1900__12__r2l30.png,dudhadasa1900__12,dudhadasa1900,r2l30,पूछा रामसिया कुशलाई । तजिक्यहिबनसियआयहुभाई ॥,1550,92,44
dudhadasa1900__12__r2l34.png,dudhadasa1900__12,dudhadasa1900,r2l34,ब्रह्मावर्त्त सघन बन भारी । आयों त्यागि विदेह कुमारी ॥,1569,88,54
dudhadasa1900__12__line_1518449115606_487.png,dudhadasa1900__12,dudhadasa1900,line_1518449115606_487,नाथ विरह गइ मुरि भवानी । तबमैं चल्यों प्रभुशारँगपानी ॥,1566,89,54
dudhadasa1900__12__r2l40.png,dudhadasa1900__12,dudhadasa1900,r2l40,सुनि रघुबीर हृदय दुख पावा । पुनिनिजराज्यकाजचितलावा ॥,1546,97,52
dudhadasa1900__12__r2l41.png,dudhadasa1900__12,dudhadasa1900,r2l41,सुनियहचरितसकलपुरबासी । शोच प्रबशहरिलेत उसासी ॥,1557,96,46
dudhadasa1900__12__r2l42.png,dudhadasa1900__12,dudhadasa1900,r2l42,एककहैंनहिं विधिभलकीन्हा । जोअसबिपतिजानकिहिदीन्हा ॥,1522,110,50
dudhadasa1900__12__r2l43.png,dudhadasa1900__12,dudhadasa1900,r2l43,छन्द ॥,209,80,6
dudhadasa1900__12__r2l44.png,dudhadasa1900__12,dudhadasa1900,r2l44,असबिपतिदीनजोजानकी बिनकाजरघुबरपरिहरी ।,1288,98,37
dudhadasa1900__12__r2l45.png,dudhadasa1900__12,dudhadasa1900,r2l45,जगसकल अपयशमोटबांधिबनायशिर अपनेधरी ॥,1315,95,35
dudhadasa1900__12__r2l46.png,dudhadasa1900__12,dudhadasa1900,r2l46,असकहैंपुर नरनारिमिलि दशपांच उरशोचहिंसही ।,1286,98,41
dudhadasa1900__12__r2l47.png,dudhadasa1900__12,dudhadasa1900,r2l47,गुरुसचिवकिोउनबुझाय रामहिं उचितकीबातेंकही ॥,1307,113,42
dudhadasa1900__13__r1l1.png,dudhadasa1900__13,dudhadasa1900,r1l1,रामाश्वमेध ।,295,108,12
dudhadasa1900__13__line_1518449236040_492.png,dudhadasa1900__13,dudhadasa1900,line_1518449236040_492,१३,86,104,2
dudhadasa1900__13__line_1518449371305_503.png,dudhadasa1900__13,dudhadasa1900,line_1518449371305_503,सो० विधि असकरतब कीन्ह हस्यो बुद्धि पुरलोग सब ।,1375,99,46
dudhadasa1900__13__r1l4.png,dudhadasa1900__13,dudhadasa1900,r1l4,कोउ न मंत्र असदीन्ह समय नहीं सिय बसहिं बन ॥,1304,93,43
dudhadasa1900__13__r1l5.png,dudhadasa1900__13,dudhadasa1900,r1l5,चेरे पुर नर नारि शोचहिं व्याकुल जहँ सुनहिं ।,672,89,44
dudhadasa1900__13__line_1518449358727_502.png,dudhadasa1900__13,dudhadasa1900,line_1518449358727_502,यथा मीन बिन बारि तलफैं दोष लगाय,1055,96,31
dudhadasa1900__13__line_1518449350227_501.png,dudhadasa1900__13,dudhadasa1900,line_1518449350227_501,कौशल्यादि मातु उर शोचू । किमिकहिसकौंकहैंविधि,1345,98,44
dudhadasa1900__13__line_1518449337550_500.png,dudhadasa1900__13,dudhadasa1900,line_1518449337550_500,यह इतिहास अनूपम गाई । आगे कहों,1088,98,30
dudhadasa1900__13__line_1518449322294_499.png,dudhadasa1900__13,dudhadasa1900,line_1518449322294_499,जब लक्ष्मण आये पहुंचाई । सभयविपिनप्रभुआयसुपाई ॥,1554,94,47
dudhadasa1900__13__line_1518449309386_498.png,dudhadasa1900__13,dudhadasa1900,line_1518449309386_498,पस्यो बुन्द जल घट मुखमाहीं । जागी सिय कहुं कोऊ नाहीं ॥,1561,95,54
dudhadasa1900__13__r1l30.png,dudhadasa1900__13,dudhadasa1900,r1l30,अतिब्याकुलकरि रोदनभारी । हा लक्ष्मणतुमसमहितकारी ॥,1564,94,49
dudhadasa1900__13__r1l31.png,dudhadasa1900__13,dudhadasa1900,r1l31,क्यहि अपराध मोहिंतुमत्यागे । गयोअवध लखिसोवतभागे ॥,1582,95,49
dudhadasa1900__13__r1l32.png,dudhadasa1900__13,dudhadasa1900,r1l32,तुमहिं देखि कछुधीरजरह्यऊ । तुमबिनअधिकमोहिंदुखभयऊ ॥,1531,92,50
dudhadasa1900__13__r1l33.png,dudhadasa1900__13,dudhadasa1900,r1l33,अब क्यहिभांतिधरों उरधीरा । देखिविपिनअतिगहनगँभीरा ॥,1563,96,50
dudhadasa1900__13__r1l34.png,dudhadasa1900__13,dudhadasa1900,r1l34,दो० यहिप्रकार अबजानकी शीशधुनहि बिलखाय ।,1307,91,39
dudhadasa1900__13__r1l35.png,dudhadasa1900__13,dudhadasa1900,r1l35,समय बिषाद न जातकहि काहूते खगराय ॥,1155,91,33
dudhadasa1900__13__r1l36.png,dudhadasa1900__13,dudhadasa1900,r1l36,गमनविपिनतबसुनिखगपाला । बायससों बोले त्यहिकाला ॥,1566,101,47
dudhadasa1900__13__line_1518449296041_497.png,dudhadasa1900__13,dudhadasa1900,line_1518449296041_497,पूछों नाथ चरण शिरनाई । यह कौतुक प्रभु मोहिंसुनाई ॥,1572,99,50
dudhadasa1900__13__r1l40.png,dudhadasa1900__13,dudhadasa1900,r1l40,माया कृत अवतार भवानी । नेतिनेति कहिनिगमबखानी ॥,1577,89,46
dudhadasa1900__13__r1l42.png,dudhadasa1900__13,dudhadasa1900,r1l42,जासु दृष्टि जग यावत माया । होहिं नाथ परिपूरण काया ॥,1582,80,51
dudhadasa1900__13__line_1518449280785_496.png,dudhadasa1900__13,dudhadasa1900,line_1518449280785_496,शारद शेष देव मुनि वृन्दा । सेवहिं चरणत्यागिछलछन्दा ॥,1573,100,52
dudhadasa1900__13__line_1518449272616_495.png,dudhadasa1900__13,dudhadasa1900,line_1518449272616_495,सोकि विदेह सुता बन योगू । सुनिकौतुकबिस्मितभयेलोगू ॥,1559,89,51
dudhadasa1900__13__line_1518449268165_494.png,dudhadasa1900__13,dudhadasa1900,line_1518449268165_494,कहहु बुझाय सो बायसनाथा । कससियत्यागकीन्हरघुनाथा ॥,1575,94,49
dudhadasa1900__13__r1l50.png,dudhadasa1900__13,dudhadasa1900,r1l50,सुनि खगेश के बचन अनूपा । साधुसाधु कह बायस भूपा ॥,1541,99,48
dudhadasa1900__13__line_1518449257065_493.png,dudhadasa1900__13,dudhadasa1900,line_1518449257065_493,प्रश्न तुम्हार नाथ म्वहिं भाई । चाहहु सुनन रामप्रभुताई ॥,1588,99,56
dudhadasa1900__13__r1l54.png,dudhadasa1900__13,dudhadasa1900,r1l54,सो० कहा वचन असकाग खग आगे करजोरिकर ।,1333,86,35
dudhadasa1900__13__r1l55.png,dudhadasa1900__13,dudhadasa1900,r1l55,चरितसुनावनलागज्यहिकारणप्रभुत्यागिसिय ॥,1195,97,38
dudhadasa1900__13__r1l56.png,dudhadasa1900__13,dudhadasa1900,r1l56,सियहि जोत्यागकीन्हरघुबीरा । सुनहुसो भेवगरु ड़मतिधीरा ॥,1561,110,54
dudhadasa1900__14__line_1518449470560_504.png,dudhadasa1900__14,dudhadasa1900,line_1518449470560_504,१४,93,90,2
dudhadasa1900__14__line_1518449473015_505.png,dudhadasa1900__14,dudhadasa1900,line_1518449473015_505,रामाश्वमेध ।,337,109,12
dudhadasa1900__14__line_1518449476187_506.png,dudhadasa1900__14,dudhadasa1900,line_1518449476187_506,जबप्रभुजीति समरदशशीशा । अवधचलनचाह्योजगदीशा ॥,1560,128,44
dudhadasa1900__14__line_1518449481941_507.png,dudhadasa1900__14,dudhadasa1900,line_1518449481941_507,देव सबै तेहि अवसर आई । विनयविनयजकोकसिधाई ॥,1553,145,42
dudhadasa1900__14__line_1518449484851_508.png,dudhadasa1900__14,dudhadasa1900,line_1518449484851_508,ताहि समय दशेरथ नृप आये । रामहिं देखि नयन जल छाये ॥,1558,99,50
dudhadasa1900__14__line_1518449488355_509.png,dudhadasa1900__14,dudhadasa1900,line_1518449488355_509,पितहि प्रणाम कीन्ह रघुराई । सीता अनुजसहितखगराई ॥,1571,122,48
dudhadasa1900__14__line_1518449491929_510.png,dudhadasa1900__14,dudhadasa1900,line_1518449491929_510,अस अभिलाष नरेश खगेशा । मोहिंलै चलैं अवधअवधेशा ॥,1566,136,47
dudhadasa1900__14__line_1518449495869_511.png,dudhadasa1900__14,dudhadasa1900,line_1518449495869_511,पितहि प्रेमवशलख्यो कृपाला । समुझायो कहिबचनरसाला ॥,1563,96,49
dudhadasa1900__14__line_1518449500310_512.png,dudhadasa1900__14,dudhadasa1900,line_1518449500310_512,वर्ष सहस्र राव प्रभुताई । रह्यो सो भोग करबमैं जाई ॥,1568,87,51
dudhadasa1900__14__line_1518449503490_513.png,dudhadasa1900__14,dudhadasa1900,line_1518449503490_513,असकहि रामपितहि शिरनावा । दीन्हज्ञान निजधाम पठावा ॥,1567,111,50
dudhadasa1900__14__line_1518449506974_514.png,dudhadasa1900__14,dudhadasa1900,line_1518449506974_514,दो० सुनि असबचनबिनीतबहु भयोज्ञानखगराय ।,1306,88,38
dudhadasa1900__14__line_1518449511166_515.png,dudhadasa1900__14,dudhadasa1900,line_1518449511166_515,प्रभु मूरति उर राखिनृप गेसुरपुर हरषाय ॥,1159,90,39
dudhadasa1900__14__line_1518449514823_516.png,dudhadasa1900__14,dudhadasa1900,line_1518449514823_516,पिता राज्यके भोगहित असकौतुक प्रभुकीन ।,1157,91,38
dudhadasa1900__14__line_1518449518449_517.png,dudhadasa1900__14,dudhadasa1900,line_1518449518449_517,रहैं सिया कछुदिनअनतत्यहिकारणबनदीन ॥,1159,98,35
dudhadasa1900__14__line_1518449523868_518.png,dudhadasa1900__14,dudhadasa1900,line_1518449523868_518,सो० गयो शोच खगनाथ सुनिप्रभुचरितभुशुण्डिमुख ।,1417,94,44
dudhadasa1900__14__line_1518449527684_519.png,dudhadasa1900__14,dudhadasa1900,line_1518449527684_519,परसि चरणपरमाथ अति नाथकृतारथ कीन्ह मोहिं ॥,1267,92,41
dudhadasa1900__14__line_1518449531718_520.png,dudhadasa1900__14,dudhadasa1900,line_1518449531718_520,दो० पाछिलकथापुनीत अति सुनहु खगेशसुजान ।,1312,88,39
dudhadasa1900__14__line_1518449535542_521.png,dudhadasa1900__14,dudhadasa1900,line_1518449535542_521,ज्यहि प्रकार रोदनकरैं सीता जगतभवान ॥,1153,94,36
dudhadasa1900__14__line_1518449539761_522.png,dudhadasa1900__14,dudhadasa1900,line_1518449539761_522,महा बिलाप करति बैदेही । शोकबिकलतनुसुधिनहिंतेही ॥,1570,98,48
dudhadasa1900__14__line_1518449544446_523.png,dudhadasa1900__14,dudhadasa1900,line_1518449544446_523,भे खग मृग बन जीव दुखारी । देखिजानकी चकित निहारी ॥,1561,97,49
dudhadasa1900__14__line_1518449551280_524.png,dudhadasa1900__14,dudhadasa1900,line_1518449551280_524,स्रवतनयन जलदुखअधिकारी । बोले वचन समय अनुहारी ॥,1571,99,46
dudhadasa1900__14__line_1518449554686_525.png,dudhadasa1900__14,dudhadasa1900,line_1518449554686_525,तजहु शोच सुनु राजकुमारी । विधिके अङ्क सकै को टारी ॥,1566,88,51
dudhadasa1900__14__line_1518449560245_526.png,dudhadasa1900__14,dudhadasa1900,line_1518449560245_526,बन देवत धरि धरि मुनि नारी । समुझावें मृदु बैन उचारी ॥,1573,90,53
dudhadasa1900__14__line_1518449564015_527.png,dudhadasa1900__14,dudhadasa1900,line_1518449564015_527,अवधते सरिस जानु बन माता । होइहैं सब विधि मंगलदाता ॥,1563,101,51
dudhadasa1900__14__line_1518449568738_528.png,dudhadasa1900__14,dudhadasa1900,line_1518449568738_528,काहू दोष न लाइय रानी । जग जननी तुममातुभवानी ।,1558,87,45
dudhadasa1900__14__line_1518449572575_529.png,dudhadasa1900__14,dudhadasa1900,line_1518449572575_529,करि प्रबोध मुख धोय सयानी । कन्दमूल लाईं मधुजानी ।,1563,93,49
dudhadasa1900__14__line_1518449575696_530.png,dudhadasa1900__14,dudhadasa1900,line_1518449575696_530,धरि आगेसिय पुन समुझाई । हाथ जोरि करि विनयखबाई ॥,1555,110,47
dudhadasa1900__14__line_1518449578750_531.png,dudhadasa1900__14,dudhadasa1900,line_1518449578750_531,छन्द ॥,180,75,6
dudhadasa1900__14__line_1518449583391_532.png,dudhadasa1900__14,dudhadasa1900,line_1518449583391_532,करजोरि विनय खवाय सीतहि बिदाह्वै गृह को गईं ।,1383,118,44
dudhadasa1900__15__line_1518449663380_533.png,dudhadasa1900__15,dudhadasa1900,line_1518449663380_533,रामाश्वमेध,337,97,10
dudhadasa1900__15__line_1518449665925_534.png,dudhadasa1900__15,dudhadasa1900,line_1518449665925_534,१५,67,99,2
dudhadasa1900__15__line_1518449669050_535.png,dudhadasa1900__15,dudhadasa1900,line_1518449669050_535,लखि विषम बन भारी भयंकर जानकी विस्मित भंई ॥,1371,100,42
dudhadasa1900__15__line_1518449672009_536.png,dudhadasa1900__15,dudhadasa1900,line_1518449672009_536,त्यहि समय मुनिवर बालमीकि समेत चेलन बनगये ।,1360,88,42
dudhadasa1900__15__line_1518449675053_537.png,dudhadasa1900__15,dudhadasa1900,line_1518449675053_537,सुनिरुदनअबलासघनबन शिषसहिततहँआवतभये ॥,1365,94,36
dudhadasa1900__15__line_1518449678061_538.png,dudhadasa1900__15,dudhadasa1900,line_1518449678061_538,सो० देखा निपट मलीन बैठी तहँ रोदन करै ।,1359,96,38
dudhadasa1900__15__line_1518449681590_539.png,dudhadasa1900__15,dudhadasa1900,line_1518449681590_539,मुनिवर परम प्रवीन निकटजाय. पूंछी कथा ॥,1212,87,38
dudhadasa1900__15__line_1518449684149_540.png,dudhadasa1900__15,dudhadasa1900,line_1518449684149_540,देखि ऋषय बोलीं तब सीता । बानी मञ्जुल मधुर पुनीता ॥,1552,107,50
dudhadasa1900__15__line_1518449689120_541.png,dudhadasa1900__15,dudhadasa1900,line_1518449689120_541,श्वशुर चक्कवे दशरथ राऊ । जनकपिताजगविदितप्रभाऊ ॥,1546,88,47
dudhadasa1900__15__line_1518449692656_542.png,dudhadasa1900__15,dudhadasa1900,line_1518449692656_542,पति रघुनाथ लोकतिहुँस्वामी । कहों कहांलग अन्तर्य्यामी ॥,1546,93,54
dudhadasa1900__15__line_1518449696295_543.png,dudhadasa1900__15,dudhadasa1900,line_1518449696295_543,ऋषिपँचबटि पुरलोकविचारी । तज्योमोहिं रघुनाथ खरारी ॥,1552,98,50
dudhadasa1900__15__line_1518449700093_544.png,dudhadasa1900__15,dudhadasa1900,line_1518449700093_544,लक्ष्मण बन पहुंचाय बहोरी । गये अवधकहँजनककिशोरी ॥,1554,87,48
dudhadasa1900__15__line_1518449704607_545.png,dudhadasa1900__15,dudhadasa1900,line_1518449704607_545,बालमीकि सियको पहिचानी । धीरज दीन पुराण बखानी ॥,1563,95,46
dudhadasa1900__15__line_1518449708856_546.png,dudhadasa1900__15,dudhadasa1900,line_1518449708856_546,पुत्री धीर धरो उर माहीं । भयोबामविधिकछु न बसाहीं ॥,1547,93,50
dudhadasa1900__15__line_1518449712335_547.png,dudhadasa1900__15,dudhadasa1900,line_1518449712335_547,करि प्रबोध बहु कथा सुनाई । चले संग आसनहि लिवाई ॥,1546,98,48
dudhadasa1900__15__line_1518449715848_548.png,dudhadasa1900__15,dudhadasa1900,line_1518449715848_548,सुन्दर सदनबासलै दीन्ही । सेवा बहु प्रकार मुनिकीन्ही ॥,1547,91,53
dudhadasa1900__15__line_1518449719690_549.png,dudhadasa1900__15,dudhadasa1900,line_1518449719690_549,दो० यहि मिसि बीते कालबहु विपति विषाद बिहाय ।,1388,85,44
dudhadasa1900__15__line_1518449723444_550.png,dudhadasa1900__15,dudhadasa1900,line_1518449723444_550,युगल तनय तब प्रकटभे सुदिन सुऔसर पाय ॥,1232,96,37
dudhadasa1900__15__line_1518449727770_551.png,dudhadasa1900__15,dudhadasa1900,line_1518449727770_551,बालमीकि मुनि गन्त बिचारी । शुभ नक्षत्र लखिभये सुखारी ॥,1550,99,54
dudhadasa1900__15__line_1518449732341_552.png,dudhadasa1900__15,dudhadasa1900,line_1518449732341_552,बोल लई महिसुर हरषाई । दीन दान सम्मान बड़ाई ॥,1558,97,44
dudhadasa1900__15__line_1518449736795_553.png,dudhadasa1900__15,dudhadasa1900,line_1518449736795_553,सिय उर हर्ष भयो ज्यहिभांती । शारदहूते नहिं कहिजाती ॥,1550,93,52
dudhadasa1900__15__line_1518449740609_554.png,dudhadasa1900__15,dudhadasa1900,line_1518449740609_554,जस दुखसही लहीसुखभारी । बदनसुभगदोउसुवननिहारी ॥,1538,94,45
dudhadasa1900__15__line_1518449745086_555.png,dudhadasa1900__15,dudhadasa1900,line_1518449745086_555,त्यहि अवसर मुनिकुटी सुहाई । ऋद्धिसिद्धिसुख सम्पतिछाई ॥,1564,96,54
dudhadasa1900__15__line_1518449747954_556.png,dudhadasa1900__15,dudhadasa1900,line_1518449747954_556,जो ज्यहिभावदीन्ह तेहिसोई । उत्सव परम जान जिनजोई ॥,1556,88,49
dudhadasa1900__15__line_1518449752273_557.png,dudhadasa1900__15,dudhadasa1900,line_1518449752273_557,कीन्हवेद लौकिक सब रीती । बालमीकिमुनिवर अतिप्रीती ॥,1555,100,50
dudhadasa1900__15__line_1518449755357_558.png,dudhadasa1900__15,dudhadasa1900,line_1518449755357_558,नामकरण उत्पत्ति उछाहू । कीन्हमुदितबिधि वेद निबाहू ॥,1549,90,51
dudhadasa1900__15__line_1518449759245_559.png,dudhadasa1900__15,dudhadasa1900,line_1518449759245_559,दो० भे सयान विद्यासकल बालमीकिमुनि दीन्ह ।,1297,88,41
dudhadasa1900__15__line_1518449762957_560.png,dudhadasa1900__15,dudhadasa1900,line_1518449762957_560,चार वेद षट शास्त्रको कौतुकही पढ़ि लीन्ह ॥,1147,100,41
dudhadasa1900__15__line_1518449766289_561.png,dudhadasa1900__15,dudhadasa1900,line_1518449766289_561,बाल चरित सुन्दर दोउभ्रातू । हरषि निरखि सुख पावैमातू ॥,1552,106,53
dudhadasa1900__16__r1l1.png,dudhadasa1900__16,dudhadasa1900,r1l1,१६,100,106,2
dudhadasa1900__16__r1l2.png,dudhadasa1900__16,dudhadasa1900,r1l2,रामाश्वमेध ।,348,104,12
dudhadasa1900__16__r1l4.png,dudhadasa1900__16,dudhadasa1900,r1l4,विद्या धनुषबाणमुनि दीन्ही । दोऊअनुजमुदितसिखिलीन्ही ॥,1555,101,52
dudhadasa1900__16__line_1518449981163_574.png,dudhadasa1900__16,dudhadasa1900,line_1518449981163_574,बीते जबै वर्ष दश चारी । भयेकुमार युगल बलधारी ॥,1562,100,46
dudhadasa1900__16__r1l7.png,dudhadasa1900__16,dudhadasa1900,r1l7,मुनिबालकसँग खेलतफिरहीं । निपटअशंक न कालहुडरहीं ॥,1561,95,48
dudhadasa1900__16__r1l10.png,dudhadasa1900__16,dudhadasa1900,r1l10,फिरहिंबिपिन करिबीरशृंगारा । बधैंमृगा दोउ राजकुमारा ॥,1559,84,52
dudhadasa1900__16__line_1518449971215_573.png,dudhadasa1900__16,dudhadasa1900,line_1518449971215_573,अतुलितबलप्रताप दोउभाई । सुठिसुकुमार बरणिनहिंजाई ॥,1551,99,49
dudhadasa1900__16__line_1518449946807_571.png,dudhadasa1900__16,dudhadasa1900,line_1518449946807_571,दिनप्रति करहिं अहेरबराहू । फिरहिंबिपिनलखिडरहिंनकाहू ॥,1547,88,53
dudhadasa1900__16__line_1518449963127_572.png,dudhadasa1900__16,dudhadasa1900,line_1518449963127_572,निशिदिनसुखदमातुउरमाहीं । सपनेहुअवधसुरतित्यहिनाहीं ॥,1526,101,51
dudhadasa1900__16__line_1518449934404_570.png,dudhadasa1900__16,dudhadasa1900,line_1518449934404_570,होत प्रात नित दोऊ भइया । करहिंप्रणाममुदितमनमइया ॥,1548,89,49
dudhadasa1900__16__line_1518449928060_569.png,dudhadasa1900__16,dudhadasa1900,line_1518449928060_569,दो० मुदितअशीषहि मातुतब जोरीसुभग निहारि ।,1290,91,40
dudhadasa1900__16__r1l30.png,dudhadasa1900__16,dudhadasa1900,r1l30,बार बार चँबूति बदन जाय जाय बलिहारि ॥,1185,97,36
dudhadasa1900__16__line_1518449917227_568.png,dudhadasa1900__16,dudhadasa1900,line_1518449917227_568,लवकुशजन्म उछाह भवानी । कह्यों यथामति वेदबखानी ॥,1555,93,47
dudhadasa1900__16__line_1518449909533_567.png,dudhadasa1900__16,dudhadasa1900,line_1518449909533_567,अब जो कहों सुनो मन लाई । राम चरित सुन्दर सुखदाई ॥,1560,94,49
dudhadasa1900__16__line_1518449900941_566.png,dudhadasa1900__16,dudhadasa1900,line_1518449900941_566,जबतेप्रभु सिय विपिन निकारी । तबतेनिशिदिनरहतदुखारी ॥,1502,84,51
dudhadasa1900__16__line_1518449874377_565.png,dudhadasa1900__16,dudhadasa1900,line_1518449874377_565,एकबार सोवत रघुबीरा । देखा स्वप्न राम रणधीरा ॥,1562,103,45
dudhadasa1900__16__line_1518449860842_564.png,dudhadasa1900__16,dudhadasa1900,line_1518449860842_564,लङ्खापति सजि निज कटकाई । घेस्यो अवध निशानबजाई ॥,1564,120,47
dudhadasa1900__16__r1l48.png,dudhadasa1900__16,dudhadasa1900,r1l48,कीन महारण प्रभुके साथा । ह्वै व्याकुल जागे रघुनाथा ॥,1587,167,52
dudhadasa1900__16__r1l49.png,dudhadasa1900__16,dudhadasa1900,r1l49,कछु न दीख तहँ कृपानिधाना । कीन जाय सरयू अस्नाना ॥,1566,137,49
dudhadasa1900__16__line_1518449849153_563.png,dudhadasa1900__16,dudhadasa1900,line_1518449849153_563,नित्यक्रिया करि गुरु पहँ आई । गहिपद अम्बुजस्वप्नसुनाई ॥,1561,126,55
dudhadasa1900__16__line_1518449844230_562.png,dudhadasa1900__16,dudhadasa1900,line_1518449844230_562,स्वप्रभेव जस मोहिं सुनाई । करो उपाय बेगि मुनिराई ॥,1552,179,50
dudhadasa1900__16__r1l55.png,dudhadasa1900__16,dudhadasa1900,r1l55,दो० कह्योबिचारि मुनीश तब बचन मधुर त्यहिकाल ।,1349,137,44
dudhadasa1900__16__r1l56.png,dudhadasa1900__16,dudhadasa1900,r1l56,ब्रह्मबीज राकस भयो बसिभुजा दशभाल ॥,1193,91,34
dudhadasa1900__16__r1l57.png,dudhadasa1900__16,dudhadasa1900,r1l57,करहु यज्ञ अशुमेध सुहावन । सदा युगों युग पावन पावन ॥,1567,93,51
dudhadasa1900__16__r1l58.png,dudhadasa1900__16,dudhadasa1900,r1l58,जानिशिरोमणि मख अतिभारी । करहिं अवशनृपप्रभुदनुजारी ॥,1563,94,51
dudhadasa1900__16__r1l59.png,dudhadasa1900__16,dudhadasa1900,r1l59,बिन कीन्हे मख दीनदयाला । होय न क्षमितअसुरदशभाला ॥,1559,91,49
dudhadasa1900__16__r1l60.png,dudhadasa1900__16,dudhadasa1900,r1l60,तब प्रभुकहा सुनिय मुनिनायक । करिय अरम्भयज्ञ सुखदायक ॥,1557,122,53
dudhadasa1900__16__r1l61.png,dudhadasa1900__16,dudhadasa1900,r1l61,तब मुनिनाथ कह्यो समुझाई । श्यामकरणहय अमर मँगाई ॥,1565,146,48
dudhadasa1900__16__r1l62.png,dudhadasa1900__16,dudhadasa1900,r1l62,राजनीति हम पत्र लिखाई । बाँधि शीशपर बाजि फिराई ॥,1562,118,48
dudhadasa1900__17__line_1518450035920_576.png,dudhadasa1900__17,dudhadasa1900,line_1518450035920_576,१७,91,95,2
dudhadasa1900__17__line_1518450032037_575.png,dudhadasa1900__17,dudhadasa1900,line_1518450032037_575,रामाश्वमेध ।,330,95,12
dudhadasa1900__17__line_1518450039841_577.png,dudhadasa1900__17,dudhadasa1900,line_1518450039841_577,चार क्षोहिणी दल सँगदीजे । सैनापति रिपुसूदन कीजे ॥,1541,90,49
dudhadasa1900__17__line_1518450042460_578.png,dudhadasa1900__17,dudhadasa1900,line_1518450042460_578,जो नृप बांधे अश्व तुम्हारा । करहिं युद्ध त्यहि सङ्ग अपारा ॥,1542,100,59
dudhadasa1900__17__line_1518450045245_579.png,dudhadasa1900__17,dudhadasa1900,line_1518450045245_579,ताहि जीतिमख बाजि मँगाई । चहूँदिशा यहिभांति फिराई ॥,1545,87,50
dudhadasa1900__17__line_1518450051989_580.png,dudhadasa1900__17,dudhadasa1900,line_1518450051989_580,दो० सब भूपनमदमानमहि कुशल सो यह वरबाज ।,1307,96,38
dudhadasa1900__17__line_1518450054271_581.png,dudhadasa1900__17,dudhadasa1900,line_1518450054271_581,रिपुसूदन आवहिं अवध यज्ञसिद्ध रघुराज ॥,1142,82,37
dudhadasa1900__17__line_1518450057776_582.png,dudhadasa1900__17,dudhadasa1900,line_1518450057776_582,सुनि मुनीश के वचन सप्रेमा । मखहित राम कीन्ह दृढ़नेमा ॥,1549,105,54
dudhadasa1900__17__line_1518450062284_583.png,dudhadasa1900__17,dudhadasa1900,line_1518450062284_583,बेगि तुरँग सुरनाथ मँगाई । पूजा कीन्ह वेद यश गाई ॥,1545,85,49
dudhadasa1900__17__line_1518450065734_584.png,dudhadasa1900__17,dudhadasa1900,line_1518450065734_584,हेमपत्र बांध्यो हय शीशा । बांचतज्यहि कोपैं अवनीशा ॥,1552,86,51
dudhadasa1900__17__line_1518450068993_585.png,dudhadasa1900__17,dudhadasa1900,line_1518450068993_585,यूथप रिपुसूदन को कीन्हा । कहिप्रभुपूनिअसआयसुदीन्हा ॥,1546,98,52
dudhadasa1900__17__line_1518450072569_586.png,dudhadasa1900__17,dudhadasa1900,line_1518450072569_586,तात तुरंग करब रखवारी । सजगरहब धनुबाण सुधारी ।,1563,96,45
dudhadasa1900__17__line_1518450076856_587.png,dudhadasa1900__17,dudhadasa1900,line_1518450076856_587,गे भूपति तजि इरषा मोहा । मिलै आयत्यहि कीन्हो छोहा ॥,1560,91,51
dudhadasa1900__17__line_1518450080448_588.png,dudhadasa1900__17,dudhadasa1900,line_1518450080448_588,अभयकरबत्यहिसभय निहारी । करब बचन परमान हमारी ॥,1543,78,45
dudhadasa1900__17__line_1518450083756_589.png,dudhadasa1900__17,dudhadasa1900,line_1518450083756_589,जे नृप हठ बश बांध तुरंगा । प्रबलयुद्ध कीन्ह्यो तेहिसंगा ॥,1557,91,57
dudhadasa1900__17__line_1518450086980_590.png,dudhadasa1900__17,dudhadasa1900,line_1518450086980_590,समरभूमि रणसेज सुवाई । तुरग छुड़ाय चलब हरषाई ॥,1564,87,45
dudhadasa1900__17__line_1518450090332_591.png,dudhadasa1900__17,dudhadasa1900,line_1518450090332_591,दो० ताहि जीति मखबाजिलै सजगकरब सबकाज ।,1346,88,37
dudhadasa1900__17__line_1518450093188_592.png,dudhadasa1900__17,dudhadasa1900,line_1518450093188_592,फिस्योअवधकहँप्राणप्रिय असकहिकोशलराज ॥,1199,99,37
dudhadasa1900__17__line_1518450096712_593.png,dudhadasa1900__17,dudhadasa1900,line_1518450096712_593,सुनि आयसु साहब सियरौनू । पद शिरनाय चले रिपुदौनू,1501,93,47
dudhadasa1900__17__line_1518450099988_594.png,dudhadasa1900__17,dudhadasa1900,line_1518450099988_594,करि आगे मखहय मुनिनाथा । भोरे सुभट कीन्ह त्यहिसाथा ॥,1545,82,51
dudhadasa1900__17__line_1518450103313_595.png,dudhadasa1900__17,dudhadasa1900,line_1518450103313_595,मुनिपद बन्दि चले रणधीरा । कर कमलन सोहत धनुतीरा ॥,1550,95,48
dudhadasa1900__17__line_1518450106786_596.png,dudhadasa1900__17,dudhadasa1900,line_1518450106786_596,शत्रुदवन पुर बाहर जाई । बेगि सारथी बोलि पठाई ॥,1549,93,46
dudhadasa1900__17__line_1518450110530_597.png,dudhadasa1900__17,dudhadasa1900,line_1518450110530_597,तुरित सारथी स्यन्दन आना । चढ़्यो बिमान बीर बलवाना ॥,1551,92,51
dudhadasa1900__17__line_1518450113904_598.png,dudhadasa1900__17,dudhadasa1900,line_1518450113904_598,बीर धुरीण भरत लघुभाई । सुमिरि गजानन सैनचलाई ॥,1549,96,45
dudhadasa1900__17__line_1518450117539_599.png,dudhadasa1900__17,dudhadasa1900,line_1518450117539_599,सैन अमितको गनै मुनीशा । सकुचैं शारद गिरा फणीशा ॥,1541,93,48
dudhadasa1900__17__line_1518450121064_600.png,dudhadasa1900__17,dudhadasa1900,line_1518450121064_600,चार क्षौहिणी सैन भवानी । बड़े बड़े योधा अभिमानी ॥,1547,82,49
dudhadasa1900__17__line_1518450125604_601.png,dudhadasa1900__17,dudhadasa1900,line_1518450125604_601,आगे चञ्चल चपल तुरंगू । पाछे सुभट जाहिं त्यहिसंगू ॥,1557,97,50
dudhadasa1900__17__line_1518450129322_602.png,dudhadasa1900__17,dudhadasa1900,line_1518450129322_602,दो० त्यहि पाछे सेना सुभट भरत अनुज रणधीर ।,1316,95,41
dudhadasa1900__17__line_1518450133684_603.png,dudhadasa1900__17,dudhadasa1900,line_1518450133684_603,धर बीरासन जात मग सुमिरत सियरघुबीर ॥,1161,80,35
dudhadasa1900__18__line_1518450176884_605.png,dudhadasa1900__18,dudhadasa1900,line_1518450176884_605,रामाश्वमेध ।,332,112,12
dudhadasa1900__18__line_1518450173440_604.png,dudhadasa1900__18,dudhadasa1900,line_1518450173440_604,१८,86,95,2
dudhadasa1900__18__line_1518450181646_606.png,dudhadasa1900__18,dudhadasa1900,line_1518450181646_606,सांझ समय सब बीरभट साजिसाजि सीपाह ।,1162,96,34
dudhadasa1900__18__line_1518450185422_607.png,dudhadasa1900__18,dudhadasa1900,line_1518450185422_607,निजनिज बारी देखिहय चलैं भोर उठि राह ॥,1152,85,37
dudhadasa1900__18__line_1518450188999_608.png,dudhadasa1900__18,dudhadasa1900,line_1518450188999_608,गिरामूक फण तब सकुचाई । जो अब कहै प्रताप बड़ाई ॥,1552,90,47
dudhadasa1900__18__line_1518450193095_609.png,dudhadasa1900__18,dudhadasa1900,line_1518450193095_609,फूटे मेरु खेह ह्वै जाहीं । टूटे बिटप परे महि माहीं ॥,1550,93,52
dudhadasa1900__18__line_1518450196567_610.png,dudhadasa1900__18,dudhadasa1900,line_1518450196567_610,रजसों पूरिगये नद नारे । कूप तड़ाग झूर भय सारे ॥,1552,95,47
dudhadasa1900__18__line_1518450200642_611.png,dudhadasa1900__18,dudhadasa1900,line_1518450200642_611,जहँ जहँ जाय यज्ञबर बाजू । मिलहिंभूपतहँ सहितसमाजू ॥,1557,95,50
dudhadasa1900__18__line_1518450205485_612.png,dudhadasa1900__18,dudhadasa1900,line_1518450205485_612,जहँ जे भूपति कीन्ह लड़ाई । मास्यो ताहि भरत लघुभाई ॥,1550,94,51
dudhadasa1900__18__line_1518450211729_613.png,dudhadasa1900__18,dudhadasa1900,line_1518450211729_613,ताहि सँहारि वाजि अगुआई । उत्सव कहिं कछु शर्म न पाई ॥,1556,95,52
dudhadasa1900__18__line_1518450216511_614.png,dudhadasa1900__18,dudhadasa1900,line_1518450216511_614,करहिंयुद्ध नहिं कालहु डरहीं । नृपमानी जीतत रण फिरहीं ॥,1552,92,54
dudhadasa1900__18__line_1518450221125_615.png,dudhadasa1900__18,dudhadasa1900,line_1518450221125_615,कहौं कहांलग तेज बखाना । रिपुसूदन रिपुसूदन जाना ॥,1557,97,48
dudhadasa1900__18__line_1518450224880_616.png,dudhadasa1900__18,dudhadasa1900,line_1518450224880_616,उदयअस्त महि मंडलमाहीं । । रिपुसूदन समान भट नाहीं ॥,1558,98,50
dudhadasa1900__18__line_1518450227834_617.png,dudhadasa1900__18,dudhadasa1900,line_1518450227834_617,छन्द ॥,178,77,6
dudhadasa1900__18__line_1518450233001_618.png,dudhadasa1900__18,dudhadasa1900,line_1518450233001_618,रिपुदवनसम जगकोउ न भट जोआयअब सन्मुख लड़े ।,1407,97,41
dudhadasa1900__18__line_1518450236865_619.png,dudhadasa1900__18,dudhadasa1900,line_1518450236865_619,सुर असुर जेते नाग नर भय मान पद नहिं रण खड़े ॥,1389,89,45
dudhadasa1900__18__line_1518450240220_620.png,dudhadasa1900__18,dudhadasa1900,line_1518450240220_620,चहुँ ओर अश्व फिराय सैन समेत रिपुसूदन बली ।,1397,83,42
dudhadasa1900__18__line_1518450243994_621.png,dudhadasa1900__18,dudhadasa1900,line_1518450243994_621,यमुना उतरि सुरसरीमज्यो पार उतर सैना चली ॥,1399,102,41
dudhadasa1900__18__line_1518450247030_622.png,dudhadasa1900__18,dudhadasa1900,line_1518450247030_622,सो० चल्योतुरंग त्यहिकाल बालमीकि आश्रमगयो ।,1314,91,42
dudhadasa1900__18__line_1518450250073_623.png,dudhadasa1900__18,dudhadasa1900,line_1518450250073_623,लखि बन बागरसाल हरितदूब लाग्यो चरन ॥,1173,93,35
dudhadasa1900__18__line_1518450253493_624.png,dudhadasa1900__18,dudhadasa1900,line_1518450253493_624,दो० रहेतहां रखवार लव देखि अश्व प्रिय लाग ।,1326,100,42
dudhadasa1900__18__line_1518450257134_625.png,dudhadasa1900__18,dudhadasa1900,line_1518450257134_625,उठ अकेल बांध्यो तुरंग जानि चरत मुनिबाग ॥,1185,96,40
dudhadasa1900__18__line_1518450261080_626.png,dudhadasa1900__18,dudhadasa1900,line_1518450261080_626,बांधि तुरङ्ग पत्रलव बांचा । करोंयुद्ध नृपसों मन रांचा ॥,1559,93,55
dudhadasa1900__18__line_1518450264723_627.png,dudhadasa1900__18,dudhadasa1900,line_1518450264723_627,जबलग जीवरहौ तनु माहीं । तबलग अश्व देब नृप नाहीं ॥,1545,81,49
dudhadasa1900__18__line_1518450268531_628.png,dudhadasa1900__18,dudhadasa1900,line_1518450268531_628,त्यहि अवसर भटभीर समूहा । आये हय हेरत बहु जूहा ॥,1559,91,47
dudhadasa1900__18__line_1518450271621_629.png,dudhadasa1900__18,dudhadasa1900,line_1518450271621_629,देखि अश्व सकुचे मनमाहीं । बालक बधब उचित कछुनाहीं ॥,1549,91,50
dudhadasa1900__18__line_1518450276006_630.png,dudhadasa1900__18,dudhadasa1900,line_1518450276006_630,डाटि कुवँर हयलेहु छुड़ाई । रिपुसूदन पहँ गवनो भाई ॥,1549,90,50
dudhadasa1900__18__line_1518450280414_631.png,dudhadasa1900__18,dudhadasa1900,line_1518450280414_631,सुनि अस बचन हँसे लवबीरा । कर कमलन फेरत धनुतीरा ॥,1556,93,48
dudhadasa1900__18__line_1518450285318_632.png,dudhadasa1900__18,dudhadasa1900,line_1518450285318_632,सुभट जबै हय छोरनलागे । लखि लव तुरत बीर रसपागे ॥,1549,91,47
giridharadasa1902__01__line_1518440085272_134.png,giridharadasa1902__01,giridharadasa1902,line_1518440085272_134,श्रीगणेशाय नमः,509,114,14
giridharadasa1902__01__line_1518440091205_135.png,giridharadasa1902__01,giridharadasa1902,line_1518440091205_135,भारतीभूषएा,1155,121,10
giridharadasa1902__01__r2l27.png,giridharadasa1902__01,giridharadasa1902,r2l27,श्रीगिरिधरदास कविराज कृत,1334,90,24
giridharadasa1902__01__r2l28.png,giridharadasa1902__01,giridharadasa1902,r2l28,जिसमें,206,83,6
giridharadasa1902__01__r2l29.png,giridharadasa1902__01,giridharadasa1902,r2l29,सम्पूर्ण अलंकार के लक्षण उदाहरणसहित,1388,104,35
giridharadasa1902__01__r2l30.png,giridharadasa1902__01,giridharadasa1902,r2l30,अतिसरलतापूर्व्वक वर्णित हैं,1088,98,27
giridharadasa1902__01__r2l31.png,giridharadasa1902__01,giridharadasa1902,r2l31,तीसरी बार,334,83,9
giridharadasa1902__01__r2l34.png,giridharadasa1902__01,giridharadasa1902,r2l34,लखनऊ,416,108,4
giridharadasa1902__01__line_1518440101814_136.png,giridharadasa1902__01,giridharadasa1902,line_1518440101814_136,"मुंशी नवलकिशोर ( सी, आर्ह, ई) के छापेखाने में छपा",1726,101,49
giridharadasa1902__01__line_1518440127738_137.png,giridharadasa1902__01,giridharadasa1902,line_1518440127738_137,अक्टूबर सन् १९०२ ई० ॥,836,114,21
giridharadasa1902__02__line_1518440189223_138.png,giridharadasa1902__02,giridharadasa1902,line_1518440189223_138,श्रीगणेशाय नम: ॥,594,128,16
giridharadasa1902__02__r2l2.png,giridharadasa1902__02,giridharadasa1902,r2l2,भारतीभूषण प्रारम्भ: ॥,1464,254,21
giridharadasa1902__02__line_1518440252110_140.png,giridharadasa1902__02,giridharadasa1902,line_1518440252110_140,दोहा ॥,269,99,6
giridharadasa1902__02__r2l4.png,giridharadasa1902__02,giridharadasa1902,r2l4,श्रीबल्लभआचार्य्यके भजतभजतसबपाप ॥ श्रीब,2230,182,39
giridharadasa1902__02__r2l5.png,giridharadasa1902__02,giridharadasa1902,r2l5,ल्लभकरुणाकरत हरतसकलसन्ताप १ विधिभवतरणी,2384,150,38
giridharadasa1902__02__r2l7.png,giridharadasa1902__02,giridharadasa1902,r2l7,हमलहीयमगरूरकरुनाहिं ॥ विधिभवतरणीनमतनि,2388,79,37
giridharadasa1902__02__r2l8.png,giridharadasa1902__02,giridharadasa1902,r2l8,तहरिपदममउरमाहिं २ मोहनमनमानीसदा बानीको,2376,169,38
giridharadasa1902__02__r2l9.png,giridharadasa1902__02,giridharadasa1902,r2l9,करिध्यान ॥ अलंकारवरणनकरत गिरिधरदाससुजान३,2404,170,40
giridharadasa1902__02__line_1518440199549_139.png,giridharadasa1902__02,giridharadasa1902,line_1518440199549_139,सुन्दरवरणनगणरचित भारतिभूषणयेहु ॥ पढ़हुगुनहु,2378,104,43
giridharadasa1902__02__r2l12.png,giridharadasa1902__02,giridharadasa1902,r2l12,सीखहुसुनहुसतकविसहितसनेहु ४ ॥ उपमालक्षण ॥,2294,187,40
giridharadasa1902__02__r2l13.png,giridharadasa1902__02,giridharadasa1902,r2l13,सोउपमाजहँवरणिये उपमेयरुउपमान ॥ समताईशो,2388,172,38
giridharadasa1902__02__r2l14.png,giridharadasa1902__02,giridharadasa1902,r2l14,भितसदाइमिकविकहहिंसुजान ५ ॥ उदाहरणयथा ॥,1874,155,38
giridharadasa1902__02__r2l17.png,giridharadasa1902__02,giridharadasa1902,r2l17,आननपंचाननतिलक पंचाननकटिसोह ॥ खरीरमासी,2360,88,37
giridharadasa1902__02__r2l18.png,giridharadasa1902__02,giridharadasa1902,r2l18,राधिकाभरीमोदसंदोह ६ ॥ उपमानादिकेलक्षण ॥ जाकी,1196,175,44
giridharadasa1902__02__r2l20.png,giridharadasa1902__02,giridharadasa1902,r2l20,समतादीजियेतिहिकहियेउपमान ॥ जाकोसमकरिव,2408,166,37
giridharadasa1902__02__r2l21.png,giridharadasa1902__02,giridharadasa1902,r2l21,रणियेसोउपमेयनआन ७ उपमेयरुउपमानगतजोक,2408,167,35
giridharadasa1902__02__r2l22.png,giridharadasa1902__02,giridharadasa1902,r2l22,छुधरमलखाय ॥ सोसाधारणधर्महैइमिवरणहिंकविराय,2426,155,41
giridharadasa1902__02__r2l24.png,giridharadasa1902__02,giridharadasa1902,r2l24,८ समताबोधकशब्दको उपमाबाचकनाम ॥ वरणेगि,2246,141,37
giridharadasa1902__02__r2l26.png,giridharadasa1902__02,giridharadasa1902,r2l26,रिधरदासइमि लक्षणस्वच्छमुदाम ९ कम्बुकमलअरु,2368,99,41
giridharadasa1902__02__r2l27.png,giridharadasa1902__02,giridharadasa1902,r2l27,बिम्बफलशुकसुवरणकीसीप ॥ इनहिंआदिउपमानहैं,2388,164,39
giridharadasa1902__02__r2l28.png,giridharadasa1902__02,giridharadasa1902,r2l28,समुझहुकविकुलदीप १० कंठआंखिअलकावलीअध,2388,163,35
giridharadasa1902__02__r2l30.png,giridharadasa1902__02,giridharadasa1902,r2l30,रनासिकाश्रौन ॥ इनहिं आदिउपमेयहैंवर्णहिंवरबुधि,1502,161,45
giridharadasa1902__03__line_1518440321755_141.png,giridharadasa1902__03,giridharadasa1902,line_1518440321755_141,भारतीभूषण ।,613,104,11
giridharadasa1902__03__line_1518440324783_142.png,giridharadasa1902__03,giridharadasa1902,line_1518440324783_142,३,67,90,1
giridharadasa1902__03__r2l2.png,giridharadasa1902__03,giridharadasa1902,r2l2,मौन ११ सुन्दरतासुकुमारताश्यामलतासुललाम ॥,2370,172,40
giridharadasa1902__03__r2l4.png,giridharadasa1902__03,giridharadasa1902,r2l4,येसाधारणधर्म हैं मनहरतारसधाम १२ लौंसोसेसी,2404,157,41
giridharadasa1902__03__r2l5.png,giridharadasa1902__03,giridharadasa1902,r2l5,सींसरिस समसमानइवतूल ॥ ऐसोऐसेयेसकलउपमा,2382,177,37
giridharadasa1902__03__r2l6.png,giridharadasa1902__03,giridharadasa1902,r2l6,बाचकमूल १३ जिमितिमिजैसोइतैसोईयथातथाज्यों,2354,124,40
giridharadasa1902__03__r2l10.png,giridharadasa1902__03,giridharadasa1902,r2l10,त्योंहिं ॥ येऊउपमाबाचकहिदोयमिलेतेहोहिं १४ ॥,2380,158,43
giridharadasa1902__03__r2l11.png,giridharadasa1902__03,giridharadasa1902,r2l11,पूर्णोपमालक्षण ॥ उपमानरुउपमेयजहँउपमाबाचकहो,2360,194,42
giridharadasa1902__03__r2l14.png,giridharadasa1902__03,giridharadasa1902,r2l14,इ ॥ सहसाधारणधर्मकेपूरणउपमासोइ १५ ॥ उदाहरण ॥,2242,83,43
giridharadasa1902__03__r2l15.png,giridharadasa1902__03,giridharadasa1902,r2l15,मुखसुखकर निशिकरसरिसशफरीसेचलनैन ॥ छीनलं,2384,180,38
giridharadasa1902__03__r2l16.png,giridharadasa1902__03,giridharadasa1902,r2l16,कहरिलंकसीठाढ़ीऐनाऐन १६ ॥ लुप्तोपमा ॥ उपमाना,2382,160,43
giridharadasa1902__03__r2l17.png,giridharadasa1902__03,giridharadasa1902,r2l17,दिकजेकहेतिनचारिहूँमझारि ॥ इकबिनद्वैबिनतीनबि,2374,160,43
giridharadasa1902__03__r2l20.png,giridharadasa1902__03,giridharadasa1902,r2l20,नलुप्तोपमाविचारि १७ बाचकलुप्ताप्रथमबिनउपमा,1198,154,42
giridharadasa1902__03__r2l21.png,giridharadasa1902__03,giridharadasa1902,r2l21,बाचकहोइ ॥ द्वितियधर्मलुप्ताकहियधर्मरहितहैसोइ १८,2356,172,47
giridharadasa1902__03__r2l22.png,giridharadasa1902__03,giridharadasa1902,r2l22,तीजीहैबाचकधरमलुप्तासुकविसुजान ॥ बिनबाचक,2360,152,39
giridharadasa1902__03__r2l23.png,giridharadasa1902__03,giridharadasa1902,r2l23,उपमेयकेलुप्ताचौथीजान १९ पँचंईहैउपमानबिनबिन,2382,163,42
giridharadasa1902__03__r2l24.png,giridharadasa1902__03,giridharadasa1902,r2l24,बाचकउपमान ॥ छठींधरमउपमानबिनसईंलुप्ताजा,2392,160,38
giridharadasa1902__03__r2l25.png,giridharadasa1902__03,giridharadasa1902,r2l25,न २० उपमानरुबाचकधरमलुप्ताअठईंजानि ॥ आठ,2392,168,38
giridharadasa1902__03__r2l26.png,giridharadasa1902__03,giridharadasa1902,r2l26,भांतिलुप्तोपमाकविजनकहहिंबखानि २१ ॥ बाचकलुप्तोदाह,2404,152,48
giridharadasa1902__03__r2l27.png,giridharadasa1902__03,giridharadasa1902,r2l27,रण ॥ मुखपूरणशशिसोहनोअमलकमलदलनैन॥कनक,2388,177,35
giridharadasa1902__03__r2l28.png,giridharadasa1902__03,giridharadasa1902,r2l28,वेलिकलकामिनीमाखनमधुरेबैन २२ ॥ धर्मलुप्तोदाहरण॥,2326,155,46
giridharadasa1902__03__r2l29.png,giridharadasa1902__03,giridharadasa1902,r2l29,बिज्जुलतासीनागरीसजलजलदसेश्याम ॥ खरेकुंजमैं,2322,163,42
giridharadasa1902__03__r2l30.png,giridharadasa1902__03,giridharadasa1902,r2l30,छबिभरेदोऊअतिअभिराम २३ ॥ बाचकधर्मलुप्तोदाहरण ॥,2382,164,45
giridharadasa1902__03__r2l31.png,giridharadasa1902__03,giridharadasa1902,r2l31,बैनसुधादृगमैनशरसैनसैनकेऐन ॥ बदनरैनपतिलखहु,2364,171,41
giridharadasa1902__03__r2l32.png,giridharadasa1902__03,giridharadasa1902,r2l32,हरिरैनचैनबरदैन २४ ॥ बाचकोपमेयलुप्तोदाहरण ॥ अटा,2354,167,46
giridharadasa1902__03__r2l34.png,giridharadasa1902__03,giridharadasa1902,r2l34,उदयहोतोभयोछबिधरपूरणचन्द ॥ होंबलिचलिअव,1428,86,37
giridharadasa1902__03__r2l37.png,giridharadasa1902__03,giridharadasa1902,r2l37,लोकियेमनमथकरनअनन्द २५ ॥ उपमानलुप्तोदाहरण ॥,2370,169,42
giridharadasa1902__04__line_1518440501103_146.png,giridharadasa1902__04,giridharadasa1902,line_1518440501103_146,भारतीभूषण ।,621,98,11
giridharadasa1902__04__line_1518440497535_145.png,giridharadasa1902__04,giridharadasa1902,line_1518440497535_145,४,97,90,1
giridharadasa1902__04__r2l9.png,giridharadasa1902__04,giridharadasa1902,r2l9,सुन्दरकंठकपोतसोकेहरिसीकटिखीन ॥ जेहरिझमका,770,108,40
giridharadasa1902__04__r2l11.png,giridharadasa1902__04,giridharadasa1902,r2l11,वैखरीहेहरिकुंजगलीन २६ ॥ बाचकोपमानलुप्तोपमा ॥,1334,189,44
giridharadasa1902__04__r2l14.png,giridharadasa1902__04,giridharadasa1902,r2l14,भवनदीपकामिनिदिपतिसरपसांसगुरलेति ॥ कौनहेतु,2348,180,41
giridharadasa1902__04__line_1518440612370_149.png,giridharadasa1902__04,giridharadasa1902,line_1518440612370_149,हरिमौनवहबूझेहुउत्तरदेति२७॥ धर्मोपमानलुप्तोदाहरण॥,2393,129,48
giridharadasa1902__04__r2l18.png,giridharadasa1902__04,giridharadasa1902,r2l18,घनसमरणगरजतफिरैंकरैंकालसीमारि ॥ सागरसीगं,2356,131,39
giridharadasa1902__04__line_1518440468882_144.png,giridharadasa1902__04,giridharadasa1902,line_1518440468882_144,भीरता समरधीरत्रिपुरारि २८ ॥ उपमानबाचकधर्मलुप्तो,2364,174,47
giridharadasa1902__04__r2l22.png,giridharadasa1902__04,giridharadasa1902,r2l22,दाहरण ॥ मृगनैनीगजगामिनीपिकबैनीसुकुमारि ॥ के,2234,88,43
giridharadasa1902__04__r2l24.png,giridharadasa1902__04,giridharadasa1902,r2l24,हरिकटिवारीखरीनारीलखोमुरारि २९ ॥ मालोपमा ॥,2326,135,41
giridharadasa1902__04__r2l26.png,giridharadasa1902__04,giridharadasa1902,r2l26,जहँएकहिउपमेयकेवरणेबहुउपमान ॥ ताहिकहहिंमा,2404,171,40
giridharadasa1902__04__r2l27.png,giridharadasa1902__04,giridharadasa1902,r2l27,लोपमाकविसुजानमतिमान ३० ॥ उदाहरण ॥ मृगसे,2406,153,39
giridharadasa1902__04__r2l28.png,giridharadasa1902__04,giridharadasa1902,r2l28,मनमथबानसेपीनमीनसेस्वच्छ ॥ कंजनसेखंजननसे,2404,156,39
giridharadasa1902__04__r2l29.png,giridharadasa1902__04,giridharadasa1902,r2l29,मनरंजनतोअच्छ ३१ ॥ रसनोपमालक्षण ॥ कथितप्रथ,2424,156,41
giridharadasa1902__04__r2l31.png,giridharadasa1902__04,giridharadasa1902,r2l31,मउपमेयजहँ होतजातउपमान ॥ ताहिकहहिंरसनोप,1764,133,38
giridharadasa1902__04__r2l33.png,giridharadasa1902__04,giridharadasa1902,r2l33,माजेजगसुकविप्रधान ३२ ॥ उदाहरण ॥ मतिसीनति,2384,163,40
giridharadasa1902__04__r2l35.png,giridharadasa1902__04,giridharadasa1902,r2l35,नतिसीबिनति बिनतीसीरतिचारु ॥ रतिसीगतिगति,1662,158,39
giridharadasa1902__04__r2l38.png,giridharadasa1902__04,giridharadasa1902,r2l38,सीभगति तोमैंपवनकुमारु ३३ ॥ अनवयलक्षण ॥ एक,1514,167,41
giridharadasa1902__04__line_1518440568303_148.png,giridharadasa1902__04,giridharadasa1902,line_1518440568303_148,हिमैंउपमेयता उपमानताजुहोइ ॥ दूजेसोंसमतानहीं,2381,124,43
giridharadasa1902__04__r2l46.png,giridharadasa1902__04,giridharadasa1902,r2l46,तर तुवकीरतिहैश्याम ॥ सुरसरितासीसुरसरी शोभा,1794,196,42
giridharadasa1902__04__line_1518440530057_147.png,giridharadasa1902__04,giridharadasa1902,line_1518440530057_147,न ३६ ॥ उदाहरण ॥ अमलकमलसेनयनहैं कमलनैन,2380,176,37
giridharadasa1902__04__line_1518440406255_143.png,giridharadasa1902__04,giridharadasa1902,line_1518440406255_143,सेस्वच्छ ॥ रुचिरकामसेश्यामहैंहरिसमकामप्रतच्छ ३७,2382,163,47
giridharadasa1902__04__r2l63.png,giridharadasa1902__04,giridharadasa1902,r2l63,प्रतीपलक्षण ॥ उपमेयहिउपमानजबकीजैगिरिधरदास ॥,1120,149,43
giridharadasa1902__05__line_1518440776103_157.png,giridharadasa1902__05,giridharadasa1902,line_1518440776103_157,भारतीभूषण ।,626,106,11
giridharadasa1902__05__line_1518440779199_158.png,giridharadasa1902__05,giridharadasa1902,line_1518440779199_158,५,89,112,1
giridharadasa1902__05__r2l3.png,giridharadasa1902__05,giridharadasa1902,r2l3,तोऐसीतियकामकी तोमुखसोयेकेश ॥ नवपल्लवतवअ,1398,161,39
giridharadasa1902__05__r2l6.png,giridharadasa1902__05,giridharadasa1902,r2l6,घरसे कम्बुकण्ठसमवेश ३९ ॥ द्वितीयप्रतीपलक्षण ॥ ज,2374,88,47
giridharadasa1902__05__r2l7.png,giridharadasa1902__05,giridharadasa1902,r2l7,हँप्रतीउपमानको गर्बहरैउपमेय ॥ दूजोकहहिंप्रतीप,2388,177,45
giridharadasa1902__05__r2l8.png,giridharadasa1902__05,giridharadasa1902,r2l8,तेहि जिनकीबुद्धिअमेय ४० ॥ उदाहरण ॥ कहाकरति,2360,153,42
giridharadasa1902__05__r2l9.png,giridharadasa1902__05,giridharadasa1902,r2l9,निजरूपको गरबगहेअविवेक ॥ रमाउमाशचिशारदा,2352,153,38
giridharadasa1902__05__r2l10.png,giridharadasa1902__05,giridharadasa1902,r2l10,तोसीतीयअनेक ४१ ॥ तृतीयप्रतीपलक्षण ॥ अनआदरउ,2360,163,42
giridharadasa1902__05__r2l13.png,giridharadasa1902__05,giridharadasa1902,r2l13,पमेयसों जबपावैउपमान ॥ तीजोकहहिंप्रतीपतेहि कवि,2122,130,45
giridharadasa1902__05__r2l14.png,giridharadasa1902__05,giridharadasa1902,r2l14,अवनीपसुजान ४२ ॥ उदाहरण ॥ नीचपनेकोक्योंकरत,2344,154,41
giridharadasa1902__05__r2l17.png,giridharadasa1902__05,giridharadasa1902,r2l17,तूउरबीचगुमान ॥ अन्त्यजतोसेअधिकजग हरिद्वेषीप,2364,94,43
giridharadasa1902__05__r2l18.png,giridharadasa1902__05,giridharadasa1902,r2l18,हिचान ४३ ॥ चतुर्थप्रतीपलक्षण ॥ समतालायकहोयनहिं,2352,159,46
giridharadasa1902__05__r2l19.png,giridharadasa1902__05,giridharadasa1902,r2l19,जबजाहिरउपमान ॥ गिरिधरदासप्रतीपसोहैचतुर्थमति,2386,154,43
giridharadasa1902__05__line_1518440747066_156.png,giridharadasa1902__05,giridharadasa1902,line_1518440747066_156,मान ४४॥ उदाहरण ॥ तोमुखऐसोपंकसुतअरुसशंकयह,2404,169,40
giridharadasa1902__05__line_1518440739274_155.png,giridharadasa1902__05,giridharadasa1902,line_1518440739274_155,बात॥ वरणहिवृथाअशंककविबुद्दिरंकबिख्यात४५ ॥ पंच,2340,167,45
giridharadasa1902__05__r2l26.png,giridharadasa1902__05,giridharadasa1902,r2l26,मप्रतीपलक्षण ॥ व्यर्थहोइउपमानजबवरउपमेयसमीप ॥,1180,168,44
giridharadasa1902__05__r2l27.png,giridharadasa1902__05,giridharadasa1902,r2l27,गिरिधरदासबखानियेपंचमताहिप्रतीप ४६ ॥ उदाहरण ॥,2388,152,44
giridharadasa1902__05__r2l28.png,giridharadasa1902__05,giridharadasa1902,r2l28,देखिरूपवतकामिनी कहाउरबशीनारि ॥ कहामैनकामैन,2366,155,42
giridharadasa1902__05__r2l29.png,giridharadasa1902__05,giridharadasa1902,r2l29,तियकमलाशैलकुमारि ४७ ॥ द्विविधरूपकलक्षण ॥ बिष,1316,171,44
giridharadasa1902__05__r2l33.png,giridharadasa1902__05,giridharadasa1902,r2l33,यीबिषयहिवरणियेकरि अभेदतद्रूप ॥ अधिकन्यूनसमक,1624,160,43
giridharadasa1902__05__r2l34.png,giridharadasa1902__05,giridharadasa1902,r2l34,रिसोईषटविधिरूपकरूप४८॥ अधिकोक्तिअभेदरूपकउदाह-,1794,154,44
giridharadasa1902__05__line_1518440788780_159.png,giridharadasa1902__05,giridharadasa1902,line_1518440788780_159,स्रवतशशिछत्रशिरमोतिनजगमगहोइ४९ ॥ न्यूनोक्तिरूप,2369,145,45
giridharadasa1902__05__line_1518440692438_153.png,giridharadasa1902__05,giridharadasa1902,line_1518440692438_153,कउदाहरण ॥ कुसुमधनुषबिनुकुसुमधनुदेखोकुंजगलीन॥,2410,163,44
giridharadasa1902__05__line_1518440685702_152.png,giridharadasa1902__05,giridharadasa1902,line_1518440685702_152,चलीजातजगअमलयहकमलाकमलविहीन ५० ॥ समो,2390,167,34
giridharadasa1902__05__line_1518440673843_151.png,giridharadasa1902__05,giridharadasa1902,line_1518440673843_151,क्तिअभेदरूपकउदाहरण ॥ तुवआननशशिदुखहरन सुधाव,2368,161,42
giridharadasa1902__05__line_1518440658636_150.png,giridharadasa1902__05,giridharadasa1902,line_1518440658636_150,रनछबिखानि ॥ रजनीरंजनरसिकप्रिय तमहरआनँददा,2348,150,40
giridharadasa1902__06__line_1518440898608_161.png,giridharadasa1902__06,giridharadasa1902,line_1518440898608_161,६,100,106,1
giridharadasa1902__06__line_1518440902010_162.png,giridharadasa1902__06,giridharadasa1902,line_1518440902010_162,भारतीभूषण ।,625,90,11
giridharadasa1902__06__r1l2.png,giridharadasa1902__06,giridharadasa1902,r1l2,नि ५१॥ अधिकोक्तितद्रूपरूपकउदाहरण ॥ जसधुजवाधुजते,2386,171,47
giridharadasa1902__06__r1l3.png,giridharadasa1902__06,giridharadasa1902,r1l3,अधिक तीनलोकफहरात ॥ धर्ममित्रबड़मित्रसोंमरत,2382,153,42
giridharadasa1902__06__line_1518440914193_163.png,giridharadasa1902__06,giridharadasa1902,line_1518440914193_163,जियतसँगजात ५२ ॥ न्यूनोक्तितद्रूपकउदाहरण ॥ अपरध,2385,106,46
giridharadasa1902__06__r1l6.png,giridharadasa1902__06,giridharadasa1902,r1l6,नेशजनेशयह नहिंपुष्पकआसीन ॥ द्वितियगणेशसुबेश,1712,176,43
giridharadasa1902__06__r1l8.png,giridharadasa1902__06,giridharadasa1902,r1l8,शुचिसोहतशुण्डबिहीन ५३ ॥ समोक्तितद्रूपरूपकउदाहरण ॥,2402,152,49
giridharadasa1902__06__r1l9.png,giridharadasa1902__06,giridharadasa1902,r1l9,यहपालतसंसारको घालतपरकोपच्छ ॥ अपरमनोहर,2390,160,37
giridharadasa1902__06__r1l10.png,giridharadasa1902__06,giridharadasa1902,r1l10,रूपधर अम्बुजअच्छप्रतच्छ ५४ ॥ परिणामलक्षण॥ वर,2378,150,44
giridharadasa1902__06__r1l11.png,giridharadasa1902__06,giridharadasa1902,r1l11,णनीयउपमानह्वै जबैकरैकुछकाम ॥ गिरिधरदासबखा,2406,153,41
giridharadasa1902__06__r1l12.png,giridharadasa1902__06,giridharadasa1902,r1l12,निये तासुनामपरिणाम ५५ ॥ उदाहरण ॥ पदपंकज,2392,158,39
giridharadasa1902__06__r1l14.png,giridharadasa1902__06,giridharadasa1902,r1l14,तेचलतवर करपंकजलैकुंज ॥ मुखपंकजतेकहतहरि व,2356,114,40
giridharadasa1902__06__r1l15.png,giridharadasa1902__06,giridharadasa1902,r1l15,चनरचनमुदमंज ५६ ॥ उल्लेखलक्षण ॥ एकहिबहुबहु,2298,166,41
giridharadasa1902__06__r1l16.png,giridharadasa1902__06,giridharadasa1902,r1l16,विधिलखैंइकहिवरणिबहुरीति ॥ उल्लेखालंकृतउभय,2392,149,41
giridharadasa1902__06__r1l17.png,giridharadasa1902__06,giridharadasa1902,r1l17,कविवरणहिंकरिप्रीति ५७ ॥ प्रथमउल्लेखउदाहरण ॥ ति,2372,160,46
giridharadasa1902__06__line_1518440878029_160.png,giridharadasa1902__06,giridharadasa1902,line_1518440878029_160,यनकामयादवनहित नन्दसुवननवअंग ॥ लख्योकंस,2402,160,38
giridharadasa1902__06__r1l20.png,giridharadasa1902__06,giridharadasa1902,r1l20,यममुनिनहरि मोहनप्रविशेरंग ५८ ॥ द्वितियउल्लेखउदा,2412,157,47
giridharadasa1902__06__r1l21.png,giridharadasa1902__06,giridharadasa1902,r1l21,हरण ॥ तेजतरणिमुददानिशशि शत्रुनकालमुदाम ॥,2432,176,40
giridharadasa1902__06__r1l22.png,giridharadasa1902__06,giridharadasa1902,r1l22,ब्रजनारिनकोकामसे अहौसदाघनश्याम ५९ ॥ सुमिर,2420,155,41
giridharadasa1902__06__r1l24.png,giridharadasa1902__06,giridharadasa1902,r1l24,णभ्रमसंदेहलक्षण ॥ सुमिरणभ्रमसन्देहये अलंकारहैंती,2414,106,48
giridharadasa1902__06__r1l25.png,giridharadasa1902__06,giridharadasa1902,r1l25,न ॥ लक्षणलक्षितनाममैं वरणहिंसुकविप्रवीन ६० ॥,2410,164,44
giridharadasa1902__06__r1l26.png,giridharadasa1902__06,giridharadasa1902,r1l26,सुमिरणउदाहरण ॥ सुनिकोकिलधुनिवचनकी आवतिहै,2406,178,40
giridharadasa1902__06__r1l27.png,giridharadasa1902__06,giridharadasa1902,r1l27,सुधिमोहिं ॥ लखिशशिमुखकीहोतिसुधि तनसुधिघन,2376,143,40
giridharadasa1902__06__r1l28.png,giridharadasa1902__06,giridharadasa1902,r1l28,कोजोहि ६१ ॥ भ्रमउदाहरण ॥ जानिश्यामघनघनतु,2408,148,40
giridharadasa1902__06__r1l29.png,giridharadasa1902__06,giridharadasa1902,r1l29,म्हैं नाचिउठैंबनमोर ॥ हेमशलाकामानितोहिं चोरफि,2380,165,45
giridharadasa1902__06__r1l30.png,giridharadasa1902__06,giridharadasa1902,r1l30,रैंसबओर ६२ ॥ संदेहउदाहरण ॥ रमाकिराधाकैगिरा,2388,155,42
giridharadasa1902__06__r1l31.png,giridharadasa1902__06,giridharadasa1902,r1l31,गिरिजाकैरतिजानि ॥ श्यामकामधौंकल्पतरु नारायण,2426,95,43
giridharadasa1902__07__r2l1.png,giridharadasa1902__07,giridharadasa1902,r2l1,७,108,194,1
giridharadasa1902__07__r2l2.png,giridharadasa1902__07,giridharadasa1902,r2l2,भारतीभूषण,626,222,9
giridharadasa1902__07__line_1518441110817_168.png,giridharadasa1902__07,giridharadasa1902,line_1518441110817_168,भुददानि ६३ ॥ शुद्धापह्नुतिलक्षण ॥ धर्मदुरावैऔरहीक,2392,169,49
giridharadasa1902__07__r2l5.png,giridharadasa1902__07,giridharadasa1902,r2l5,रिआरोपसुजान ॥ शुद्धापह्नुतिकहहिंतेहिअलंकारम,2356,166,43
giridharadasa1902__07__r2l6.png,giridharadasa1902__07,giridharadasa1902,r2l6,तिमान ६४ ॥ उदाहरण ॥ पहिरेश्यामनपीतपटघनमैं,2320,167,41
giridharadasa1902__07__r2l7.png,giridharadasa1902__07,giridharadasa1902,r2l7,विज्जुविलास ॥ शिरसारीनहिंतासुकी इन्दुकलापरका,2378,164,44
giridharadasa1902__07__r2l8.png,giridharadasa1902__07,giridharadasa1902,r2l8,स ६५ ॥ हेत्वपहुतिलक्षण ॥ सोइशुद्धापह्नुतिबिषेउक्ति,2406,158,50
giridharadasa1902__07__r2l10.png,giridharadasa1902__07,giridharadasa1902,r2l10,युक्तियुतयत्र ॥ गिरिधरदासबखानिये हेतुअपह्नुतित,2140,171,46
giridharadasa1902__07__r2l13.png,giridharadasa1902__07,giridharadasa1902,r2l13,त्र ६६ ॥ उदाहरण ॥ तियननिशाघनबनचलै हेमबेलि,1990,168,41
giridharadasa1902__07__r2l16.png,giridharadasa1902__07,giridharadasa1902,r2l16,नहिंजाय ॥ छटकिजलदतेजलदबहु दामिनिजातल,1658,159,36
giridharadasa1902__07__r2l17.png,giridharadasa1902__07,giridharadasa1902,r2l17,खाय ६७ ॥ पर्यस्तापह्नुतिलक्षण ॥ औरबिषेगुणऔर,2382,164,43
giridharadasa1902__07__r2l18.png,giridharadasa1902__07,giridharadasa1902,r2l18,को जबकीजैआरोप ॥ तबपर्यस्तापह्नुती इमिकविक,2376,163,41
giridharadasa1902__07__r2l19.png,giridharadasa1902__07,giridharadasa1902,r2l19,हहिंसचोप ६८ ॥ उदाहरण ॥ नहींशक्रसुरपतिअहै,2330,159,40
giridharadasa1902__07__r2l23.png,giridharadasa1902__07,giridharadasa1902,r2l23,सुरपतिनन्दकुमार ॥ रतनाकरसागरनहीं मथुरानगर,1218,98,41
giridharadasa1902__07__r2l27.png,giridharadasa1902__07,giridharadasa1902,r2l27,बजार ६९ ॥ हेतुपर्यस्तापह्नुतिलक्षण ॥ पर्यस्तापह्नुति,1572,181,52
giridharadasa1902__07__r2l28.png,giridharadasa1902__07,giridharadasa1902,r2l28,बिषे हेतुसहितजोकोइ ॥ धर्मछपावैहेतुयुत वहीनामतब,2388,161,46
giridharadasa1902__07__line_1518441020409_167.png,giridharadasa1902__07,giridharadasa1902,line_1518441020409_167,होइ ७० ॥ उदाहरण ॥ तमहररविनहिंहरिभजन तमीहो,2346,168,41
giridharadasa1902__07__line_1518441013812_166.png,giridharadasa1902__07,giridharadasa1902,line_1518441013812_166,इरविलोक ॥ कहुँतमरहैनहरिभजै इमिवरणहिंमतिओ,2388,165,40
giridharadasa1902__07__r2l37.png,giridharadasa1902__07,giridharadasa1902,r2l37,क ७१ ॥ भ्रांतापह्नुतिलक्षण ॥ भ्रान्तिऔरकीऔरजब,1624,155,45
giridharadasa1902__07__line_1518440999978_165.png,giridharadasa1902__07,giridharadasa1902,line_1518440999978_165,बचनसोंनास ॥ भ्रान्तापह्नुतिकहहिंतेहि कविजन,2248,177,42
giridharadasa1902__07__r2l42.png,giridharadasa1902__07,giridharadasa1902,r2l42,गिरिधरदास ७२ ॥ उदाहरण ॥ जीवनदीन्होश्यामघन,1744,159,41
giridharadasa1902__07__r2l43.png,giridharadasa1902__07,giridharadasa1902,r2l43,सजनीरजनीआइ ॥ क्योंसखिबिनबरसातके नहिंनहिं,1988,162,40
giridharadasa1902__07__r2l46.png,giridharadasa1902__07,giridharadasa1902,r2l46,गोकुलराइ ७३ ॥ छेकापह्नुतिलक्षण ॥ शङ्कानाशैऔरकी,1718,167,46
giridharadasa1902__07__line_1518440985201_164.png,giridharadasa1902__07,giridharadasa1902,line_1518440985201_164,सांचीबातदुराइ ॥ छेकापह्नुतिकहतहैं ताहिकविनके,2384,170,44
giridharadasa1902__07__r2l50.png,giridharadasa1902__07,giridharadasa1902,r2l50,राइ ७४ ॥ उदाहरण ॥ ऐंचिचीरतनसछतकिय हरेशृँ,2112,155,40
giridharadasa1902__07__r2l52.png,giridharadasa1902__07,giridharadasa1902,r2l52,गारसमक्ष ॥ कुंजनमेंक्योंश्यामसखि नहिंकरीलकोवृ,1686,173,45
giridharadasa1902__07__r2l53.png,giridharadasa1902__07,giridharadasa1902,r2l53,क्ष ७५ ॥ कैतवापह्नुतिलक्षण ॥ औरहिवरणैऔरई मि,1774,170,43
giridharadasa1902__08__line_1518441212777_174.png,giridharadasa1902__08,giridharadasa1902,line_1518441212777_174,८,86,106,1
giridharadasa1902__08__line_1518441216774_175.png,giridharadasa1902__08,giridharadasa1902,line_1518441216774_175,भारतीभूषण ।,618,112,11
giridharadasa1902__08__r1l2.png,giridharadasa1902__08,giridharadasa1902,r1l2,सिकरिवरपतिमान ॥ ताहिकैतवापह्नुती भूषणकहहिं,2328,135,42
giridharadasa1902__08__r1l4.png,giridharadasa1902__08,giridharadasa1902,r1l4,सुजान ७६ ॥ उदाहरण ॥ कुचमिसकरिमनमथमथन,2406,168,36
giridharadasa1902__08__r1l5.png,giridharadasa1902__08,giridharadasa1902,r1l5,तियउरकरतनिवास ॥ पावसमिसकरवज्नलै इन्द्रदेतव्र,1992,161,44
giridharadasa1902__08__r1l7.png,giridharadasa1902__08,giridharadasa1902,r1l7,जत्रास ७७ ॥ उत्प्रेक्षालक्षण ॥ उत्प्रेक्षाविधितीनहैं इहि,2178,161,56
giridharadasa1902__08__r1l16.png,giridharadasa1902__08,giridharadasa1902,r1l16,रसपीन ७८ ॥ वस्तुहेतुफलभेदवर्णन ॥ वस्तुद्विविधउक्ता,2416,167,50
giridharadasa1902__08__r1l19.png,giridharadasa1902__08,giridharadasa1902,r1l19,सपद अनुक्तासपदजानि ॥ हेतुसुफलसिद्धासपद अ,2230,162,40
giridharadasa1902__08__r1l22.png,giridharadasa1902__08,giridharadasa1902,r1l22,सिद्धासपदमानि ७९ ॥ उक्तास्पदवस्तुत्प्रेक्षोदाहरण ॥ हा,2384,174,53
giridharadasa1902__08__r1l23.png,giridharadasa1902__08,giridharadasa1902,r1l23,लाहलनिकस्योमहा भरतज्वालकीजाल ॥ सिंधुमथत,2406,155,39
giridharadasa1902__08__r1l26.png,giridharadasa1902__08,giridharadasa1902,r1l26,मानोकढ़ीबड़वानलकीज्वाल ८० ॥ अनुक्तास्पदवस्तूत्प्रे,1964,153,50
giridharadasa1902__08__r1l27.png,giridharadasa1902__08,giridharadasa1902,r1l27,क्षोदाहरण ॥ बरषतमानोचन्द्रमा किरणवज्रकनबान ॥,2364,178,44
giridharadasa1902__08__r1l28.png,giridharadasa1902__08,giridharadasa1902,r1l28,सावनमैंधावनलगे घनुयमगनअसमान ८१ ॥ हेतुसि,2408,158,39
giridharadasa1902__08__r1l29.png,giridharadasa1902__08,giridharadasa1902,r1l29,द्धास्पदोत्प्रेक्षोदाहरण ॥ तुवकरएतेलसतमनु गहीहिंडो,2402,175,50
giridharadasa1902__08__r1l32.png,giridharadasa1902__08,giridharadasa1902,r1l32,राडोर ॥ तोपटछायापरतमनुश्यामलनन्दकिशोर ८२ ॥,2428,148,42
giridharadasa1902__08__r1l34.png,giridharadasa1902__08,giridharadasa1902,r1l34,हेतुअसिद्धास्पदोत्प्रेक्षोदाहरण ॥ तोईक्षणसमताचहत मान,2364,136,52
giridharadasa1902__08__r1l35.png,giridharadasa1902__08,giridharadasa1902,r1l35,हुतीक्षणबाण ॥ छूटिमहीपकमानसों लेहिंमृगनकोप्राण,2396,169,46
giridharadasa1902__08__line_1518441169200_173.png,giridharadasa1902__08,giridharadasa1902,line_1518441169200_173,८३ ॥ फलसिद्धास्पदोत्प्रेक्षोदाहरण ॥ मोहिंलखिचपला,2390,166,48
giridharadasa1902__08__r1l39.png,giridharadasa1902__08,giridharadasa1902,r1l39,सकुचिपुनि घनमैंजातिसमाइ ॥ योंगुनितियमनुमूँदिमु,2314,115,46
giridharadasa1902__08__r1l43.png,giridharadasa1902__08,giridharadasa1902,r1l43,ख मन्दिरबैठीआइ ८४ ॥ फलअसिद्धास्पदोत्प्रेक्षोदाहरण ॥,2328,179,51
giridharadasa1902__08__line_1518441155910_172.png,giridharadasa1902__08,giridharadasa1902,line_1518441155910_172,तोकटिसमताहेतुमनुसिंहकरतवनबास ॥ कुचसमताहि,2338,176,40
giridharadasa1902__08__line_1518441149380_171.png,giridharadasa1902__08,giridharadasa1902,line_1518441149380_171,तसहतमनु गिरिहिमघामबतास ८५ ॥ उत्प्रेक्षाव्यंजक ॥,2408,156,47
giridharadasa1902__08__line_1518441143554_170.png,giridharadasa1902__08,giridharadasa1902,line_1518441143554_170,उत्प्रेक्षाव्यंजकमनहुँ मनुजनुआदिकआहिं ॥ जहांनहीं,2386,170,48
giridharadasa1902__08__line_1518441137833_169.png,giridharadasa1902__08,giridharadasa1902,line_1518441137833_169,येजानियेगम्योत्प्रेक्षाताहिं ८६ ॥ गम्योत्प्रेक्षोदाहरण ॥,2426,169,56
giridharadasa1902__08__r1l53.png,giridharadasa1902__08,giridharadasa1902,r1l53,तोरितीरतरुकेसुमन वरसुगन्धकेभौन ॥ यमुनातोपूज,2360,165,43
giridharadasa1902__08__r1l54.png,giridharadasa1902__08,giridharadasa1902,r1l54,नकरत वृन्दाबनकोपौन ८७ ॥ रूपकातिशयोक्तिलक्षण ॥,2002,142,45
giridharadasa1902__09__line_1518441357413_180.png,giridharadasa1902__09,giridharadasa1902,line_1518441357413_180,९,76,90,1
giridharadasa1902__09__line_1518441355184_179.png,giridharadasa1902__09,giridharadasa1902,line_1518441355184_179,भारतीभूषण ।,639,112,11
giridharadasa1902__09__r1l4.png,giridharadasa1902__09,giridharadasa1902,r1l4,जहँव्यंजकउपमेयको कहिकेवलउपमान ॥ रूपकातिशय,2178,117,41
giridharadasa1902__09__r1l6.png,giridharadasa1902__09,giridharadasa1902,r1l6,उक्तितिहिवरणहिंबुद्धिनिधान८८ ॥उदाहरण ॥ शशिमेंबि,2402,179,47
giridharadasa1902__09__r1l7.png,giridharadasa1902__09,giridharadasa1902,r1l7,द्रुमताबिषेंकुन्दावलिदरशाइ ॥ तापैशुकशुकपैधनुषवि,2413,157,47
giridharadasa1902__09__r1l8.png,giridharadasa1902__09,giridharadasa1902,r1l8,विसरसहितलखाइ ८९ ॥ सापह्नवरूपकातिशयोक्तिलक्षण ॥,2401,171,46
giridharadasa1902__09__r1l11.png,giridharadasa1902__09,giridharadasa1902,r1l11,पर्य्यस्तापहनुतिसहितयहीअलंकृतयत्र ॥ सापह्नवरूपक,2410,162,47
giridharadasa1902__09__r1l12.png,giridharadasa1902__09,giridharadasa1902,r1l12,सहितअतिशयोक्तिहैतत्र ९० ॥ उदाहरण ॥ तुवमुख,2398,130,41
giridharadasa1902__09__r1l14.png,giridharadasa1902__09,giridharadasa1902,r1l14,मेंनिवसतसुधाहेराधेसुकुमारि ॥ ताहिबखानैचन्द्रमाबि,2419,166,48
giridharadasa1902__09__r1l15.png,giridharadasa1902__09,giridharadasa1902,r1l15,नबूझेभ्रमधारि ९१ ॥ भेदकातिशयोक्तिलक्षण ॥ औरैपद,2405,172,46
giridharadasa1902__09__r1l16.png,giridharadasa1902__09,giridharadasa1902,r1l16,भेदकजहांअतिशयोक्तिमेंहोइ ॥ भेदकातिशयोक्तिबर,2405,162,43
giridharadasa1902__09__r1l17.png,giridharadasa1902__09,giridharadasa1902,r1l17,अलङ्कारहैसोइ ९२ ॥ उदाहरण ॥ अवलोकनिबोलनि,2383,167,39
giridharadasa1902__09__r1l19.png,giridharadasa1902__09,giridharadasa1902,r1l19,हँसनिडोलनिऔरैऔर ॥ आवनिमृदुगावनिसबैऔरै,2374,137,37
giridharadasa1902__09__r1l20.png,giridharadasa1902__09,giridharadasa1902,r1l20,याकेतौर ९५ ॥ सम्बन्धातिशयोक्तिलक्षण ॥ जहांदेतसम्ब,2397,182,49
giridharadasa1902__09__r1l21.png,giridharadasa1902__09,giridharadasa1902,r1l21,न्धसोंसुकबिअयोगहियोग ॥ सम्बन्धातिशयोक्तितिहि,2408,156,44
giridharadasa1902__09__r1l22.png,giridharadasa1902__09,giridharadasa1902,r1l22,बरणतपण्डितलोग ९४ ॥ उदाहरण ॥ चलतअवधपुर,2413,160,37
giridharadasa1902__09__r1l23.png,giridharadasa1902__09,giridharadasa1902,r1l23,पियतजलनभसरिकोभरिशुण्ड ॥ कलशलेतध्रुवधामके,2383,164,40
giridharadasa1902__09__r1l24.png,giridharadasa1902__09,giridharadasa1902,r1l24,तुम्हरेरामभशुण्ड ९५ ॥ असम्बन्धातिशयोक्तिलक्षण ॥ जो,2386,159,50
giridharadasa1902__09__r1l25.png,giridharadasa1902__09,giridharadasa1902,r1l25,गहिकरियअयोगजबमतिअनुसारप्रकास ॥ असम्बन्ध,2376,173,39
giridharadasa1902__09__line_1518441330080_178.png,giridharadasa1902__09,giridharadasa1902,line_1518441330080_178,अतिशयउकुति कहियेगिरिधरदास ९६ ॥ उदाहरण ॥,2385,181,39
giridharadasa1902__09__line_1518441324405_177.png,giridharadasa1902__09,giridharadasa1902,line_1518441324405_177,रविपावैसनमानक्यों तेजदेखितुवभूप ॥ पविसरतेकबि,2337,125,44
giridharadasa1902__09__r1l35.png,giridharadasa1902__09,giridharadasa1902,r1l35,बुद्धितेसदानिरादररूप ९७ ॥ अक्रमातिशयोक्तिलक्षण ॥,1342,173,48
giridharadasa1902__09__r1l37.png,giridharadasa1902__09,giridharadasa1902,r1l37,कारणऔकारजजबैदुहूंबरणियेसंग ॥ अक्रमातिशयउ,1187,150,40
giridharadasa1902__09__r1l39.png,giridharadasa1902__09,giridharadasa1902,r1l39,क्तिसोभूषणकविताअंग ९८ ॥ उदाहरण ॥ उठ्योसंग,2382,182,41
giridharadasa1902__09__r1l40.png,giridharadasa1902__09,giridharadasa1902,r1l40,गजकरकमलचक्रचक्रधरहाथ ॥ करतेंचक्रसुनक्रशिरध,2373,160,42
giridharadasa1902__09__line_1518441305409_176.png,giridharadasa1902__09,giridharadasa1902,line_1518441305409_176,रतेंबिलग्योसाथ ९९ ॥ चपलातिशयोक्तिलक्षण ॥ कारण,2396,169,45
giridharadasa1902__10__r1l1.png,giridharadasa1902__10,giridharadasa1902,r1l1,भारतीभूषण ।,620,160,11
giridharadasa1902__10__line_1518441546817_185.png,giridharadasa1902__10,giridharadasa1902,line_1518441546817_185,१०,158,128,2
giridharadasa1902__10__r1l3.png,giridharadasa1902__10,giridharadasa1902,r1l3,क्तियहअलंकारहैसोइ १०० ॥ उदाहरण ॥ जानकह्योपरदे,2284,160,45
giridharadasa1902__10__r1l5.png,giridharadasa1902__10,giridharadasa1902,r1l5,शपियसुनिसूखीयोंबाल ॥ मुँदरीकरपहुँचीभईपहुँचीउ,2413,147,44
giridharadasa1902__10__line_1518441554472_186.png,giridharadasa1902__10,giridharadasa1902,line_1518441554472_186,रकीमाल १०१ ॥ अत्यन्तातिशयोक्तिलक्षण ॥ पूर्वापरक्रम,2382,136,50
giridharadasa1902__10__r1l9.png,giridharadasa1902__10,giridharadasa1902,r1l9,नामिलैजाकोगिरिधरदास ॥ अत्यन्तातिशयोक्तितेहि ॥,2311,110,45
giridharadasa1902__10__line_1518441610219_187.png,giridharadasa1902__10,giridharadasa1902,line_1518441610219_187,कविजनकरहिंप्रकास १०२ ॥ उदाहरण ॥ हनूमानकीपू,2390,134,42
giridharadasa1902__10__r1l12.png,giridharadasa1902__10,giridharadasa1902,r1l12,छमेंलगननपाईआगि ॥ लङ्कासिगरीजरिगईगयेनिशा,2406,163,39
giridharadasa1902__10__r1l13.png,giridharadasa1902__10,giridharadasa1902,r1l13,चरभागि १०३ ॥ तुल्ययोगितालक्षण ॥ क्रियाऔरगुणक,2416,159,44
giridharadasa1902__10__r1l15.png,giridharadasa1902__10,giridharadasa1902,r1l15,रिजहांधर्मएकताहोइ ॥ बर्ण्यनकोकैइतरको तुल्ययोगि,2410,167,46
giridharadasa1902__10__r1l16.png,giridharadasa1902__10,giridharadasa1902,r1l16,तासोइ १०४ ॥ प्रस्तुततुल्ययोगिताउदाहरण ॥ अरुणउद,2356,166,46
giridharadasa1902__10__r1l17.png,giridharadasa1902__10,giridharadasa1902,r1l17,यअवलोकिकैसकुचहिंकुबलैचोर ॥ इन्दुउदयलखिस्वै,2297,146,42
giridharadasa1902__10__r1l18.png,giridharadasa1902__10,giridharadasa1902,r1l18,रिनीबदनबनजचहुँओर १०५ ॥ अप्रस्तुततुल्ययोगिताउ,2365,171,44
giridharadasa1902__10__r1l19.png,giridharadasa1902__10,giridharadasa1902,r1l19,दाहरण ॥ लखितेरीसुकुमारता एरीयाजगमाहिं ॥ कम,1411,143,42
giridharadasa1902__10__r1l21.png,giridharadasa1902__10,giridharadasa1902,r1l21,लगुलाबकठोरसे काकोभाषतनाहिं १०६ ॥ द्वितीयतुल्य,2394,184,45
giridharadasa1902__10__line_1518441519527_184.png,giridharadasa1902__10,giridharadasa1902,line_1518441519527_184,योगितालक्षण ॥ तुल्यवृत्तिहितअहितमें जबबरणियनिर,2390,152,46
giridharadasa1902__10__line_1518441513094_183.png,giridharadasa1902__10,giridharadasa1902,line_1518441513094_183,धारि ॥ तुल्ययोगिताअपरयह बरणहिंसुकबिबिचारि,1939,169,41
giridharadasa1902__10__r1l27.png,giridharadasa1902__10,giridharadasa1902,r1l27,१०७ ॥ उदाहरण ॥ गिरिधरदासजहानमें तुमअतिच,2366,153,39
giridharadasa1902__10__line_1518441504360_182.png,giridharadasa1902__10,giridharadasa1902,line_1518441504360_182,तुरसुजान ॥ सरक्रीड़ाकरिहरतहौ तियकोअरिकोमान,2165,158,42
giridharadasa1902__10__r1l32.png,giridharadasa1902__10,giridharadasa1902,r1l32,१०८ ॥ तृतीयतुल्ययोगितालक्षण ॥ समकरियेउतकृष्टगु,2194,94,46
giridharadasa1902__10__r1l34.png,giridharadasa1902__10,giridharadasa1902,r1l34,णबहुकोएकहिल्याइ ॥ तुल्ययोगितातीसरी ताहिकहैं,2238,171,43
giridharadasa1902__10__r1l35.png,giridharadasa1902__10,giridharadasa1902,r1l35,कविराइ १०९ ॥ उदाहरण ॥ तुमविधिबुधविधुबिबुधप,2376,131,42
giridharadasa1902__10__line_1518441491626_181.png,giridharadasa1902__10,giridharadasa1902,line_1518441491626_181,ति विधुधरबुद्धिनिधान ॥ तुमहिंभूपहौकल्पतरु गुण,2373,175,45
giridharadasa1902__10__r1l39.png,giridharadasa1902__10,giridharadasa1902,r1l39,निधिचतुरसुजान ११० ॥ दीपकलक्षण ॥ जहँअवर्ण्यअरु,2377,151,45
giridharadasa1902__10__r1l40.png,giridharadasa1902__10,giridharadasa1902,r1l40,वर्ण्यको धर्मएकगुणिलेहु ॥ अलंकारदीपकइहीनाम,2385,159,42
giridharadasa1902__10__r1l48.png,giridharadasa1902__10,giridharadasa1902,r1l48,फलफूलनआराम ॥ ऊँचेतनसोंद्विरदवरगतिसोंअश्व,1399,122,40
giridharadasa1902__11__r1l1.png,giridharadasa1902__11,giridharadasa1902,r1l1,भारतीभूषण ।,549,166,11
giridharadasa1902__11__line_1518441814201_200.png,giridharadasa1902__11,giridharadasa1902,line_1518441814201_200,११,159,112,2
giridharadasa1902__11__r1l3.png,giridharadasa1902__11,giridharadasa1902,r1l3,मुदाम ११२ ॥ आवृत्तदीपकलक्षण ॥ आवृतदापकतीनवि,2068,176,43
giridharadasa1902__11__r1l4.png,giridharadasa1902__11,giridharadasa1902,r1l4,धि पदआवृतइकजानि ॥ अर्थावृतिपद अर्थकीआवृ,2335,132,39
giridharadasa1902__11__r1l5.png,giridharadasa1902__11,giridharadasa1902,r1l5,तिइमिपहिचानि ११३ ॥ पदआवृत्तिदीपकउदारहरण ॥,1138,149,41
giridharadasa1902__11__r1l8.png,giridharadasa1902__11,giridharadasa1902,r1l8,नन्दसुवनव्यारूकरत बाढ़ीप्रीतिअथोर ॥ परसतिसुं,1724,146,44
giridharadasa1902__11__r1l9.png,giridharadasa1902__11,giridharadasa1902,r1l9,दरिसरसतिय परसतदृगदृगकोर ११४ ॥ अर्थावृत्तिदी,2257,160,43
giridharadasa1902__11__r1l10.png,giridharadasa1902__11,giridharadasa1902,r1l10,पकउदाहरण ॥ दौरहिंसंगरमत्तगज धावहिंहयसमुदाइ॥,2376,137,43
giridharadasa1902__11__r1l13.png,giridharadasa1902__11,giridharadasa1902,r1l13,नटहिंरंगमहिंबहुनटी नाचहिंनटहरषाइ ११५ ॥ पदार्था,2352,173,46
giridharadasa1902__11__line_1518441779996_198.png,giridharadasa1902__11,giridharadasa1902,line_1518441779996_198,वृत्तिदीपकउदाहरण ॥ गरजतहैंरणरामजू गरजतहैदश,2360,115,42
giridharadasa1902__11__line_1518441786072_199.png,giridharadasa1902__11,giridharadasa1902,line_1518441786072_199,शीश ॥ धावतरिसिभरिरजनिचर दुहुंदिशिधावतकी,2358,154,39
giridharadasa1902__11__line_1518441824602_201.png,giridharadasa1902__11,giridharadasa1902,line_1518441824602_201,श ११६ ॥ प्रतिवस्तूपमालक्षण ॥ होहिंबस्तुप्रतिसमज,2373,104,47
giridharadasa1902__11__r1l27.png,giridharadasa1902__11,giridharadasa1902,r1l27,बै उपमेयरुउपमान ॥ जुदेजुदेपदकरिकही प्रतिबस्तूप,2379,141,46
giridharadasa1902__11__line_1518441860792_202.png,giridharadasa1902__11,giridharadasa1902,line_1518441860792_202,मजान ११७ ॥ उदाहरण ॥ साधुसंगपायहुनहीं खलको,2040,163,41
giridharadasa1902__11__line_1518441754502_197.png,giridharadasa1902__11,giridharadasa1902,line_1518441754502_197,खलपनजाय ॥ सुधापियायहुअहिनहीं तजैगरलदुख,2392,161,38
giridharadasa1902__11__line_1518441745354_196.png,giridharadasa1902__11,giridharadasa1902,line_1518441745354_196,दाय ११८ ॥ दृष्टान्तलक्षण ॥ वर्ण्यअवर्ण्यदुहूँनकोभिन्न,2365,154,53
giridharadasa1902__11__line_1518441730788_195.png,giridharadasa1902__11,giridharadasa1902,line_1518441730788_195,धर्मदरशाइ ॥ जहांबिम्बप्रतिबिम्बसों सोदृष्टान्तकहा,2376,156,49
giridharadasa1902__11__line_1518441726066_194.png,giridharadasa1902__11,giridharadasa1902,line_1518441726066_194,इ ११९ ॥ उदाहरण ॥ रूपवतीतुमहींअहौ रतीयशव,1898,141,39
giridharadasa1902__11__line_1518441716825_193.png,giridharadasa1902__11,giridharadasa1902,line_1518441716825_193,तीजानि ॥ नृपतुमहींज्ञानीअहौदानीसुरतरुमानि १२०,2350,138,45
giridharadasa1902__11__line_1518441712390_192.png,giridharadasa1902__11,giridharadasa1902,line_1518441712390_192,निदर्शनालक्षण ॥ तीन प्रकारनिदर्शना कबिबरणहिंसवि,2368,157,47
giridharadasa1902__11__line_1518441705863_191.png,giridharadasa1902__11,giridharadasa1902,line_1518441705863_191,वेक ॥ सदृशदोउवाक्यार्थको एकारोपणएक १२१ ॥,2363,160,40
giridharadasa1902__11__r1l59.png,giridharadasa1902__11,giridharadasa1902,r1l59,उदाहरण ॥ जोदाताकोसरलचित नहींकुटिलताभास ॥,1385,129,40
giridharadasa1902__11__line_1518441691328_190.png,giridharadasa1902__11,giridharadasa1902,line_1518441691328_190,पूरणविधुअकलंकता जानियगिरिधरदास १२२ ॥,2335,169,36
giridharadasa1902__11__r1l67.png,giridharadasa1902__11,giridharadasa1902,r1l67,दुतियनिदर्शनालक्षण ॥ उपमानौउपमेयकी धर्मधरैजब,1438,88,44
giridharadasa1902__11__r1l70.png,giridharadasa1902__11,giridharadasa1902,r1l70,ल्याइ ॥ पलटेहूंसुनिदर्शनादुतियकहहिंकविराइ १२३ ॥,2126,83,47
giridharadasa1902__11__line_1518441661013_189.png,giridharadasa1902__11,giridharadasa1902,line_1518441661013_189,उदाहरण ॥ लईचपलईमीनकी तोदृगनारिनिहारु ॥ नृ,2374,164,41
giridharadasa1902__11__line_1518441651384_188.png,giridharadasa1902__11,giridharadasa1902,line_1518441651384_188,पतोपाणिउदारता लीनीसुरतरुचारु १२४ ॥ तृतीयनि,2378,146,42
giridharadasa1902__12__line_1518442006282_206.png,giridharadasa1902__12,giridharadasa1902,line_1518442006282_206,भारतीभूषण ।,621,90,11
giridharadasa1902__12__r1l3.png,giridharadasa1902__12,giridharadasa1902,r1l3,१२,130,133,2
giridharadasa1902__12__r1l7.png,giridharadasa1902__12,giridharadasa1902,r1l7,दर्शनालक्षण ॥ जहँसदर्थअसदर्थकोबोधक्रियाकरिहोइ ॥,1018,92,47
giridharadasa1902__12__r1l11.png,giridharadasa1902__12,giridharadasa1902,r1l11,तीजीतहांनिदर्शना वरणहिंकविसबकोइ १२५ ॥ सद,2377,169,40
giridharadasa1902__12__r1l12.png,giridharadasa1902__12,giridharadasa1902,r1l12,र्थउदाहरण ॥ गुरुपादोदकशिरधरिय सदाजतावतएहु ॥,2405,153,43
giridharadasa1902__12__line_1518441979598_205.png,giridharadasa1902__12,giridharadasa1902,line_1518441979598_205,शिरधारतहैंगंगको महादेवकरिनेहु १२६ ॥ असदर्थउ,2350,137,43
giridharadasa1902__12__r1l18.png,giridharadasa1902__12,giridharadasa1902,r1l18,दाहरण ॥ निडरपनोकरिबड़ेनको नाशजनावतजाति ॥,2399,150,40
giridharadasa1902__12__r1l19.png,giridharadasa1902__12,giridharadasa1902,r1l19,करतमशालमुकाबिले बातीतुरतबुझाति १२७ ॥ व्यति,2412,153,42
giridharadasa1902__12__r1l20.png,giridharadasa1902__12,giridharadasa1902,r1l20,रेकलक्षण ॥ वरणियबर्ण्यअवर्ण्यमें जहँविशेषकविराइ ॥,2384,145,49
giridharadasa1902__12__r1l21.png,giridharadasa1902__12,giridharadasa1902,r1l21,अधिकन्यूनसमभेदकरि सोव्यतिरेककहाइ १२८ ॥,2383,141,38
giridharadasa1902__12__line_1518441968032_204.png,giridharadasa1902__12,giridharadasa1902,line_1518441968032_204,अधिकउदाहरण ॥ भूपकल्पतरुसेअहौ वैभवबुद्धिविशे,2378,148,43
giridharadasa1902__12__r1l26.png,giridharadasa1902__12,giridharadasa1902,r1l26,खि॥तियपल्लवसेतोअधरअधिकअमृतरसपेखि १२९ ॥,2370,141,38
giridharadasa1902__12__r1l27.png,giridharadasa1902__12,giridharadasa1902,r1l27,न्यूनउदाहरण ॥ हरिसेहरिजनजानुपै हरिघटघटबिश्रा,2404,156,44
giridharadasa1902__12__r1l28.png,giridharadasa1902__12,giridharadasa1902,r1l28,म ॥ कुटिलसर्पसेपैसरप डसतहिकरततमाम १३० ॥,1645,141,39
giridharadasa1902__12__r1l30.png,giridharadasa1902__12,giridharadasa1902,r1l30,समउदाहरण ॥ जोनिजधेरेमेंपरत चूरकरतदलिताहि ॥,2404,154,42
giridharadasa1902__12__line_1518442016784_207.png,giridharadasa1902__12,giridharadasa1902,line_1518442016784_207,पथ्यसंगपैगहतनहिं खलखलवृन्दसदाहि १३१ ॥ सहो,2385,126,41
giridharadasa1902__12__r1l33.png,giridharadasa1902__12,giridharadasa1902,r1l33,क्तिलक्षण ॥ जहँमनरंजनवरणिये एकसंगबहुबात ॥ सो,2400,142,44
giridharadasa1902__12__r1l35.png,giridharadasa1902__12,giridharadasa1902,r1l35,सहोक्तिआभरणहैग्रन्थनमेंविख्यात १३२ ॥ उदाहरण ॥,2366,112,45
giridharadasa1902__12__r1l36.png,giridharadasa1902__12,giridharadasa1902,r1l36,आईचतुराईलियेतरुणाईतोअंग ॥ मनमोहनसोंमन,2388,157,37
giridharadasa1902__12__r1l38.png,giridharadasa1902__12,giridharadasa1902,r1l38,मिल्योइननैननकेसंग१३३ ॥ विनोक्तिलक्षण॥द्वैविधिकह,2360,110,47
giridharadasa1902__12__r1l44.png,giridharadasa1902__12,giridharadasa1902,r1l44,हिंबिनोक्तिकोसुकविबुद्धिकेऐन ॥ प्रस्तुतकछुबिनन्यून,1538,85,50
giridharadasa1902__12__r1l47.png,giridharadasa1902__12,giridharadasa1902,r1l47,अरुकछुबिनशोभादैन १३४ ॥ प्रथमबिनोक्तिउदाहरण ॥,2387,130,44
giridharadasa1902__12__r1l48.png,giridharadasa1902__12,giridharadasa1902,r1l48,कविबिननहिंसोहैसभा निशिबिनसुधानिवास ॥ फबत,2363,150,40
giridharadasa1902__12__r1l49.png,giridharadasa1902__12,giridharadasa1902,r1l49,नगिरिधरदासबिनगिरिधरगिरिधरदास १३५ ॥ द्विती,2398,144,41
giridharadasa1902__12__r1l51.png,giridharadasa1902__12,giridharadasa1902,r1l51,यबिनोक्तिउदाहरण ॥ धन्यधन्यतोकोधनी बिनागरबसर,2185,145,43
giridharadasa1902__12__r1l53.png,giridharadasa1902__12,giridharadasa1902,r1l53,सात ॥रामराजतवसुयशकरतसकरपुनिदरशात १३६ ॥,2414,146,38
giridharadasa1902__12__line_1518441928413_203.png,giridharadasa1902__12,giridharadasa1902,line_1518441928413_203,समासोक्तिलक्षण ॥ प्रस्तुतमेंजबहींफुरैं अप्रस्तुतवृत्ता,2419,147,54
giridharadasa1902__13__line_1518442216727_214.png,giridharadasa1902__13,giridharadasa1902,line_1518442216727_214,१३,113,90,2
giridharadasa1902__13__line_1518442214060_213.png,giridharadasa1902__13,giridharadasa1902,line_1518442214060_213,भारतीभूषण ।,634,90,11
giridharadasa1902__13__r1l7.png,giridharadasa1902__13,giridharadasa1902,r1l7,न्त ॥ समासोक्तिभूषणकहैं ताकोकबिकुलकान्त १३७॥,2425,70,44
giridharadasa1902__13__r1l8.png,giridharadasa1902__13,giridharadasa1902,r1l8,उदाहरण ॥ सजनीरजनीपाइशशि बिहरतरसभरपूर ॥,2435,141,38
giridharadasa1902__13__r1l9.png,giridharadasa1902__13,giridharadasa1902,r1l9,आलिंगतप्राचीमुदित करपसारिकैसूर १३८ ॥ परि,2390,143,40
giridharadasa1902__13__r1l10.png,giridharadasa1902__13,giridharadasa1902,r1l10,करलक्षण ॥ जहांविशेषणदीजिये सह आशयअभिराम ॥,2419,141,41
giridharadasa1902__13__r1l11.png,giridharadasa1902__13,giridharadasa1902,r1l11,गिरिधरदासबखानिये भूषणकरिपरणाम १३९ ॥ उदा,2395,159,39
giridharadasa1902__13__line_1518442183827_212.png,giridharadasa1902__13,giridharadasa1902,line_1518442183827_212,हरण ॥ चक्रपाणिहरिकोनिरखि असुरजातभजिदूर ॥,2422,154,40
giridharadasa1902__13__r1l16.png,giridharadasa1902__13,giridharadasa1902,r1l16,रसबरसतघनश्यामतुम तापहरतमुदपूर १४० ॥ परि,1334,148,39
giridharadasa1902__13__line_1518442173158_211.png,giridharadasa1902__13,giridharadasa1902,line_1518442173158_211,विशेष्यहिबरणिये अभिप्रायकेस,1447,182,27
giridharadasa1902__13__line_1518442164235_210.png,giridharadasa1902__13,giridharadasa1902,line_1518442164235_210,ङ्ग ॥ परिकरअंकुरतौनहै भूषणकबिताअङ्ग १४१ ॥,2408,124,41
giridharadasa1902__13__r1l28.png,giridharadasa1902__13,giridharadasa1902,r1l28,उदाहरण ॥ मोरसनानेआजबहु पियतेकहेकुबोल ॥ आ,937,143,40
giridharadasa1902__13__r1l33.png,giridharadasa1902__13,giridharadasa1902,r1l33,वतहीपुजवावतो सूरप्रतापअतोल १४२ ॥ श्लेषलक्षण ॥,1676,106,45
giridharadasa1902__13__r1l41.png,giridharadasa1902__13,giridharadasa1902,r1l41,बहुतअर्त्थयुतश्लेष है भूषणकहहिंप्रबीन ॥ वर्ण्यअब,839,104,48
giridharadasa1902__13__r1l45.png,giridharadasa1902__13,giridharadasa1902,r1l45,र्ण्यदुहूँनकेआश्रितभेदसुतीन १४३ ॥ प्रकृतानेकविषयश्ले,2053,130,52
giridharadasa1902__13__line_1518442130147_209.png,giridharadasa1902__13,giridharadasa1902,line_1518442130147_209,षोदाहरण ॥ अहिसवारअरिवानजित नरकदलकजित,2396,141,36
giridharadasa1902__13__r1l52.png,giridharadasa1902__13,giridharadasa1902,r1l52,काक॥बिजयमित्रबलबन्धुयुत भजुकृतकुबरीवाक १४४॥,2392,118,43
giridharadasa1902__13__r1l53.png,giridharadasa1902__13,giridharadasa1902,r1l53,अप्रकृतानेकविषयश्लेषोदाहरण ॥ तियतोऐमीचंचलाजीव,2475,139,45
giridharadasa1902__13__r1l54.png,giridharadasa1902__13,giridharadasa1902,r1l54,नसुखदसमच्छ ॥ बसतिहृदयघनश्यामके वरसारंगसु,2402,135,40
giridharadasa1902__13__r1l55.png,giridharadasa1902__13,giridharadasa1902,r1l55,अच्छ १४५ ॥ प्रकृताप्रकृतानेकविषयश्लेषोदाहरण ॥ रति,2377,156,49
giridharadasa1902__13__line_1518442103347_208.png,giridharadasa1902__13,giridharadasa1902,line_1518442103347_208,बल्लभकरकुसुमबर रङ्गश्यामघनचारु ॥ विषमेंसरपद्मै,2380,143,46
giridharadasa1902__13__r1l58.png,giridharadasa1902__13,giridharadasa1902,r1l58,गहे जलचरकेतुउदारु १४६ ॥ अप्रस्तुतप्रशंसालक्षण ॥,2432,160,47
giridharadasa1902__13__r1l59.png,giridharadasa1902__13,giridharadasa1902,r1l59,अप्रस्तुतबरणनविषै प्रस्तुतबरण्योजाय ॥ अप्रस्तुतप,2390,137,48
giridharadasa1902__13__r1l60.png,giridharadasa1902__13,giridharadasa1902,r1l60,रशंसतेहि कहहिंकबिनकेराय १५७ ॥ उदाहरण ॥ धन्य,2395,161,43
giridharadasa1902__13__r1l61.png,giridharadasa1902__13,giridharadasa1902,r1l61,शेशशिर जगतहित धारतभुविकोभार ॥ बुरोबाघअप,2412,152,39
giridharadasa1902__13__r1l62.png,giridharadasa1902__13,giridharadasa1902,r1l62,राधबिनु मृगकोकरतअहार १४८ ॥ प्रस्तुतांकुरलक्षण ॥,2003,114,47
giridharadasa1902__13__r1l65.png,giridharadasa1902__13,giridharadasa1902,r1l65,द्योतनप्रस्तुतकोजबै प्रस्तुतहीसोंहोइ ॥ प्रस्तुतअंकुर,2394,177,52
hajarilala1919__01__line_1518436527432_66.png,hajarilala1919__01,hajarilala1919,line_1518436527432_66,श्रीशिवविवाहकवितावली,970,101,20
hajarilala1919__01__r2l22.png,hajarilala1919__01,hajarilala1919,r2l22,जिसमें,145,86,6
hajarilala1919__01__r2l26.png,hajarilala1919__01,hajarilala1919,r2l26,श्रीजगज्जननी पार्वती और श्रीमहादेवजी का,1143,70,39
hajarilala1919__01__r2l31.png,hajarilala1919__01,hajarilala1919,r2l31,ब्याह चरित्र सुन्दर कवित्तों में,795,81,32
hajarilala1919__01__r2l35.png,hajarilala1919__01,hajarilala1919,r2l35,वर्णित है ।,233,88,11
hajarilala1919__01__r2l40.png,hajarilala1919__01,hajarilala1919,r2l40,जिसको,146,83,5
hajarilala1919__01__r2l44.png,hajarilala1919__01,hajarilala1919,r2l44,श्रीहज़ारीलाल साहब कुतुबफ़रोश ने शिव-,1102,83,37
hajarilala1919__01__r2l49.png,hajarilala1919__01,hajarilala1919,r2l49,भक्तों के अवलोकनार्थ बनाया ।।,836,74,29
hajarilala1919__01__line_1518436536598_67.png,hajarilala1919__01,hajarilala1919,line_1518436536598_67,पांचवीं बार,268,94,11
hajarilala1919__01__line_1518436575380_68.png,hajarilala1919__01,hajarilala1919,line_1518436575380_68,687,162,94,3
hajarilala1919__01__r2l63.png,hajarilala1919__01,hajarilala1919,r2l63,लखनऊ,273,81,4
hajarilala1919__01__r2l67.png,hajarilala1919__01,hajarilala1919,r2l67,केसरीदास सेठ द्वारा,424,91,19
hajarilala1919__01__r2l70.png,hajarilala1919__01,hajarilala1919,r2l70,नवलकिशोर प्रेस में मुद्रित होकर प्रकाशित.,1185,74,41
hajarilala1919__01__r2l73.png,hajarilala1919__01,hajarilala1919,r2l73,सन् १९१९ ई०,388,88,11
hajarilala1919__01__r2l77.png,hajarilala1919__01,hajarilala1919,r2l77,कापीराइट महफ़ूज़ है बहक़ इस छापेख़ाने के ।।,1078,79,43
hajarilala1919__02__r2l1.png,hajarilala1919__02,hajarilala1919,r2l1,अथ श्रीशिवविवाह ।।,731,94,18
hajarilala1919__02__r2l4.png,hajarilala1919__02,hajarilala1919,r2l4,"दो० । नमो युगल पंकजचरण, श्रीगणपति शिरनाइ ।",1204,95,42
hajarilala1919__02__r2l5.png,hajarilala1919__02,hajarilala1919,r2l5,"कहौं कथा शुभब्याहशिव, छन्दकबित्त बनाइ ।।",1188,86,40
hajarilala1919__02__line_1518436725746_71.png,hajarilala1919__02,hajarilala1919,line_1518436725746_71,"सवैया ।। कण्ठबिराजत जाहि हलाहल,",1439,127,31
hajarilala1919__02__line_1518436689267_70.png,hajarilala1919__02,hajarilala1919,line_1518436689267_70,शीश धरे सित गंग की धारा । बाम शिवा,1573,99,34
hajarilala1919__02__r2l17.png,hajarilala1919__02,hajarilala1919,r2l17,"डाँरा ।। भस्मसुअंग ललाटशशी, कर शूल",1571,86,34
hajarilala1919__02__line_1518436748915_72.png,hajarilala1919__02,hajarilala1919,line_1518436748915_72,"दयाल, नमो चरणाम्बुज बारहिंबारा १ ।।",1582,99,35
hajarilala1919__02__line_1518436762710_73.png,hajarilala1919__02,hajarilala1919,line_1518436762710_73,धनाक्षरी ।। शङ्कर के ब्याहकी भईहै तइयारी,1604,131,40
hajarilala1919__02__r2l37.png,hajarilala1919__02,hajarilala1919,r2l37,"जब, गण सब दुल्लह शृँगार शिव करहीं ।",1567,81,35
hajarilala1919__02__line_1518436780400_74.png,hajarilala1919__02,hajarilala1919,line_1518436780400_74,"माथेजटामुकुटभुजंगनकोमौरगूथि, कुण्डल",1592,112,35
hajarilala1919__02__r2l51.png,hajarilala1919__02,hajarilala1919,r2l51,कानन पहिराये बिषधरहीं ।। हाथे ब्याल,1591,74,35
hajarilala1919__02__line_1661421214712_520.png,hajarilala1919__02,hajarilala1919,line_1661421214712_520,"कङ्कण बिभूती सर्बअंगन में, शशिभाल",1603,121,33
hajarilala1919__02__r2l64.png,hajarilala1919__02,hajarilala1919,r2l64,"सर्पनैनतीनबिषकण्ठ,डालेगलेबीचमाला",1435,94,32
hajarilala1919__03__line_1518436909798_76.png,hajarilala1919__03,hajarilala1919,line_1518436909798_76,शिवविवाह ।,494,114,10
hajarilala1919__03__line_1518436913602_77.png,hajarilala1919__03,hajarilala1919,line_1518436913602_77,३,53,99,1
hajarilala1919__03__line_1518436923847_78.png,hajarilala1919__03,hajarilala1919,line_1518436923847_78,गूथी नरशिरहीं १ दुल्लह स्वरूप बनि,1590,151,33
hajarilala1919__03__r1l6.png,hajarilala1919__03,hajarilala1919,r1l6,"चढ़िशिव बसहापै, साजिके समाज निज",1557,99,31
hajarilala1919__03__r1l8.png,hajarilala1919__03,hajarilala1919,r1l8,चले ले बराति जो । अमितप्रकार गण बेषहुँ,1559,102,38
hajarilala1919__03__r1l11.png,hajarilala1919__03,hajarilala1919,r1l11,"अनेक बिधि, निज निज बाहन चढ़े हैं बहु",1585,139,36
hajarilala1919__03__line_1518436887168_75.png,hajarilala1919__03,hajarilala1919,line_1518436887168_75,भाँति जो ।। खर श्वान असुर शृगाल बाघ,1577,122,35
hajarilala1919__03__r1l15.png,hajarilala1919__03,hajarilala1919,r1l15,"मूषगण,बिबिध स्वरूप सब अगणित जाति",1539,142,32
hajarilala1919__03__r1l18.png,hajarilala1919__03,hajarilala1919,r1l18,"जो। भूत प्रेत योगिनी पिशाच बहुरंगनको,",1070,132,37
hajarilala1919__03__r1l24.png,hajarilala1919__03,hajarilala1919,r1l24,चले सब हरषित सकलजमाति जो २ बि-,1564,101,30
hajarilala1919__03__r1l27.png,hajarilala1919__03,hajarilala1919,r1l27,"कट सरूप बिकराल रुद्रगण जेते, अदभुत",938,122,34
hajarilala1919__03__r1l31.png,hajarilala1919__03,hajarilala1919,r1l31,शोभा नहिं बनत बखानते । काहू अंग मुख-,1193,138,36
hajarilala1919__03__r1l32.png,hajarilala1919__03,hajarilala1919,r1l32,"हीन काहू अति पुष्ट पीन, कोउ कृशगात",1130,121,34
hajarilala1919__03__r1l42.png,hajarilala1919__03,hajarilala1919,r1l42,"काहू बहुपगबाहीं, कोउ बिनु शीश धाहीं",635,121,35
hajarilala1919__03__r1l49.png,hajarilala1919__03,hajarilala1919,r1l49,नाचरंग ठानते । काहू को बिपुल नैन काहू,1551,125,37
hajarilala1919__03__r1l52.png,hajarilala1919__03,hajarilala1919,r1l52,"को एकहुहैन,कोउ बहुमुखबैनगावतसता-",1556,88,32
hajarilala1919__04__r2l1.png,hajarilala1919__04,hajarilala1919,r2l1,शिवविवाह ।,422,142,10
hajarilala1919__04__line_1518437040450_79.png,hajarilala1919__04,hajarilala1919,line_1518437040450_79,४,72,99,1
hajarilala1919__04__r2l3.png,hajarilala1919__04,hajarilala1919,r2l3,"नते ३ मगबीच चलेजात परम तरङ्गी सब,",1590,155,33
hajarilala1919__04__r2l4.png,hajarilala1919__04,hajarilala1919,r2l4,भूत प्रेत योगिनी पिशाच बहुभावते । हँसत,1576,143,38
hajarilala1919__04__r2l5.png,hajarilala1919__04,hajarilala1919,r2l5,"खेलत बहु करत तमाशा मिलि, बिबिध",1590,123,30
hajarilala1919__04__r2l6.png,hajarilala1919__04,hajarilala1919,r2l6,बजाइ बाजा नाचि नाचि गावते ।। अङ्गन में,1593,137,38
hajarilala1919__04__r2l7.png,hajarilala1919__04,hajarilala1919,r2l7,"भूषण अनेक भाँति बिकराल, गले में कपाल",1620,146,36
hajarilala1919__04__r2l8.png,hajarilala1919__04,hajarilala1919,r2l8,माल शोणित चूआवते । अतिही अपा-,1604,70,29
hajarilala1919__04__r2l10.png,hajarilala1919__04,hajarilala1919,r2l10,"वन डरावन सरूप सब, कूदतफांदत पंथ",1568,142,31
hajarilala1919__04__r2l11.png,hajarilala1919__04,hajarilala1919,r2l11,चलतहैं धावते ४ हरि बिधि और हुँ सकल,1566,153,34
hajarilala1919__04__r2l12.png,hajarilala1919__04,hajarilala1919,r2l12,"देव दिशिराज, साजिके समाज निज बहुत",1495,121,33
hajarilala1919__04__r2l15.png,hajarilala1919__04,hajarilala1919,r2l15,प्रकारहीं । चढ़ि चढ़ि बाहनन बिलगबिलग,1607,72,36
hajarilala1919__04__r2l17.png,hajarilala1919__04,hajarilala1919,r2l17,"बृन्द, चले हैं बरात चित्त हरष अपारहीं ।।",1455,141,40
hajarilala1919__04__r2l19.png,hajarilala1919__04,hajarilala1919,r2l19,"मगु महँ कौतुक अनेक बिधि होत जात,",1586,149,32
hajarilala1919__04__r2l20.png,hajarilala1919__04,hajarilala1919,r2l20,शिवको समाज लखि हँसें बारबारहीं । सुर-,1523,142,37
hajarilala1919__04__r2l22.png,hajarilala1919__04,hajarilala1919,r2l22,"तियशस्भुहिंबिलोकि के कहति हँसि, दुल्लह",1591,112,38
hajarilala1919__04__r2l23.png,hajarilala1919__04,hajarilala1919,r2l23,के योग्य दुलहिनि न संसारहीं ५ इत हिम-,1598,133,37
hajarilala1919__05__line_1518437191178_81.png,hajarilala1919__05,hajarilala1919,line_1518437191178_81,५,69,106,1
hajarilala1919__05__line_1518437188092_80.png,hajarilala1919__05,hajarilala1919,line_1518437188092_80,शिवविवाह ।,483,104,10
hajarilala1919__05__r1l3.png,hajarilala1919__05,hajarilala1919,r1l3,"गिरि निज नगर में नाना भाँति, अतिही",1485,112,34
hajarilala1919__05__r1l4.png,hajarilala1919__05,hajarilala1919,r1l4,बिचित्र सुबितान रचवाये हैं । घर घर,1555,114,34
hajarilala1919__05__r1l7.png,hajarilala1919__05,hajarilala1919,r1l7,"तोरण पताका ध्वज रङ्गराङ्ग, मण्डप अनेक",612,74,37
hajarilala1919__05__r1l13.png,hajarilala1919__05,hajarilala1919,r1l13,भाँति शुचि बनवाये हैं ।। बनबाग उपबन,604,66,35
hajarilala1919__05__r1l15.png,hajarilala1919__05,hajarilala1919,r1l15,"बापिकातङागकूप,सुन्दरअनूपरम्भाथम्भ",1582,124,33
hajarilala1919__05__r1l19.png,hajarilala1919__05,hajarilala1919,r1l19,लगवाये हैं । जहां तहां गृह बहु राखे सँव-,1189,99,40
hajarilala1919__05__r1l22.png,hajarilala1919__05,hajarilala1919,r1l22,"राइ भल, सजल हाटक घट द्वारे धरवाये",1565,94,33
hajarilala1919__05__r1l24.png,hajarilala1919__05,hajarilala1919,r1l24,हैं ६ सकल जगतमहँ लघु औ बिशाल,1549,88,28
hajarilala1919__05__r1l26.png,hajarilala1919__05,hajarilala1919,r1l26,"शैल, सागर तलाव नद नदी बन जितनै ।",1592,117,32
hajarilala1919__05__r1l28.png,hajarilala1919__05,hajarilala1919,r1l28,"सब कहँ हिमवन्त नेवता पठाइ दिये,",1543,108,31
hajarilala1919__05__r1l29.png,hajarilala1919__05,hajarilala1919,r1l29,सुनत चले हैं हरषित सब तितनै ।। सुन्दर,1485,102,37
hajarilala1919__05__r1l33.png,hajarilala1919__05,hajarilala1919,r1l33,"सुहावन समाज निज लेइ लेइ, नारिन स-",1430,124,33
hajarilala1919__05__r1l36.png,hajarilala1919__05,hajarilala1919,r1l36,हित तन धरि धरि कितनै । पहुँचे हिमाचल,1547,133,36
hajarilala1919__05__r1l37.png,hajarilala1919__05,hajarilala1919,r1l37,"नगर माहँ आइ सब, टिके यथायोग्य ठौर",1621,117,33
hajarilala1919__05__r1l38.png,hajarilala1919__05,hajarilala1919,r1l38,ठौर जाको मितनै ७ उतते बरात आइ,1596,122,29
hajarilala1919__06__line_1518437309530_83.png,hajarilala1919__06,hajarilala1919,line_1518437309530_83,शिवविवाह ।,492,95,10
hajarilala1919__06__line_1518437304563_82.png,hajarilala1919__06,hajarilala1919,line_1518437304563_82,६,72,90,1
hajarilala1919__06__line_1518437316531_84.png,hajarilala1919__06,hajarilala1919,line_1518437316531_84,"पहुँची नगर पास,सुनि पुरबासी लोग हिये",1603,122,36
hajarilala1919__06__r2l4.png,hajarilala1919__06,hajarilala1919,r2l4,हरषाइ जो । हाथी घोड़ा ऊंट रथ आदिक,1157,85,33
hajarilala1919__06__r2l7.png,hajarilala1919__06,hajarilala1919,r2l7,"अनेक भांति, सजि सजि बाहनन शोभा",1600,153,30
hajarilala1919__06__r2l8.png,hajarilala1919__06,hajarilala1919,r2l8,अधिकाइ जो ।। चले लेन अगुवान सादर,1601,159,32
hajarilala1919__06__r2l9.png,hajarilala1919__06,hajarilala1919,r2l9,"सकलमिलि, आनँद उछाह मन बरणी न",1591,129,28
hajarilala1919__06__r2l10.png,hajarilala1919__06,hajarilala1919,r2l10,जाइजो । देवन समाज लखि मुदित हृदय,1590,145,32
hajarilala1919__06__r2l11.png,hajarilala1919__06,hajarilala1919,r2l11,"सब, हरिहिं बिलोकी अति आनँदहू छाइ",1601,148,32
hajarilala1919__06__r2l12.png,hajarilala1919__06,hajarilala1919,r2l12,जो ८ शिवको समाज अवलोके पुरलोगन,1592,136,30
hajarilala1919__06__r2l13.png,hajarilala1919__06,hajarilala1919,r2l13,"जो, देखत चकित सब परमभयावनै । कहुँ",1571,150,33
hajarilala1919__06__r2l17.png,hajarilala1919__06,hajarilala1919,r2l17,चर बिकट सरूप जो अपावनै ।। देखतहिं,1553,148,33
hajarilala1919__06__r2l18.png,hajarilala1919__06,hajarilala1919,r2l18,"बाहनबिडरि सब भागिचले,कहुँ हाथी कहुँ",1012,143,35
hajarilala1919__06__r2l20.png,hajarilala1919__06,hajarilala1919,r2l20,घोड़ा प्राणको बचावनै । बालक सकलडरि,1509,136,34
hajarilala1919__06__r2l21.png,hajarilala1919__06,hajarilala1919,r2l21,"भागिगये घरघर, रहे धीर धरि स्यान गये",1569,140,35
hajarilala1919__06__r2l22.png,hajarilala1919__06,hajarilala1919,r2l22,जो बुलावनै ९ पूछत घरन पितु मातु सब,1558,142,34
hajarilala1919__07__line_1518437408644_85.png,hajarilala1919__07,hajarilala1919,line_1518437408644_85,७,95,102,1
hajarilala1919__07__r2l2.png,hajarilala1919__07,hajarilala1919,r2l2,शिवविवाह ।,472,141,10
hajarilala1919__07__r2l3.png,hajarilala1919__07,hajarilala1919,r2l3,"बालकहिं, कम्पितशरीर भययुत बैन क-",1546,135,32
hajarilala1919__07__r2l4.png,hajarilala1919__07,hajarilala1919,r2l4,"हहीं । हालकौन पूछतहौ कहत बनै न कछु,",1561,86,35
hajarilala1919__07__r2l6.png,hajarilala1919__07,hajarilala1919,r2l6,है सो बरिआत किधों यमधार अहहीं ।।,1550,136,32
hajarilala1919__07__r2l7.png,hajarilala1919__07,hajarilala1919,r2l7,"भूत प्रेत योगिनी पिशाचगण निशिचर,",1523,104,32
hajarilala1919__07__r2l10.png,hajarilala1919__07,hajarilala1919,r2l10,डाले गले मुण्डमाल नाचें जहां तहँहीं ।,1558,104,37
hajarilala1919__07__r2l11.png,hajarilala1919__07,hajarilala1919,r2l11,"बाघ सिंह खर श्वान भुजग भयावन जो,",1584,135,32
hajarilala1919__07__r2l12.png,hajarilala1919__07,hajarilala1919,r2l12,घनिभाग वाके देखि जीवत जो रहहीं १०,1584,126,33
hajarilala1919__07__r2l13.png,hajarilala1919__07,hajarilala1919,r2l13,"बर बउराह सब अंगन लगाये छार, कंकन",1579,104,32
hajarilala1919__07__r2l16.png,hajarilala1919__07,hajarilala1919,r2l16,भुजंगकर कुण्डलहुँ ब्याल हैं।सर्पको जनेउ,1558,128,39
hajarilala1919__07__r2l17.png,hajarilala1919__07,hajarilala1919,r2l17,"कांधे माथहुँ में नागबांधे, देखत भयावन",1117,132,37
hajarilala1919__07__r2l19.png,hajarilala1919__07,hajarilala1919,r2l19,गले में मुण्डमाल हैं ।। बस्त्र तन बाघ-,1573,125,38
hajarilala1919__07__r2l20.png,hajarilala1919__07,hajarilala1919,r2l20,"छाला कटिकसे अहिकाला, गङ्गशीश चन्द्र-",1587,83,36
hajarilala1919__07__r2l22.png,hajarilala1919__07,hajarilala1919,r2l22,भाल नैन लाल लाल हैं । कहैं अस,1589,132,29
hajarilala1919__07__r2l23.png,hajarilala1919__07,hajarilala1919,r2l23,"सब बाल निज निज घर हाल, दुल्लह",1576,139,29
hajarilala1919__07__r2l24.png,hajarilala1919__07,hajarilala1919,r2l24,स्वरूप तो बड़ाहि बिकराल हैं ११,1565,128,30
hajarilala1919__08__line_1518437523087_86.png,hajarilala1919__08,hajarilala1919,line_1518437523087_86,८,82,94,1
hajarilala1919__08__r3l2.png,hajarilala1919__08,hajarilala1919,r3l2,शिवविवाह ।,480,124,10
hajarilala1919__08__r3l3.png,hajarilala1919__08,hajarilala1919,r3l3,"जननी जनक सब बालकन बैन सुनि,",1593,154,27
hajarilala1919__08__r3l4.png,hajarilala1919__08,hajarilala1919,r3l4,शङ्कर समाज हाल बूझि मुसुकाइकै ।,1489,129,31
hajarilala1919__08__r3l5.png,hajarilala1919__08,hajarilala1919,r3l5,"कह्यो सो बहुत बिधि बालकहिं समुझाइ,",1559,126,34
hajarilala1919__08__r3l6.png,hajarilala1919__08,hajarilala1919,r3l6,निडररहहु सबभय बिसराइकै ।। सुनिमातु,1550,143,34
hajarilala1919__08__r3l7.png,hajarilala1919__08,hajarilala1919,r3l7,"पितुबानी धीरज लहे सो बाल, करि अगु-",1595,126,34
hajarilala1919__08__r3l10.png,hajarilala1919__08,hajarilala1919,r3l10,वान लोग फिरे सब आइकै । सुन्दर सुहा-,1532,146,35
hajarilala1919__08__r3l11.png,hajarilala1919__08,hajarilala1919,r3l11,"वन सुपावन जो ठौर तहाँ, जनवास दिये",1595,111,33
hajarilala1919__08__r3l13.png,hajarilala1919__08,hajarilala1919,r3l13,हैं बरातहिं लिवाइकै १२ दुल्लहको परि-,1046,124,36
hajarilala1919__08__r3l17.png,hajarilala1919__08,hajarilala1919,r3l17,"छन हेतु बहु भाँतिनको, साजिके मङ्गल",1058,65,34
hajarilala1919__08__r3l19.png,hajarilala1919__08,hajarilala1919,r3l19,साज मैना हरषाइकै । साथ बहु सुन्दरि,1612,106,34
hajarilala1919__08__line_1518437533893_87.png,hajarilala1919__08,hajarilala1919,line_1518437533893_87,"सोहागिनी शृङ्गार करि, भूषण बसन भल",1608,102,33
hajarilala1919__08__r3l26.png,hajarilala1919__08,hajarilala1919,r3l26,अङ्गनसजाइकै।।दूब दधि रोचन अक्षत पान,1593,154,35
hajarilala1919__08__r3l27.png,hajarilala1919__08,hajarilala1919,r3l27,"पुष्प दीप, धरि हेमथारन सुमङ्गल रचाइकै ।",1580,148,39
hajarilala1919__08__r3l28.png,hajarilala1919__08,hajarilala1919,r3l28,"चलीं लेइ गीतशुभ गावती सुराग धरि,",1529,127,32
hajarilala1919__08__r3l29.png,hajarilala1919__08,hajarilala1919,r3l29,सब पिकबैनी मन आनँद बढ़ाइकै १३,1571,144,29
hajarilala1919__09__line_1518437681116_91.png,hajarilala1919__09,hajarilala1919,line_1518437681116_91,९,88,104,1
hajarilala1919__09__r1l1.png,hajarilala1919__09,hajarilala1919,r1l1,शिवविवाह ।,429,118,10
hajarilala1919__09__line_1518437688364_92.png,hajarilala1919__09,hajarilala1919,line_1518437688364_92,"बरके समीप जाइ पहुँची सुन्दरि जब,",1591,108,32
hajarilala1919__09__line_1518437665626_90.png,hajarilala1919__09,hajarilala1919,line_1518437665626_90,बिकट स्वरूप लखि शोच उर छाइगै ।,1593,131,30
hajarilala1919__09__r1l8.png,hajarilala1919__09,hajarilala1919,r1l8,ब्याकुल शंकित होइ भागि भागि चलीं,1590,132,32
hajarilala1919__09__r1l9.png,hajarilala1919__09,hajarilala1919,r1l9,"घर, तनकर सुधि सब काहुहिं भुलाइगै ।।",1561,94,35
hajarilala1919__09__line_1518437695968_93.png,hajarilala1919__09,hajarilala1919,line_1518437695968_93,"भूषण खसत कहुँ हारहुँ टूटत कहुँ, बसन",1585,116,35
hajarilala1919__09__line_1518437701206_94.png,hajarilala1919__09,hajarilala1919,line_1518437701206_94,फटत कहुँ मुख कुम्हिलाइगै । काहू बिधि,1580,114,36
hajarilala1919__09__r1l35.png,hajarilala1919__09,hajarilala1919,r1l35,"गिरति पड़ति धाइ धाइ सब, निज निज",1579,117,31
hajarilala1919__09__line_1518437708052_95.png,hajarilala1919__09,hajarilala1919,line_1518437708052_95,भवनमें आइकै लुकाइगै १४ शङ्कर समाज,1582,104,33
hajarilala1919__09__line_1518437626625_89.png,hajarilala1919__09,hajarilala1919,line_1518437626625_89,"निज लिये जनवासे गये, मैनाउर शोकभये",1570,141,34
hajarilala1919__09__r1l42.png,hajarilala1919__09,hajarilala1919,r1l42,दुख अधिकायेहैं । गिरिजाहिं लीन्हीं सो,1425,135,37
hajarilala1919__09__line_1518437615363_88.png,hajarilala1919__09,hajarilala1919,line_1518437615363_88,"बुलाइसहप्रीति बड़ि,गोद बिठलाई दृगआँ",1532,135,35
hajarilala1919__09__r1l46.png,hajarilala1919__09,hajarilala1919,r1l46,सू भरि आये हैं॥कहती बिलखि पछताइ के,1430,129,34
hajarilala1919__09__r1l48.png,hajarilala1919__09,hajarilala1919,r1l48,"सुताहिं लखि, जौन बिधि तोहिं असरूपहूं",1464,136,36
hajarilala1919__09__r1l49.png,hajarilala1919__09,hajarilala1919,r1l49,बनाये हैं । तौन जड़कस बर किन्ह बउराह,1577,123,36
hajarilala1919__09__r1l51.png,hajarilala1919__09,hajarilala1919,r1l51,"फल, सुरतरु योग सो बबूरहिं लगाये हैं १५",1558,124,38
hajarilala1919__10__line_1518438778283_96.png,hajarilala1919__10,hajarilala1919,line_1518438778283_96,१०,116,90,2
hajarilala1919__10__r2l2.png,hajarilala1919__10,hajarilala1919,r2l2,शिवविवाह ।,422,151,10
hajarilala1919__10__r2l3.png,hajarilala1919__10,hajarilala1919,r2l3,"गिरिपर चढ़ि गिरि मरौं धरनी पै बरु,",1572,153,34
hajarilala1919__10__r2l4.png,hajarilala1919__10,hajarilala1919,r2l4,तुमहीं सहित जाइ जलनिधि परिहौं ।,1454,139,31
hajarilala1919__10__r2l5.png,hajarilala1919__10,hajarilala1919,r2l5,"घरहुँ उजरे अरु बसेकर शोच नहिं, जग",1581,129,33
hajarilala1919__10__r2l7.png,hajarilala1919__10,hajarilala1919,r2l7,उपहास नहिं कुछ मन डरिहौं ।। मोह नहिं,1574,127,36
hajarilala1919__10__r2l8.png,hajarilala1919__10,hajarilala1919,r2l8,"जीवनकी नेकहुँ कछुक मोहिं, लोगन",1591,128,30
hajarilala1919__10__r2l9.png,hajarilala1919__10,hajarilala1919,r2l9,हँसेन लाज बिषखाइ मरिहौं । सकल,1605,130,29
hajarilala1919__10__line_1518438826617_97.png,hajarilala1919__10,hajarilala1919,line_1518438826617_97,"कलङ्क सहौं बिकल कहति मैना, जीवत न",1582,117,33
hajarilala1919__10__line_1518438835128_98.png,hajarilala1919__10,hajarilala1919,line_1518438835128_98,सुता ब्याह शिवसन करिहौं १६ ।। सवैया ।।,1592,121,38
hajarilala1919__10__r2l18.png,hajarilala1919__10,hajarilala1919,r2l18,"जननी कहँ ब्याकुल शोचभरी, लखिके",1484,131,30
hajarilala1919__10__r2l19.png,hajarilala1919__10,hajarilala1919,r2l19,गिरिजा अतिकोमल बानी । भरि युक्ति,1581,130,32
hajarilala1919__10__r2l20.png,hajarilala1919__10,hajarilala1919,r2l20,"बिबेक सुबोलि उठीं, सुनु मातु करौ मन",680,99,35
hajarilala1919__10__r2l22.png,hajarilala1919__10,hajarilala1919,r2l22,ब्यर्थ गलानी ।। बिधि जौन रच्यो टरि है,1604,161,37
hajarilala1919__10__r2l23.png,hajarilala1919__10,hajarilala1919,r2l23,"नहिं सो, किये कोटि उपाय हिये अनु-",1597,122,33
hajarilala1919__10__r2l24.png,hajarilala1919__10,hajarilala1919,r2l24,मानी । तजि दो मन शोच न लाभ कछू,1590,69,30
hajarilala1919__10__r2l27.png,hajarilala1919__10,hajarilala1919,r2l27,बिधिअङ्क अमेट कहैं मुनि ज्ञानी १७ जो,1604,138,36
hajarilala1919__11__r1l1.png,hajarilala1919__11,hajarilala1919,r1l1,शिवविवाह ।,485,170,10
hajarilala1919__11__r1l2.png,hajarilala1919__11,hajarilala1919,r1l2,११,114,147,2
hajarilala1919__11__r1l3.png,hajarilala1919__11,hajarilala1919,r1l3,"मम भाग्य लिख्यो बर बाउर, तो अब दोष",1557,147,34
hajarilala1919__11__r1l4.png,hajarilala1919__11,hajarilala1919,r1l4,लगाइये काहीं । मेटिसकै तुमसे बिधिअङ्क,1582,160,37
hajarilala1919__11__line_1518438931501_99.png,hajarilala1919__11,hajarilala1919,line_1518438931501_99,"कि, मातु कलङ्क न लेहु बृथाहीं ।। जो सुख",1577,111,39
hajarilala1919__11__r1l12.png,hajarilala1919__11,hajarilala1919,r1l12,"दुःख ललाट लिखा मम, जाब जहैं तहँ",1445,158,31
hajarilala1919__11__r1l14.png,hajarilala1919__11,hajarilala1919,r1l14,"पाउब वाहीं । बूझि हिये अस शोच तजौ,",1568,144,34
hajarilala1919__11__r1l15.png,hajarilala1919__11,hajarilala1919,r1l15,करहू करुणा कस औसर नाहीं १८ गि-,1558,137,30
hajarilala1919__11__line_1518438941670_100.png,hajarilala1919__11,hajarilala1919,line_1518438941670_100,"रिजा मुखबैन बिनीत मृदू, सुनिकै अबला",1598,116,35
hajarilala1919__11__r1l18.png,hajarilala1919__11,hajarilala1919,r1l18,सब शोचति भारी । बहुभांतिन दोष बिरं-,1581,155,35
hajarilala1919__11__r1l19.png,hajarilala1919__11,hajarilala1919,r1l19,"चिहिं दै, पछताइ बिलोचन मोचति बारी।।",1574,136,35
hajarilala1919__11__line_1518438948720_101.png,hajarilala1919__11,hajarilala1919,line_1518438948720_101,"बिधि जौन रच्यो अस रूप उमा,गुण शील",1592,103,33
hajarilala1919__11__line_1518438955166_102.png,hajarilala1919__11,hajarilala1919,line_1518438955166_102,सुभाव भली सुकुमारी । कस सो बरसे अस,1607,117,34
hajarilala1919__11__r1l28.png,hajarilala1919__11,hajarilala1919,r1l28,"ब्याह लिख्यो, बिधि बुद्धिबड़ी अहही कु-",1118,161,38
hajarilala1919__11__r1l29.png,hajarilala1919__11,hajarilala1919,r1l29,"बिचारी १९ सप्तऋषी सह नारदजू, तिहि",1219,144,33
hajarilala1919__11__r1l32.png,hajarilala1919__11,hajarilala1919,r1l32,औसर आये हिमाचल गेहा । हालसुनी,1316,141,29
hajarilala1919__11__r1l34.png,hajarilala1919__11,hajarilala1919,r1l34,"समुझावत लोगन, पूर्बकथा शिव गौरि",745,81,31
hajarilala1919__12__line_1518439067303_104.png,hajarilala1919__12,hajarilala1919,line_1518439067303_104,१२,132,95,2
hajarilala1919__12__line_1518439070317_105.png,hajarilala1919__12,hajarilala1919,line_1518439070317_105,शिवविवाह ।,471,90,10
hajarilala1919__12__r1l3.png,hajarilala1919__12,hajarilala1919,r1l3,"सनेहा ।। सत्य कहौं सुनहू मयना, गिरिजा",1571,151,37
hajarilala1919__12__r1l4.png,hajarilala1919__12,hajarilala1919,r1l4,जु सुता जनमी तव एहा । है अबिनाशिनि,1407,143,34
hajarilala1919__12__r1l5.png,hajarilala1919__12,hajarilala1919,r1l5,"शक्ति अजा, जग जो रचि पालि करै पुनि",1326,136,34
hajarilala1919__12__r1l7.png,hajarilala1919__12,hajarilala1919,r1l7,"खेहा २० शिवकी अरधङ्गिनि नित्य उमा,",933,130,34
hajarilala1919__12__line_1518439041038_103.png,hajarilala1919__12,hajarilala1919,line_1518439041038_103,निज इच्छित देहधरे जग आई । प्रथमै,1556,133,32
hajarilala1919__12__r1l14.png,hajarilala1919__12,hajarilala1919,r1l14,"जनमीरहि दक्षघरै, तन सुन्दर नाम सती",1246,101,34
hajarilala1919__12__line_1518439078341_106.png,hajarilala1919__12,hajarilala1919,line_1518439078341_106,जेहिकी सुप्रसिद्ध कथा जग छाई । तुम्हरे,1596,115,38
hajarilala1919__12__r1l22.png,hajarilala1919__12,hajarilala1919,r1l22,"घर जो अब जन्म लई, कुछ हाल कहौं ति-",1585,155,34
hajarilala1919__12__r1l23.png,hajarilala1919__12,hajarilala1919,r1l23,हिको समुझाई २१ एक समय चलिआ-,1575,132,27
hajarilala1919__12__r1l28.png,hajarilala1919__12,hajarilala1919,r1l28,"देखि तहां बनमें रघुनाथहिं, मोह बिशेष",1579,124,36
hajarilala1919__12__r1l29.png,hajarilala1919__12,hajarilala1919,r1l29,"भयो मनजाहीं।। मानो नहीं शिवको कहना,",1595,153,35
hajarilala1919__12__r1l31.png,hajarilala1919__12,hajarilala1919,r1l31,यदपी समुझायउ सो बहुताहीं । बेषधरी,1295,132,33
hajarilala1919__12__r1l32.png,hajarilala1919__12,hajarilala1919,r1l32,"सियको तहँवां, बश भावि बिचार रहा मन",1592,136,34
hajarilala1919__13__r1l1.png,hajarilala1919__13,hajarilala1919,r1l1,शिवविवाह ।,467,144,10
hajarilala1919__13__line_1518439177427_108.png,hajarilala1919__13,hajarilala1919,line_1518439177427_108,१३,127,95,2
hajarilala1919__13__r1l3.png,hajarilala1919__13,hajarilala1919,r1l3,"नाहीं २२ जानकिबेष बनी सति जो, स-",1238,147,32
hajarilala1919__13__r1l6.png,hajarilala1919__13,hajarilala1919,r1l6,मुझी शिव सो मन खेद बढ़ाई । याकहँ,1549,133,32
hajarilala1919__13__r1l7.png,hajarilala1919__13,hajarilala1919,r1l7,"त्यागिदियो तुरतै, भइ स्वामि बियोग हिये",800,136,38
hajarilala1919__13__r1l9.png,hajarilala1919__13,hajarilala1919,r1l9,"बिकलाई ।। जाइ पिता के मखानल में,",1575,144,32
hajarilala1919__13__r1l11.png,hajarilala1919__13,hajarilala1919,r1l11,जरि सो जनमी तुम्हरे गृह आई । शम्भु,680,72,34
hajarilala1919__13__r1l12.png,hajarilala1919__13,hajarilala1919,r1l12,"प्रिया गिरिजा नितहीं, यह बूझि तजौ सब",1581,133,36
hajarilala1919__13__line_1518439184887_109.png,hajarilala1919__13,hajarilala1919,line_1518439184887_109,शोच बृथाई २३ ।। घनाक्षरी ।। सुनत नारद,1596,123,37
hajarilala1919__13__r1l15.png,hajarilala1919__13,hajarilala1919,r1l15,"बानी मिटी मन शोच ग्लानी, उमा जग-",1593,146,32
hajarilala1919__13__r1l16.png,hajarilala1919__13,hajarilala1919,r1l16,दम्बा जानी सब हरषाये हैं । क्षणही में,1542,133,37
hajarilala1919__13__r1l17.png,hajarilala1919__13,hajarilala1919,r1l17,"बात यह फैल गइ पुरमहँ, सुनि लोग जहाँ",1576,69,35
hajarilala1919__13__line_1518439193237_110.png,hajarilala1919__13,hajarilala1919,line_1518439193237_110,तहँ अति सुख पाये हैं ।। मैना हिमवन्त,1608,126,36
hajarilala1919__13__line_1518439151157_107.png,hajarilala1919__13,hajarilala1919,line_1518439151157_107,"मन अतिमुद तेहि छन, भयो पुलकित",1591,145,29
hajarilala1919__13__r1l25.png,hajarilala1919__13,hajarilala1919,r1l25,तन प्रेम अधिकाये हैं । उमा पद पुनि,1585,133,34
hajarilala1919__13__r1l26.png,hajarilala1919__13,hajarilala1919,r1l26,"पुनि सेवित जो सिद्ध मुनि, दम्पति स्व-",1572,147,37
hajarilala1919__13__r1l28.png,hajarilala1919__13,hajarilala1919,r1l28,भाग्य गुनि बन्दी शीश नाये हैं २४ नगर,1601,138,36
hajarilala1919__14__line_1518439343287_111.png,hajarilala1919__14,hajarilala1919,line_1518439343287_111,१४,124,104,2
hajarilala1919__14__line_1518439347547_112.png,hajarilala1919__14,hajarilala1919,line_1518439347547_112,शिवविवाह ।,479,122,10
hajarilala1919__14__r1l5.png,hajarilala1919__14,hajarilala1919,r1l5,"की नर नारी आनँद हृदय भारी, मङ्गल",1061,130,32
hajarilala1919__14__r1l7.png,hajarilala1919__14,hajarilala1919,r1l7,की तइयारी करें घरघरहीं । हेमघट भरि,1574,117,34
hajarilala1919__14__r1l13.png,hajarilala1919__14,hajarilala1919,r1l13,"बारी निज निज द्वारे धारी, गावैं गीत",1342,101,35
hajarilala1919__14__line_1518439356854_113.png,hajarilala1919__14,hajarilala1919,line_1518439356854_113,शुभकारी तीये मृदुसुरहीं ।। तोरण बन्दन-,1597,126,38
hajarilala1919__14__line_1518439366637_114.png,hajarilala1919__14,hajarilala1919,line_1518439366637_114,"वार अमित सुमनहार, शोमित सबन द्वार",1587,126,33
hajarilala1919__14__line_1518439436338_119.png,hajarilala1919__14,hajarilala1919,line_1518439436338_119,रचित सुन्दरहीं । बिबिध मङ्गलाचार करें,1535,131,37
hajarilala1919__14__line_1518439432528_118.png,hajarilala1919__14,hajarilala1919,line_1518439432528_118,"सब बारबार, शोभाकी न वारपार कहि",1483,134,30
hajarilala1919__14__line_1518439422856_117.png,hajarilala1919__14,hajarilala1919,line_1518439422856_117,किमि परहीं २५ शैलेश भंडार माहीं जेवँ-,1575,127,37
hajarilala1919__14__r1l37.png,hajarilala1919__14,hajarilala1919,r1l37,"नार बहुताहीं, षटरस स्वाद जाहीं अमित",1569,81,35
hajarilala1919__14__line_1518439378188_115.png,hajarilala1919__14,hajarilala1919,line_1518439378188_115,प्रकारकै । भयो सब तइयार सूपशास्त्र,1595,122,34
hajarilala1919__14__r1l54.png,hajarilala1919__14,hajarilala1919,r1l54,नारकै ।। पठये बुलाइ तब आये हैं बराती,1585,81,36
hajarilala1919__14__r1l57.png,hajarilala1919__14,hajarilala1919,r1l57,"सब, बैठे सो बिबिधढब पांतिन सँवारकै ।",1014,86,36
hajarilala1919__14__r1l60.png,hajarilala1919__14,hajarilala1919,r1l60,"लागे तब परुसन निपुण सुआरजन, लाइ",1601,63,31
hajarilala1919__14__line_1518439392155_116.png,hajarilala1919__14,hajarilala1919,line_1518439392155_116,लाइ भोजन को बस्तुन सुधारकै २६,1593,131,29
hajarilala1919__15__r1l1.png,hajarilala1919__15,hajarilala1919,r1l1,शिवविवाह ।,479,141,10
hajarilala1919__15__r1l2.png,hajarilala1919__15,hajarilala1919,r1l2,१५,124,124,2
hajarilala1919__15__r1l3.png,hajarilala1919__15,hajarilala1919,r1l3,"देवन जेंवत जानी पुरकी सुन्दरि स्यानी,",1577,149,37
hajarilala1919__15__r1l5.png,hajarilala1919__15,hajarilala1919,r1l5,मधुर सरस बानी हिये प्रेमभावहीं । गा-,1312,92,36
hajarilala1919__15__r1l8.png,hajarilala1919__15,hajarilala1919,r1l8,"वति मंगलगारी सुरन को नामधारी, ब्यंग",1567,88,35
hajarilala1919__15__r1l13.png,hajarilala1919__15,hajarilala1919,r1l13,"सुनि देवगन हँसत मुदित मन, प्रेमपुल-",1567,134,35
hajarilala1919__15__r1l16.png,hajarilala1919__15,hajarilala1919,r1l16,कित तन बर सुख पावहीं । अधिक बिलम्ब,1512,88,34
hajarilala1919__15__line_1518439535650_120.png,hajarilala1919__15,hajarilala1919,line_1518439535650_120,"लाइ जेंवें सब हरषाइ, सुखसो न कहिजाइ",1579,122,35
hajarilala1919__15__line_1518439539468_121.png,hajarilala1919__15,hajarilala1919,line_1518439539468_121,कैसेको बतावहीं २७ जेंई सुर समुदाइ,1307,145,33
hajarilala1919__15__line_1518439581298_123.png,hajarilala1919__15,hajarilala1919,line_1518439581298_123,"हृदये आनन्दछाइ, अँचई गै पान पाइ",1599,111,31
hajarilala1919__15__line_1518439543530_122.png,hajarilala1919__15,hajarilala1919,line_1518439543530_122,निज निज बासहीं । आये पुनि मुनिजन,1553,148,32
hajarilala1919__15__r1l35.png,hajarilala1919__15,hajarilala1919,r1l35,"मुदित अधिकमन, गुणिब्याह लगनजो",1334,106,29
hajarilala1919__15__r1l37.png,hajarilala1919__15,hajarilala1919,r1l37,हिमगिरि पासहीं ।। सुनि शुभलग्न बर,1574,135,33
hajarilala1919__15__r1l39.png,hajarilala1919__15,hajarilala1919,r1l39,"मुदित गिरीश उर, पठये बुलाइ सुर सब",1546,142,33
hajarilala1919__15__r1l41.png,hajarilala1919__15,hajarilala1919,r1l41,जनवासहीं । सुनतहिं ततक्षण आये सब,1613,129,32
hajarilala1919__15__r1l42.png,hajarilala1919__15,hajarilala1919,r1l42,"देवगण, पाइ बर आसनन बैठे सुहुला-",1607,136,31
hajarilala1919__16__line_1518439672501_126.png,hajarilala1919__16,hajarilala1919,line_1518439672501_126,१६,137,104,2
hajarilala1919__16__line_1518439675476_127.png,hajarilala1919__16,hajarilala1919,line_1518439675476_127,शिवविवाह ।,480,99,10
hajarilala1919__16__line_1518439664056_125.png,hajarilala1919__16,hajarilala1919,line_1518439664056_125,सहीं २८ ब्याहको मण्डप बर रचना बि-,1599,167,33
hajarilala1919__16__r2l6.png,hajarilala1919__16,hajarilala1919,r2l6,"चित्रतर,सकल मनोहर जो परम सहावनै ।",1586,131,33
hajarilala1919__16__r2l8.png,hajarilala1919__16,hajarilala1919,r2l8,"बने हैं सुन्दराकार जस श्रुति ब्यवहार,",1599,102,37
hajarilala1919__16__r2l9.png,hajarilala1919__16,hajarilala1919,r2l9,बेदिका सँवार तस रुचिर सुपावनै ।। गज,1594,137,35
hajarilala1919__16__r2l10.png,hajarilala1919__16,hajarilala1919,r2l10,"मणिमय रूरी रचि रचि चौकपूरी, ललित",1571,146,32
hajarilala1919__16__r2l11.png,hajarilala1919__16,hajarilala1919,r2l11,जो शोभाभूरी अति मनभावनै । कंचन,1081,137,30
hajarilala1919__16__r2l13.png,hajarilala1919__16,hajarilala1919,r2l13,"कलशधारी दीपहुँ अनेक बारी, ब्याहगीत",1581,149,34
hajarilala1919__16__r2l14.png,hajarilala1919__16,hajarilala1919,r2l14,गावें नारी आनँद बढ़ावनै २९ सुन्दर,1587,136,33
hajarilala1919__16__r2l15.png,hajarilala1919__16,hajarilala1919,r2l15,"सिंहासन जो मणिन प्रकाशन सो, जड़ित",1564,130,33
hajarilala1919__16__line_1518439638586_124.png,hajarilala1919__16,hajarilala1919,line_1518439638586_124,कंजासनसों करते सँवारे हैं । सकल सुदिब्य,1596,140,39
hajarilala1919__16__r2l25.png,hajarilala1919__16,hajarilala1919,r2l25,मण्डप सो धारे हैं ।। ताहीपर बैठे ईश,1601,148,35
hajarilala1919__16__r2l26.png,hajarilala1919__16,hajarilala1919,r2l26,"बिप्रन को नाइ शीश, सुमिरिकै जगदीश",1600,139,33
hajarilala1919__16__r2l27.png,hajarilala1919__16,hajarilala1919,r2l27,जो निजेष्टप्यारे हैं । बेदधुनि बिप्रगन क-,1585,138,41
hajarilala1919__16__r2l28.png,hajarilala1919__16,hajarilala1919,r2l28,"रहिं मुदितमन, बार बार बन्दीजन सुयश",1581,136,34
hajarilala1919__17__line_1518439829341_129.png,hajarilala1919__17,hajarilala1919,line_1518439829341_129,शिवविवाह ।,485,102,10
hajarilala1919__17__line_1518439831606_130.png,hajarilala1919__17,hajarilala1919,line_1518439831606_130,१७,151,99,2
hajarilala1919__17__r1l3.png,hajarilala1919__17,hajarilala1919,r1l3,उचारे हैं ३० दूब दधि पुङ्गीफल रोचन,1577,122,34
hajarilala1919__17__r1l5.png,hajarilala1919__17,hajarilala1919,r1l5,"ताम्बूल दल, अक्षत सुमन भल दीप बहु",793,99,33
hajarilala1919__17__r1l8.png,hajarilala1919__17,hajarilala1919,r1l8,बारिकै । धरि धरि हेमथारी हृदये आनन्द,1567,79,36
hajarilala1919__17__r1l9.png,hajarilala1919__17,hajarilala1919,r1l9,"भारी, आारति करति नारीशिहितकारिकै ।",1586,131,34
hajarilala1919__17__r1l15.png,hajarilala1919__17,hajarilala1919,r1l15,"गावतीं मधुरगीत प्रमुदित सहप्रीत, करति",1555,85,37
hajarilala1919__17__line_1518439767944_128.png,hajarilala1919__17,hajarilala1919,line_1518439767944_128,मंगल रीति बिबिध प्रकारिकै । बाजन अ-,1587,131,35
hajarilala1919__17__r1l22.png,hajarilala1919__17,hajarilala1919,r1l22,"नेकढंग बाजत बहुतरंग, सुनत उमंगअंग",1561,99,33
hajarilala1919__17__r1l26.png,hajarilala1919__17,hajarilala1919,r1l26,होतनरनारिकै ३१ गिरिजाहिं मुनिन बुलाइ,1535,85,36
hajarilala1919__17__r1l30.png,hajarilala1919__17,hajarilala1919,r1l30,"पठये हैं तब, सखिन शृंगारसाज बिबिध",1521,83,33
hajarilala1919__17__r1l31.png,hajarilala1919__17,hajarilala1919,r1l31,सजाइकै । अंग अंग भूषण मणिन नगज-,1585,102,31
hajarilala1919__17__r1l33.png,hajarilala1919__17,hajarilala1919,r1l33,"टित जो, बसन बिचित्र यथोचित पहिरा-",1588,118,33
hajarilala1919__17__r1l35.png,hajarilala1919__17,hajarilala1919,r1l35,"इकै ।। सकल मनोहर शृंगार नव सप्तकरि,",1578,134,35
hajarilala1919__17__r1l37.png,hajarilala1919__17,hajarilala1919,r1l37,गावति मंगलगीत सखि हरषाइकै । ल्याइ,1204,121,33
hajarilala1919__17__r1l40.png,hajarilala1919__17,hajarilala1919,r1l40,"हैं उमाहिं जहां मण्डपअमर मनि, छबिसों",1546,99,36
hajarilala1919__17__r1l43.png,hajarilala1919__17,hajarilala1919,r1l43,जगत मातु कहे कौन गाइकै ३२ देवगण,1581,115,31
hajarilala1919__18__line_1518439937049_132.png,hajarilala1919__18,hajarilala1919,line_1518439937049_132,१८,125,95,2
hajarilala1919__18__line_1518439940675_133.png,hajarilala1919__18,hajarilala1919,line_1518439940675_133,शिवविवाह ।,486,102,10
hajarilala1919__18__r2l4.png,hajarilala1919__18,hajarilala1919,r2l4,"गिरिजाहिं देखिके मनहिं मन, जानि भव",1140,90,34
hajarilala1919__18__r2l7.png,hajarilala1919__18,hajarilala1919,r2l7,बामा जु प्रणाम सब किये हैं । तब मुनि,1593,81,36
hajarilala1919__18__r2l8.png,hajarilala1919__18,hajarilala1919,r2l8,"आयसु भवानी मध्य मण्डप के, गवनी हैं",1588,142,34
hajarilala1919__18__r2l9.png,hajarilala1919__18,hajarilala1919,r2l9,जहां शिव प्राणपति प्रियेहैं ।। पतिपदपं-,1582,121,39
hajarilala1919__18__r2l10.png,hajarilala1919__18,hajarilala1919,r2l10,"कजमें मधुकर मन बस्यो, सकति बिलोकि",1588,95,33
hajarilala1919__18__r2l16.png,hajarilala1919__18,hajarilala1919,r2l16,न सकोच अति हिये हैं । लोक कुललाज,1583,90,32
hajarilala1919__18__r2l18.png,hajarilala1919__18,hajarilala1919,r2l18,"स्वइ भयोहै बियोग निशा, थकित चकई",1594,106,31
hajarilala1919__18__r2l19.png,hajarilala1919__18,hajarilala1919,r2l19,दृग प्रीति बरजिये हैं ३३ पाइ अनुशासन,1617,98,36
hajarilala1919__18__r2l23.png,hajarilala1919__18,hajarilala1919,r2l23,"मुनीशनको शिवशिवा, पूजेहैं अनादि देव",1594,65,35
hajarilala1919__18__r2l25.png,hajarilala1919__18,hajarilala1919,r2l25,गणपति प्रीतिसो । जस कछु ब्याह को,1599,131,32
hajarilala1919__18__r2l27.png,hajarilala1919__18,hajarilala1919,r2l27,"बिधान बेदबरणन, मुनिन कराये तस स-",1561,95,32
hajarilala1919__18__r2l28.png,hajarilala1919__18,hajarilala1919,r2l28,कल सुरीतिसो ।। मुदित गिरीश तब गहि,1346,138,33
hajarilala1919__18__r2l33.png,hajarilala1919__18,hajarilala1919,r2l33,"कुश कन्यापाणि, शंभुहिं समर्पे करि बिधि",1586,132,38
hajarilala1919__18__r2l34.png,hajarilala1919__18,hajarilala1919,r2l34,जस नीतिसो । सुन्दरि सकल कलबैन,610,115,29
hajarilala1919__18__line_1661421654623_724.png,hajarilala1919__18,hajarilala1919,line_1661421654623_724,"शुभ गीत गावें, अतिही उछाह उर कहे",1546,145,32
jacobi1897__02__r2l1.png,jacobi1897__02,jacobi1897,r2l1,जैन और बौद्ध का भेद ॥,899,121,21
jacobi1897__02__r2l2.png,jacobi1897__02,jacobi1897,r2l2,अक्सर फरंगी विद्वान जैन और बौद्ध दोनों को,1442,121,41
jacobi1897__02__r2l3.png,jacobi1897__02,jacobi1897,r2l3,आरम्भ ही से अलग२ न समझ कर एक को दूसरेसे,1543,103,39
jacobi1897__02__r2l4.png,jacobi1897__02,jacobi1897,r2l4,निकला बतलाते हैं कोल्ब्रूक ने गौतम बुद्ध को वर्द्ध-,1556,114,51
jacobi1897__02__r2l5.png,jacobi1897__02,jacobi1897,r2l5,मान महावीर का चेला समझा क्योंकि महावीर का,1555,98,41
jacobi1897__02__r2l6.png,jacobi1897__02,jacobi1897,r2l6,एक चेला इन्द्रभूति था कि जिस को गोतम स्वामी,1545,107,43
jacobi1897__02__r2l7.png,jacobi1897__02,jacobi1897,r2l7,और निरा गौतम के नाम से भी पुकारते हैं प्रिंसिप,1548,102,46
jacobi1897__02__r2l8.png,jacobi1897__02,jacobi1897,r2l8,और टामस इन दोनों की भी यही राय है लेकिन,1545,109,39
jacobi1897__02__line_1518434102824_15.png,jacobi1897__02,jacobi1897,line_1518434102824_15,बेबर कहताहै कि ऐसा नहीं होसक्ता क्योंकि इन्द्रभूति,1550,94,50
jacobi1897__02__r2l12.png,jacobi1897__02,jacobi1897,r2l12,ब्राह्मण था और गौतम बुद्ध क्षत्री उसका गोत्र गौ-,1573,101,48
jacobi1897__02__r2l15.png,jacobi1897__02,jacobi1897,r2l15,तम होने से वह बुद्ध नहीं होसक्ता अगर इन्द्रभूति,1567,72,47
jacobi1897__02__r2l16.png,jacobi1897__02,jacobi1897,r2l16,वर्द्धमान महावीर का मत छोड़कर दूसरा मत अंगी-,1545,111,44
jacobi1897__02__r2l17.png,jacobi1897__02,jacobi1897,r2l17,कार करता तो जैन सूत्र कभी उसका अच्छा न कह-,1551,109,42
jacobi1897__02__r2l24.png,jacobi1897__02,jacobi1897,r2l24,हैं कि महावीर क भानजे जमालिने मतमें पहला भेद,1551,100,44
jacobi1897__02__r2l25.png,jacobi1897__02,jacobi1897,r2l25,डाला और महावीर के दूसरे चेले गोसाले मक्खलि,1568,103,42
jacobi1897__02__r2l26.png,jacobi1897__02,jacobi1897,r2l26,पुत्र का भी ठट्ठा किया है यह जाहिरा पाली सूत्र का,1543,102,49
jacobi1897__02__r2l27.png,jacobi1897__02,jacobi1897,r2l27,मक्खलि गोसाला है कि जो बुद्ध के छ: अनुमती,1553,101,41
jacobi1897__02__r2l28.png,jacobi1897__02,jacobi1897,r2l28,आचार्य्यवादियों में से एक था ॥,971,109,30
jacobi1897__02__r2l29.png,jacobi1897__02,jacobi1897,r2l29,विलसन जैनियों को बौद्धों की एक शाखा बत-,1422,103,39
jacobi1897__02__r2l30.png,jacobi1897__02,jacobi1897,r2l30,लाता है और उस को दसवींसदी में यहां बौद्धों के,1560,100,45
jacobi1897__03__line_1518434193688_16.png,jacobi1897__03,jacobi1897,line_1518434193688_16,(३),213,90,3
jacobi1897__03__r1l3.png,jacobi1897__03,jacobi1897,r1l3,नाश होनेपर निकला समझता है वेबर जैन को इस,1559,190,40
jacobi1897__03__r1l4.png,jacobi1897__03,jacobi1897,r1l4,से पुराना जानता है लेकिन बौद्धों को उस से भी,1543,174,44
jacobi1897__03__r1l5.png,jacobi1897__03,jacobi1897,r1l5,आगे लासन वेबर का साथी है बिलसन के अनुसार,1555,114,40
jacobi1897__03__r1l6.png,jacobi1897__03,jacobi1897,r1l6,यह कहा जासक्ताहै कि जैन सूत्र महावीर को केवल,1564,107,44
jacobi1897__03__r1l8.png,jacobi1897__03,jacobi1897,r1l8,विहार का रहनेवालाही नहीं बतलाते कि जहां बुद्ध,1509,117,45
jacobi1897__03__r1l10.png,jacobi1897__03,jacobi1897,r1l10,रहा और उपदेश दिया बल्कि बुद्धका सहकाली और,1534,110,41
jacobi1897__03__r1l12.png,jacobi1897__03,jacobi1897,r1l12,उन्हीं राजाओं की सहाय में उसे लिखते हैं जो बुद्ध,1543,116,48
jacobi1897__03__line_1518434202255_17.png,jacobi1897__03,jacobi1897,line_1518434202255_17,के सहकाली थे अगर्चि श्रेणिक और कूणिक या को-,1556,163,43
jacobi1897__03__r1l15.png,jacobi1897__03,jacobi1897,r1l15,णिक वह नहीं हैं जिनका नाम अक्सर बौद्ध ग्रन्थोंमें,1535,115,49
jacobi1897__03__r1l16.png,jacobi1897__03,jacobi1897,r1l16,पाया जाता है तौ भी श्रेणय या श्रेणिक बिम्बिसार,1491,109,46
jacobi1897__03__r1l17.png,jacobi1897__03,jacobi1897,r1l17,का विरुद मालूम होता है और उस के बेटे कूणिक,1541,108,42
jacobi1897__03__r1l18.png,jacobi1897__03,jacobi1897,r1l18,का नाम औपपात्तिक सूत्र में बिम्बिसार पुत्र लिखा,1554,120,47
jacobi1897__03__r1l20.png,jacobi1897__03,jacobi1897,r1l20,है हेमचन्द्र बम्भसार लिखता है यह बिम्बिसार का,1213,103,45
jacobi1897__03__r1l21.png,jacobi1897__03,jacobi1897,r1l21,बेटा अजातशत्रु मालूम होता है क्योंकि जैन और,1527,109,43
jacobi1897__03__r1l22.png,jacobi1897__03,jacobi1897,r1l22,बौद्ध दोनों उन दोनों को लिखते हैं कि अपने बाप,1537,106,45
jacobi1897__03__r1l23.png,jacobi1897__03,jacobi1897,r1l23,को मारडाला था कूणिक का बेटा उदायिन जिसने,1545,112,40
jacobi1897__03__r1l24.png,jacobi1897__03,jacobi1897,r1l24,जैनियों के मुताबिक़ पाटलिपुत्र बसाया था वही उ-,1517,108,46
jacobi1897__03__r1l25.png,jacobi1897__03,jacobi1897,r1l25,दयि अजातशत्रु का बेटा है जिसको बौद्ध पाटलिपुत्र,1530,114,47
jacobi1897__03__r1l28.png,jacobi1897__03,jacobi1897,r1l28,का बसानेवाला मानते हैं इस में किसी तरह का सं-,1564,98,45
jacobi1897__03__r1l29.png,jacobi1897__03,jacobi1897,r1l29,देह नहीं कि बुद्धके सहकाली बिम्बिसार और अजा-,1540,117,44
jacobi1897__03__r1l30.png,jacobi1897__03,jacobi1897,r1l30,तशत्रु श्रेणिक और कूणिक के नाम से जैन अंगों में,1494,115,47
jacobi1897__03__r1l35.png,jacobi1897__03,jacobi1897,r1l35,महावीर के सहकाली लिखे हैं इन से छोटों पर भी,1575,97,43
jacobi1897__03__r1l36.png,jacobi1897__03,jacobi1897,r1l36,यह बात ठीक ठहरती है जैसे गोसाल मंखलिय,1564,141,37
jacobi1897__04__line_1518435584489_44.png,jacobi1897__04,jacobi1897,line_1518435584489_44,(४),229,104,3
jacobi1897__04__line_1518434459308_21.png,jacobi1897__04,jacobi1897,line_1518434459308_21,मक्खलि मंखलि या मक्खलि का बेटा बिम्बिसार,1560,115,40
jacobi1897__04__line_1518434463292_22.png,jacobi1897__04,jacobi1897,line_1518434463292_22,या बिब्भिसार और लिच्छवि या लेच्छई राजा वि-,1551,99,42
jacobi1897__04__line_1518434467518_23.png,jacobi1897__04,jacobi1897,line_1518434467518_23,लसन के मुवाफ़िक़ यह दलील ठहरती है कि शा-,1546,94,40
jacobi1897__04__r2l22.png,jacobi1897__04,jacobi1897,r2l22,जिन और महावीर दोनों दर्जकरते कैं और स्त्री दोनों,548,75,48
jacobi1897__04__line_1518434397810_18.png,jacobi1897__04,jacobi1897,line_1518434397810_18,की यशोदा लिखी है लेकिन इसके सिवाय और कोई,1499,108,40
jacobi1897__04__line_1518434514546_24.png,jacobi1897__04,jacobi1897,line_1518434514546_24,बात जो बुद्ध के लिये लिखीगई है वर्द्धमान के मुवा-,1552,87,49
jacobi1897__04__line_1518434403424_19.png,jacobi1897__04,jacobi1897,line_1518434403424_19,फ़िक़ि नहीं पड़ती है मसलन् दोनों के रिश्तादारों के,1529,112,50
jacobi1897__04__r2l35.png,jacobi1897__04,jacobi1897,r2l35,नाम और जन्मभूमि चेले उमर और उनके वाकि-,1529,94,38
jacobi1897__04__r2l38.png,jacobi1897__04,jacobi1897,r2l38,आत और दोनों के चाल चलन जहांतक कि वे उन,1553,70,38
jacobi1897__04__line_1518434544953_25.png,jacobi1897__04,jacobi1897,line_1518434544953_25,के उपदेश से मालूम होते हैं बिल्कुल जुदा २ हैं नि-,1550,101,49
jacobi1897__04__r2l49.png,jacobi1897__04,jacobi1897,r2l49,दान महावीर और बुद्ध दो आदमी थे परन्तु एकही,700,63,42
jacobi1897__04__r2l51.png,jacobi1897__04,jacobi1897,r2l51,समय में और इसीलिये दोनों का मत एकसा मालूम,972,79,41
jacobi1897__04__line_1518434568443_26.png,jacobi1897__04,jacobi1897,line_1518434568443_26,होता है क्योंकि दोनों की जड़ एक थी और दोनों,1544,103,43
jacobi1897__04__r2l57.png,jacobi1897__04,jacobi1897,r2l57,ब्राह्मणों के बर्ख़िलाफ़ कि जैसी उस समय के लोगों,1556,98,48
jacobi1897__04__r2l58.png,jacobi1897__04,jacobi1897,r2l58,की तबीअत ही होगई थी क्योंकि सामन्नफलसूत्र में,881,96,45
jacobi1897__04__r2l60.png,jacobi1897__04,jacobi1897,r2l60,छओं वादियों का हाल पढ़ने से जो बुद्ध के समयमें थे,1549,103,49
jacobi1897__04__r2l61.png,jacobi1897__04,jacobi1897,r2l61,ज़ाहिर होता है कि सब नये नये मत निकालना चा-,1570,74,43
jacobi1897__04__r2l63.png,jacobi1897__04,jacobi1897,r2l63,हते थे बुद्ध बढ़गया तो क्या अचरज है कि महावीर,1560,97,45
jacobi1897__04__r2l64.png,jacobi1897__04,jacobi1897,r2l64,का मत भी जड़ पकड़ गया अब हमको उनकी भी,1551,99,37
jacobi1897__04__r2l66.png,jacobi1897__04,jacobi1897,r2l66,सुननी चाहिये जो बौद्ध को जैन से पहले मानते हैं,1479,83,46
jacobi1897__04__line_1518434422110_20.png,jacobi1897__04,jacobi1897,line_1518434422110_20,वह कहते हैं कि जैनियों में जातिभेद है अर्थात् ब्रा-,1551,83,51
jacobi1897__04__r2l75.png,jacobi1897__04,jacobi1897,r2l75,ह्मण जब बौद्धों को निकालने लगे बौद्ध जाति भेद,1562,101,45
jacobi1897__05__line_1518434800759_29.png,jacobi1897__05,jacobi1897,line_1518434800759_29,(५),232,90,3
jacobi1897__05__r2l2.png,jacobi1897__05,jacobi1897,r2l2,मानकर जैनी होगये पर यह वाहियात है जैनियों में,1563,69,45
jacobi1897__05__r2l3.png,jacobi1897__05,jacobi1897,r2l3,दोही भेद हैं साधु (यति) और श्रावक और अगर,1541,78,40
jacobi1897__05__r2l7.png,jacobi1897__05,jacobi1897,r2l7,वह जातिभेद मानते हैं तो लंका के बौद्ध भी मानते,1282,66,46
jacobi1897__05__line_1518434808662_30.png,jacobi1897__05,jacobi1897,line_1518434808662_30,हैं इस्से मत से कुछ इलाक़ा नहीं यह तो आपस,1557,98,41
jacobi1897__05__line_1518434776741_28.png,jacobi1897__05,jacobi1897,line_1518434776741_28,का ब्यौहार है यहबात भी कि बौद्धों की पाली भाषा,1558,83,46
jacobi1897__05__r2l18.png,jacobi1897__05,jacobi1897,r2l18,जैनियों की प्राकृत से पुरानी है लिहाज़ के लाइक़,528,74,47
jacobi1897__05__r2l24.png,jacobi1897__05,jacobi1897,r2l24,नहीं क्योंकि जैनियों के सूत्र जैसे अब हैं महावीर के,1562,72,51
jacobi1897__05__r2l27.png,jacobi1897__05,jacobi1897,r2l27,निर्वाण से प्राय: एक हज़ार बरस पीछे लिखेगये इस,1548,75,46
jacobi1897__05__r2l36.png,jacobi1897__05,jacobi1897,r2l36,अर्से में ज़रूर बोली बदली होगी सिवाय इसके जै-,564,63,45
jacobi1897__05__r2l44.png,jacobi1897__05,jacobi1897,r2l44,नियों के १४ पूर्व नाश होगये ॥,551,72,29
jacobi1897__05__r2l48.png,jacobi1897__05,jacobi1897,r2l48,जैनियों के शास्त्र से साबित है कि महावीर बि-,1162,79,44
jacobi1897__05__r2l55.png,jacobi1897__05,jacobi1897,r2l55,म्बिसार और अजातशत्रु के समय में थे सूत्रों में,750,69,46
jacobi1897__05__r2l58.png,jacobi1897__05,jacobi1897,r2l58,जैन साधुओं को निग्रंथ और साध्विओं को निग्रंथी,846,65,45
jacobi1897__05__r2l69.png,jacobi1897__05,jacobi1897,r2l69,लिखते हैं शंकर और आनंदगिरि इत्यादि और २,956,70,39
jacobi1897__05__line_1518434878994_33.png,jacobi1897__05,jacobi1897,line_1518434878994_33,लिखनेवाले उसके बदल उनको विबसन और मुक्तां-,1357,81,41
jacobi1897__05__line_1518434867866_32.png,jacobi1897__05,jacobi1897,line_1518434867866_32,बर के नाम से लिखते हैं अशोक के शिलास्तंभों पर,1139,78,45
jacobi1897__05__line_1518434827037_31.png,jacobi1897__05,jacobi1897,line_1518434827037_31,बौद्ध श्रमणों से जुदा साधुओं को निगंठ कहा है कि,1558,97,47
jacobi1897__05__r2l97.png,jacobi1897__05,jacobi1897,r2l97,जिसको डाक्टर बुहलर जैनियों का निर्ग्रंथ समझ-,475,63,44
jacobi1897__05__line_1518434632755_27.png,jacobi1897__05,jacobi1897,line_1518434632755_27,और बौद्धों का वादी लिखा है निदान इन बातों से,1531,75,44
jacobi1897__05__r2l119.png,jacobi1897__05,jacobi1897,r2l119,साबित होताहै कि जैनी और बौद्ध बराबर के मत,1539,75,41
jacobi1897__05__r2l123.png,jacobi1897__05,jacobi1897,r2l123,वाले थे और आरंभही से इस बराबरी का प्रमाण,768,70,40
jacobi1897__06__line_1518435019725_36.png,jacobi1897__06,jacobi1897,line_1518435019725_36,(६),221,117,3
jacobi1897__06__r1l2.png,jacobi1897__06,jacobi1897,r1l2,उनके कई पुराने इतिहासों से हाथ लगता है जैसे,1532,128,43
jacobi1897__06__r1l3.png,jacobi1897__06,jacobi1897,r1l3,बौद्ध लोग साफ़ कहते हैं कि अजातशत्रु ने अपने,1527,102,44
jacobi1897__06__r1l4.png,jacobi1897__06,jacobi1897,r1l4,बापको मारडाला और वह बौद्ध होनेसे पहले बहुत,1553,107,42
jacobi1897__06__r1l6.png,jacobi1897__06,jacobi1897,r1l6,बद और ख़राब था जैनी लोग कूणिक अर्थात् उसी,1420,106,41
jacobi1897__06__r1l8.png,jacobi1897__06,jacobi1897,r1l8,अजातशत्रु को जानी बूझी पितृहत्या के दाग से,1533,110,42
jacobi1897__06__r1l9.png,jacobi1897__06,jacobi1897,r1l9,बचाने की कोशिश करते हैं क्योंकि निरयावलि सू-,1526,102,44
jacobi1897__06__r1l10.png,jacobi1897__06,jacobi1897,r1l10,त्र के अनुसार कूणिक ने अपने बापको अपने लिये,1559,107,43
jacobi1897__06__r1l11.png,jacobi1897__06,jacobi1897,r1l11,अन्याई समझ के क़ैद कर दिया था परंतु जब अप-,1556,111,42
jacobi1897__06__r1l12.png,jacobi1897__06,jacobi1897,r1l12,नी मा से सुना कि उसका बाप तो उसे सदा प्यार,1563,102,42
jacobi1897__06__line_1518434996876_35.png,jacobi1897__06,jacobi1897,line_1518434996876_35,करता रहा है और कोई बात ऐसी नहीं की कि,1576,112,37
jacobi1897__06__r1l16.png,jacobi1897__06,jacobi1897,r1l16,जिस से क़ैद के योग्य हो कूणिक अपनी माकी बात,1549,102,43
jacobi1897__06__r1l17.png,jacobi1897__06,jacobi1897,r1l17,मान के एक कुठार लेके अपने बाप की बेड़ियां,1575,114,41
jacobi1897__06__r1l20.png,jacobi1897__06,jacobi1897,r1l20,सार ने यह समझके कि कुठार से मुझे मारने को,1547,107,41
jacobi1897__06__r1l21.png,jacobi1897__06,jacobi1897,r1l21,आता है उसे इस पाप से बचाने के लिये अपने तईं,1550,104,43
jacobi1897__06__line_1518434983041_34.png,jacobi1897__06,jacobi1897,line_1518434983041_34,आप मारडाला अर्थात् आत्मघात किया कूणिक,1578,111,37
jacobi1897__06__r1l24.png,jacobi1897__06,jacobi1897,r1l24,बहुत पछताया और बाप को मरा देख के बड़ा दुखी,1528,107,42
jacobi1897__06__r1l25.png,jacobi1897__06,jacobi1897,r1l25,हुआ इस से मालूम होता है कि अजातशत्रु ने बौद्धों,1541,108,47
jacobi1897__06__r1l26.png,jacobi1897__06,jacobi1897,r1l26,का मदद देने से पहले जैनियों पर कृपादृष्टि की थी ॥,1554,109,49
jacobi1897__06__r1l27.png,jacobi1897__06,jacobi1897,r1l27,मथुरा में कंकली टीले से जेनरल कनिंघम ने,1458,105,39
jacobi1897__06__r1l30.png,jacobi1897__06,jacobi1897,r1l30,एक नंगी खड़ी मूरत निकाली है उस पर खुदाहुआ,1276,74,41
jacobi1897__06__r1l32.png,jacobi1897__06,jacobi1897,r1l32,"है ""नमो अर्हत महावीर देवनास"" इस से ज़ाहिर",1347,118,41
jacobi1897__06__r1l33.png,jacobi1897__06,jacobi1897,r1l33,है कि यहां महावीर से मुराद वर्द्धमान है बुद्ध नहीं,1546,100,50
jacobi1897__07__line_1518435229129_37.png,jacobi1897__07,jacobi1897,line_1518435229129_37,(७),224,90,3
jacobi1897__07__r1l2.png,jacobi1897__07,jacobi1897,r1l2,और उस सूरत पर संवत्सर ९८ खुदा है और उसी,1540,153,39
jacobi1897__07__line_1518435242078_38.png,jacobi1897__07,jacobi1897,line_1518435242078_38,जगह से निकले हुए दूसरे पत्थरों पर हविश्क और,1565,103,43
jacobi1897__07__r1l6.png,jacobi1897__07,jacobi1897,r1l6,कनिश्क के नाम रहने से साबित है कि वह विक्रमही,1525,123,45
jacobi1897__07__r1l7.png,jacobi1897__07,jacobi1897,r1l7,का संवत्सर है सिवाय इसके बौद्धों के शास्त्रों में जैन,1560,106,53
jacobi1897__07__r1l8.png,jacobi1897__07,jacobi1897,r1l8,मत स्थापन करनेवाले अथवा उसे दुरुस्त करनेवाले,1562,116,44
jacobi1897__07__r1l9.png,jacobi1897__07,jacobi1897,r1l9,का चरचा है कुछ जैनियों के नाम से नहीं किन्तु,1552,107,44
jacobi1897__07__r1l10.png,jacobi1897__07,jacobi1897,r1l10,निगंठनाथ या निगंठनात पुत्त के नाम से निगंठ,1539,110,42
jacobi1897__07__r1l11.png,jacobi1897__07,jacobi1897,r1l11,तो जैनी साधुओं का नाम मालूम ही है नातपुत्त,1531,110,42
jacobi1897__07__r1l12.png,jacobi1897__07,jacobi1897,r1l12,हम नायपुत्त जो कल्पसूत्र और उत्तराध्ययन सूत्र,1537,106,45
jacobi1897__07__r1l13.png,jacobi1897__07,jacobi1897,r1l13,में महावीर का विरुद लिखा है समझते हैं नयपाल,1568,116,43
jacobi1897__07__r1l15.png,jacobi1897__07,jacobi1897,r1l15,के बौद्ध पुस्तकों में निगंठनाथ को ज्ञाति का पुत्र,1568,110,49
jacobi1897__07__r1l16.png,jacobi1897__07,jacobi1897,r1l16,लिखा है और जैन लोग महावीर को ज्ञात पुत्र कह-,1540,107,44
jacobi1897__07__r1l19.png,jacobi1897__07,jacobi1897,r1l19,ते हैं हेमचन्द्र के परिशिष्ट पर्व्व का यह श्लाके है,937,116,51
jacobi1897__07__r1l22.png,jacobi1897__07,jacobi1897,r1l22,"""कल्याणपादपरमं श्रुतगङ्गाहिमाचलम् । विश्वां",899,103,43
jacobi1897__07__r1l23.png,jacobi1897__07,jacobi1897,r1l23,"भोजरविं देवं वन्दे श्रीज्ञातनन्दनम् ॥ ,,महावीर को",1543,117,49
jacobi1897__07__r1l24.png,jacobi1897__07,jacobi1897,r1l24,ज्ञातनन्दन इसवास्ते कहा कि कल्पसूत्र में उनके,1565,107,45
jacobi1897__07__r1l25.png,jacobi1897__07,jacobi1897,r1l25,बाप को ज्ञात क्षत्रिय लिखा है सामन्नफल सूत्र में,1548,108,48
jacobi1897__07__r1l26.png,jacobi1897__07,jacobi1897,r1l26,निगंठनाथ पुत्र को अग्नि वैश्यायन लिखा है यह,1549,117,43
jacobi1897__07__r1l27.png,jacobi1897__07,jacobi1897,r1l27,बौद्धों कीभूल मालूम होती है उन्होंने शायद महा-,1565,106,46
jacobi1897__07__r1l28.png,jacobi1897__07,jacobi1897,r1l28,वीर को उस के मुख्य शिख्य सुधर्मासे मिलाकर एक,1552,112,44
jacobi1897__07__r1l29.png,jacobi1897__07,jacobi1897,r1l29,कर दिया क्योंकि सुधर्मा अग्नि वैश्यायन था,1567,105,41
jacobi1897__07__r1l30.png,jacobi1897__07,jacobi1897,r1l30,अफ़सोस सामन्नफल सूत्र में जहां निगंठनात पुत्त,1571,116,45
jacobi1897__07__r1l31.png,jacobi1897__07,jacobi1897,r1l31,का मत वर्णन किया है शाका और संवत् नहीं लिखा,1551,122,43
jacobi1897__08__line_1518435507360_43.png,jacobi1897__08,jacobi1897,line_1518435507360_43,(८),224,99,3
jacobi1897__08__line_1518435392027_39.png,jacobi1897__08,jacobi1897,line_1518435392027_39,तौ भी उस में कोई बात ऐसी नहीं है कि जिस,1565,122,39
jacobi1897__08__r1l12.png,jacobi1897__08,jacobi1897,r1l12,से निगंठनात पुत्त और महावीर दोनों एक न होसकें,1465,94,45
jacobi1897__08__r1l23.png,jacobi1897__08,jacobi1897,r1l23,में लिखाहै कि अपने पहले शिष्य उपालि से कि जो,1508,99,44
jacobi1897__08__r1l27.png,jacobi1897__08,jacobi1897,r1l27,बौद्ध होगया था लड़कर निगंठनात पावा में मरे,1326,95,42
jacobi1897__08__r1l29.png,jacobi1897__08,jacobi1897,r1l29,कल्पसूत्र महावीर का निर्वाण पावा में बतलाता है,1539,109,46
jacobi1897__08__r1l30.png,jacobi1897__08,jacobi1897,r1l30,और जैन जती निगंठ कहलाते थे पस इसमें कुछ सं-,1566,92,43
jacobi1897__08__r1l32.png,jacobi1897__08,jacobi1897,r1l32,देह नहीं कि निगंठनाथसे मतलब महावीरहीसे है ॥,1554,126,43
jacobi1897__08__r1l33.png,jacobi1897__08,jacobi1897,r1l33,सिवाय इसके इस बात का कि बुद्ध और महा-,1429,109,37
jacobi1897__08__r1l38.png,jacobi1897__08,jacobi1897,r1l38,वीर दोनों जुदा जुदा थे पर एकही समय में जैनकी,1403,94,44
jacobi1897__08__r1l39.png,jacobi1897__08,jacobi1897,r1l39,तारीख़ों से पक्का पता लग जाता है बुद्ध का निर्वाण,1505,97,49
jacobi1897__08__r1l40.png,jacobi1897__08,jacobi1897,r1l40,सन् ईसवी से ४७७ बरस पहले हुआ और महावीर,1553,113,38
jacobi1897__08__r1l42.png,jacobi1897__08,jacobi1897,r1l42,का निर्वाणस्वेताम्बरी जैनियों के कहने बमूजिब,1557,92,44
jacobi1897__08__line_1518435437179_42.png,jacobi1897__08,jacobi1897,line_1518435437179_42,विक्रमके संवत्से ४७० बरस पहले और दिगम्बरियों,1512,98,44
jacobi1897__08__r1l46.png,jacobi1897__08,jacobi1897,r1l46,के बमूजिब ६०५ बरस पहले हुआ यह १३५ बरस,1567,98,37
jacobi1897__08__r1l48.png,jacobi1897__08,jacobi1897,r1l48,का फ़र्क़ जो दोनों आमनायवालों के बीच में पड़ा है,1521,98,48
jacobi1897__08__r1l49.png,jacobi1897__08,jacobi1897,r1l49,विक्रमके संवत् और शालिवाहन के शाके का है विक्रम,1546,101,47
jacobi1897__08__r1l50.png,jacobi1897__08,jacobi1897,r1l50,के संवत् से ४७० बरस पहले निर्वाण हुआ यह स्वे-,1531,98,45
jacobi1897__08__line_1518435418931_41.png,jacobi1897__08,jacobi1897,line_1518435418931_41,ताम्बरियों की बहुत पुस्तकों में लिखा है सब से पु-,1558,95,49
jacobi1897__08__r1l60.png,jacobi1897__08,jacobi1897,r1l60,राना प्रमाण वह है जो मेरुतुंगके विचार श्रेणी की,1560,106,47
jacobi1897__08__r1l61.png,jacobi1897__08,jacobi1897,r1l61,जड़ है और निर्वाण का संवत् राजाओं के काल से,1557,101,43
jacobi1897__08__line_1518435406324_40.png,jacobi1897__08,jacobi1897,line_1518435406324_40,निर्णय किया है ॥,545,92,16
jacobi1897__08__r1l63.png,jacobi1897__08,jacobi1897,r1l63,"""जंरयणिं काल गओ अरिहा तित्थं करो महावी-",1454,124,39
jacobi1897__09__line_1518435787448_56.png,jacobi1897__09,jacobi1897,line_1518435787448_56,(९),188,99,3
jacobi1897__09__r1l3.png,jacobi1897__09,jacobi1897,r1l3,रो तं रयणिं अवंति वई अहिसितो पालगोराया ॥ १ ॥,1555,106,44
jacobi1897__09__r1l4.png,jacobi1897__09,jacobi1897,r1l4,सट्ठी पालग रण्णोपणवण्ण सयं तु होइनं दाण,1569,99,39
jacobi1897__09__r1l6.png,jacobi1897__09,jacobi1897,r1l6,अट्ठसयं मुरियाणं तीसं चिअ पूसमित्तस्स ॥ २ ॥,1266,65,43
jacobi1897__09__line_1518435844895_57.png,jacobi1897__09,jacobi1897,line_1518435844895_57,बलमित्त भानुमित्ता सट्ठीवरिसाणि चत्तनहवहणे,1581,116,42
jacobi1897__09__r1l15.png,jacobi1897__09,jacobi1897,r1l15,तहगद्दभिल्ललारज्जं तेरसवरिसा सगस्सचौ ॥ ३ ॥,1582,107,42
jacobi1897__09__line_1518435761033_55.png,jacobi1897__09,jacobi1897,line_1518435761033_55,अर्थात् पालक अवन्ती के राजा का उस रात को रा-,1579,89,44
jacobi1897__09__r1l19.png,jacobi1897__09,jacobi1897,r1l19,ज्याभिषेक हुआ कि जिस रात को अर्हत तीर्थकर,1589,110,41
jacobi1897__09__r1l20.png,jacobi1897__09,jacobi1897,r1l20,महावीर का निर्वाण हुआ ॥ १ ॥ साठ बरस राजा,1577,96,40
jacobi1897__09__r1l22.png,jacobi1897__09,jacobi1897,r1l22,पालक के लेकिन १५५ बरस नन्दों के १०८ मौर्यों,1555,90,43
jacobi1897__09__line_1518435746870_54.png,jacobi1897__09,jacobi1897,line_1518435746870_54,के और ३० पूसमित्त अर्थात् पुष्पमित्र के ॥ २ ॥,1581,104,45
jacobi1897__09__line_1518435737996_53.png,jacobi1897__09,jacobi1897,line_1518435737996_53,६० बरस बलमित्र और भानुमित्र ने राज किया ४०,1581,110,42
jacobi1897__09__r1l30.png,jacobi1897__09,jacobi1897,r1l30,नभोवाहन ने १३ बरस इसी तरह गर्दभिल्ल का,1164,109,38
jacobi1897__09__line_1518435708330_50.png,jacobi1897__09,jacobi1897,line_1518435708330_50,राज रहा और शाका ४ है ॥ ३ ॥ यह श्लोक बहुत,1506,109,40
jacobi1897__09__line_1518435711811_51.png,jacobi1897__09,jacobi1897,line_1518435711811_51,पोथियों में लिखे हैं और पुराने जैनियों ने इसी,1379,98,45
jacobi1897__09__r1l40.png,jacobi1897__09,jacobi1897,r1l40,के अनुसार महावीर और विक्रम के संवत् ठहरा-,1556,114,41
jacobi1897__09__line_1518435692943_49.png,jacobi1897__09,jacobi1897,line_1518435692943_49,ये हैं पर इन की असल नहीं मालूम होती ४,1369,105,37
jacobi1897__09__r1l44.png,jacobi1897__09,jacobi1897,r1l44,शाके का १३ गर्दभिल्ल का ४० नभोवाहन का ६०,1574,94,40
jacobi1897__09__r1l45.png,jacobi1897__09,jacobi1897,r1l45,बलमित्र और भानुमित्र का ३० पुष्पमित्र का और,1567,114,43
jacobi1897__09__line_1518435682098_48.png,jacobi1897__09,jacobi1897,line_1518435682098_48,१०८ मौर्यों का जोड़ने से २५५ होता है और उस,1561,111,42
jacobi1897__09__line_1518435673715_47.png,jacobi1897__09,jacobi1897,line_1518435673715_47,में विक्रम के संवत् का ५७ बरस मिलाने से चन्द्रगुप्त,1572,113,51
jacobi1897__09__line_1518435658931_46.png,jacobi1897__09,jacobi1897,line_1518435658931_46,का अभिषेक ३१२ बरस सन् ईसवी से पहले,1010,94,34
jacobi1897__09__line_1518435628127_45.png,jacobi1897__09,jacobi1897,line_1518435628127_45,पास पास मिलजाने से साबित होता है कि विक्रम,1574,122,42
jacobi1897__10__line_1518436072130_62.png,jacobi1897__10,jacobi1897,line_1518436072130_62,(१०),197,95,4
jacobi1897__10__r1l2.png,jacobi1897__10,jacobi1897,r1l2,जो तीसरे श्लोक में लिखा है वही विक्रम है जिसने,1541,159,46
jacobi1897__10__r1l5.png,jacobi1897__10,jacobi1897,r1l5,सन् ईसवी से ५७ बरस पहले संवत् चलाया और,1402,106,38
jacobi1897__10__r1l6.png,jacobi1897__10,jacobi1897,r1l6,सन् ईसवी ७८ का शाका चलानेवाला शालिवाहन,1570,105,38
jacobi1897__10__r1l7.png,jacobi1897__10,jacobi1897,r1l7,ही है ६० बरस पालक के राज के और १०५ नव-,1545,116,38
jacobi1897__10__r1l10.png,jacobi1897__10,jacobi1897,r1l10,नन्दों के अर्थात् २१५ बरस चंद्रगुप्त के अभिषेक में,1548,103,50
jacobi1897__10__line_1518435983712_61.png,jacobi1897__10,jacobi1897,line_1518435983712_61,अर्थात् सन् ईसवी से पहले ३१२ में मिलाने से,1579,115,42
jacobi1897__10__r1l18.png,jacobi1897__10,jacobi1897,r1l18,महावीर का निर्वाण सन् ईसवी से ५२७ बरस पह-,1578,113,41
jacobi1897__10__r1l19.png,jacobi1897__10,jacobi1897,r1l19,ले ठहरता है सिंहल अथात् लंकावाले बुद्ध का,1585,111,41
jacobi1897__10__line_1518435975440_60.png,jacobi1897__10,jacobi1897,line_1518435975440_60,निर्वाण सन् ईसवी से ५४३ बरस पहले मानते हैं,1548,112,42
jacobi1897__10__r1l24.png,jacobi1897__10,jacobi1897,r1l24,पस कुल १६ बरस का फ़र्क रह जाता है ॥,1494,107,35
jacobi1897__10__r1l26.png,jacobi1897__10,jacobi1897,r1l26,"हेमचन्द्र अपने परिशिष्टापर्व में लिखता है ""एवं",1415,99,46
jacobi1897__10__r1l27.png,jacobi1897__10,jacobi1897,r1l27,च श्रीमहावीरे मुक्ते वर्ष शते गते । पंच पंचाशदधि-,1528,121,49
jacobi1897__10__r1l29.png,jacobi1897__10,jacobi1897,r1l29,के चंद्रगुप्तो भवन्नृपः ॥ १ ॥ ''इससे यह बात निक-,1568,109,48
jacobi1897__10__r1l30.png,jacobi1897__10,jacobi1897,r1l30,लती है कि महावीर के निर्वाण से १५५ बरस पीछे,1587,112,43
jacobi1897__10__r1l33.png,jacobi1897__10,jacobi1897,r1l33,चंद्रगुप्त का अभिषेक हुआ हेमचंद्र पालक के राज,1563,105,45
jacobi1897__10__r1l35.png,jacobi1897__10,jacobi1897,r1l35,का ६० बरस नहीं लेता इस कारन महावीर का,1583,113,37
jacobi1897__10__r1l38.png,jacobi1897__10,jacobi1897,r1l38,निर्वाण हेमचंद्र के अनुसार ४६७ बरस सन् ईसवी,1569,102,43
jacobi1897__10__r1l39.png,jacobi1897__10,jacobi1897,r1l39,से पहले पड़ता है और सिंहलवालों की भूल जो,1573,114,40
jacobi1897__10__r1l40.png,jacobi1897__10,jacobi1897,r1l40,अब सही की गई है उस के अनुसार बुद्ध का निर्वा-,1564,110,45
jacobi1897__10__line_1518435939265_59.png,jacobi1897__10,jacobi1897,line_1518435939265_59,ण भी ४७७ बरस सन् ईसवी से पहले पड़ता है,1573,117,38
jacobi1897__10__line_1518435920346_58.png,jacobi1897__10,jacobi1897,line_1518435920346_58,कि जिस से कुल १० बरस का फ़र्क रह जाता है,1538,105,40
jacobi1897__10__r1l51.png,jacobi1897__10,jacobi1897,r1l51,और यही शुद्धतर मालूम होता है ॥ इति,1385,124,34
jagannatha1955__0000a__line_1518186766703_82.png,jagannatha1955__0000a,jagannatha1955,line_1518186766703_82,श्रीः,90,99,5
jagannatha1955__0000a__line_1518186764045_81.png,jagannatha1955__0000a,jagannatha1955,line_1518186764045_81,गङ्गालहरी,631,106,9
jagannatha1955__0000a__r2l7.png,jagannatha1955__0000a,jagannatha1955,r2l7,पद्यात्मक टीका सहिता,1030,106,20
jagannatha1955__0000a__line_1518186734673_80.png,jagannatha1955__0000a,jagannatha1955,line_1518186734673_80,टीकाकार-राधेलाल त्रिवेदी,992,135,24
jagannatha1955__0000a__r2l27.png,jagannatha1955__0000a,jagannatha1955,r2l27,कविरत्न-पं० रूपनारायण पाण्डेय द्वारा संशोधित,1493,104,44
jagannatha1955__0000a__r2l29.png,jagannatha1955__0000a,jagannatha1955,r2l29,मुद्रक तथा प्रकाशक,571,98,18
jagannatha1955__0000a__r2l30.png,jagannatha1955__0000a,jagannatha1955,r2l30,"(राजा) रामकुमार-प्रेस, बुकडिपो",958,92,30
jagannatha1955__0000a__r2l31.png,jagannatha1955__0000a,jagannatha1955,r2l31,उत्तराधिकारी--नवलकिशोर-प्रेस बुकडिपो लखनऊ.,1354,104,42
jagannatha1955__0000a__r2l33.png,jagannatha1955__0000a,jagannatha1955,r2l33,सन् १९५५ ई०,436,107,11
jagannatha1955__0000a__line_1518186726237_79.png,jagannatha1955__0000a,jagannatha1955,line_1518186726237_79,मूल्य,232,100,5
jagannatha1955__0001__line_1518187030965_86.png,jagannatha1955__0001,jagannatha1955,line_1518187030965_86,गंगा-भक्तशिरोमणि,560,90,16
jagannatha1955__0001__r2l2.png,jagannatha1955__0001,jagannatha1955,r2l2,पण्डितराज जगन्नाथजी का,994,162,22
jagannatha1955__0001__line_1518187034427_87.png,jagannatha1955__0001,jagannatha1955,line_1518187034427_87,परिचय,342,106,5
jagannatha1955__0001__r2l5.png,jagannatha1955__0001,jagannatha1955,r2l5,(१),193,117,3
jagannatha1955__0001__r2l6.png,jagannatha1955__0001,jagannatha1955,r2l6,"सरस्वती के वरद पुत्र, सुन्दरता से मुखचन्द्र खिला ।",1560,148,50
jagannatha1955__0001__r2l7.png,jagannatha1955__0001,jagannatha1955,r2l7,'पण्डितराज' खिताब उन्हें था दिल्ली के दरबार मिला ॥,1543,184,50
jagannatha1955__0001__r2l8.png,jagannatha1955__0001,jagannatha1955,r2l8,"यौवन में प्रभुत्व जो पाया, तबियत भी रंगीन हुई ।",1547,164,47
jagannatha1955__0001__r2l9.png,jagannatha1955__0001,jagannatha1955,r2l9,"ब्याहा एक शाहजादी को, यही चूक संगीन हुई ॥",1576,177,41
jagannatha1955__0001__r2l10.png,jagannatha1955__0001,jagannatha1955,r2l10,(२),163,137,3
jagannatha1955__0001__r2l11.png,jagannatha1955__0001,jagannatha1955,r2l11,दुलहिन ले काशी को लौटे कहीं न कुछ सत्कार हुआ ।,1567,126,46
jagannatha1955__0001__r2l12.png,jagannatha1955__0001,jagannatha1955,r2l12,ब्राह्मणवंश सदा का त्यागी घर ही से बहिष्कार हुआ ॥,1558,169,49
jagannatha1955__0001__r2l13.png,jagannatha1955__0001,jagannatha1955,r2l13,जी भर-भर सबको समझाया प्रायश्चित पूजा कीनी ।,1532,138,43
jagannatha1955__0001__r2l14.png,jagannatha1955__0001,jagannatha1955,r2l14,पर लाये थे यवनकुमारी कोई न बात कुछ चित दीनी ॥,1559,101,45
jagannatha1955__0001__r2l15.png,jagannatha1955__0001,jagannatha1955,r2l15,(३),163,95,3
jagannatha1955__0001__r2l16.png,jagannatha1955__0001,jagannatha1955,r2l16,धर्म सनातन के थे पक्के सभी ओर देखा झगड़ा ।,1550,97,42
jagannatha1955__0001__r2l17.png,jagannatha1955__0001,jagannatha1955,r2l17,धर्ममूल श्रीगंग-चरण को आतुर होकर जा पकड़ा ॥,1561,94,43
jagannatha1955__0001__r2l18.png,jagannatha1955__0001,jagannatha1955,r2l18,पूत कपूत निकल जाता है मातु कुमातु न होती है ।,1517,93,45
jagannatha1955__0001__r2l19.png,jagannatha1955__0001,jagannatha1955,r2l19,"फँसा विपद में, फिरूँ तिरस्कृत धर्म-मातु, क्या सोती है ॥",1552,101,55
jagannatha1955__0001__r2l20.png,jagannatha1955__0001,jagannatha1955,r2l20,(४),166,100,3
jagannatha1955__0001__r2l22.png,jagannatha1955__0001,jagannatha1955,r2l22,आराधन कर देवनदी का अति प्रसन्न उनको कीना ।,1567,82,42
jagannatha1955__0001__r2l23.png,jagannatha1955__0001,jagannatha1955,r2l23,खोज-खोजकर धर्मग्रन्थ उत्तर विरोधियों को दीना ॥,1564,105,46
jagannatha1955__0001__r2l24.png,jagannatha1955__0001,jagannatha1955,r2l24,फिर भी बढ़ता देख दुराग्रह कहा न हम बोलें ज्यादे ।,1532,95,49
jagannatha1955__0001__r2l25.png,jagannatha1955__0001,jagannatha1955,r2l25,माता की किरपा हो जाये चमत्कार एक दिखला दे ॥,1559,116,43
jagannatha1955__0002__r2l1.png,jagannatha1955__0002,jagannatha1955,r2l1,[ २ ],296,142,5
jagannatha1955__0002__r2l2.png,jagannatha1955__0002,jagannatha1955,r2l2,(५),190,133,3
jagannatha1955__0002__r2l4.png,jagannatha1955__0002,jagannatha1955,r2l4,ऐंठ रहे पंडित अभिमानी अब थे आप स्वयं ऐंठे ।,1529,72,43
jagannatha1955__0002__r2l5.png,jagannatha1955__0002,jagannatha1955,r2l5,घाट पुनीत पंचगंगा के बावनवीं सीढ़ी बैठे ॥,1532,93,41
jagannatha1955__0002__r2l9.png,jagannatha1955__0002,jagannatha1955,r2l9,लिये हुए गोदी में दुलहिन 'गंगालहरी' गान किया ।,1553,82,46
jagannatha1955__0002__r2l10.png,jagannatha1955__0002,jagannatha1955,r2l10,हृदय कंठ के मधुर स्वरों ने वाद्यों का स्थान लिया ॥,1540,98,50
jagannatha1955__0002__line_1518187400594_99.png,jagannatha1955__0002,jagannatha1955,line_1518187400594_99,(९),178,80,3
jagannatha1955__0002__r2l12.png,jagannatha1955__0002,jagannatha1955,r2l12,दृढ सेवक माता के ठहरे भक्ति-लहर दम-दम बढ़ती ।,1535,99,45
jagannatha1955__0002__r2l14.png,jagannatha1955__0002,jagannatha1955,r2l14,'लहरी' का सुन एक छन्द गंगा भी इक सीढ़ी चढ़ती ॥,1531,65,46
jagannatha1955__0002__r2l15.png,jagannatha1955__0002,jagannatha1955,r2l15,बावन छन्द हुए जब पूरे बावन सीढ़ी चढ़ि आईं ।,1491,100,43
jagannatha1955__0002__r2l17.png,jagannatha1955__0002,jagannatha1955,r2l17,दोनों को ले गोदी चूमा हाथ फेर अति हरषाईं ॥,1558,97,42
jagannatha1955__0002__line_1518187403860_100.png,jagannatha1955__0002,jagannatha1955,line_1518187403860_100,(७),189,78,3
jagannatha1955__0002__r2l19.png,jagannatha1955__0002,jagannatha1955,r2l19,बोलीं यह मेरी लीला थी तुझको इतना कष्ट मिला ।,1530,102,44
jagannatha1955__0002__r2l20.png,jagannatha1955__0002,jagannatha1955,r2l20,मुझको दिखलाना जग को था जाग्रत् मेरी सदा कला ॥,1558,94,45
jagannatha1955__0002__r2l21.png,jagannatha1955__0002,jagannatha1955,r2l21,स्रोत सभी शुभ कर्मों की हूँ तूने तो हैं बहुत किये ।,1526,98,51
jagannatha1955__0002__r2l22.png,jagannatha1955__0002,jagannatha1955,r2l22,आशिष मेरी नित रहती है धर्म सनातन सदा जिये ॥,1573,98,43
jagannatha1955__0002__line_1518187406969_101.png,jagannatha1955__0002,jagannatha1955,line_1518187406969_101,(८),171,81,3
jagannatha1955__0002__r2l24.png,jagannatha1955__0002,jagannatha1955,r2l24,तू सच्चा है भक्त वत्स अब अमर लोक को जायेगा ।,1529,101,44
jagannatha1955__0002__r2l25.png,jagannatha1955__0002,jagannatha1955,r2l25,भाग्यवती वर बधू सहित अतिशय आनन्द मनायेगा ॥,1554,99,42
jagannatha1955__0002__r2l26.png,jagannatha1955__0002,jagannatha1955,r2l26,अरु वे नर जिनको लीलावश तव निन्दा का पाप लगा ।,1536,97,45
jagannatha1955__0002__r2l27.png,jagannatha1955__0002,jagannatha1955,r2l27,तर जायेंगे न्हाइ न्हाइ धर ध्यान सदा मेरा सुभगा ॥,1545,95,48
jagannatha1955__0002__line_1518187410995_102.png,jagannatha1955__0002,jagannatha1955,line_1518187410995_102,(९),170,72,3
jagannatha1955__0002__r2l29.png,jagannatha1955__0002,jagannatha1955,r2l29,गंगभक्ति से जगन्नाथ यों प्रस्तुत किये प्रमाण नये ।,1538,104,50
jagannatha1955__0002__r2l30.png,jagannatha1955__0002,jagannatha1955,r2l30,स्तोत्रश्रेष्ठ गंगालहरी का छोटों के हित छोड़ गये ॥,1556,94,50
jagannatha1955__0002__r2l31.png,jagannatha1955__0002,jagannatha1955,r2l31,गा गाथा गंगाभक्तों की आनन्दों की मिसरी घोलो ।,1523,96,45
jagannatha1955__0002__r2l32.png,jagannatha1955__0002,jagannatha1955,r2l32,राधेलाल प्रेम से मन से गंगाजी की जय बोलो ॥,1552,104,42
jagannatha1955__0002__r2l33.png,jagannatha1955__0002,jagannatha1955,r2l33,बोलो श्रीगंगाजी की जय,667,88,21
jagannatha1955__0002__line_1518187372159_98.png,jagannatha1955__0002,jagannatha1955,line_1518187372159_98,"गंगे, हर, हर, हर ।",513,88,18
jagannatha1955__001__r2l1.png,jagannatha1955__001,jagannatha1955,r2l1,टीकाकार की विनय,751,178,15
jagannatha1955__001__line_1518186978343_85.png,jagannatha1955__001,jagannatha1955,line_1518186978343_85,(१),179,90,3
jagannatha1955__001__r2l4.png,jagannatha1955__001,jagannatha1955,r2l4,करि प्रणाम श्रीजगन्नाथ को चरणचिह्न उनके पाये ।,1451,136,46
jagannatha1955__001__r2l6.png,jagannatha1955__001,jagannatha1955,r2l6,मूल सहारा ले तिनका ही भाषा छन्द स्वयं गाये ॥,1510,123,44
jagannatha1955__001__r2l7.png,jagannatha1955__001,jagannatha1955,r2l7,राधेलाल त्रिवेदी ने जब गंगाजी का ध्यान धरा ।,1499,140,44
jagannatha1955__001__r2l9.png,jagannatha1955__001,jagannatha1955,r2l9,हुआ अनुग्रह तरनतारिनी चर्मरोग घनघोर हरा ॥,1494,83,41
jagannatha1955__001__line_1518186948265_84.png,jagannatha1955__001,jagannatha1955,line_1518186948265_84,(२),195,90,3
jagannatha1955__001__r2l11.png,jagannatha1955__001,jagannatha1955,r2l11,काम आयो बैद ना हकीम कोऊ डाक्टर,1268,144,30
jagannatha1955__001__r2l12.png,jagannatha1955__001,jagannatha1955,r2l12,सात आठ वर्ष बीते झेलते मुसीबतें,1225,122,31
jagannatha1955__001__r2l13.png,jagannatha1955__001,jagannatha1955,r2l13,"जाबे जोग कहूँ नाहिं, घृणा दृष्टि देखे जाहिं",1237,122,43
jagannatha1955__001__r2l14.png,jagannatha1955__001,jagannatha1955,r2l14,छाँड़ि गंगतीर ठौर कोऊ ना सुनावतें ॥,1244,128,35
jagannatha1955__001__r2l15.png,jagannatha1955__001,jagannatha1955,r2l15,पैसा हूँ गँवायो अरु हाथ पाँय तोरे तोऊ,1288,108,37
jagannatha1955__001__r2l16.png,jagannatha1955__001,jagannatha1955,r2l16,चर्मरोग बाढ़्यो सुनी कैसी का कहावतें ।,1246,129,38
jagannatha1955__001__r2l17.png,jagannatha1955__001,jagannatha1955,r2l17,"धन्य है उदार, गंगधार, पापी तार तोहिं",1280,122,36
jagannatha1955__001__r2l18.png,jagannatha1955__001,jagannatha1955,r2l18,कर गहि खैंच्यो दुःख-सागर के डूबतें ॥,1271,141,36
jagannatha1955__001__line_1518186922206_83.png,jagannatha1955__001,jagannatha1955,line_1518186922206_83,(३),186,95,3
jagannatha1955__001__r2l20.png,jagannatha1955__001,jagannatha1955,r2l20,"कलि काल के बीच प्रतच्छ है मात,",1109,148,30
jagannatha1955__001__r2l21.png,jagannatha1955__001,jagannatha1955,r2l21,जो नीच कपूत को आदर देति है ।,1088,140,28
jagannatha1955__002__r1l1.png,jagannatha1955__002,jagannatha1955,r1l1,(२),238,162,3
jagannatha1955__002__r1l2.png,jagannatha1955__002,jagannatha1955,r1l2,जन देखि दुखी शरणागत पूत,1094,148,23
jagannatha1955__002__r1l3.png,jagannatha1955__002,jagannatha1955,r1l3,बनाय के निर्मल गोद में लेति है ॥,1111,156,32
jagannatha1955__002__line_1518187321194_97.png,jagannatha1955__002,jagannatha1955,line_1518187321194_97,सब हारे बखानत हैं महिमा,1107,188,23
jagannatha1955__002__r1l7.png,jagannatha1955__002,jagannatha1955,r1l7,सभी शास्त्र पुराण कहैं नित नेति है ।,1027,147,36
jagannatha1955__002__r1l10.png,jagannatha1955__002,jagannatha1955,r1l10,तुम दीन्यो है दास-सररि सुधारि,903,180,29
jagannatha1955__002__r1l11.png,jagannatha1955__002,jagannatha1955,r1l11,बताओ तो प्रेम कबै चित चेति है ॥,1099,155,31
jagannatha1955__002__r1l12.png,jagannatha1955__002,jagannatha1955,r1l12,(४),191,130,3
jagannatha1955__002__r1l14.png,jagannatha1955__002,jagannatha1955,r1l14,गंगे को ध्यान है मुख्य सदा,916,146,26
jagannatha1955__002__r1l15.png,jagannatha1955__002,jagannatha1955,r1l15,नित भागीरथी उठि प्रात मनाऊँ ।,1072,125,29
jagannatha1955__002__r1l17.png,jagannatha1955__002,jagannatha1955,r1l17,"खान में, पान में, पूजन में",887,114,26
jagannatha1955__002__r1l18.png,jagannatha1955__002,jagannatha1955,r1l18,बस देवनदी के सदा गुन गाऊँ ॥,1090,125,27
jagannatha1955__002__line_1518187282045_96.png,jagannatha1955__002,jagannatha1955,line_1518187282045_96,दीन्हे हैं मेरे दरिद्र मिटा,1081,115,27
jagannatha1955__002__line_1518187270777_95.png,jagannatha1955__002,jagannatha1955,line_1518187270777_95,अब छाँड़ि के मातु कहाँ तोहि जाऊँ ।,1051,124,34
jagannatha1955__002__line_1661420719858_351.png,jagannatha1955__002,jagannatha1955,line_1661420719858_351,है बिनती कर जोरि यही,1210,122,20
jagannatha1955__002__r1l29.png,jagannatha1955__002,jagannatha1955,r1l29,प्रिय दर्शन तेरे बिना श्रम पाऊँ ॥,1012,127,33
jagannatha1955__002__line_1518187248390_93.png,jagannatha1955__002,jagannatha1955,line_1518187248390_93,(५),183,102,3
jagannatha1955__002__r1l33.png,jagannatha1955__002,jagannatha1955,r1l33,श्री गंगाजी की जय बोलो बस काम यही है चंगा ।,1459,154,43
jagannatha1955__002__r1l34.png,jagannatha1955__002,jagannatha1955,r1l34,"भोले को दिन रात मनाओ, हृदय नहाकर गंगा ॥ १ ॥",1654,181,43
jagannatha1955__002__r1l35.png,jagannatha1955__002,jagannatha1955,r1l35,"गंगा तट पर बास करूँ मैं, गोता रोज लगाऊँ ।",1430,190,41
jagannatha1955__002__r1l37.png,jagannatha1955__002,jagannatha1955,r1l37,"तृष्णा से हो रहित सदा शिव, पूजा भेंट चढ़ाऊँ ॥ २ ॥",1651,130,49
jagannatha1955__003__r2l1.png,jagannatha1955__003,jagannatha1955,r2l1,[ ३ ],289,160,5
jagannatha1955__003__r2l2.png,jagannatha1955__003,jagannatha1955,r2l2,"अन्त समय में दर्शन करता, गंगा नाम पुकारूँ ।",1547,138,43
jagannatha1955__003__r2l3.png,jagannatha1955__003,jagannatha1955,r2l3,पापहरण गंगाजल पीकर अन्तिम बुद्धि सुधारूँ ॥ ३ ॥,1685,150,46
jagannatha1955__003__r2l4.png,jagannatha1955__003,jagannatha1955,r2l4,"गंगाजल का एकमात्र कण, सारे पाप मिटाता ।",1487,172,39
jagannatha1955__003__r2l5.png,jagannatha1955__003,jagannatha1955,r2l5,"पापनाशिनी की महिमा को, रे मन, तू क्या गाता ॥ ४ ॥",1670,127,48
jagannatha1955__003__r2l6.png,jagannatha1955__003,jagannatha1955,r2l6,"अहो ईश्वरी त्रिभुवन माता, बचा नरक से लीजै ।",1460,113,43
jagannatha1955__003__r2l7.png,jagannatha1955__003,jagannatha1955,r2l7,"पापभार के दूर हटा, बैकुण्ठ बास ही दीजै ॥ ५ ॥",1666,132,44
jagannatha1955__003__r2l8.png,jagannatha1955__003,jagannatha1955,r2l8,"महायात्रा के उत्सव में, भक्ती भाव जगाना ।",1475,113,41
jagannatha1955__003__r2l9.png,jagannatha1955__003,jagannatha1955,r2l9,"श्री गंगाजी की जय बोलो, रोम रोम से गाना ॥ ६ ॥",1659,125,45
jagannatha1955__003__r2l10.png,jagannatha1955__003,jagannatha1955,r2l10,"बाग बनारस लखनपुरी में, गंगे भाव जगाया ।",1463,115,39
jagannatha1955__003__r2l11.png,jagannatha1955__003,jagannatha1955,r2l11,"राधेलाल त्रिवेदी ने, अनुवाद किया मन भाया ॥ ७ ॥",1666,121,46
jagannatha1955__003__r2l12.png,jagannatha1955__003,jagannatha1955,r2l12,"दो सहस्र नौ सम्बत में, उल्लास भरी होली आई ।",1457,122,43
jagannatha1955__003__r2l13.png,jagannatha1955__003,jagannatha1955,r2l13,"पूर्ण किया यह लेख भेंट को, जय बोलो गंगे माई ॥ ८ ॥",1610,143,49
jagannatha1955__003__r2l14.png,jagannatha1955__003,jagannatha1955,r2l14,"मातु गंगे, हर, हर, हर",616,156,21
jagannatha1955__004__r2l1.png,jagannatha1955__004,jagannatha1955,r2l1,आवश्यक सूचना,628,196,12
jagannatha1955__004__r2l2.png,jagannatha1955__004,jagannatha1955,r2l2,पंडित राधेलाल त्रिवेदी भूतपूर्व इन्सपेक्टर शॉर्टहैंड रिपोर्टर,1549,139,61
jagannatha1955__004__r2l3.png,jagannatha1955__004,jagannatha1955,r2l3,की अन्य निम्नाङ्कित पुस्तकें भी हमारे यहाँ मिलती हैं:--,1537,114,55
jagannatha1955__004__r2l4.png,jagannatha1955__004,jagannatha1955,r2l4,"१ - कीर्तनमाहात्म्य --- इसमें राम नाम माहात्म्य,",1459,123,48
jagannatha1955__004__r2l5.png,jagannatha1955__004,jagannatha1955,r2l5,"एकादश प्रश्न और उनके उतर, श्रीराम न क्यों फिर मिल",1660,120,49
jagannatha1955__004__r2l6.png,jagannatha1955__004,jagannatha1955,r2l6,जायँ ? नाम जाप श्रीराम बाण औषधि है आदि अनेक,1675,125,43
jagannatha1955__004__r2l7.png,jagannatha1955__004,jagannatha1955,r2l7,भक्तिभाव पूर्ण कविताएँ बड़ी मनोहर हैं । मूल्य,1654,111,45
jagannatha1955__004__r2l8.png,jagannatha1955__004,jagannatha1955,r2l8,२ --- अमृत गुटका --- इसमें बंसीधर की घर घर में,1520,127,46
jagannatha1955__004__r2l9.png,jagannatha1955__004,jagannatha1955,r2l9,"रासलीला, गीतासार, हरिस्थापना, गुरु उपदेश, त्रिवेणी-",1678,121,51
jagannatha1955__004__r2l10.png,jagannatha1955__004,jagannatha1955,r2l10,"स्नान, बेलौन भवानी, शिवदर्शन, और शिवाष्टक शीर्षक",1672,158,48
jagannatha1955__004__r2l11.png,jagannatha1955__004,jagannatha1955,r2l11,बड़ी ही आनन्ददायिनी कविताएँ हैं । मूल्य,1336,181,39
jagannatha1955__004__r2l13.png,jagannatha1955__004,jagannatha1955,r2l13,३ --- श्री ब्रह्माक्षरप्रकाश अथवा हिन्दी शोर्टहैंड मैनु-,1433,159,56
jagannatha1955__004__r2l15.png,jagannatha1955__004,jagannatha1955,r2l15,ढंग से दिखलाकर बड़ी ही सुगमता से पिटमैन सिस्टम पर,1667,186,49
jagannatha1955__004__r2l16.png,jagannatha1955__004,jagannatha1955,r2l16,हिन्दा शॉर्टहैंड सिखाने की सुन्दर विधि बतलाई है । पुस्तक,1678,124,56
jagannatha1955__004__r2l17.png,jagannatha1955__004,jagannatha1955,r2l17,हाईस्कूल और इन्टर के कोर्स में स्वीकृत है । इससे सुन्दर और,1651,114,58
jagannatha1955__004__r2l18.png,jagannatha1955__004,jagannatha1955,r2l18,सुगम इस विषय पर दूसरी पुस्तक नहीं है । मूल्य ४),1433,152,47
jagannatha1955__004__r2l22.png,jagannatha1955__004,jagannatha1955,r2l22,"(राजा) रामकुमार-प्रेस, बुकडिपो,",940,150,31
jagannatha1955__004__r2l23.png,jagannatha1955__004,jagannatha1955,r2l23,"उत्तराधिकारी -- नवलकिशोर-प्रेस, बुकडिपो",1130,128,39
jagannatha1955__004__r2l24.png,jagannatha1955__004,jagannatha1955,r2l24,"पोस्टबक्स नं० १५२, हजरतगंज लखनऊ,",977,173,32
jagannatha1955__01__r2l1.png,jagannatha1955__01,jagannatha1955,r2l1,अथ श्रीगंगालहरी प्रारभ्यते,1559,99,26
jagannatha1955__01__r2l8.png,jagannatha1955__01,jagannatha1955,r2l8,समृद्ध सौभाग्यं सकल वसुधायाः किमपि तन्,1657,137,38
jagannatha1955__01__r2l12.png,jagannatha1955__01,jagannatha1955,r2l12,महैश्वर्यं लीलाजनितजगत: खण्डपरशो: ।,1525,85,35
jagannatha1955__01__r2l15.png,jagannatha1955__01,jagannatha1955,r2l15,श्रुतीनां सर्वस्वं सुकृतमथमूर्तं सुमनसां,1355,81,40
jagannatha1955__01__r2l17.png,jagannatha1955__01,jagannatha1955,r2l17,सुधा सौन्दर्यं ते सलिलमशिवं न: शमयतु ॥,1519,104,38
jagannatha1955__01__r2l18.png,jagannatha1955__01,jagannatha1955,r2l18,(१),234,99,3
jagannatha1955__01__r2l19.png,jagannatha1955__01,jagannatha1955,r2l19,सारे पृथ्वी-मण्डल का जो एक महत् सौन्दर्य स्वरूप ।,1472,108,49
jagannatha1955__01__r2l20.png,jagannatha1955__01,jagannatha1955,r2l20,जगत-जनक भगवान सदाशिव का जो है ऐश्वर्य अनूप ॥,1490,117,44
jagannatha1955__01__r2l21.png,jagannatha1955__01,jagannatha1955,r2l21,"वेदों का सर्वस्व, देवताओं के जिसमें पुण्य भरे ।",1468,113,47
jagannatha1955__01__r2l22.png,jagannatha1955__01,jagannatha1955,r2l22,अमृत-तुल्य वह मधु जल तेरा पाप हमारे दूर करे ॥,1490,117,45
jagannatha1955__02__line_1518187142840_92.png,jagannatha1955__02,jagannatha1955,line_1518187142840_92,[ २ ],270,95,5
jagannatha1955__02__line_1518187139686_91.png,jagannatha1955__02,jagannatha1955,line_1518187139686_91,(२),269,90,3
jagannatha1955__02__r2l4.png,jagannatha1955__02,jagannatha1955,r2l4,दरिद्राणां दैन्यं दुरितमथ दुर्वासनहृदां,1360,151,39
jagannatha1955__02__r2l7.png,jagannatha1955__02,jagannatha1955,r2l7,द्रुतं दूरीकुर्वन् सकृदुपगतो दृष्टिसरणिम् ।,1381,86,43
jagannatha1955__02__r2l9.png,jagannatha1955__02,jagannatha1955,r2l9,अपिद्रागाविद्याद्रुमदलनदीक्षागुरुरिह,1297,85,36
jagannatha1955__02__r2l10.png,jagannatha1955__02,jagannatha1955,r2l10,प्रवाहस्ते वारां श्रियमयमपारां दिशतु न: ॥,1564,122,41
jagannatha1955__02__line_1518187136998_90.png,jagannatha1955__02,jagannatha1955,line_1518187136998_90,(२),224,91,3
jagannatha1955__02__r2l12.png,jagannatha1955__02,jagannatha1955,r2l12,केवल एक बार दर्शन से दुसह दीनता जाती है ।,1499,123,41
jagannatha1955__02__r2l13.png,jagannatha1955__02,jagannatha1955,r2l13,पापात्मा पापी को निर्मल बिठला पास बनाती है ॥,1502,112,44
jagannatha1955__02__r2l14.png,jagannatha1955__02,jagannatha1955,r2l14,वृक्ष अविद्या का उखाड़ता गुरूमन्त्र के सदृश जो ।,1505,118,48
jagannatha1955__02__r2l15.png,jagannatha1955__02,jagannatha1955,r2l15,जलप्रवाह तेरा ये माता दे अपार लक्ष्मी मुझको ॥,1484,114,45
jagannatha1955__02__line_1518187133339_89.png,jagannatha1955__02,jagannatha1955,line_1518187133339_89,(३),270,95,3
jagannatha1955__02__r2l21.png,jagannatha1955__02,jagannatha1955,r2l21,स्मृतिं याता पुं सामकृतसुकृतानामपि च या,1559,86,39
jagannatha1955__02__r2l23.png,jagannatha1955__02,jagannatha1955,r2l23,हरत्यन्तस्तन्द्रां तिमिरमिव चण्डांशुसरणि: ।,1525,121,43
jagannatha1955__02__r2l25.png,jagannatha1955__02,jagannatha1955,r2l25,इयं सा ते मूर्ति: सकलसुरसंसेव्यसलिला,1447,90,36
jagannatha1955__02__r2l26.png,jagannatha1955__02,jagannatha1955,r2l26,ममान्त: सन्तापं त्रिविधमपि पापञ्च हरताम् ॥,1655,121,42
jagannatha1955__02__line_1518187129898_88.png,jagannatha1955__02,jagannatha1955,line_1518187129898_88,(३),219,90,3
jagannatha1955__02__r2l28.png,jagannatha1955__02,jagannatha1955,r2l28,सूर्यकिरण जैसे जग में आ अन्धकार को हरती है ।,1466,114,44
jagannatha1955__02__r2l29.png,jagannatha1955__02,jagannatha1955,r2l29,याद तुम्हारी आ हिरदे में नष्ट पाप को करती है ॥,1424,111,46
jagannatha1955__02__r2l31.png,jagannatha1955__02,jagannatha1955,r2l31,सभी देवताओं से सेवित कर करुणा जो दुःख हरे ।,1467,116,43
jagannatha1955__02__r2l32.png,jagannatha1955__02,jagannatha1955,r2l32,"त्रिविध ताप मेरे, तव मूरति, गंगा माता, दूर करे ॥",1492,124,48
jagannatha1955__03__r2l1.png,jagannatha1955__03,jagannatha1955,r2l1,[३],271,190,3
jagannatha1955__03__line_1518187492175_104.png,jagannatha1955__03,jagannatha1955,line_1518187492175_104,(४),263,98,3
jagannatha1955__03__r2l3.png,jagannatha1955__03,jagannatha1955,r2l3,तवालम्बादम्ब स्फुरदलघुगर्वेण सहसा,1356,149,33
jagannatha1955__03__r2l4.png,jagannatha1955__03,jagannatha1955,r2l4,मया सर्वेऽवज्ञासरणिमथ नीता: सुरगण: ।,1552,127,36
jagannatha1955__03__r2l5.png,jagannatha1955__03,jagannatha1955,r2l5,इदानीमौदास्यं यदि भजसि भागीरथि तदा,1514,137,34
jagannatha1955__03__r2l6.png,jagannatha1955__03,jagannatha1955,r2l6,निराधारो हा रोदिमि कथय केषामिहपुर: ॥,1534,127,36
jagannatha1955__03__line_1518187494800_105.png,jagannatha1955__03,jagannatha1955,line_1518187494800_105,(४),224,94,3
jagannatha1955__03__r2l8.png,jagannatha1955__03,jagannatha1955,r2l8,"अम्बे, पा अवलम्ब तुम्हारा अहंकार चित में लीना ।",1499,123,47
jagannatha1955__03__r2l9.png,jagannatha1955__03,jagannatha1955,r2l9,सब देवों का मैंने एकदम तिरस्कार ही कर दीना ॥,1483,123,44
jagannatha1955__03__r2l10.png,jagannatha1955__03,jagannatha1955,r2l10,"भागीरथी, समय ऐसे पर जो निराश मैं होऊँगा ।",1456,124,41
jagannatha1955__03__r2l11.png,jagannatha1955__03,jagannatha1955,r2l11,"तुम्हीं बताओ, मा, फिर जाकर किसके आगे रोऊँगा ॥",1496,131,45
jagannatha1955__03__line_1518187497875_106.png,jagannatha1955__03,jagannatha1955,line_1518187497875_106,(५),274,97,3
jagannatha1955__03__r2l13.png,jagannatha1955__03,jagannatha1955,r2l13,अपि प्राज्यं राज्यं तृणमिव परित्यज्य सहसा,1586,152,41
jagannatha1955__03__r2l14.png,jagannatha1955__03,jagannatha1955,r2l14,विलोलद्वानीरं तव जननि तीरं श्रितवताम् ।,1603,142,39
jagannatha1955__03__r2l15.png,jagannatha1955__03,jagannatha1955,r2l15,सुधातः स्वादीयः सलिलमिदमातृप्ति पिबतां,1553,108,38
jagannatha1955__03__r2l17.png,jagannatha1955__03,jagannatha1955,r2l17,जनानामानन्द: परिहसति निर्वाणपदवीम् ॥,1576,74,36
jagannatha1955__03__line_1518187478269_103.png,jagannatha1955__03,jagannatha1955,line_1518187478269_103,(५),216,90,3
jagannatha1955__03__r2l19.png,jagannatha1955__03,jagannatha1955,r2l19,"जननी, छोड़ बड़े राज्यों को बड़भागी जो तट सेवें ।",1475,128,48
jagannatha1955__03__r2l20.png,jagannatha1955__03,jagannatha1955,r2l20,काँसादिक लहराते जिसमें उत्तम अमृत जल पीवें ॥,1511,125,44
jagannatha1955__03__r2l21.png,jagannatha1955__03,jagannatha1955,r2l21,"उनके आनन्दों की सीमा कहो, कौन वर्णन कर दे ।",1504,117,43
jagannatha1955__03__r2l22.png,jagannatha1955__03,jagannatha1955,r2l22,मोक्ष-सुखों की क्या बिसात जो उसके आगे मन भर दे ॥,1492,135,48
jagannatha1955__04__r3l1.png,jagannatha1955__04,jagannatha1955,r3l1,। ४ ।,262,130,5
jagannatha1955__04__line_1518187643571_107.png,jagannatha1955__04,jagannatha1955,line_1518187643571_107,(६),283,90,3
jagannatha1955__04__r3l3.png,jagannatha1955__04,jagannatha1955,r3l3,उदञ्चन्मार्तण्डस्फुटकपटहेरम्बजननी-,1312,153,34
jagannatha1955__04__r3l6.png,jagannatha1955__04,jagannatha1955,r3l6,कटाक्षव्याक्षेपक्षणजनितसंक्षोभनिवहा: ।,1480,106,38
jagannatha1955__04__r3l9.png,jagannatha1955__04,jagannatha1955,r3l9,भवन्तु त्वङ्गन्तो हरशिरसि गङ्गातनुभुव-,1393,90,38
jagannatha1955__04__r3l11.png,jagannatha1955__04,jagannatha1955,r3l11,स्तरङ्गाः प्रोत्तुङ्गा दुरितभयभङ्गाय भवताम् ॥,1540,122,45
jagannatha1955__04__line_1518187646644_108.png,jagannatha1955__04,jagannatha1955,line_1518187646644_108,(६),199,87,3
jagannatha1955__04__r3l13.png,jagannatha1955__04,jagannatha1955,r3l13,सूर्योदय के समय पार्वती ने कटाक्ष से जब देखा ।,1472,130,46
jagannatha1955__04__r3l14.png,jagannatha1955__04,jagannatha1955,r3l14,उपजा क्षोभ क्षणिक हिरदे में पर विनोद कर तुम लेखा ॥,1498,121,50
jagannatha1955__04__r3l15.png,jagannatha1955__04,jagannatha1955,r3l15,जो शिव-जटा बीच हर्षित हो सदा खेलती मातु रहें ।,1453,120,46
jagannatha1955__04__r3l16.png,jagannatha1955__04,jagannatha1955,r3l16,ऊँची ऊँची लहरें उनकी पाप आपके दूर करें ॥,1471,139,40
jagannatha1955__04__line_1518187649698_109.png,jagannatha1955__04,jagannatha1955,line_1518187649698_109,(७),259,94,3
jagannatha1955__04__r3l18.png,jagannatha1955__04,jagannatha1955,r3l18,प्रभाते स्नातीनां नृपतिरमणीनां कुचतटी-,1495,147,38
jagannatha1955__04__r3l20.png,jagannatha1955__04,jagannatha1955,r3l20,गतो यावन्मातर्मिलति तवतोयैमृर्गमदः ।,1462,99,36
jagannatha1955__04__r3l21.png,jagannatha1955__04,jagannatha1955,r3l21,मृगास्तावद्वैमानिकशतसहस्रैः परिवृताः,1384,122,36
jagannatha1955__04__r3l24.png,jagannatha1955__04,jagannatha1955,r3l24,विशन्ति स्वच्छन्दं विमलवपुषो नन्दनवनम् ॥,1639,92,40
jagannatha1955__04__line_1518187653357_110.png,jagannatha1955__04,jagannatha1955,line_1518187653357_110,(७),213,90,3
jagannatha1955__04__r3l26.png,jagannatha1955__04,jagannatha1955,r3l26,राजाओं की रमणी आकर प्राप्त करें तव जल में स्नान ।,1478,126,49
jagannatha1955__04__r3l27.png,jagannatha1955__04,jagannatha1955,r3l27,कुचलिपटी कस्तूरीवाले मृग पाते हैं मुक्ति महान ॥,1493,124,47
jagannatha1955__04__r3l28.png,jagannatha1955__04,jagannatha1955,r3l28,देवों के सँग चढ़ विमान वे क्या क्या मौज उड़ाते हैं ।,1445,117,52
jagannatha1955__04__r3l29.png,jagannatha1955__04,jagannatha1955,r3l29,करने को आनन्द यहाँ से नन्दनवन को जाते हैं ॥,1501,123,43
jayadeva1926__000c__r1l14.png,jayadeva1926__000c,jayadeva1926,r1l14,गीतगोविन्दादर्श,417,75,15
jayadeva1926__000c__r1l17.png,jayadeva1926__000c,jayadeva1926,r1l17,अर्थात्,244,124,7
jayadeva1926__000c__r1l18.png,jayadeva1926__000c,jayadeva1926,r1l18,रायचन्द नागर-कृत,684,94,16
jayadeva1926__000c__r1l19.png,jayadeva1926__000c,jayadeva1926,r1l19,गतिगोविन्द संस्कृत,685,83,18
jayadeva1926__000c__line_1518184819107_39.png,jayadeva1926__000c,jayadeva1926,line_1518184819107_39,का,92,90,2
jayadeva1926__000c__r1l21.png,jayadeva1926__000c,jayadeva1926,r1l21,भाषा-प्रतिबिंब,350,85,14
jayadeva1926__000c__r1l22.png,jayadeva1926__000c,jayadeva1926,r1l22,दसवीं बार,316,94,9
jayadeva1926__000c__r1l24.png,jayadeva1926__000c,jayadeva1926,r1l24,लखनऊ,347,79,4
jayadeva1926__000c__r1l25.png,jayadeva1926__000c,jayadeva1926,r1l25,केसरीदास सेठ द्वारा,481,92,19
jayadeva1926__000c__r1l26.png,jayadeva1926__000c,jayadeva1926,r1l26,नवलकिशोर प्रेस में मुद्रित और प्रकाशित,1102,88,38
jayadeva1926__000c__r1l27.png,jayadeva1926__000c,jayadeva1926,r1l27,सन् १९२६ ई०,382,79,11
jayadeva1926__000c__r1l36.png,jayadeva1926__000c,jayadeva1926,r1l36,सर्वाधिकार रक्षित ।,459,75,19
jayadeva1926__001__r1l33.png,jayadeva1926__001,jayadeva1926,r1l33,गीतगोविन्दादर्श ।,654,118,17
jayadeva1926__001__r1l34.png,jayadeva1926__001,jayadeva1926,r1l34,मङ्गलाचरण ।,412,101,11
jayadeva1926__001__r1l35.png,jayadeva1926__001,jayadeva1926,r1l35,"सो॰ हरसुत सरस्वति गाय, पांय दुहुन के बन्दि पुनि ।",1410,121,49
jayadeva1926__001__r1l36.png,jayadeva1926__001,jayadeva1926,r1l36,"भोजदेवसुत ध्याय, श्रीजयदेवहि प्रणति करि १",1359,99,41
jayadeva1926__001__r1l37.png,jayadeva1926__001,jayadeva1926,r1l37,"जिन यह गीतगोबिन्द, भूषण गुणरस धुनि सहित ।",1313,98,41
jayadeva1926__001__r1l38.png,jayadeva1926__001,jayadeva1926,r1l38,"श्रीराधा ब्रजचन्द, रहसि बिलास कियो प्रकट २",1319,75,42
jayadeva1926__001__line_1518184935558_40.png,jayadeva1926__001,jayadeva1926,line_1518184935558_40,"ताको अति मतिमन्द, हौं भाषौं भावारथै ।",1311,98,37
jayadeva1926__001__r1l41.png,jayadeva1926__001,jayadeva1926,r1l41,"चाहत कियो सुछन्द, स्वामी शासन पाई बल ३",1294,79,38
jayadeva1926__001__r1l42.png,jayadeva1926__001,jayadeva1926,r1l42,"नागर ज्ञाति अधीन, हीन छीन मतिपनिअति ।",1308,94,37
jayadeva1926__001__r1l43.png,jayadeva1926__001,jayadeva1926,r1l43,"रायचन्द द्विज दीन, नांव गांव गुजराज जिहि ४",1418,108,42
jayadeva1926__001__r1l44.png,jayadeva1926__001,jayadeva1926,r1l44,"जानत कछू न भेद, कबिता के गुण दोष को ।",1337,101,37
jayadeva1926__001__r1l45.png,jayadeva1926__001,jayadeva1926,r1l45,"कीजै कृपा अभेद, दीजै सुमति दयालु प्रभु ५",1404,85,40
jayadeva1926__002__line_1518185015454_42.png,jayadeva1926__002,jayadeva1926,line_1518185015454_42,२,51,90,1
jayadeva1926__002__r2l1.png,jayadeva1926__002,jayadeva1926,r2l1,गीतगोविन्दादर्श ।,488,158,17
jayadeva1926__002__line_1518185083117_44.png,jayadeva1926__002,jayadeva1926,line_1518185083117_44,"सुजन सजनता सार, जे जन तिनसों कहत अब ।",1337,153,37
jayadeva1926__002__r2l4.png,jayadeva1926__002,jayadeva1926,r2l4,"ग्रन्थ लियो अवतार, तासु प्रयोजनहेतु हित ६",1432,117,41
jayadeva1926__002__r2l5.png,jayadeva1926__002,jayadeva1926,r2l5,"नगर मुरशिदाबाद, आदि सुरिसरी तीर शुभ ।",1333,119,37
jayadeva1926__002__r2l6.png,jayadeva1926__002,jayadeva1926,r2l6,"सुबस बसैं अबिषाद, जहां आशरम बरण सब ७",1426,116,36
jayadeva1926__002__r2l7.png,jayadeva1926__002,jayadeva1926,r2l7,"तिहिं पुर अन्तर माहिं, महिमापुर महिमा महत ।",1325,122,43
jayadeva1926__002__r2l8.png,jayadeva1926__002,jayadeva1926,r2l8,"महीमाहिं, सरि नाहिं, जाके पर एकौ कहूं ८",1408,115,39
jayadeva1926__002__r2l9.png,jayadeva1926__002,jayadeva1926,r2l9,"सज्जनगन जनराज, लाज समाज जहाज नृप ।",1335,125,34
jayadeva1926__002__r2l10.png,jayadeva1926__002,jayadeva1926,r2l10,"ऐसो और न आज, शोधी बसुधा बसत तहँ ९",1393,122,33
jayadeva1926__002__r2l11.png,jayadeva1926__002,jayadeva1926,r2l11,"गुणगाहक गुणवान, गुणथापक मो निगुण के ।",1321,113,37
jayadeva1926__002__r2l13.png,jayadeva1926__002,jayadeva1926,r2l13,"सुन्दर सुघर सुजान, सुखद सुबुधि सुबचन सुहृद १०",867,106,45
jayadeva1926__002__r2l17.png,jayadeva1926__002,jayadeva1926,r2l17,"आनँदकन्द अमन्द, सजन कुमुदकुलचन्दनृप ।",1333,81,37
jayadeva1926__002__r2l18.png,jayadeva1926__002,jayadeva1926,r2l18,"डालचन्द कुलचन्द, रायचन्द प्रतिपाल प्रभु ११",1442,124,42
jayadeva1926__002__line_1518185047879_43.png,jayadeva1926__002,jayadeva1926,line_1518185047879_43,"इकदिन सुनि यह गीत, गोबिन्दगुणगणमणिजटित ।",1378,122,40
jayadeva1926__002__r2l21.png,jayadeva1926__002,jayadeva1926,r2l21,"बाढ़ी प्रीति प्रतीत, सरसरहस रसरीति प्रति १२",1473,115,43
jayadeva1926__002__r2l22.png,jayadeva1926__002,jayadeva1926,r2l22,"यद्यपि समुझि सुजान, परम अरथ समुदित भये ।",1325,119,40
jayadeva1926__002__r2l23.png,jayadeva1926__002,jayadeva1926,r2l23,"तदपि अल्प मति जान, मोसे मूरख नरन की १३",1455,121,38
jayadeva1926__002__r2l24.png,jayadeva1926__002,jayadeva1926,r2l24,"जिन्हैं संसकृत ज्ञान, स्वपनेहूं सम्भव नहीं ।",1316,125,44
jayadeva1926__002__r2l25.png,jayadeva1926__002,jayadeva1926,r2l25,"तिनहित जान सुजान, चह्यो ग्रन्थ भाषा करन १४",1453,115,42
jayadeva1926__002__r2l26.png,jayadeva1926__002,jayadeva1926,r2l26,"मोसे परम अजान, तासों यह आज्ञा दई ।",1238,123,34
jayadeva1926__002__r2l27.png,jayadeva1926__002,jayadeva1926,r2l27,"सरसछन्द मन आन, सुगम करो भाषा रचन १५",1466,119,35
jayadeva1926__002__r2l28.png,jayadeva1926__002,jayadeva1926,r2l28,"यद्यपि अज्ञ अजान, आयसु बल मैं हूं तबै ।",1325,132,39
jayadeva1926__003__r1l1.png,jayadeva1926__003,jayadeva1926,r1l1,गीतगोविन्दादर्श ।,500,150,17
jayadeva1926__003__line_1518185114796_45.png,jayadeva1926__003,jayadeva1926,line_1518185114796_45,३,40,90,1
jayadeva1926__003__line_1518185200554_51.png,jayadeva1926__003,jayadeva1926,line_1518185200554_51,"यथाबुद्धि अनुमान, भावारथ भाषा करी १६",1450,152,36
jayadeva1926__003__r1l5.png,jayadeva1926__003,jayadeva1926,r1l5,"सुनि हर्षे नरराज, बर्षे हित चित प्रीति करि ।",974,120,44
jayadeva1926__003__line_1518185182941_50.png,jayadeva1926__003,jayadeva1926,line_1518185182941_50,"याके दोष समाज, गुण करि लीन्हें मानि सब १७",1480,118,41
jayadeva1926__003__line_1518185180201_49.png,jayadeva1926__003,jayadeva1926,line_1518185180201_49,"ऐसे जे पर बीन, पण्डित पुरुष नवीनमति ।",1304,122,37
jayadeva1926__003__line_1518185172976_48.png,jayadeva1926__003,jayadeva1926,line_1518185172976_48,"पढ़त सुनत रसलीन, होहु जबै या ग्रन्थ को १८",1463,125,41
jayadeva1926__003__r1l15.png,jayadeva1926__003,jayadeva1926,r1l15,"लीजो चूक सुधारि, जान सुजान आजान लहि ।",1302,117,37
jayadeva1926__003__line_1518185161197_47.png,jayadeva1926__003,jayadeva1926,line_1518185161197_47,"देखि दोष उरधारि, हांसी हर्ष न कीजियो १९",1431,120,39
jayadeva1926__003__r1l18.png,jayadeva1926__003,jayadeva1926,r1l18,"करत ग्रन्थ आरम्भ, अब सुनि ताको नाम शुभ ।",1319,116,40
jayadeva1926__003__r1l19.png,jayadeva1926__003,jayadeva1926,r1l19,"रति रसरन जय खम्भ, गीतगोबिन्द्वादर्श कहि २०",1440,122,42
jayadeva1926__003__r1l20.png,jayadeva1926__003,jayadeva1926,r1l20,"इक दिशि गीतगोबिन्द, इक दिशि ताकी आरसी ।",1317,118,39
jayadeva1926__003__r1l21.png,jayadeva1926__003,jayadeva1926,r1l21,"सुगम अष्टपदछन्द, जहां लख्यो त्यों हीं रख्यो २१",1443,116,46
jayadeva1926__003__r1l22.png,jayadeva1926__003,jayadeva1926,r1l22,अथ ग्रन्थारम्भ ।,679,182,16
jayadeva1926__003__r1l23.png,jayadeva1926__003,jayadeva1926,r1l23,तत्र द्वितीयमङ्गलाचरणम् ।,835,146,25
jayadeva1926__003__r1l24.png,jayadeva1926__003,jayadeva1926,r1l24,"सो० गोप गणेश मनाय, सुमिरि सरस्वति राधिका ।",1470,125,42
jayadeva1926__003__line_1518185137144_46.png,jayadeva1926__003,jayadeva1926,line_1518185137144_46,"श्रीजयदेवहि ध्याय, करत ग्रन्थ रचना सरस २२",1454,122,41
jayadeva1926__003__r1l27.png,jayadeva1926__003,jayadeva1926,r1l27,श्लोकः ।,245,121,8
jayadeva1926__003__r1l28.png,jayadeva1926__003,jayadeva1926,r1l28,मेधैर्मेदुरमम्बरं वनभुवः श्यामास्तमालद्रुमै-,1508,138,44
jayadeva1926__003__r1l29.png,jayadeva1926__003,jayadeva1926,r1l29,र्नक्तम्भीरुरयन्त्वमेव तदिमं राधे गृहं प्रापय ।,1500,135,47
jayadeva1926__004__r3l1.png,jayadeva1926__004,jayadeva1926,r3l1,४,48,114,1
jayadeva1926__004__r3l2.png,jayadeva1926__004,jayadeva1926,r3l2,गीतगोविन्दादर्श ।,426,117,17
jayadeva1926__004__r3l3.png,jayadeva1926__004,jayadeva1926,r3l3,इत्थं नन्दनिदेशतश्चलितयोः प्रत्यध्वकुञ्जद्रुमं,1538,124,46
jayadeva1926__004__r3l5.png,jayadeva1926__004,jayadeva1926,r3l5,राधामाधवयोर्जयन्ति यमुनाकूले रहःकेलयः १,1556,74,39
jayadeva1926__004__r3l6.png,jayadeva1926__004,jayadeva1926,r3l6,कवित्त ।,212,135,8
jayadeva1926__004__r3l7.png,jayadeva1926__004,jayadeva1926,r3l7,"घन घेरि आयो बन सघन तिमिर छायो,",1168,131,30
jayadeva1926__004__r3l8.png,jayadeva1926__004,jayadeva1926,r3l8,रैनि को डरैंगे लेखि देखि यों दृगनतैं ।,1087,117,38
jayadeva1926__004__r3l10.png,jayadeva1926__004,jayadeva1926,r3l10,नन्दजू कहत बृषभानुनन्दिनी सों नन्द-,974,106,35
jayadeva1926__004__r3l12.png,jayadeva1926__004,jayadeva1926,r3l12,नन्दनहिं घरै जाहु लैकै बेगि बनतैं ।।,1144,123,36
jayadeva1926__004__line_1518185275336_52.png,jayadeva1926__004,jayadeva1926,line_1518185275336_52,"गुरु क बचन पाइ प्रेम की रचन भरे,",1199,117,32
jayadeva1926__004__r3l15.png,jayadeva1926__004,jayadeva1926,r3l15,चले कुञ्जतीर तरु देखि क बिपिनतैं ।,1057,109,34
jayadeva1926__004__r3l16.png,jayadeva1926__004,jayadeva1926,r3l16,"यमुना के कूल मैं रहसि रस केलिमयी,",1215,113,33
jayadeva1926__004__r3l17.png,jayadeva1926__004,jayadeva1926,r3l17,ऐसे राधा माधो बाधा हरो मेरे मनतैं १,1049,117,35
jayadeva1926__004__r3l18.png,jayadeva1926__004,jayadeva1926,r3l18,श्लोकः ।,248,121,8
jayadeva1926__004__r3l21.png,jayadeva1926__004,jayadeva1926,r3l21,वाग्देवताचरितचित्रितचित्तसद्मा,804,99,30
jayadeva1926__004__r3l23.png,jayadeva1926__004,jayadeva1926,r3l23,पद्मावतीचरणचारणचक्रवर्ती ।,951,133,26
jayadeva1926__004__r3l28.png,jayadeva1926__004,jayadeva1926,r3l28,मेतं करोति जयदेवकविः प्रबन्धम् २,1188,88,32
jayadeva1926__004__r3l29.png,jayadeva1926__004,jayadeva1926,r3l29,यदि हरिस्मरणे सरसं मनो,957,140,22
jayadeva1926__004__r3l30.png,jayadeva1926__004,jayadeva1926,r3l30,यदि विलासकलासु कुतूहलम् ।,1014,147,25
jayadeva1926__005__r1l1.png,jayadeva1926__005,jayadeva1926,r1l1,गीतगोविन्दादर्श ।,487,167,17
jayadeva1926__005__line_1518185345968_53.png,jayadeva1926__005,jayadeva1926,line_1518185345968_53,५,47,95,1
jayadeva1926__005__r1l2.png,jayadeva1926__005,jayadeva1926,r1l2,मधुरकोमलकान्तपदावलीं,873,155,20
jayadeva1926__005__r1l4.png,jayadeva1926__005,jayadeva1926,r1l4,शृणु तदा जयदेवसरस्वतीम् ३,901,66,25
jayadeva1926__005__r1l6.png,jayadeva1926__005,jayadeva1926,r1l6,कवित्त ।,185,118,8
jayadeva1926__005__r1l7.png,jayadeva1926__005,jayadeva1926,r1l7,"वाणी के चरित्रन को चित्रतिहि चित्रगेह,",1090,122,38
jayadeva1926__005__r1l8.png,jayadeva1926__005,jayadeva1926,r1l8,पदमा पदम पद सेवकन शिरताज ।,970,123,26
jayadeva1926__005__r1l9.png,jayadeva1926__005,jayadeva1926,r1l9,"हरि रतिरङ्ग के प्रसङ्ग यह कीन्हों ग्रन्थ,",1167,117,41
jayadeva1926__005__r1l10.png,jayadeva1926__005,jayadeva1926,r1l10,सिरी जयदेव कविराजन के महाराज ।।,1064,122,31
jayadeva1926__005__r1l11.png,jayadeva1926__005,jayadeva1926,r1l11,"जाते हरिराधिका विलास सुमिरन करि,",1157,117,32
jayadeva1926__005__r1l12.png,jayadeva1926__005,jayadeva1926,r1l12,मन रसमय होत सरस सुखदसाज ।,956,120,25
jayadeva1926__005__r1l13.png,jayadeva1926__005,jayadeva1926,r1l13,"बरन पदावली मधुरकल कोमल ये,",1092,121,26
jayadeva1926__005__r1l14.png,jayadeva1926__005,jayadeva1926,r1l14,सुनि जयदेव बागदेवता गुरसमाज २,1018,111,29
jayadeva1926__005__r1l15.png,jayadeva1926__005,jayadeva1926,r1l15,श्लोकः ।,225,121,8
jayadeva1926__005__r1l16.png,jayadeva1926__005,jayadeva1926,r1l16,"वाचः पल्लवयत्युमापतिधरः संदर्भशुद्धिं गिरां,",1563,136,44
jayadeva1926__005__r1l17.png,jayadeva1926__005,jayadeva1926,r1l17,जानीते जयदेव एव शरणः श्लाघ्योदुरूहद्रुतेः।,1582,135,42
jayadeva1926__005__r1l20.png,jayadeva1926__005,jayadeva1926,r1l20,स्पर्धीकोपिनविश्रुतःश्रुतिधगेधोयीकविक्ष्मापतिः,1596,143,46
jayadeva1926__005__r1l21.png,jayadeva1926__005,jayadeva1926,r1l21,दो० गोबर्धन शरणरु उमा-पतिधर धोयी आद ।,1349,124,37
jayadeva1926__005__r1l22.png,jayadeva1926__005,jayadeva1926,r1l22,"जेते कबि बर्णत सरस, रसपति भेद बिबाद १",1261,124,37
jayadeva1926__005__r1l23.png,jayadeva1926__005,jayadeva1926,r1l23,"भूषणरसध्वनिसकलगुण, तिन कबिता मैं नाहिं ।",1275,124,40
jayadeva1926__005__r1l24.png,jayadeva1926__005,jayadeva1926,r1l24,"सो इक श्रीजयदेव कबि, बाग देवता माहिं २",1252,126,38
jayadeva1926__006__r2l2.png,jayadeva1926__006,jayadeva1926,r2l2,अथ अष्टपदी ।,391,160,12
jayadeva1926__006__r2l3.png,jayadeva1926__006,jayadeva1926,r2l3,प्रलयपयोधिजले धृतवानसि वेदम् ।,1194,176,30
jayadeva1926__006__r2l4.png,jayadeva1926__006,jayadeva1926,r2l4,विहितवहित्रचरित्रमखेदम् ।।,945,151,26
jayadeva1926__006__r2l5.png,jayadeva1926__006,jayadeva1926,r2l5,केशव धृतमीनशरीर जय जगदीश हरे १,1386,155,30
jayadeva1926__006__r2l6.png,jayadeva1926__006,jayadeva1926,r2l6,क्षितिरतिविपुलतरे तव तिष्ठति पृष्ठे ।,1189,145,37
jayadeva1926__006__r2l7.png,jayadeva1926__006,jayadeva1926,r2l7,धरणिधरणकिणचक्रगरिष्ठे ।।,974,154,24
jayadeva1926__006__r2l8.png,jayadeva1926__006,jayadeva1926,r2l8,केशव धृतकच्छपरूप जय जगदीश हरे २,1328,149,31
jayadeva1926__006__r2l9.png,jayadeva1926__006,jayadeva1926,r2l9,वसति दशनशिखरे धरणी तव लग्ना ।,1247,143,29
jayadeva1926__006__r2l10.png,jayadeva1926__006,jayadeva1926,r2l10,शशिनि कलङ्ककलेव निमग्ना ।।,1003,154,26
jayadeva1926__006__r2l11.png,jayadeva1926__006,jayadeva1926,r2l11,केशव धृतशुकररूप जय जगदीश हरे ३,1313,156,30
jayadeva1926__006__r2l12.png,jayadeva1926__006,jayadeva1926,r2l12,तव करकमलवरे नखमद्भुतशृङ्गम् ।,1077,151,29
jayadeva1926__006__r2l13.png,jayadeva1926__006,jayadeva1926,r2l13,दलितहिरण्यकशिपुतनुभृङ्गम् ।।,1070,150,28
jayadeva1926__006__r2l14.png,jayadeva1926__006,jayadeva1926,r2l14,केशव धृतनरहरिरूप जय जगदीश हरे ४,1388,146,31
jayadeva1926__006__r2l15.png,jayadeva1926__006,jayadeva1926,r2l15,छलयसि विक्रमणे बलिमद्भुतवामन ।,1226,137,30
jayadeva1926__006__r2l16.png,jayadeva1926__006,jayadeva1926,r2l16,पदनखनीरजनितजनपावन ।।,922,137,20
jayadeva1926__006__r2l17.png,jayadeva1926__006,jayadeva1926,r2l17,केशव धृतवामनरूप जय जगदीश हरे ५,1412,160,30
jayadeva1926__006__r2l18.png,jayadeva1926__006,jayadeva1926,r2l18,क्षत्रियरुधिरमये जगदपगतपापम् ।,1147,157,30
jayadeva1926__006__line_1518185487403_55.png,jayadeva1926__006,jayadeva1926,line_1518185487403_55,६,44,90,1
jayadeva1926__007__r1l1.png,jayadeva1926__007,jayadeva1926,r1l1,७,78,157,1
jayadeva1926__007__r1l2.png,jayadeva1926__007,jayadeva1926,r1l2,गीतगोविन्दादर्श ।,483,173,17
jayadeva1926__007__r1l3.png,jayadeva1926__007,jayadeva1926,r1l3,स्नपयसि पयसि शमितभवतापम् ।।,1185,172,27
jayadeva1926__007__r1l4.png,jayadeva1926__007,jayadeva1926,r1l4,केशव धृतभृगुपतिरूप जय जगदीश हरे ६,1454,152,33
jayadeva1926__007__r1l5.png,jayadeva1926__007,jayadeva1926,r1l5,वितरसि दिक्षुरणे दिक्पतिकमनीयम् ।,1260,145,33
jayadeva1926__007__r1l6.png,jayadeva1926__007,jayadeva1926,r1l6,दशमुखमौलिबलिं रमणीयम् ।।,1064,153,24
jayadeva1926__007__r1l8.png,jayadeva1926__007,jayadeva1926,r1l8,केशव धृतरघुपतिरूप जय जगदीश हरे ७,1470,140,32
jayadeva1926__007__r1l9.png,jayadeva1926__007,jayadeva1926,r1l9,चहसि वपुषि विशदे वसनं जलदाभम् ।,1321,152,31
jayadeva1926__007__r1l10.png,jayadeva1926__007,jayadeva1926,r1l10,हलहतिभीतिमिलितयमुनाभम् ।।,1017,137,25
jayadeva1926__007__r1l11.png,jayadeva1926__007,jayadeva1926,r1l11,केशव धृतहलधररूप जय जगदीश हरे ८,1444,145,30
jayadeva1926__007__r1l12.png,jayadeva1926__007,jayadeva1926,r1l12,निन्दसि यज्ञविधेरहहः श्रुतिजातम् ।,1202,154,34
jayadeva1926__007__r1l13.png,jayadeva1926__007,jayadeva1926,r1l13,सदयहृदयदर्शितपशुघातम् ।।,921,148,24
jayadeva1926__007__r1l14.png,jayadeva1926__007,jayadeva1926,r1l14,केशव धृतबुद्धशरीर जय जगदीश हरे ९,1438,133,32
jayadeva1926__007__r1l16.png,jayadeva1926__007,jayadeva1926,r1l16,म्लेच्छनिवहनिधने कलयसि करवालम् ।,1379,118,32
jayadeva1926__007__r1l17.png,jayadeva1926__007,jayadeva1926,r1l17,धूम्रकेतुमिव किमपि करालम् ।।,1102,156,28
jayadeva1926__007__line_1518185543387_58.png,jayadeva1926__007,jayadeva1926,line_1518185543387_58,केशव धृतकल्किशरीर जय जगदीश हरे १०,1469,147,33
jayadeva1926__007__line_1518185533558_57.png,jayadeva1926__007,jayadeva1926,line_1518185533558_57,श्रीजयदेवकवेरिदमुदितमुदारम् ।,1061,149,29
jayadeva1926__007__line_1518185520267_56.png,jayadeva1926__007,jayadeva1926,line_1518185520267_56,केशव धृतदशविधरूप जय जगदीश हरे ११,1494,159,32
jayadeva1926__008__r4l1.png,jayadeva1926__008,jayadeva1926,r4l1,गीतगोविन्दादर्श ।,475,144,17
jayadeva1926__008__r4l2.png,jayadeva1926__008,jayadeva1926,r4l2,प्रतिबिम्बभाषा ।,389,138,16
jayadeva1926__008__r4l3.png,jayadeva1926__008,jayadeva1926,r4l3,प्रलय पयोनिधि जलते बेद उधारे ।,1064,140,30
jayadeva1926__008__r4l4.png,jayadeva1926__008,jayadeva1926,r4l4,बिनु श्रम पोत चरित बिस्तारे ।।,934,118,30
jayadeva1926__008__r4l5.png,jayadeva1926__008,jayadeva1926,r4l5,केशव धरि मीन शरीर जय जगदीश हरे १,1183,117,32
jayadeva1926__008__r4l6.png,jayadeva1926__008,jayadeva1926,r4l6,क्षिति अति बिपुल तिहारी पीठ बिराजै ।,1018,122,36
jayadeva1926__008__r4l7.png,jayadeva1926__008,jayadeva1926,r4l7,धरणि धरनसों किण जिमि छाजै ।।,942,116,28
jayadeva1926__008__r4l8.png,jayadeva1926__008,jayadeva1926,r4l8,केशव धरि कच्छपरूप जय जगदीश हरे २,1196,118,32
jayadeva1926__008__r4l9.png,jayadeva1926__008,jayadeva1926,r4l9,दशनशिखरपर धरणि सोहति ऐसे ।,1025,123,26
jayadeva1926__008__r4l10.png,jayadeva1926__008,jayadeva1926,r4l10,अङ्क मयङ्क कलापर जैसे ।।,947,122,24
jayadeva1926__008__r4l11.png,jayadeva1926__008,jayadeva1926,r4l11,केशव धरि शूकररूप जय जगदीश हरे ३,1184,120,31
jayadeva1926__008__r4l12.png,jayadeva1926__008,jayadeva1926,r4l12,अचरजमय करकमल नखाग्र तिहारे ।,1054,117,28
jayadeva1926__008__r4l13.png,jayadeva1926__008,jayadeva1926,r4l13,हिरणकशिपु अलि उदर बिदारे ।।,962,131,27
jayadeva1926__008__r4l14.png,jayadeva1926__008,jayadeva1926,r4l14,केशव धरि नरहरिरूप जय जगदीश हरे ४,1182,105,32
jayadeva1926__008__r4l16.png,jayadeva1926__008,jayadeva1926,r4l16,अद्भुतबामन बपु धरि बलि छलि लीन्हे ।,1083,122,35
jayadeva1926__008__r4l17.png,jayadeva1926__008,jayadeva1926,r4l17,पदनखजल जन पावन कीन्हे ।।,921,117,24
jayadeva1926__008__r4l18.png,jayadeva1926__008,jayadeva1926,r4l18,केशव धरि बामनरूप जय जगदीश हरे ५,1134,127,31
jayadeva1926__008__r4l19.png,jayadeva1926__008,jayadeva1926,r4l19,क्षत्री रुधिरनीर में स्नान कराये ।,1014,88,34
jayadeva1926__008__r4l21.png,jayadeva1926__008,jayadeva1926,r4l21,जग जनके सब पाप नशाये ।।,939,125,23
jayadeva1926__008__r4l22.png,jayadeva1926__008,jayadeva1926,r4l22,केशव धरि भृगुपतिरूप जय जगदीश हरे ६,1083,123,34
jayadeva1926__008__r4l23.png,jayadeva1926__008,jayadeva1926,r4l23,दशदिशिदिग्पतिरण में मोदित कीन्हे ।,976,123,34
jayadeva1926__008__line_1518185612477_61.png,jayadeva1926__008,jayadeva1926,line_1518185612477_61,दशमुख के दशशिर बलि दीन्हे ।।,937,125,28
jayadeva1926__008__line_1518185601253_60.png,jayadeva1926__008,jayadeva1926,line_1518185601253_60,८,48,90,1
jayadeva1926__009__line_1518185703094_62.png,jayadeva1926__009,jayadeva1926,line_1518185703094_62,९,51,99,1
jayadeva1926__009__r1l1.png,jayadeva1926__009,jayadeva1926,r1l1,गीतगोविन्दादर्श ।,491,108,17
jayadeva1926__009__r1l2.png,jayadeva1926__009,jayadeva1926,r1l2,केशव धरि रघुपातरूप जय जगदीश हरे ७,1212,135,33
jayadeva1926__009__r1l3.png,jayadeva1926__009,jayadeva1926,r1l3,गोरे तन घनरुचि शुचि बसन बिराजै ।,1121,113,32
jayadeva1926__009__r1l4.png,jayadeva1926__009,jayadeva1926,r1l4,हलहतिभय यमुनारँग छाजै ।।,979,118,24
jayadeva1926__009__r1l5.png,jayadeva1926__009,jayadeva1926,r1l5,केशव धरि हलधररूप जय जगदीश हरे ८,1130,109,31
jayadeva1926__009__r1l6.png,jayadeva1926__009,jayadeva1926,r1l6,यज्ञ बेदबिधि निन्दित कीनो ।,1043,110,27
jayadeva1926__009__r1l7.png,jayadeva1926__009,jayadeva1926,r1l7,पशुबध देखि दयाचित दीनो ।।,943,110,25
jayadeva1926__009__r1l8.png,jayadeva1926__009,jayadeva1926,r1l8,केशव धरि बुद्धशरीर जय जगदीश हरे ९,1173,111,33
jayadeva1926__009__r1l9.png,jayadeva1926__009,jayadeva1926,r1l9,म्लेच्छनि मारन कारन असि कर लीनो ।,1153,108,33
jayadeva1926__009__r1l10.png,jayadeva1926__009,jayadeva1926,r1l10,धूम्रकेतुसम जिन भय दीनो ।।,961,112,26
jayadeva1926__009__r1l11.png,jayadeva1926__009,jayadeva1926,r1l11,केशव धरि कल्किशरीर जय जगदीश हरे १०,1222,108,34
jayadeva1926__009__r1l12.png,jayadeva1926__009,jayadeva1926,r1l12,श्रीजयदेव सुकबिकृत सुखशुभदायक ।,1033,111,31
jayadeva1926__009__r1l13.png,jayadeva1926__009,jayadeva1926,r1l13,सुन यह गीतगोबिन्द सहायक ।।,1022,108,26
jayadeva1926__009__r1l14.png,jayadeva1926__009,jayadeva1926,r1l14,केशव धरि दशबिधरूप जय जगदीश हरे ।। ११,1259,116,36
jayadeva1926__009__r1l15.png,jayadeva1926__009,jayadeva1926,r1l15,श्लोकः ।,229,104,8
jayadeva1926__009__r1l25.png,jayadeva1926__009,jayadeva1926,r1l25,वेदानुद्धरते जगन्निवहते भूगोलमुद्बिभ्रते,812,83,40
jayadeva1926__009__r1l39.png,jayadeva1926__009,jayadeva1926,r1l39,पौलस्त्यं जयते हलं कलयते कारुण्यमातन्वते,530,88,40
jayadeva1926__009__r1l43.png,jayadeva1926__009,jayadeva1926,r1l43,म्लेच्छान् मूच्छर्यते दशाकृतिकृते कृष्णाय,1556,133,41
jayadeva1926__009__r1l44.png,jayadeva1926__009,jayadeva1926,r1l44,तुभ्यं नमः ५,459,108,12
jayadeva1926__010__r4l1.png,jayadeva1926__010,jayadeva1926,r4l1,गीतगोविन्दादर्श ।,463,137,17
jayadeva1926__010__r4l2.png,jayadeva1926__010,jayadeva1926,r4l2,कवित्त ।,202,128,8
jayadeva1926__010__r4l3.png,jayadeva1926__010,jayadeva1926,r4l3,"बेदन उधारि भूमि भार पीठि धारि धरा,",1190,140,34
jayadeva1926__010__r4l4.png,jayadeva1926__010,jayadeva1926,r4l4,दशन उबारि हिरणकशिपु को मास्यो है ।,1175,103,34
jayadeva1926__010__r4l6.png,jayadeva1926__010,jayadeva1926,r4l6,"बलि छलि लैकै क्षिति क्षत्री बिनु कै कै रण,",1293,90,42
jayadeva1926__010__r4l7.png,jayadeva1926__010,jayadeva1926,r4l7,दशशिर जैकै हलधर बपु धास्यो है ।।,1060,126,32
jayadeva1926__010__r4l8.png,jayadeva1926__010,jayadeva1926,r4l8,"करुणा बिचारि यज्ञबिधिहि निवारि फेरि,",1190,123,36
jayadeva1926__010__r4l9.png,jayadeva1926__010,jayadeva1926,r4l9,कलि में कलङ्की ह्वै कुलम्लेच्छन संहास्यो है ।,1132,115,45
jayadeva1926__010__line_1518185876882_65.png,jayadeva1926__010,jayadeva1926,line_1518185876882_65,"नन्द के कुमार तुम्हैं नमो बारबार ऐसे,",1294,126,37
jayadeva1926__010__r4l12.png,jayadeva1926__010,jayadeva1926,r4l12,दशअवतार अवतारि जग तास्यो है ५,1067,119,29
jayadeva1926__010__r4l13.png,jayadeva1926__010,jayadeva1926,r4l13,अष्टपदी ।,267,121,9
jayadeva1926__010__r4l14.png,jayadeva1926__010,jayadeva1926,r4l14,श्रितकमलाकुचमण्डलधृतकुण्डलए ।,462,69,29
jayadeva1926__010__r4l17.png,jayadeva1926__010,jayadeva1926,r4l17,कलितललितवनमाल।।जयजयदेवहरे १ ध्रु०,1474,140,33
jayadeva1926__010__r4l18.png,jayadeva1926__010,jayadeva1926,r4l18,दिनमणिमण्डलमण्डनभवखण्डनए ।,1167,131,26
jayadeva1926__010__r4l19.png,jayadeva1926__010,jayadeva1926,r4l19,मुनिजनमानसहंस ।। जय जय दव हरे २,1343,141,31
jayadeva1926__010__r4l20.png,jayadeva1926__010,jayadeva1926,r4l20,कालियविषधरगञ्जन जनरञ्जनए ।,1242,130,26
jayadeva1926__010__r4l21.png,jayadeva1926__010,jayadeva1926,r4l21,यदुकुलकमलदिनेश ।। जय जय देव हरे ३,1353,153,33
jayadeva1926__010__r4l26.png,jayadeva1926__010,jayadeva1926,r4l26,मधुमुरनरकविनाशन गरुडासनए ।,1050,69,26
jayadeva1926__010__r4l28.png,jayadeva1926__010,jayadeva1926,r4l28,सुरकुलकेलिनिदान ।। जय जय देव हरे ४,1439,138,34
jayadeva1926__010__r4l29.png,jayadeva1926__010,jayadeva1926,r4l29,अमलकमलदललोचनभवमोचनए ।,1211,136,21
jayadeva1926__010__line_1518185832953_64.png,jayadeva1926__010,jayadeva1926,line_1518185832953_64,१०,98,90,2
jayadeva1926__011__r1l2.png,jayadeva1926__011,jayadeva1926,r1l2,गीतगोविन्दादर्श ।,477,150,17
jayadeva1926__011__r1l3.png,jayadeva1926__011,jayadeva1926,r1l3,११,76,69,2
jayadeva1926__011__r1l4.png,jayadeva1926__011,jayadeva1926,r1l4,त्रिभुवनभवननिधान ।। जय जय देव हरे ५,1411,135,35
jayadeva1926__011__r1l6.png,jayadeva1926__011,jayadeva1926,r1l6,जनकसुताकृतभूषण जितदूषणए ।,982,134,25
jayadeva1926__011__r1l7.png,jayadeva1926__011,jayadeva1926,r1l7,समरशमितदशकण्ठ ।। जय जय देव हरे ६,1252,137,32
jayadeva1926__011__r1l8.png,jayadeva1926__011,jayadeva1926,r1l8,अभिनवजलधरसुन्दरधृतमन्दरए ।,1097,124,26
jayadeva1926__011__r1l9.png,jayadeva1926__011,jayadeva1926,r1l9,श्रीमुखचन्द्रचकोर ।। जय जय देव हरे ७,1438,138,36
jayadeva1926__011__line_1518185972964_66.png,jayadeva1926__011,jayadeva1926,line_1518185972964_66,श्रीजयदेवकवेरिदं कुरुते मुदम् ।,1233,138,31
jayadeva1926__011__r1l16.png,jayadeva1926__011,jayadeva1926,r1l16,मङ्गलमुज्ज्वलगीतम् ।। जय जय देव हरे ८,1439,139,37
jayadeva1926__011__r1l17.png,jayadeva1926__011,jayadeva1926,r1l17,प्रतिबिम्ब ।,271,132,12
jayadeva1926__011__r1l18.png,jayadeva1926__011,jayadeva1926,r1l18,आश्रित श्रीकुचमण्डल श्रुतिकुण्डल ।,1005,131,34
jayadeva1926__011__r1l19.png,jayadeva1926__011,jayadeva1926,r1l19,लसित ललित बनमाल ।। जय जय देव हरे १ ध्रु॰,1388,117,40
jayadeva1926__011__r1l20.png,jayadeva1926__011,jayadeva1926,r1l20,रबिद्युतिदीपतिभूषणभवदूषण ।,852,118,26
jayadeva1926__011__r1l21.png,jayadeva1926__011,jayadeva1926,r1l21,मुनिजनमनकलहंस ।। जय जय देव हरे २,1182,124,32
jayadeva1926__011__r1l22.png,jayadeva1926__011,jayadeva1926,r1l22,नट नाथन अहिकाली जनपाली ।,903,122,24
jayadeva1926__011__r1l23.png,jayadeva1926__011,jayadeva1926,r1l23,यदुकुल अम्बुजमानु ।। जय जय देव हरे ३,1187,118,36
jayadeva1926__011__r1l24.png,jayadeva1926__011,jayadeva1926,r1l24,मधुमुरनरकविनाशन गरुड़ासन ।,850,125,26
jayadeva1926__011__r1l25.png,jayadeva1926__011,jayadeva1926,r1l25,सुरकुल के सुखहेतु ।। जय जय देव हरे ४,1260,121,36
jayadeva1926__011__r1l26.png,jayadeva1926__011,jayadeva1926,r1l26,मञ्जुकञ्जद्दगरञ्जन भवभञ्जन ।,879,125,28
jayadeva1926__011__r1l27.png,jayadeva1926__011,jayadeva1926,r1l27,त्रिभुवनभवन निधान ।। जय जय देव हरे ५,1245,117,36
jayadeva1926__011__r1l28.png,jayadeva1926__011,jayadeva1926,r1l28,जनकसुताकृतभूषण जितदूषण ।,869,144,24
jayadeva1926__012__r2l1.png,jayadeva1926__012,jayadeva1926,r2l1,१२,103,142,2
jayadeva1926__012__r2l2.png,jayadeva1926__012,jayadeva1926,r2l2,गीतगोविन्दादर्श ।,496,147,17
jayadeva1926__012__r2l3.png,jayadeva1926__012,jayadeva1926,r2l3,समरशमित दशकण्ठ ।। जय जय देव हरे ६,1174,146,33
jayadeva1926__012__r2l5.png,jayadeva1926__012,jayadeva1926,r2l5,अभिनवजलधर सुन्दर धृतमन्दर ।।,861,124,28
jayadeva1926__012__r2l6.png,jayadeva1926__012,jayadeva1926,r2l6,श्रीमुखचन्द्रचकोर ।। जय जय देव हरे ७,1280,118,36
jayadeva1926__012__r2l7.png,jayadeva1926__012,jayadeva1926,r2l7,श्रीजयदेव कवेरिदं कुरुते मुदम् ।,901,124,32
jayadeva1926__012__r2l8.png,jayadeva1926__012,jayadeva1926,r2l8,मङ्गलमुज्ज्वलगीतम् ।। जय जय देव हरे ।। ८ ।।,1324,120,43
jayadeva1926__012__r2l9.png,jayadeva1926__012,jayadeva1926,r2l9,श्रीमद्राजाडालचन्दस्याज्ञापरिपालकरायचन्दनागरेण,1182,111,46
jayadeva1926__012__r2l10.png,jayadeva1926__012,jayadeva1926,r2l10,विरचिते गीतगोविन्दादर्शग्रन्थे मङ्गलाचरण-,996,96,41
jayadeva1926__012__r2l11.png,jayadeva1926__012,jayadeva1926,r2l11,वर्णनं प्रथमावलोकनम् ।। ९ ॥,721,108,27
jayadeva1926__012__r2l12.png,jayadeva1926__012,jayadeva1926,r2l12,चौपाई ।,195,120,7
jayadeva1926__012__r2l13.png,jayadeva1926__012,jayadeva1926,r2l13,पहिले बरणि बहार बिलासा । रसिक रसीली को रस रासा ।।,1601,127,49
jayadeva1926__012__r2l14.png,jayadeva1926__012,jayadeva1926,r2l14,बहुरि नायिका अष्ट बखानी । जेरसरसनिधिमथिपहिंचानी १,1550,123,49
jayadeva1926__012__r2l15.png,jayadeva1926__012,jayadeva1926,r2l15,तिनकी बिरह अवस्था कही । फिरिसँयोगसुखबिधिजोलही ।।,1617,118,48
jayadeva1926__012__r2l16.png,jayadeva1926__012,jayadeva1926,r2l16,कहौं प्रथम अब रास बिलासा । बरणत पूरण रस परकासा २,1606,115,48
jayadeva1926__012__r2l17.png,jayadeva1926__012,jayadeva1926,r2l17,आशीर्वादात्मकः श्लोकः ।,691,110,23
jayadeva1926__012__line_1518186100738_68.png,jayadeva1926__012,jayadeva1926,line_1518186100738_68,रासोल्लासभरेण विभ्रमभृतामाभीरवामभ्रुवा-,1535,114,39
jayadeva1926__012__r2l20.png,jayadeva1926__012,jayadeva1926,r2l20,मभ्यर्णं परिरभ्यनिर्भरमुरः प्रेमान्धया राधया ।,1555,168,46
jayadeva1926__012__r2l29.png,jayadeva1926__012,jayadeva1926,r2l29,साधुत्वद्वदनं सुधामयमिति व्याहृत्यगीतस्तुति-,1042,127,44
jayadeva1926__012__r2l34.png,jayadeva1926__012,jayadeva1926,r2l34,व्याजादुद्भटचुम्बितस्मितमनोहारीहरिःपातुवः।।,1582,128,43
jayadeva1926__012__r2l36.png,jayadeva1926__012,jayadeva1926,r2l36,अनेकनारीपरिरम्भसम्भ्रम-,849,104,23
jayadeva1926__012__line_1518186031252_67.png,jayadeva1926__012,jayadeva1926,line_1518186031252_67,स्फुरन्मनोहारि विलासलालसम् ।,1173,133,28
jnanadasa1895__01__line_1518182431913_1.png,jnanadasa1895__01,jnanadasa1895,line_1518182431913_1,श्रीगणेशाय नमः,316,98,14
jnanadasa1895__01__r2l13.png,jnanadasa1895__01,jnanadasa1895,r2l13,अपरोक्षानुभव,628,117,12
jnanadasa1895__01__r2l14.png,jnanadasa1895__01,jnanadasa1895,r2l14,अपरोक्षानुभूती नागरिक भाषाटीका सहित,1372,75,35
jnanadasa1895__01__line_1518182497763_2.png,jnanadasa1895__01,jnanadasa1895,line_1518182497763_2,जिसे,103,77,4
jnanadasa1895__01__r2l17.png,jnanadasa1895__01,jnanadasa1895,r2l17,परब्रह्मानवद्याखण्ड स्वरूप जगदीश के निर्गुण,1294,79,43
jnanadasa1895__01__r2l18.png,jnanadasa1895__01,jnanadasa1895,r2l18,स्वरूप जानने के निमित्त इन्द्रप्रस्थस्थ नील,1237,78,43
jnanadasa1895__01__r2l19.png,jnanadasa1895__01,jnanadasa1895,r2l19,कटरा निवासि परब्रह्म ज्ञानकैतत्पर,1097,88,33
jnanadasa1895__01__r2l20.png,jnanadasa1895__01,jnanadasa1895,r2l20,भास्कर ज्ञानदास कविने सुंदरसंस्कृत,1027,72,34
jnanadasa1895__01__r2l21.png,jnanadasa1895__01,jnanadasa1895,r2l21,श्लोकों में निर्म्मित कियाथा ।।,860,83,31
jnanadasa1895__01__r2l22.png,jnanadasa1895__01,jnanadasa1895,r2l22,वही,99,73,3
jnanadasa1895__01__r2l23.png,jnanadasa1895__01,jnanadasa1895,r2l23,श्रीबाबू हकूमतराय अंग्रेज़ी नवीस महकमःफिनै-,1378,75,43
jnanadasa1895__01__r2l24.png,jnanadasa1895__01,jnanadasa1895,r2l24,न्शियल कमिश्नर बहादुर मुल्क अवधकी आज्ञानु-,1306,69,42
jnanadasa1895__01__r2l25.png,jnanadasa1895__01,jnanadasa1895,r2l25,सार भाषा टीका सहित ।।,708,90,21
jnanadasa1895__01__r2l26.png,jnanadasa1895__01,jnanadasa1895,r2l26,दूसरीबार,196,70,8
jnanadasa1895__01__r2l27.png,jnanadasa1895__01,jnanadasa1895,r2l27,लखनऊ,283,88,4
jnanadasa1895__01__r2l28.png,jnanadasa1895__01,jnanadasa1895,r2l28,"मुन्शी नवलकिशोर ( सि, आई, ई) के छापेख़ाने में छपा ।।",1219,72,52
jnanadasa1895__01__r2l29.png,jnanadasa1895__01,jnanadasa1895,r2l29,दिसम्बर सन् १८९५ ई०,481,69,19
jnanadasa1895__02__r2l1.png,jnanadasa1895__02,jnanadasa1895,r2l1,श्रीगणेशायनमः ।।,521,146,16
jnanadasa1895__02__r2l2.png,jnanadasa1895__02,jnanadasa1895,r2l2,अथ अपरोक्षानुभव सटीक,1219,126,20
jnanadasa1895__02__r2l4.png,jnanadasa1895__02,jnanadasa1895,r2l4,उोंश्रीहरिंपरमानन्दमुपदेष्टारमीश्वरम् ।।,1250,110,40
jnanadasa1895__02__r2l9.png,jnanadasa1895__02,jnanadasa1895,r2l9,व्यापकंसर्वलोकानांकारणंतंनमाम्यहम् ।। १ ।।,1450,106,42
jnanadasa1895__02__r2l11.png,jnanadasa1895__02,jnanadasa1895,r2l11,अपरोक्षानुभूतिर्वैप्रोच्यतेमोक्षसिद्धये ।,1216,119,41
jnanadasa1895__02__r2l13.png,jnanadasa1895__02,jnanadasa1895,r2l13,सद्भिरेवप्रयत्नेनवीक्षणीयामुहुर्मुहुः ।। २ ।।,1354,88,45
jnanadasa1895__02__r2l14.png,jnanadasa1895__02,jnanadasa1895,r2l14,स्ववर्णाश्रमधर्मेणतपसाहरितोषणात् ।,1193,128,34
jnanadasa1895__02__r2l16.png,jnanadasa1895__02,jnanadasa1895,r2l16,साधनंप्रभवेत्पुंसांवैराग्यादिचतुष्टयम् ।। ३ ।।,1450,102,46
jnanadasa1895__02__r2l22.png,jnanadasa1895__02,jnanadasa1895,r2l22,ब्रह्मादिस्थावरांतेषुवैराग्यंविषयेष्वनु ।,541,78,41
jnanadasa1895__02__r2l25.png,jnanadasa1895__02,jnanadasa1895,r2l25,यथैवकाकविष्ठायांवैराग्यंतद्धिनिर्म्मलम् ।। ४ ।।,1440,104,47
jnanadasa1895__02__r2l26.png,jnanadasa1895__02,jnanadasa1895,r2l26,श्रीगणेशायनमः अथ अपरोक्षानुभवग्रंथ भाषा प्रारम्भः ।।,1642,131,52
jnanadasa1895__02__r2l27.png,jnanadasa1895__02,jnanadasa1895,r2l27,दो० । शंकर स्वामी जो कह्यो अप्रोक्ष अनुभव जोइ ।। सोभाषा,1739,114,55
jnanadasa1895__02__r2l31.png,jnanadasa1895__02,jnanadasa1895,r2l31,करि कहतहौं जेहि समझै सबकोइ १ ग्रंथ चौपाई । श्रीहरि,1708,83,50
jnanadasa1895__02__r2l32.png,jnanadasa1895__02,jnanadasa1895,r2l32,परमानंद रूपजो । उपदेष्टा अरु ईश्वर है सो ।। ब्यापक सब,1739,114,53
jnanadasa1895__02__r2l34.png,jnanadasa1895__02,jnanadasa1895,r2l34,लोकन को कारन ।। ताहिनमो मैं करौं हजारन ।। मोक्ष सिद्ध,1736,102,53
jnanadasa1895__02__r2l36.png,jnanadasa1895__02,jnanadasa1895,r2l36,को अर्थ सुजोई । ज्ञान प्रत्यक्ष कहौं मैं सोई ।। ताते साधजनो,1738,110,59
jnanadasa1895__02__r2l37.png,jnanadasa1895__02,jnanadasa1895,r2l37,यत्नन करि । पुनि पुनि यह बिचार हिय में धरि २ अपनोबर-,1733,110,52
jnanadasa1895__02__r2l38.png,jnanadasa1895__02,jnanadasa1895,r2l38,णाश्रम धर्म जोई। तेहि तपकरि प्रसन्न हरि होई ।। साधन होत,1750,114,55
jnanadasa1895__02__r2l39.png,jnanadasa1895__02,jnanadasa1895,r2l39,पुरुष को चारि । बैराग्यादि सुलेहु निहारि ३ चार साधन कहिये,1729,118,57
jnanadasa1895__02__r2l40.png,jnanadasa1895__02,jnanadasa1895,r2l40,हैं बैराग्य बिबेक शम दमादि मुमुक्षु प्रथम बैराग्य को स्वरूप,1735,113,59
jnanadasa1895__02__r2l41.png,jnanadasa1895__02,jnanadasa1895,r2l41,कहिये ।। चौ० ।। ब्रह्मादिक भुवि भोगहि जेते । काक बिष्ठ सम,1739,114,57
jnanadasa1895__02__r2l42.png,jnanadasa1895__02,jnanadasa1895,r2l42,जाने तेते ।। सोनिर्मल बैराग्यकहावै । रागादिक मलदूरिबहावै ४।।,1712,112,60
jnanadasa1895__03__r1l1.png,jnanadasa1895__03,jnanadasa1895,r1l1,अपरोक्षानुभव स० ।,581,135,17
jnanadasa1895__03__r1l2.png,jnanadasa1895__03,jnanadasa1895,r1l2,नित्यमात्मस्वरूपंहिदृश्यंतद्विपरीतगम् ।।,1228,147,40
jnanadasa1895__03__r1l5.png,jnanadasa1895__03,jnanadasa1895,r1l5,एवंयोनिश्चयःसम्यग्विवेकोवस्तुनःसवै ।। ५ ।।,1472,127,42
jnanadasa1895__03__r1l6.png,jnanadasa1895__03,jnanadasa1895,r1l6,सदैववासनात्यागःशमोयमितिशब्दितः ।,1405,148,32
jnanadasa1895__03__r1l9.png,jnanadasa1895__03,jnanadasa1895,r1l9,निग्रहोवाह्यवर्तीनादमइत्यभिधीयते ।। ६ ।।,1351,114,40
jnanadasa1895__03__r1l11.png,jnanadasa1895__03,jnanadasa1895,r1l11,विषयेभ्यःपरावृत्तिःपरमोपरतिर्हिसा ।,1213,140,35
jnanadasa1895__03__r1l12.png,jnanadasa1895__03,jnanadasa1895,r1l12,सहनंसर्वदुःखानांतितिक्षासाशुभामता ।। ७ ।।,1495,133,41
jnanadasa1895__03__line_1518182689116_6.png,jnanadasa1895__03,jnanadasa1895,line_1518182689116_6,निगमाचार्यवाक्येषुभक्तिःश्रद्धेतिविश्रुता ।,1342,124,43
jnanadasa1895__03__r1l18.png,jnanadasa1895__03,jnanadasa1895,r1l18,चित्तैकाग्र्यंतुसल्लक्ष्येसमाधानमितिस्मृतम् ।। ८ ।।,1580,124,51
jnanadasa1895__03__r1l20.png,jnanadasa1895__03,jnanadasa1895,r1l20,संसारबंधनिर्मुक्तिःकथंस्यान्मेकदाविधे ।।,1259,116,40
jnanadasa1895__03__r1l23.png,jnanadasa1895__03,jnanadasa1895,r1l23,इतियासुदृढाबुद्धिर्वक्तव्यासामुमुक्षुता ।। ९ ।।,1393,136,47
jnanadasa1895__03__r1l25.png,jnanadasa1895__03,jnanadasa1895,r1l25,अब बिबेक को स्वरूप कहिये हैं ।। चौ० ।। नित्य आत्मा,1612,153,50
jnanadasa1895__03__r1l26.png,jnanadasa1895__03,jnanadasa1895,r1l26,रूपहि जानौ । दृश्य सकल बिनाशवत मानौ ।। ऐसो निश्चय,1741,122,49
jnanadasa1895__03__line_1518182675355_5.png,jnanadasa1895__03,jnanadasa1895,line_1518182675355_5,होवै जबहीं । भयो बिवेक जानिये तबहीं ५ अब षट् संपत्ति शम,1732,112,55
jnanadasa1895__03__line_1518182671367_4.png,jnanadasa1895__03,jnanadasa1895,line_1518182671367_4,दमादि कहिये हैं ।। सदा बासना त्यागि है जोई ।। शम स्वरूप,1721,123,55
jnanadasa1895__03__r1l32.png,jnanadasa1895__03,jnanadasa1895,r1l32,कहियत है सोई ।। वाह्येंद्री वृत्ति निग्रहकरै । दमस्वरूप यह,1738,131,58
jnanadasa1895__03__r1l34.png,jnanadasa1895__03,jnanadasa1895,r1l34,मुनि उच्चरै ।। उपरति कहिये हैं ६ बिषयनते मन हटिरहै जोई ।,1666,103,56
jnanadasa1895__03__line_1518182646259_3.png,jnanadasa1895__03,jnanadasa1895,line_1518182646259_3,परम उपरति कहावै सोई ।। सहनो सब दुःखन को जोई । सो,1735,121,48
jnanadasa1895__03__r1l37.png,jnanadasa1895__03,jnanadasa1895,r1l37,सुख रूप तितिक्षा होई ७ श्रुति गरुबाक्य बिषय बिश्वासा ।,1726,121,54
jnanadasa1895__03__r1l38.png,jnanadasa1895__03,jnanadasa1895,r1l38,ताहि कहिय श्रद्धा सुप्रकासा ।। चितको रोक राखिबो जोई ।,1654,113,53
jnanadasa1895__03__r1l39.png,jnanadasa1895__03,jnanadasa1895,r1l39,समाधान कहियत है सोई ८ हे हरि यह जग बंधन जोई ।,1672,123,45
jnanadasa1895__03__r1l40.png,jnanadasa1895__03,jnanadasa1895,r1l40,कैसे कब छूटैगो सोई ।। यह दृढ़ बुद्धि भई है जाकों । सो मुमु-,1725,123,59
jnanadasa1895__03__r1l41.png,jnanadasa1895__03,jnanadasa1895,r1l41,क्षुता कहिये ताकों ।। ९ ।।,724,118,26
jnanadasa1895__03__r2l1.png,jnanadasa1895__03,jnanadasa1895,r2l1,३,64,275,1
jnanadasa1895__04__line_1518182748279_7.png,jnanadasa1895__04,jnanadasa1895,line_1518182748279_7,४,60,98,1
jnanadasa1895__04__r4l1.png,jnanadasa1895__04,jnanadasa1895,r4l1,अपरोक्षानुभव स० ।,577,155,17
jnanadasa1895__04__r4l2.png,jnanadasa1895__04,jnanadasa1895,r4l2,उक्तसाधनयुक्तेनविचारःपुरुषेणहि ।,1132,171,32
jnanadasa1895__04__r4l4.png,jnanadasa1895__04,jnanadasa1895,r4l4,कर्तव्योज्ञानसिद्ध्यर्थमात्मनःशुभमिच्छता ।। १० ।।,1645,111,49
jnanadasa1895__04__r4l5.png,jnanadasa1895__04,jnanadasa1895,r4l5,नोत्पद्यतेविनाज्ञानंविचारेणान्यसाधनैः ।,1249,139,39
jnanadasa1895__04__r4l6.png,jnanadasa1895__04,jnanadasa1895,r4l6,यथापदार्थभानंहिप्रकाशेनविनाक्वचित् ।। ११ ।।,1564,140,43
jnanadasa1895__04__r4l7.png,jnanadasa1895__04,jnanadasa1895,r4l7,कोहंकथमिदंजातंकोवैकत्तार्स्यविद्यते ।,1199,132,37
jnanadasa1895__04__r4l8.png,jnanadasa1895__04,jnanadasa1895,r4l8,उपादानंकिमस्तीहविचारःसोयमीदृशः ।। १२ ।।,1558,145,39
jnanadasa1895__04__r4l9.png,jnanadasa1895__04,jnanadasa1895,r4l9,नाहंभूतगणोदेहोनाहंचाक्षगणस्तथा ।,1220,121,32
jnanadasa1895__04__r4l10.png,jnanadasa1895__04,jnanadasa1895,r4l10,एतद्विलक्षणःकश्चिद्विचारःसोयमीदृशः ।। १३ ।।,1582,150,43
jnanadasa1895__04__r4l11.png,jnanadasa1895__04,jnanadasa1895,r4l11,अज्ञानप्रभवंसर्वंज्ञानेनप्रविलीयते ।,1085,130,36
jnanadasa1895__04__r4l12.png,jnanadasa1895__04,jnanadasa1895,r4l12,संकल्पोविविधःकर्ताविचारःसोयमीदृशः ।। १४ ।।,1549,165,42
jnanadasa1895__04__r4l14.png,jnanadasa1895__04,jnanadasa1895,r4l14,साधनचारकहे समुझाय । तिनकर पुरुष युक्तजो आय । तिह,1606,170,48
jnanadasa1895__04__r4l16.png,jnanadasa1895__04,jnanadasa1895,r4l16,विचारकरनोहै यातें । ज्ञान सिद्धिके अर्थसुजातें १० बिना बिचार,1743,131,60
jnanadasa1895__04__r4l20.png,jnanadasa1895__04,jnanadasa1895,r4l20,ज्ञान नहिं होई । साधन और करौ किन कोई ।। ज्यों सूर्यादि प्र-,1735,96,59
jnanadasa1895__04__r4l21.png,jnanadasa1895__04,jnanadasa1895,r4l21,काश बिनाते । बस्तु घटादि नाहि न देखियते ११ मैं हौं को जग,1740,127,56
jnanadasa1895__04__r4l22.png,jnanadasa1895__04,jnanadasa1895,r4l22,उपज्यो कातें । जग को कर्ता कौन सुतातें ।। अरुया जगको का-,1738,120,56
jnanadasa1895__04__r4l23.png,jnanadasa1895__04,jnanadasa1895,r4l23,रण कौन । याको नाम बिचारै तौन १२ भौतिक देह नहीं हो,1735,121,49
jnanadasa1895__04__r4l24.png,jnanadasa1895__04,jnanadasa1895,r4l24,जातें । हों इन्द्रिन समूह नहिं तातें ।। इनको साक्षी मैं हौं जौन ।,1715,115,65
jnanadasa1895__04__r4l25.png,jnanadasa1895__04,jnanadasa1895,r4l25,याको नाम बिचारै तौन १३ यह सब जग अज्ञानते भयऊ । ज्ञान,1750,122,52
jnanadasa1895__04__r4l26.png,jnanadasa1895__04,jnanadasa1895,r4l26,भयजुलीन ह्वै गयऊ ।। बहु बिधि कर्त्ता संकल्प जौन । याको,1726,119,54
jnanadasa1895__04__r4l27.png,jnanadasa1895__04,jnanadasa1895,r4l27,नाम बिचारौ तौन ।। १४ ।।,760,100,23
jnanadasa1895__05__r2l1.png,jnanadasa1895__05,jnanadasa1895,r2l1,अपरोक्षानुभव स० ।,577,186,17
jnanadasa1895__05__line_1518182840250_8.png,jnanadasa1895__05,jnanadasa1895,line_1518182840250_8,५,43,98,1
jnanadasa1895__05__r2l2.png,jnanadasa1895__05,jnanadasa1895,r2l2,येतयोर्यदुपादानमेकं सूक्ष्मंसदव्ययम् ।,1255,161,38
jnanadasa1895__05__r2l3.png,jnanadasa1895__05,jnanadasa1895,r2l3,यथैवमृद्घटादीनां विचारःसोयमीदृशः ।। १५ ।।,1555,136,41
jnanadasa1895__05__r2l4.png,jnanadasa1895__05,jnanadasa1895,r2l4,अहमेकोपिसूक्ष्मश्चज्ञातासाक्षीसदव्ययः ।,1328,137,39
jnanadasa1895__05__r2l6.png,jnanadasa1895__05,jnanadasa1895,r2l6,तदहंनात्रसंदेहः विचारःसोयमीदृशः ।। १६ ।।,1465,141,40
jnanadasa1895__05__r2l7.png,jnanadasa1895__05,jnanadasa1895,r2l7,तयोरैक्यंप्रपश्यंति किमज्ञानमतःपरम् ।,1265,128,37
jnanadasa1895__05__r2l8.png,jnanadasa1895__05,jnanadasa1895,r2l8,आत्माविनिष्कलोह्येकोदेहोबहुभिरावृतः ।। १७ ।।,1537,139,44
jnanadasa1895__05__r2l9.png,jnanadasa1895__05,jnanadasa1895,r2l9,आत्मानियाम्यकश्चांत र्देहोनियम्यवाह्यकः ।,1039,132,41
jnanadasa1895__05__r2l11.png,jnanadasa1895__05,jnanadasa1895,r2l11,तयोरैक्यंप्रपश्यंति किमज्ञानमतःपरम् ।। १८ ।।,1495,144,44
jnanadasa1895__05__r2l12.png,jnanadasa1895__05,jnanadasa1895,r2l12,आत्माज्ञानमयःप्रज्ञोदेहोमांसमयोशुचिः ।,1282,133,38
jnanadasa1895__05__r2l13.png,jnanadasa1895__05,jnanadasa1895,r2l13,तयोरैक्यंप्रपश्यंति किमज्ञानमतःपरम् ।। १९ ।।,1496,161,44
jnanadasa1895__05__r2l14.png,jnanadasa1895__05,jnanadasa1895,r2l14,याजग कारण एक सु जोई । सूक्षम सत अबिनाशी सोई ।।,1728,221,46
jnanadasa1895__05__r2l15.png,jnanadasa1895__05,jnanadasa1895,r2l15,ज्यों घटादि कारण मृद जौन । याको नाम बिचारैतौन १५,1721,207,48
jnanadasa1895__05__r2l17.png,jnanadasa1895__05,jnanadasa1895,r2l17,सो मैं यामें संशय नाहीं । याको नाम बिचार सुआहीं १६ आत्मा,1714,177,56
jnanadasa1895__05__r2l18.png,jnanadasa1895__05,jnanadasa1895,r2l18,अकल एकहै जोई । देह बहुत करि आबृति सोई ।। तिन दोउ,1720,115,48
jnanadasa1895__05__r2l19.png,jnanadasa1895__05,jnanadasa1895,r2l19,एक सु देखै जौन ।। यातें परे अज्ञान सु कौन १७ आत्मा न्यामक,1717,119,57
jnanadasa1895__05__r2l20.png,jnanadasa1895__05,jnanadasa1895,r2l20,अंतर जोई । देह नियम्य वाह्य पुनि सोई ।। तिन दोउ एकसु,1712,121,52
jnanadasa1895__05__r2l21.png,jnanadasa1895__05,jnanadasa1895,r2l21,देखै जौन । याते परे अज्ञान सुकौन १८ आत्मा शुद्ध ज्ञानमय,1693,116,55
jnanadasa1895__05__r2l22.png,jnanadasa1895__05,jnanadasa1895,r2l22,जोई । देह मांस मय अशुचि जुसोई ।। तिन दोउ एक सु देखै,1715,116,51
jnanadasa1895__05__r2l23.png,jnanadasa1895__05,jnanadasa1895,r2l23,जौन । याते परे अज्ञानसु कौन ।। १९ ।।,1069,134,36
jnanadasa1895__06__r3l1.png,jnanadasa1895__06,jnanadasa1895,r3l1,अपरोक्षानुभव स० ।,565,142,17
jnanadasa1895__06__line_1518182917192_9.png,jnanadasa1895__06,jnanadasa1895,line_1518182917192_9,६,49,90,1
jnanadasa1895__06__r3l2.png,jnanadasa1895__06,jnanadasa1895,r3l2,आत्माप्रकाशकःस्वच्छो देहस्तामसउच्यते ।,1394,165,38
jnanadasa1895__06__r3l3.png,jnanadasa1895__06,jnanadasa1895,r3l3,तयोरैक्यंप्रपश्यंति किमज्ञानमतःपरम् ।। २० ।।,1571,130,44
jnanadasa1895__06__r3l7.png,jnanadasa1895__06,jnanadasa1895,r3l7,आत्मानित्योहिसद्रूपो देहोनित्योह्यसन्मयः ।,1430,86,42
jnanadasa1895__06__r3l11.png,jnanadasa1895__06,jnanadasa1895,r3l11,तयोरैक्यंप्रपश्यंति किमज्ञानमतःपरम् ।। २१ ।।,1546,92,44
jnanadasa1895__06__r3l12.png,jnanadasa1895__06,jnanadasa1895,r3l12,आत्मनस्तत्प्रकाशत्वं यत्पदार्थावभासनम् ।,1456,144,40
jnanadasa1895__06__r3l13.png,jnanadasa1895__06,jnanadasa1895,r3l13,नाग्न्यादिदीप्तिवद्दीप्तिर्भवत्यांधंयतोनिशि ।। २२ ।।,1535,133,52
jnanadasa1895__06__r3l14.png,jnanadasa1895__06,jnanadasa1895,r3l14,देहोहंमित्ययंमूढो धृत्वातिष्ठत्यहोजनः ।,1219,140,39
jnanadasa1895__06__r3l18.png,jnanadasa1895__06,jnanadasa1895,r3l18,ममायमित्यपिज्ञात्वा घटदृष्टेएवसर्वदा ।। २३ ।।,1501,102,45
jnanadasa1895__06__r3l19.png,jnanadasa1895__06,jnanadasa1895,r3l19,ब्रृह्मैवाहंसमःशांतः सच्चिदानंदलक्षणः ।,1361,133,39
jnanadasa1895__06__r3l22.png,jnanadasa1895__06,jnanadasa1895,r3l22,नाहंदेहोह्यसद्रूपोज्ञानमित्युच्यतेबुधैः ।। २४ ।।,1504,102,48
jnanadasa1895__06__r3l23.png,jnanadasa1895__06,jnanadasa1895,r3l23,आत्मा स्वच्छ प्रकाशक जोई । देह तामसी जड़ है सोई ।,1631,162,49
jnanadasa1895__06__r3l24.png,jnanadasa1895__06,jnanadasa1895,r3l24,तिन दोउ एक सु देखै जौन । याते परे अज्ञान सुकौन २०,1747,115,49
jnanadasa1895__06__r3l25.png,jnanadasa1895__06,jnanadasa1895,r3l25,आत्मा नित्यरु सत्य रूप जो । देह अनित्य असत्य मय है सो ।।,1733,122,56
jnanadasa1895__06__r3l26.png,jnanadasa1895__06,jnanadasa1895,r3l26,तिन दोउ एकसु देखै जौन । याते परे अज्ञान सुकौन २१ सो,1733,118,51
jnanadasa1895__06__r3l27.png,jnanadasa1895__06,jnanadasa1895,r3l27,प्रकाश आत्माको तातें । सब पदार्थ भासतहैं जातें ।। नहिं सूर्य्या-,1721,117,64
jnanadasa1895__06__r3l28.png,jnanadasa1895__06,jnanadasa1895,r3l28,दि प्रकाश सु ऐसो । दिवस होत निशि होत न तैसो २२ मैं हौं,1711,119,54
jnanadasa1895__06__r3l29.png,jnanadasa1895__06,jnanadasa1895,r3l29,देह मूढ़ या इमि कहै । यह धरि रह्यो अज्ञ जन वहै ।। मम यह,1712,118,55
jnanadasa1895__06__r3l30.png,jnanadasa1895__06,jnanadasa1895,r3l30,देह जानि करि जोई । जिमि घट वृष्टि सर्बदा सोई २३ मैं हौं,1681,119,55
jnanadasa1895__06__r3l31.png,jnanadasa1895__06,jnanadasa1895,r3l31,ब्रह्म शांत सम जोई । हौं सच्चिदानंद पुनि सोई ।। हों नहिं देह,1726,124,60
jnanadasa1895__06__r3l32.png,jnanadasa1895__06,jnanadasa1895,r3l32,असत जो आहि । बुधजन ज्ञान कहतहैं ताहि ।। २४ ।।,1504,113,45
jnanadasa1895__07__r1l1.png,jnanadasa1895__07,jnanadasa1895,r1l1,अपरोक्षानुभव स० ।,576,142,17
jnanadasa1895__07__line_1518183062250_10.png,jnanadasa1895__07,jnanadasa1895,line_1518183062250_10,७,54,98,1
jnanadasa1895__07__r1l2.png,jnanadasa1895__07,jnanadasa1895,r1l2,निर्विकारोनिराकारो निर्वद्योहमव्ययः ।,1273,154,37
jnanadasa1895__07__r1l4.png,jnanadasa1895__07,jnanadasa1895,r1l4,नाहंदेहोह्यसद्रूपो ज्ञानमित्युच्यतेबुधैः ।। २५ ।।,1516,126,49
jnanadasa1895__07__r1l5.png,jnanadasa1895__07,jnanadasa1895,r1l5,निरामयोनिराभासो निर्विकल्पोहमांततः ।,1305,132,36
jnanadasa1895__07__r1l8.png,jnanadasa1895__07,jnanadasa1895,r1l8,नाहंदेहोह्यसद्रूपो ज्ञानमित्युच्यतेबुधैः ।। २६ ।।,1500,133,49
jnanadasa1895__07__r1l9.png,jnanadasa1895__07,jnanadasa1895,r1l9,निर्गुणोनिष्क्रियोनित्योनित्यमुक्तोहमुच्यतः ।,1143,139,45
jnanadasa1895__07__r1l11.png,jnanadasa1895__07,jnanadasa1895,r1l11,नाहंदेहोह्यसद्रूपो ज्ञानमित्युच्यतेबुधैः ।। २७ ।।,1519,140,49
jnanadasa1895__07__r1l13.png,jnanadasa1895__07,jnanadasa1895,r1l13,निर्मलोनिश्चलोनंतः शुद्धोहमजरोमरः ।,1282,126,35
jnanadasa1895__07__r1l14.png,jnanadasa1895__07,jnanadasa1895,r1l14,नाहंदेहोह्यसद्रूपोज्ञानमित्युच्यतेबुधैः ।। २८ ।।,1460,139,48
jnanadasa1895__07__r1l16.png,jnanadasa1895__07,jnanadasa1895,r1l16,स्वदेहेशोभनं त्यक्त्वापुरुषाख्यचसंमतम् ।,1411,113,40
jnanadasa1895__07__r1l18.png,jnanadasa1895__07,jnanadasa1895,r1l18,किंमूर्षशून्यमात्मानं देहातीतंकरोषिभो ।। २९ ।।,1526,130,46
jnanadasa1895__07__r1l19.png,jnanadasa1895__07,jnanadasa1895,r1l19,निर्विकार निराकारहों । अबिनाशी निरवद्य सारहों ।। होंनहिं,1628,125,56
jnanadasa1895__07__r1l20.png,jnanadasa1895__07,jnanadasa1895,r1l20,देह असत जो आहि । बुधजन ज्ञान कहत हैं ताहि २५ ।।,1725,120,47
jnanadasa1895__07__r1l21.png,jnanadasa1895__07,jnanadasa1895,r1l21,रोग रहित हों निराभास हों । निर्बिकल्प ब्यापक प्रकाश हों ।।,1726,118,58
jnanadasa1895__07__r1l22.png,jnanadasa1895__07,jnanadasa1895,r1l22,होंनहिं देह असत्य जो आहि । बुधजन ज्ञान कहत हैं ताहि ।।,1715,112,54
jnanadasa1895__07__r1l23.png,jnanadasa1895__07,jnanadasa1895,r1l23,२६ ।। निर्गुण निष्क्रिय नित्य हों जोई । नित्यमुक्त अच्युत हों,1721,116,61
jnanadasa1895__07__r1l24.png,jnanadasa1895__07,jnanadasa1895,r1l24,सोई ।। हों नहिं देह असत्य जो आहि । बुधजन ज्ञान कहत हैं,1712,121,54
jnanadasa1895__07__r1l25.png,jnanadasa1895__07,jnanadasa1895,r1l25,ताहि २७ हौं निर्मल निश्चल अनंत पुनि । शुद्धहों अजर,1722,109,50
jnanadasa1895__07__r1l26.png,jnanadasa1895__07,jnanadasa1895,r1l26,अमर निश्चय सुनि ।। होंनहिं देह असत्त जो आहि ।। बुधजन,1726,116,52
jnanadasa1895__07__r1l27.png,jnanadasa1895__07,jnanadasa1895,r1l27,ज्ञान कहत हैं ताहि ।। हे मूरख आतम है जोई । देहातीत सुशो-,1746,110,56
jnanadasa1895__07__r1l28.png,jnanadasa1895__07,jnanadasa1895,r1l28,भन सोई ।। श्रुतिकर बर्णित पुरुष पुरान । ताहि शून्य क्यों करत,1738,113,60
jnanadasa1895__07__r1l29.png,jnanadasa1895__07,jnanadasa1895,r1l29,बखान २८ बचन का शिष्य बचन देह अतीत आपको पुरुष जा-,1718,112,48
jnanadasa1895__07__r1l30.png,jnanadasa1895__07,jnanadasa1895,r1l30,नना इसका नाम ज्ञानहै सो शून्य हुआ गुरु बचन ब्रह्मी श्रुति,1748,121,57
jnanadasa1895__07__r1l31.png,jnanadasa1895__07,jnanadasa1895,r1l31,विषय आत्मा देहते भिन्न कहाहै २९ ।।,979,109,34
jnanadasa1895__08__r4l1.png,jnanadasa1895__08,jnanadasa1895,r4l1,अपरोक्षानुभव स० ।,580,141,17
jnanadasa1895__08__line_1518183208403_11.png,jnanadasa1895__08,jnanadasa1895,line_1518183208403_11,८,54,90,1
jnanadasa1895__08__r4l2.png,jnanadasa1895__08,jnanadasa1895,r4l2,स्वात्मानंशृणुमूर्खत्वं श्रुत्यायुक्त्याचपुरुषम् ।।,1430,86,51
jnanadasa1895__08__r4l4.png,jnanadasa1895__08,jnanadasa1895,r4l4,देहातीतंसदाकारं सुददर्शभवादृशैः ।। ३० ।।,1441,133,40
jnanadasa1895__08__r4l6.png,jnanadasa1895__08,jnanadasa1895,r4l6,अहंशब्देनविख्यातएकएवःस्थितःपरः ।,1247,125,32
jnanadasa1895__08__r4l7.png,jnanadasa1895__08,jnanadasa1895,r4l7,स्थूलत्वनैकतांप्राप्तः कथंस्याद्देहकःपुमान् ।। ३१ ।।,1601,118,52
jnanadasa1895__08__r4l10.png,jnanadasa1895__08,jnanadasa1895,r4l10,अहंदृष्टतयासिद्धो देहोदृश्यतयास्थितः ।,1304,92,38
jnanadasa1895__08__r4l12.png,jnanadasa1895__08,jnanadasa1895,r4l12,समायमितिनिर्द्देशात्कथंस्याद्देहकःपुमान् ।। ३२ ।।,1564,135,49
jnanadasa1895__08__r4l13.png,jnanadasa1895__08,jnanadasa1895,r4l13,अहंविकारहीनस्तु देहोनित्यविकारवान् ।,1318,129,36
jnanadasa1895__08__r4l14.png,jnanadasa1895__08,jnanadasa1895,r4l14,इतिप्रतीयतेसाक्षात्कथंस्याद्देहकःपुमान् ।। ३३ ।।,1529,132,48
jnanadasa1895__08__r4l15.png,jnanadasa1895__08,jnanadasa1895,r4l15,यस्मात्परमितिश्रुत्वा तयापुरुषलक्षणम् ।,1312,127,39
jnanadasa1895__08__r4l16.png,jnanadasa1895__08,jnanadasa1895,r4l16,विनिर्नीतंविमूढ़ेन कथंस्याद्देहकःपुमान् ।। ३४ ।।,1510,142,48
jnanadasa1895__08__r4l17.png,jnanadasa1895__08,jnanadasa1895,r4l17,चौ० । हे मूरुख सुन आतम जोहै ।। श्रुति युक्तिन करि,1609,139,49
jnanadasa1895__08__r4l18.png,jnanadasa1895__08,jnanadasa1895,r4l18,वर्णित सोहै ।। देहातीत हेतु जग जोई । अति अदृश्य,1745,120,47
jnanadasa1895__08__r4l20.png,jnanadasa1895__08,jnanadasa1895,r4l20,गुरु श्रुति कहै सोई ३० अहंशब्द करि जानौ जाहि । एक,1733,81,49
jnanadasa1895__08__r4l21.png,jnanadasa1895__08,jnanadasa1895,r4l21,सर्बते परे सु आहि ।। देहस्थूल अनेक सु जोय । सो वह,1738,125,49
jnanadasa1895__08__r4l22.png,jnanadasa1895__08,jnanadasa1895,r4l22,पुरुष सु कैसे होय ३१ हों द्रष्टा विषयादिक को पुनि । देह दृश्य,1746,118,61
jnanadasa1895__08__r4l23.png,jnanadasa1895__08,jnanadasa1895,r4l23,यह ताहि जानि सुनि ।। मम यह देह ब्योहार सु जोय । पुरुष,1747,113,53
jnanadasa1895__08__r4l24.png,jnanadasa1895__08,jnanadasa1895,r4l24,देह कैसे करि होय ३२ हों बिकार षट रहित सु जोई । देह सदा,1744,120,54
jnanadasa1895__08__r4l25.png,jnanadasa1895__08,jnanadasa1895,r4l25,बिकार युत सोई ।। यह साक्षात प्रत्यक्ष प्रमान । कैसे होय सु,1740,123,58
jnanadasa1895__08__r4l26.png,jnanadasa1895__08,jnanadasa1895,r4l26,देह पुमान ३३ सबते परे पुरुष है जोई । श्रुति तेहि लक्षण,1768,114,54
jnanadasa1895__08__r4l27.png,jnanadasa1895__08,jnanadasa1895,r4l27,कहत सुजोई ।। ज्ञानिन करके बर्णित जोय । पुरुष देह कैसे,1744,119,53
jnanadasa1895__08__r4l28.png,jnanadasa1895__08,jnanadasa1895,r4l28,करिहोय ।। ३४ ।।,493,104,15
jnanadasa1895__09__r1l1.png,jnanadasa1895__09,jnanadasa1895,r1l1,अपरोक्षानुभव स० ।,575,157,17
jnanadasa1895__09__r1l2.png,jnanadasa1895__09,jnanadasa1895,r1l2,९,61,141,1
jnanadasa1895__09__r1l3.png,jnanadasa1895__09,jnanadasa1895,r1l3,सर्वंपुरुषएवेति सूक्तेपुरुषसंज्ञिके ।,1189,161,37
jnanadasa1895__09__r1l5.png,jnanadasa1895__09,jnanadasa1895,r1l5,अप्युच्यतेयतःश्रुत्या कथंस्याद्देहकःपुमान् ।। ३५ ।।,1588,136,51
jnanadasa1895__09__r1l6.png,jnanadasa1895__09,jnanadasa1895,r1l6,असंगपुरुषःप्रोक्तो बृहदारण्यकेपिच ।,1315,149,35
jnanadasa1895__09__r1l9.png,jnanadasa1895__09,jnanadasa1895,r1l9,अनन्तमलसंश्लिष्टः कथंस्याद्देहकःपुमान् ।। ३६ ।।,1598,119,47
jnanadasa1895__09__r1l10.png,jnanadasa1895__09,jnanadasa1895,r1l10,तत्रैवचसमाख्यातः स्वयंज्योतिर्हिपूरुषः ।,1267,134,40
jnanadasa1895__09__r1l11.png,jnanadasa1895__09,jnanadasa1895,r1l11,जड़परप्रकाश्यौसौ कथंस्याद्देहकःपुमान् ।। ३७ ।।,1522,139,46
jnanadasa1895__09__r1l12.png,jnanadasa1895__09,jnanadasa1895,r1l12,प्रोक्तोपिकर्मकाण्डेन ह्यात्मादेहाद्विलक्षणः ।,1418,135,46
jnanadasa1895__09__r1l13.png,jnanadasa1895__09,jnanadasa1895,r1l13,नित्यश्चतत्फलंभुक्तेदेहपातादनंतरम् ।। ३८ ।।,1523,134,43
jnanadasa1895__09__line_1518183341008_12.png,jnanadasa1895__09,jnanadasa1895,line_1518183341008_12,लिंगंचानेकसंयुक्तं चलंदृश्यंविकारिच ।,1239,130,37
jnanadasa1895__09__r1l17.png,jnanadasa1895__09,jnanadasa1895,r1l17,अव्यापकमसद्रूपं तत्कथंस्यात्पुमानयम् ।। ३९ ।।,1528,159,45
jnanadasa1895__09__r1l18.png,jnanadasa1895__09,jnanadasa1895,r1l18,सबये परम पुरुषहै जोई । ब्रह्मसूक्त मैं कह्योंजुसोई ।। निश्च-,1709,170,60
jnanadasa1895__09__r1l19.png,jnanadasa1895__09,jnanadasa1895,r1l19,य श्रुति जेहि कहत प्रमान । कैसे होय सुदेह पुमान ३५ पुरुष,1729,116,56
jnanadasa1895__09__r1l20.png,jnanadasa1895__09,jnanadasa1895,r1l20,असंख्य कह्यो श्रुति जोई । वृहदारण्य माहिं कह्यो सोई ।। मल,1726,117,57
jnanadasa1895__09__r1l21.png,jnanadasa1895__09,jnanadasa1895,r1l21,अनंत करि लपट्यो जोय । देह आत्मा कैसे होय ३६ ताही वृह-,1700,121,53
jnanadasa1895__09__r1l22.png,jnanadasa1895__09,jnanadasa1895,r1l22,दारण्य के मांहि । स्वयं ज्योति कह्यो पुरुष जु ताहि ।। तन जड़,1712,116,60
jnanadasa1895__09__r1l23.png,jnanadasa1895__09,jnanadasa1895,r1l23,पर प्रकाश्य सु जोई । देह आत्मा कैसे होई ३७ कर्म काण्ड में,1729,114,57
jnanadasa1895__09__r1l24.png,jnanadasa1895__09,jnanadasa1895,r1l24,कह्यो जु सोई । देहते भिन्न आत्मा जोई ।। नित्य कर्म फल भु-,1726,126,57
jnanadasa1895__09__r1l25.png,jnanadasa1895__09,jnanadasa1895,r1l25,क्तै जातें । देह पात के भये सुतातें ३८ लिंग अनेक युक्तहै जोई ।,1661,115,62
jnanadasa1895__09__r1l26.png,jnanadasa1895__09,jnanadasa1895,r1l26,चंचल दृश्य विकारिक सोई ।। असत रूप अब्यापक जोय । सो,1735,114,50
jnanadasa1895__09__r1l27.png,jnanadasa1895__09,jnanadasa1895,r1l27,आत्मा कैसे करिहोय ३९ ।।,777,121,23
jnanadasa1895__10__r3l1.png,jnanadasa1895__10,jnanadasa1895,r3l1,अपरोक्षानुभव स० ।,598,180,17
jnanadasa1895__10__line_1518183461952_13.png,jnanadasa1895__10,jnanadasa1895,line_1518183461952_13,१०,88,98,2
jnanadasa1895__10__r3l3.png,jnanadasa1895__10,jnanadasa1895,r3l3,एवंदेहद्वयादन्यआत्मापुरुषईश्वरः ।,1081,124,33
jnanadasa1895__10__r3l5.png,jnanadasa1895__10,jnanadasa1895,r3l5,सर्व्वात्मासर्वरूपश्चसर्व्वातीतोहमव्ययः ।। ४० ।।,1576,66,48
jnanadasa1895__10__r3l6.png,jnanadasa1895__10,jnanadasa1895,r3l6,इत्यात्मदेहभागेन प्रपञ्चस्यैवसत्यता ।,1253,149,37
jnanadasa1895__10__r3l7.png,jnanadasa1895__10,jnanadasa1895,r3l7,यथोक्तातर्कशास्त्रेणकिंततःपुरुषार्थिता ।। ४१ ।।,1513,131,47
jnanadasa1895__10__r3l8.png,jnanadasa1895__10,jnanadasa1895,r3l8,इत्यात्मदेहभेदेन देहात्मत्वंनिवारितम् ।,1273,138,39
jnanadasa1895__10__r3l9.png,jnanadasa1895__10,jnanadasa1895,r3l9,इदानींदेहभेदस्य ह्यसत्वंस्फुटमुच्यते ।। ४२ ।।,1462,138,45
jnanadasa1895__10__r3l10.png,jnanadasa1895__10,jnanadasa1895,r3l10,चैतन्यस्यैकरूपत्वाद्भेदोयुक्तोनकर्हिचित् ।,1237,131,42
jnanadasa1895__10__r3l11.png,jnanadasa1895__10,jnanadasa1895,r3l11,जीवत्वचमृषाज्ञेयं रज्जोसर्पगृहोयथा ।। ४३ ।।,1468,139,43
jnanadasa1895__10__r3l12.png,jnanadasa1895__10,jnanadasa1895,r3l12,रज्ज्वज्ञानात्क्षणेनैवयद्वद्रज्जुहिसर्पिणी ।,1265,136,44
jnanadasa1895__10__r3l13.png,jnanadasa1895__10,jnanadasa1895,r3l13,भातितद्वच्चितिःसाक्षाद्विश्वाकारेणकेवला ।। ४४ ।।,1567,144,48
jnanadasa1895__10__r3l14.png,jnanadasa1895__10,jnanadasa1895,r3l14,ऐसे दोऊ देहते न्यारो । आत्मा पुरुष जु ईश्वर प्यारो ।। स-,1626,173,56
jnanadasa1895__10__r3l15.png,jnanadasa1895__10,jnanadasa1895,r3l15,र्वात्मा सबरूप जु सोई । सर्ब परे हो अव्यय सोई ४० आतम,1741,119,52
jnanadasa1895__10__r3l16.png,jnanadasa1895__10,jnanadasa1895,r3l16,देह भिन्नइमिकहो । असत्यप्रपंच सत्यकरिलहो ।। तर्कशास्त्रकरि,1729,121,58
jnanadasa1895__10__r3l17.png,jnanadasa1895__10,jnanadasa1895,r3l17,बर्णितजोय । यामें कह पुरुषारथ सोय ४१ आत्मा देह भेद करि,1719,114,54
jnanadasa1895__10__r3l18.png,jnanadasa1895__10,jnanadasa1895,r3l18,जोई । तनआत्मत्व निवास्यो सोई ।। अब तन भेद असत्यसु,1707,120,49
jnanadasa1895__10__r3l19.png,jnanadasa1895__10,jnanadasa1895,r3l19,जैसे । सोअस्पष्ट कहतहौं तैसे ४२ चेतन एकरूपजोआहि । भेद,1719,116,53
jnanadasa1895__10__r3l20.png,jnanadasa1895__10,jnanadasa1895,r3l20,युक्ति सो कबहूं नाहि ।। जीव भाव मिथ्या करिजानि। ज्यों रजु,1715,122,57
jnanadasa1895__10__r3l21.png,jnanadasa1895__10,jnanadasa1895,r3l21,माहिं सर्प बुधि ठानि ४३ रजु अज्ञान ते छिन इक जोई । जैसे,1737,115,55
jnanadasa1895__10__r3l22.png,jnanadasa1895__10,jnanadasa1895,r3l22,सर्पनिरजुहै सोई ।। तैसे चेतन है साक्षात । बिश्व रूपकरि सो,1722,132,57
jnanadasa1895__10__r3l23.png,jnanadasa1895__10,jnanadasa1895,r3l23,दरशात ४४ ।।,439,129,11
jnanadasa1895__11__r2l1.png,jnanadasa1895__11,jnanadasa1895,r2l1,अपरोक्षानुभव स० ।,574,166,17
jnanadasa1895__11__line_1518183572943_15.png,jnanadasa1895__11,jnanadasa1895,line_1518183572943_15,११,78,90,2
jnanadasa1895__11__r2l2.png,jnanadasa1895__11,jnanadasa1895,r2l2,उपादानंप्रपंचस्य ब्रह्मणोन्यन्नविद्यते ।,1268,155,40
jnanadasa1895__11__r2l3.png,jnanadasa1895__11,jnanadasa1895,r2l3,तस्मात्सर्वप्रपंचोयंब्रह्मैवास्तिनचेतरत् ।। ४५ ।।,1486,137,49
jnanadasa1895__11__r2l4.png,jnanadasa1895__11,jnanadasa1895,r2l4,व्याप्यव्यापकतामिथ्या सर्वमात्मेतिशासनात् ।,1446,142,43
jnanadasa1895__11__r2l5.png,jnanadasa1895__11,jnanadasa1895,r2l5,इतिज्ञातेपरेतत्त्वे भेदस्यावसरःकुतः ।। ४६ ।।,1429,127,44
jnanadasa1895__11__r2l6.png,jnanadasa1895__11,jnanadasa1895,r2l6,श्रुत्यानिवारितंनूनं नानात्वंस्वमुखेनहि ।,1264,135,41
jnanadasa1895__11__r2l7.png,jnanadasa1895__11,jnanadasa1895,r2l7,कथंभासोभवेदन्यः स्थितेचाद्वयकारणे ।। ४७ ।।,1514,137,42
jnanadasa1895__11__r2l8.png,jnanadasa1895__11,jnanadasa1895,r2l8,दोषापिविहितःश्रुत्या मृत्योमृत्युंसगच्छति ।,1423,141,43
jnanadasa1895__11__r2l9.png,jnanadasa1895__11,jnanadasa1895,r2l9,इहपश्यतिनानात्वंमाययावंचितोनरः ।। ४८ ।।,1460,137,39
jnanadasa1895__11__r2l10.png,jnanadasa1895__11,jnanadasa1895,r2l10,ब्रह्मणःसर्वभूतानि जायंतेपरमात्मनः ।,1244,85,36
jnanadasa1895__11__r2l12.png,jnanadasa1895__11,jnanadasa1895,r2l12,तस्मादेतानिब्रह्मैव भवतीत्यवधारयेत् ।। ४९ ।।,1481,146,44
jnanadasa1895__11__r2l13.png,jnanadasa1895__11,jnanadasa1895,r2l13,ब्रह्महि कारण जगको जानो । ताबिन कोई और न मानो ।।,1637,157,48
jnanadasa1895__11__r2l14.png,jnanadasa1895__11,jnanadasa1895,r2l14,ताते यह प्रपंच सबजोई । ब्रह्महि है नहिं और जु कोई ४५,1717,119,52
jnanadasa1895__11__r2l15.png,jnanadasa1895__11,jnanadasa1895,r2l15,व्याप्य औ व्यापक मिथ्या जानौ । सर्बमात्म इमि बचन सु-,1699,122,52
jnanadasa1895__11__r2l16.png,jnanadasa1895__11,jnanadasa1895,r2l16,मानौ ।। ऐसे जान्यौ परम तत्त्व जब । भेद बुद्धि फिर कहों कहां,1718,116,59
jnanadasa1895__11__r2l17.png,jnanadasa1895__11,jnanadasa1895,r2l17,तब ४६ निज मुख निश्चय करिके जोई । श्रुति ना तत्त्वनिवा-,1777,115,54
jnanadasa1895__11__r2l18.png,jnanadasa1895__11,jnanadasa1895,r2l18,स्योसोई ।। कैसे द्वैत भासहै तबै । अद्वय ब्रह्म भयोथिर जबै ४७,1720,119,60
jnanadasa1895__11__r2l19.png,jnanadasa1895__11,jnanadasa1895,r2l19,भेद दृष्टि श्रुति बिहित सुजानि । जन्म मरण तेहि होतहै मानि ।।,1730,120,60
jnanadasa1895__11__r2l20.png,jnanadasa1895__11,jnanadasa1895,r2l20,यह नानत्व बिलोकै जोई । माया करि वंचित नर सोई ।।,1720,118,47
jnanadasa1895__11__r2l21.png,jnanadasa1895__11,jnanadasa1895,r2l21,४८ परमात्मा अरु ब्रह्म सुजोई । सर्ब भूत ताते भये सोई ।।,1731,120,55
jnanadasa1895__11__r2l22.png,jnanadasa1895__11,jnanadasa1895,r2l22,ताते इनको ब्रह्महि जानौ । ब्रह्म बिना कछु और न मानौ ४९ ।।,1730,127,57
jnanadasa1895__12__r3l2.png,jnanadasa1895__12,jnanadasa1895,r3l2,अपरोक्षानुभव स० ।,583,167,17
jnanadasa1895__12__line_1518183698106_16.png,jnanadasa1895__12,jnanadasa1895,line_1518183698106_16,१२,78,90,2
jnanadasa1895__12__r3l3.png,jnanadasa1895__12,jnanadasa1895,r3l3,ब्रह्मैवसर्वनामानि रूपाणिविविधानिच ।,1498,154,36
jnanadasa1895__12__r3l4.png,jnanadasa1895__12,jnanadasa1895,r3l4,कर्माण्यपिसमग्राणि विभर्तीतिश्रुतिर्जगौ ।। ५० ।।,1586,133,48
jnanadasa1895__12__r3l5.png,jnanadasa1895__12,jnanadasa1895,r3l5,सुवर्णाज्जायमानस्यसुवर्णत्वंचशास्वतम् ।,1340,136,39
jnanadasa1895__12__r3l6.png,jnanadasa1895__12,jnanadasa1895,r3l6,ब्रह्मणोजायमानस्य ब्रह्मत्वंचतथाभवेत् ।। ५१ ।।,1516,132,46
jnanadasa1895__12__r3l7.png,jnanadasa1895__12,jnanadasa1895,r3l7,स्वल्पमप्यंतरंकृत्वा जीवात्मपरमात्मनोः ।,1324,135,40
jnanadasa1895__12__r3l8.png,jnanadasa1895__12,jnanadasa1895,r3l8,यःसंतिष्ठतिमूढ़ात्माभयंतस्याभिभाषितम् ।। ५२ ।।,1609,142,46
jnanadasa1895__12__r3l9.png,jnanadasa1895__12,jnanadasa1895,r3l9,यत्राज्ञानाद्भवेद्वैतमितरस्तत्रपश्यति ।,1339,129,39
jnanadasa1895__12__r3l10.png,jnanadasa1895__12,jnanadasa1895,r3l10,आत्मत्बेनयदासर्वं नेतरस्तत्रचान्यपि ।। ५३ ।।,1549,138,44
jnanadasa1895__12__r3l11.png,jnanadasa1895__12,jnanadasa1895,r3l11,यस्मिन्सर्वाणिभूतानिह्यात्मत्वेनविजानतः ।,1415,135,41
jnanadasa1895__12__r3l13.png,jnanadasa1895__12,jnanadasa1895,r3l13,नवैतस्यभवेन्मोहोनचशोकोद्वितीयतः ।। ५४ ।।,1499,74,40
jnanadasa1895__12__r3l14.png,jnanadasa1895__12,jnanadasa1895,r3l14,नाम रूप सब बिबिध सुजोई । ब्रह्म बिना कछु औरनहोई ।,1678,154,49
jnanadasa1895__12__r3l15.png,jnanadasa1895__12,jnanadasa1895,r3l15,कर्महु सकल ब्रह्म ही जान । यह श्रुति निश्चय कहत प्रमान,1713,117,54
jnanadasa1895__12__r3l16.png,jnanadasa1895__12,jnanadasa1895,r3l16,५० सुबरण ते उपज्यो है जौन । सो निश्चय सुबरण है तौन ।।,1730,114,53
jnanadasa1895__12__r3l17.png,jnanadasa1895__12,jnanadasa1895,r3l17,ब्रह्मसों उपजो ब्रह्महि जानौ । यामें संशय कछू न मानौ ५१,1716,123,55
jnanadasa1895__12__r3l18.png,jnanadasa1895__12,jnanadasa1895,r3l18,जीवात्मा परमातम माहीं । थोरो भेद करत जो आहीं ।। सो मू-,1686,115,54
jnanadasa1895__12__r3l19.png,jnanadasa1895__12,jnanadasa1895,r3l19,ढ़ात्मा निश्चय जानौ । जन्म मरण भयताहि पिछानौ ५२ जा,1733,119,50
jnanadasa1895__12__r3l20.png,jnanadasa1895__12,jnanadasa1895,r3l20,अज्ञान ते द्वैत सुहोई । और तहां देखत है सोई ।। आत्मा सर्ब,1737,119,57
jnanadasa1895__12__r3l21.png,jnanadasa1895__12,jnanadasa1895,r3l21,जबै यह जानौ । नहीं और तहँ निश्चय मानौ ५३ जब सब भूत,1719,118,50
jnanadasa1895__12__r3l22.png,jnanadasa1895__12,jnanadasa1895,r3l22,आत्मा जान्यो । तासु द्वैत भ्रम सबै बिलान्यो ।। नहिं तेहि शोक,1728,117,60
jnanadasa1895__12__r3l23.png,jnanadasa1895__12,jnanadasa1895,r3l23,मोह भय जोई । अद्वितीय जानेते सोई ५४ ।।,1275,132,38
jnanadasa1895__13__r1l1.png,jnanadasa1895__13,jnanadasa1895,r1l1,अपरोक्षानुभव स० ।,573,150,17
jnanadasa1895__13__r1l2.png,jnanadasa1895__13,jnanadasa1895,r1l2,१३,120,158,2
jnanadasa1895__13__r1l3.png,jnanadasa1895__13,jnanadasa1895,r1l3,अयमात्माहिब्रह्मैवसर्वात्मकतयास्थितः ।,1234,159,38
jnanadasa1895__13__r1l5.png,jnanadasa1895__13,jnanadasa1895,r1l5,इतिनिर्द्धारतंश्रुत्वा वृहदारण्यसंस्थया ।। ५५ ।।,1482,137,48
jnanadasa1895__13__r1l6.png,jnanadasa1895__13,jnanadasa1895,r1l6,अनुभूतोप्ययंलोको व्यवहारक्षमोपिसन् ।,1294,126,36
jnanadasa1895__13__r1l7.png,jnanadasa1895__13,jnanadasa1895,r1l7,असदयोयथास्वप्न उत्तरक्षणवाधृतः ।। ५६ ।।,1463,139,39
jnanadasa1895__13__r1l8.png,jnanadasa1895__13,jnanadasa1895,r1l8,स्वप्नोजागरणेलोकः स्वप्नोपिजागरेनहि ।,1288,139,37
jnanadasa1895__13__r1l9.png,jnanadasa1895__13,jnanadasa1895,r1l9,द्वयमेवलयेनास्तिलयोपिह्युभयोर्नहि ।। ५७ ।।,1466,126,42
jnanadasa1895__13__r1l10.png,jnanadasa1895__13,jnanadasa1895,r1l10,त्रयमेव भवेन्मिथ्या गुणत्रयविनिर्मितम् ।,1297,126,40
jnanadasa1895__13__r1l11.png,jnanadasa1895__13,jnanadasa1895,r1l11,अस्यद्रष्टागुणातीतो नित्योह्येकचिदात्मकः ।। ५८ ।।,1613,137,49
jnanadasa1895__13__r1l12.png,jnanadasa1895__13,jnanadasa1895,r1l12,यद्वन्मृदिधटभ्रांतिः शुक्तोवारजतस्थितिः ।,1313,134,41
jnanadasa1895__13__r1l13.png,jnanadasa1895__13,jnanadasa1895,r1l13,तद्ब्रह्मणिजीवत्वंवीक्ष्यमाणेनपश्यति ।। ५९ ।।,1457,131,45
jnanadasa1895__13__r1l14.png,jnanadasa1895__13,jnanadasa1895,r1l14,यह जीवात्मा ब्रह्महिजाने । सर्बात्मक ताकोयहि माने ।। यह,1678,144,55
jnanadasa1895__13__r1l15.png,jnanadasa1895__13,jnanadasa1895,r1l15,निर्द्धार कियो श्रुति सही । वृहदारण्य विषयसोकही ५५ या जग,1749,118,56
jnanadasa1895__13__r1l16.png,jnanadasa1895__13,jnanadasa1895,r1l16,के ब्योहार सु जोई । अनुभव करिके देख्यो सोई ।। असत रूप,1739,118,53
jnanadasa1895__13__r1l17.png,jnanadasa1895__13,jnanadasa1895,r1l17,ज्यों सुप्ना जोय । जागतही नाश्यो सब सोय ५६ स्वप्नो जाग्रत,1724,120,57
jnanadasa1895__13__r1l19.png,jnanadasa1895__13,jnanadasa1895,r1l19,में नहिं होई । जाग्रत स्वप्न माहिं नहिं कोई ।। दोऊ सुषुप्त माहिं,1716,117,64
jnanadasa1895__13__r1l20.png,jnanadasa1895__13,jnanadasa1895,r1l20,नहिं पइये ।। दोउनमें सुषुप्त नहिं लहिये ५७ तातें तीनों मिथ्या,1721,120,61
jnanadasa1895__13__r1l21.png,jnanadasa1895__13,jnanadasa1895,r1l21,जानौ । तीनों गुण करि निर्मित मानौ ।। इनको द्रष्टा एक सु,1709,117,55
jnanadasa1895__13__r1l22.png,jnanadasa1895__13,jnanadasa1895,r1l22,जोई । गुणातीत चित नित्य जु सोई ५८ ज्यों मृतिका घट भ्रांति,1729,121,57
jnanadasa1895__13__r1l23.png,jnanadasa1895__13,jnanadasa1895,r1l23,सु जोई ।। शुक्तिमें रजत भ्रमहै सोई ।। त्यों ब्रह्म माहिं जीव भ्रम,1718,118,65
jnanadasa1895__13__r1l24.png,jnanadasa1895__13,jnanadasa1895,r1l24,होई । किये बिचार न दीखै कोई ५९ ।।,1234,125,33
nivajakavi1895__00a__r2l27.png,nivajakavi1895__00a,nivajakavi1895,r2l27,श्री गुरुचरणकमलेभ्यो नम:,984,104,24
nivajakavi1895__00a__r2l37.png,nivajakavi1895__00a,nivajakavi1895,r2l37,शकुन्तला उपाख्यान,1250,101,17
nivajakavi1895__00a__r2l55.png,nivajakavi1895__00a,nivajakavi1895,r2l55,श्रीयुत कबिकुलकमलप्राभाकर कालिदासबिरचित,1608,79,39
nivajakavi1895__00a__r2l63.png,nivajakavi1895__00a,nivajakavi1895,r2l63,जिसको कि,354,79,8
nivajakavi1895__00a__line_1518177767912_159.png,nivajakavi1895__00a,nivajakavi1895,line_1518177767912_159,निवाज कबि ने अनेक मनोहर छंदों में,1322,98,33
nivajakavi1895__00a__r2l81.png,nivajakavi1895__00a,nivajakavi1895,r2l81,संस्कृत नाटक से उल्था किया,814,104,26
nivajakavi1895__00a__line_1518177741603_158.png,nivajakavi1895__00a,nivajakavi1895,line_1518177741603_158,प्रथम चौधरी अयोध्याप्रसाद व पंडित लालमन,1610,83,39
nivajakavi1895__00a__line_1518177730684_157.png,nivajakavi1895__00a,nivajakavi1895,line_1518177730684_157,ने छपवाकर रसिकजनों के बिनोदार्थ,1330,86,31
nivajakavi1895__00a__r2l107.png,nivajakavi1895__00a,nivajakavi1895,r2l107,प्रकाशित किया था,708,98,16
nivajakavi1895__00a__r2l115.png,nivajakavi1895__00a,nivajakavi1895,r2l115,और,116,94,2
nivajakavi1895__00a__r2l122.png,nivajakavi1895__00a,nivajakavi1895,r2l122,अब श्री पण्डित लालमन जी की,1192,108,26
nivajakavi1895__00a__r2l130.png,nivajakavi1895__00a,nivajakavi1895,r2l130,आज्ञानुसार,398,118,10
nivajakavi1895__00a__r2l137.png,nivajakavi1895__00a,nivajakavi1895,r2l137,प्रथमबार,256,83,8
nivajakavi1895__00a__r2l144.png,nivajakavi1895__00a,nivajakavi1895,r2l144,लखनऊ,372,98,4
nivajakavi1895__00a__r2l152.png,nivajakavi1895__00a,nivajakavi1895,r2l152,"मुंशी नवलकिशोर (सी, आई, ई) के छापेखाने में छपी",1554,75,46
nivajakavi1895__00a__r2l158.png,nivajakavi1895__00a,nivajakavi1895,r2l158,फ़रवरी सन् १८९५ ई० ॥,790,94,20
nivajakavi1895__00a__r2l165.png,nivajakavi1895__00a,nivajakavi1895,r2l165,हक़तसनीफ़ महफ़ूज़है बहक़ नवलकिशोर प्रेस,1292,75,39
nivajakavi1895__00a__r2l176.png,nivajakavi1895__00a,nivajakavi1895,r2l176,३ जुज़ २ वर्क़,412,101,14
nivajakavi1895__00b__r2l1.png,nivajakavi1895__00b,nivajakavi1895,r2l1,इस मतबे में जितने प्रकारकी काब्यकी पुस्तकैं छपी,2111,173,47
nivajakavi1895__00b__r2l2.png,nivajakavi1895__00b,nivajakavi1895,r2l2,हैं उनमें से कुछ नीचे लिखीजाती हैं ॥,1539,163,36
nivajakavi1895__00b__r2l5.png,nivajakavi1895__00b,nivajakavi1895,r2l5,जिसमें भक्तभयहारी कुञ्जविहारी रसिकशिरोमणि श्रीकृष्ण,2032,139,51
nivajakavi1895__00b__r2l6.png,nivajakavi1895__00b,nivajakavi1895,r2l6,चन्द्र और श्रीराधिकाजीके लीलाविषयक नानाप्रकारके अत्यु-,2113,135,54
nivajakavi1895__00b__r2l8.png,nivajakavi1895__00b,nivajakavi1895,r2l8,त्तम कबित्त और सवैयादि वर्णितहैं जिसको हफ़ीजुल्लाहखांसां-,2126,128,57
nivajakavi1895__00b__r2l9.png,nivajakavi1895__00b,nivajakavi1895,r2l9,ड़ीनिवासि सुदर्रिस मदर्सा मौज़ा बन्नापुर परगनै बंगर थाना,2146,114,56
nivajakavi1895__00b__r2l12.png,nivajakavi1895__00b,nivajakavi1895,r2l12,बघौली स्टेशन ज़िला हरदोई ने अपने शौक़ीन दोस्तोंके दि-,2161,129,53
nivajakavi1895__00b__r2l13.png,nivajakavi1895__00b,nivajakavi1895,r2l13,लबहलानेके निमित्त अति परिश्रमसे संग्रह किया ॥,1828,130,45
nivajakavi1895__00b__r2l14.png,nivajakavi1895__00b,nivajakavi1895,r2l14,षट्ऋतुकाव्यसंग्रह ॥,840,145,19
nivajakavi1895__00b__r2l15.png,nivajakavi1895__00b,nivajakavi1895,r2l15,"हफ़ीतुल्लाहख़ां संग्रहीत जिसमें वसन्त, ग्रीष्म, वर्षा, शरद",2027,136,58
nivajakavi1895__00b__line_1518177958743_163.png,nivajakavi1895__00b,nivajakavi1895,line_1518177958743_163,"हेमन्त, शिशिर, छओ ऋतुओंके कबित्त व सवैया ऐसे२ अत्यु-",2122,164,52
nivajakavi1895__00b__r2l18.png,nivajakavi1895__00b,nivajakavi1895,r2l18,"त्तम लहलहे रँगीले परमचुहचुहे रसीले, अपने रसिकमित्रों व",2149,195,54
nivajakavi1895__00b__line_1518177950750_162.png,nivajakavi1895__00b,nivajakavi1895,line_1518177950750_162,रंगीन तबीयतवाले महाशयोंके चित्तविनोदार्थ बड़े परिश्रमसे,2162,127,55
nivajakavi1895__00b__r2l21.png,nivajakavi1895__00b,nivajakavi1895,r2l21,छांट २ कर लिखेगये हैं ॥,769,123,23
nivajakavi1895__00b__r2l22.png,nivajakavi1895__00b,nivajakavi1895,r2l22,प्रेमतरङ्गिनी ॥,595,173,15
nivajakavi1895__00b__r2l23.png,nivajakavi1895__00b,nivajakavi1895,r2l23,मुंशीहफ़ीजुल्लाहख़ां संग्रहीत इसमें चित्रविचित्र सामयिक,2007,117,55
nivajakavi1895__00b__line_1518177922801_161.png,nivajakavi1895__00b,nivajakavi1895,line_1518177922801_161,देवपक्ष व प्रत्येक ऋतुओं के कबित्त सवैया हरएक कविके बनाये,2134,158,57
nivajakavi1895__00b__r2l27.png,nivajakavi1895__00b,nivajakavi1895,r2l27,हुये संग्रह किये गये हैं इसकी उत्तमता देखनेहीसे मालूम,2144,208,53
nivajakavi1895__00b__r2l28.png,nivajakavi1895__00b,nivajakavi1895,r2l28,होती है ॥,361,117,9
nivajakavi1895__00b__r2l29.png,nivajakavi1895__00b,nivajakavi1895,r2l29,हफ़ीजुल्लाहखांका हज़ारा ॥,1096,162,25
nivajakavi1895__00b__r2l30.png,nivajakavi1895__00b,nivajakavi1895,r2l30,इसमें नानाप्रकार के बहुतही उत्तम २ सब १९८४ कबित्त,1985,184,49
nivajakavi1895__00b__line_1518177902275_160.png,nivajakavi1895__00b,nivajakavi1895,line_1518177902275_160,लिखे गये हैं स्थान २ पर तसवीरैं भी बनी हैं ऐसा ग्रंथ कबित्तों,2126,227,61
nivajakavi1895__00b__r2l33.png,nivajakavi1895__00b,nivajakavi1895,r2l33,का संग्रह कियाहुआ आजतक देखनेमेंनहीं आया उत्तमता दे-,2102,117,51
nivajakavi1895__00b__r2l35.png,nivajakavi1895__00b,nivajakavi1895,r2l35,खनेसे प्रकटहोगी रसिकपुरुषोंके लिये अत्यन्त आनन्दकारीहै॥,2128,242,55
nivajakavi1895__01__line_1518178165248_167.png,nivajakavi1895__01,nivajakavi1895,line_1518178165248_167,श्रीगणेशाय नमः,483,124,14
nivajakavi1895__01__r2l3.png,nivajakavi1895__01,nivajakavi1895,r2l3,कथाप्रारंभ ॥,568,155,12
nivajakavi1895__01__r2l4.png,nivajakavi1895__01,nivajakavi1895,r2l4,काब्य बद्ध,493,170,10
nivajakavi1895__01__line_1518178128561_166.png,nivajakavi1895__01,nivajakavi1895,line_1518178128561_166,शकुन्तला दुष्यन्त के गन्धर्व विवाह के विषय में,2090,170,46
nivajakavi1895__01__r2l8.png,nivajakavi1895__01,nivajakavi1895,r2l8,सवैया,241,146,5
nivajakavi1895__01__r2l9.png,nivajakavi1895__01,nivajakavi1895,r2l9,एक समय मुनिनायक कौशिक कानन जाय महातप,2024,140,36
nivajakavi1895__01__r2l11.png,nivajakavi1895__01,nivajakavi1895,r2l11,कीन्हों । देह को दीन्होंकलेश महा मिटि भेष गयोन,1604,133,46
nivajakavi1895__01__r2l16.png,nivajakavi1895__01,nivajakavi1895,r2l16,"परै कछु चीन्हों ॥ निशिबासर नेमकियो ही निवाज,",1483,131,44
nivajakavi1895__01__line_1518178091755_165.png,nivajakavi1895__01,nivajakavi1895,line_1518178091755_165,निरंजन के पद मैं चित दीन्हों । साधिकै योग को आ-,2129,137,47
nivajakavi1895__01__line_1518178084182_164.png,nivajakavi1895__01,nivajakavi1895,line_1518178084182_164,सन यों इन्द्रासन इन्द्र को चाहत लीन्हों ८ अन्हैबे,2151,99,49
nivajakavi1895__01__r2l29.png,nivajakavi1895__01,nivajakavi1895,r2l29,कों तीरथ कोऊ बचो न फिस्यो सिगरीं सरतानि के,2154,155,42
nivajakavi1895__01__r2l30.png,nivajakavi1895__01,nivajakavi1895,r2l30,कूलनि । चारिहू आगि के बीच में बैठि सह्यो सविता,2159,128,46
nivajakavi1895__01__r2l32.png,nivajakavi1895__01,nivajakavi1895,r2l32,सन्ताप के शूलनि ॥ धूम को पान अमान कियो पग,2129,136,41
nivajakavi1895__01__r2l34.png,nivajakavi1895__01,nivajakavi1895,r2l34,ऊरध बांधि अधोमुख झूलनि । चौंसठि साल विशाल,2144,128,41
nivajakavi1895__01__r2l38.png,nivajakavi1895__01,nivajakavi1895,r2l38,ऋषीश्वर खाइ रह्यो बन के फल फूलनि ९ ॥,1709,75,36
nivajakavi1895__01__r2l40.png,nivajakavi1895__01,nivajakavi1895,r2l40,घनाक्षरी छंद,540,164,12
nivajakavi1895__01__r2l41.png,nivajakavi1895__01,nivajakavi1895,r2l41,धूपके दिननि हेरैमन मुख सूरज सों सन्मुख चाहे,2006,147,43
nivajakavi1895__01__r2l42.png,nivajakavi1895__01,nivajakavi1895,r2l42,अरु प्रबल अनल वारि धरि कें । जाड़े के दिननि,2139,128,43
nivajakavi1895__02__line_1518178386119_171.png,nivajakavi1895__02,nivajakavi1895,line_1518178386119_171,(२),315,99,3
nivajakavi1895__02__r2l1.png,nivajakavi1895__02,nivajakavi1895,r2l1,यों रहत जल सोइबैठि रहत नदीमें गरे लों जल भरि,2144,175,44
nivajakavi1895__02__r2l3.png,nivajakavi1895__02,nivajakavi1895,r2l3,कें ॥ देखि विश्वामित्रको बिशालनेम संयमयों अतिही,2099,141,47
nivajakavi1895__02__r2l4.png,nivajakavi1895__02,nivajakavi1895,r2l4,सुरेश सो सरल भयो डरिकें । मन को प्रपंच करिबेकों,2137,156,47
nivajakavi1895__02__r2l5.png,nivajakavi1895__02,nivajakavi1895,r2l5,मघवाने तब मेनका बुलाई सन्मान बड़ों करिकें १० ॥,2135,153,46
nivajakavi1895__02__r2l6.png,nivajakavi1895__02,nivajakavi1895,r2l6,दोहा । आदर देखि सुरेशको हरषति हिरदयखोलि ।,2057,147,41
nivajakavi1895__02__r2l7.png,nivajakavi1895__02,nivajakavi1895,r2l7,याविधितबमघवानसों उठीमेनकाबोलि ११ ॥,1804,159,34
nivajakavi1895__02__r2l9.png,nivajakavi1895__02,nivajakavi1895,r2l9,घनाक्षरी छन्द । और की कहाहै ब्रह्म हरिहरहू कों,1855,147,46
nivajakavi1895__02__r2l11.png,nivajakavi1895__02,nivajakavi1895,r2l11,जो कहो तो मन्मथ बश काम करि आऊं सो । मेरेमहा,2120,159,43
nivajakavi1895__02__r2l14.png,nivajakavi1895__02,nivajakavi1895,r2l14,मोह में ठहरि सको छिन भरि ऐसो तिहूंलोक में मैं,2149,129,45
nivajakavi1895__02__line_1518178344063_169.png,nivajakavi1895__02,nivajakavi1895,line_1518178344063_169,योगी ठहराऊं सो ॥ विश्वामित्र जू को जप तप नेम,2144,163,44
nivajakavi1895__02__r2l19.png,nivajakavi1895__02,nivajakavi1895,r2l19,संयम घरी में खोइ आऊं नेक अवसु करिपाऊं सो ।,2131,137,42
nivajakavi1895__02__r2l21.png,nivajakavi1895__02,nivajakavi1895,r2l21,मुनि के जो मेनकेत नाच गान चाउ महाराजकी दुहाई,2095,164,44
nivajakavi1895__02__r2l22.png,nivajakavi1895__02,nivajakavi1895,r2l22,मैं न मैनका कहाऊं सो १२ ॥,1249,139,25
nivajakavi1895__02__r2l23.png,nivajakavi1895__02,nivajakavi1895,r2l23,छप्पै । गहिकर बीन प्रवीन निपटपरवीन पियारी ।,1996,175,43
nivajakavi1895__02__line_1518178314630_168.png,nivajakavi1895__02,nivajakavi1895,line_1518178314630_168,चढ़ि बिमान असमान लोकतें भूमि सिधारी ॥ सोरह,2105,135,42
nivajakavi1895__02__r2l29.png,nivajakavi1895__02,nivajakavi1895,r2l29,करि शृंगार पहरि द्वादश आभूषण । लखि जु अंग,2153,150,41
nivajakavi1895__02__r2l30.png,nivajakavi1895__02,nivajakavi1895,r2l30,की ज्योति गये छिपि शशि अरुपूषण ॥ तप भंग कर-,2128,161,43
nivajakavi1895__02__r2l31.png,nivajakavi1895__02,nivajakavi1895,r2l31,न की बेलि सी फुरसति सी फूलीफली । मूरति बनाइ,2177,140,43
nivajakavi1895__02__r2l33.png,nivajakavi1895__02,nivajakavi1895,r2l33,निज मोहनी मुनिके मनहिं मोहन चली १३ ॥,1888,168,36
nivajakavi1895__02__r2l35.png,nivajakavi1895__02,nivajakavi1895,r2l35,हरिगीत छन्द । सुखिचंद की नहिं होति अब ल-,1990,136,40
nivajakavi1895__02__r2l36.png,nivajakavi1895__02,nivajakavi1895,r2l36,खि ज्योति जा मुखचंदकी । लरिव चरनकर सुखमा भजी,2158,156,44
nivajakavi1895__02__r2l38.png,nivajakavi1895__02,nivajakavi1895,r2l38,सुखमा सरोरुहचंदकी ॥ लखि नैन जाके ललित खंजन,2165,144,42
nivajakavi1895__02__r2l39.png,nivajakavi1895__02,nivajakavi1895,r2l39,मीन अरु मृगनैन की । मुनिमैन के बश करन को उ-,2165,160,43
nivajakavi1895__02__r2l40.png,nivajakavi1895__02,nivajakavi1895,r2l40,तरी तपोबन मेन की १४ ॥,1093,143,21
nivajakavi1895__02__r2l41.png,nivajakavi1895__02,nivajakavi1895,r2l41,हरिगीत छंद । फहरात अंचल नैन चंचल निपट,1998,182,37
nivajakavi1895__03__line_1518178496948_173.png,nivajakavi1895__03,nivajakavi1895,line_1518178496948_173,(३),328,90,3
nivajakavi1895__03__r2l2.png,nivajakavi1895__03,nivajakavi1895,r2l2,लचकत लंफतें । करत विविधकटाक्ष अलपत रागऊंचे,2159,176,42
nivajakavi1895__03__r2l4.png,nivajakavi1895__03,nivajakavi1895,r2l4,सुरनतें ॥ सुनिरागके मृदु सुरनिमुनि दृगखोलिदीन्हें ध्या,1927,138,54
nivajakavi1895__03__r2l7.png,nivajakavi1895__03,nivajakavi1895,r2l7,न तें । छबि लखत लूट्यों तपजुछूट्यो छुट्यो ऋषि तप,2153,161,48
nivajakavi1895__03__r2l8.png,nivajakavi1895__03,nivajakavi1895,r2l8,ज्ञानतें १५ ॥,561,124,13
nivajakavi1895__03__r2l9.png,nivajakavi1895__03,nivajakavi1895,r2l9,चौपाई । मास्यो मन्मथ साधि शरासन । छोड़ि दि-,1958,165,43
nivajakavi1895__03__r2l10.png,nivajakavi1895__03,nivajakavi1895,r2l10,यो मुनि योग को आसन ॥ जप तप संयम धर्म नशा-,2156,148,41
nivajakavi1895__03__r2l11.png,nivajakavi1895__03,nivajakavi1895,r2l11,यो । मोहि मेनका के ढिग आयो ॥ अंग अंग सों आ-,2144,159,43
nivajakavi1895__03__r2l12.png,nivajakavi1895__03,nivajakavi1895,r2l12,नि लगायो । योग कियेको फल मनु पायो ॥ एक मुहू-,2103,129,44
nivajakavi1895__03__r2l14.png,nivajakavi1895__03,nivajakavi1895,r2l14,रत के सुख कारन । खोयो तप करिबर्ष हजारन ॥ पी-,2142,173,44
nivajakavi1895__03__r2l16.png,nivajakavi1895__03,nivajakavi1895,r2l16,छे निकट बहुत पछितानो । वा बन तें मुनि अनत परा-,2129,149,46
nivajakavi1895__03__r2l19.png,nivajakavi1895__03,nivajakavi1895,r2l19,नो ॥ गर्भ मेनका कीन्हों धारन । तब सो मन में लगी,2141,142,47
nivajakavi1895__03__r2l20.png,nivajakavi1895__03,nivajakavi1895,r2l20,बिचारन ॥ नर गर्भहि ले कें जो जावै । तो सुरपुर,2134,155,45
nivajakavi1895__03__r2l21.png,nivajakavi1895__03,nivajakavi1895,r2l21,महँ पैठि न पावे ॥ भई सुता नौ मास भये जब । गई,2102,149,44
nivajakavi1895__03__r2l22.png,nivajakavi1895__03,nivajakavi1895,r2l22,मेनका सुरपुर को तब ॥ १६ ॥,1252,152,25
nivajakavi1895__03__r2l23.png,nivajakavi1895__03,nivajakavi1895,r2l23,सवैया । डर डारि सुता कों गई सुरलोकहि दूध,1975,163,40
nivajakavi1895__03__r2l25.png,nivajakavi1895__03,nivajakavi1895,r2l25,पियायो न एक घरी । यह जानि कें मानस की जन्मी,2148,135,43
nivajakavi1895__03__r2l28.png,nivajakavi1895__03,nivajakavi1895,r2l28,कछु मेनका नेकु दयानधरी ॥ कुलमाहिंन कोऊ जोराखे,2137,148,45
nivajakavi1895__03__r2l31.png,nivajakavi1895__03,nivajakavi1895,r2l31,कहूं वह काहे को धौं करतार करी । सुधिलेबे की कोऊ,2005,167,47
nivajakavi1895__03__line_1518178512982_174.png,nivajakavi1895__03,nivajakavi1895,line_1518178512982_174,नहीं सँगमें बन सूने शकुन्तला रोवे परी ॥ १७ ॥,1878,128,44
nivajakavi1895__03__r2l38.png,nivajakavi1895__03,nivajakavi1895,r2l38,सवैया । न्हैबेकों जाय कढ़्यो तिहि मारग देखि के,1984,151,46
nivajakavi1895__03__r2l39.png,nivajakavi1895__03,nivajakavi1895,r2l39,कण्व कृपा अति कीन्ही । देव कि दानवकै नर की कि-,2137,147,46
nivajakavi1895__03__r2l40.png,nivajakavi1895__03,nivajakavi1895,r2l40,धौं नाग की है न परै कुछचीन्ही ॥ सुंदर ऐसी सुताकि-,2128,161,49
nivajakavi1895__03__r2l41.png,nivajakavi1895__03,nivajakavi1895,r2l41,हि कारण को बन में गहि डारि धों दीन्ही । रोवे अके-,2120,148,49
nivajakavi1895__03__r2l43.png,nivajakavi1895__03,nivajakavi1895,r2l43,ली परी बनमें ऋषिआय उठाय शकुन्तला लीन्ही १८ ॥,2140,146,44
nivajakavi1895__03__r2l44.png,nivajakavi1895__03,nivajakavi1895,r2l44,दोहा । लीहें सुता शकुन्तला कलपत आश्रम आय ।,2054,153,42
nivajakavi1895__04__line_1518178682169_175.png,nivajakavi1895__04,nivajakavi1895,line_1518178682169_175,(४),329,90,3
nivajakavi1895__04__r2l2.png,nivajakavi1895__04,nivajakavi1895,r2l2,कह्यो गौतमी बहनि सों याकों देहु जिवाय ॥ १९ ॥,2020,137,44
nivajakavi1895__04__line_1518178686863_176.png,nivajakavi1895__04,nivajakavi1895,line_1518178686863_176,छप्पै । सुन्दर गात निहारि गौतमी गरैं लगाई ।,1989,99,43
nivajakavi1895__04__r2l5.png,nivajakavi1895__04,nivajakavi1895,r2l5,आयुर्बल तें जिअत नहीं करि यतन जिवाई ॥ करैं कृपा,1627,126,47
nivajakavi1895__04__r2l8.png,nivajakavi1895__04,nivajakavi1895,r2l8,ऋषि बहुत सबै सबके मन भाई । सकल तपोबन मा-,1654,139,40
nivajakavi1895__04__r2l10.png,nivajakavi1895__04,nivajakavi1895,r2l10,हिं कण्वकी सुता कहाई ॥ दिन दिन कन्या बढ़त प्रभा,2167,132,47
nivajakavi1895__04__r2l12.png,nivajakavi1895__04,nivajakavi1895,r2l12,छबि अंग अंग फैलिनलगी । गहिबांह सखिनि के संग,1390,121,43
nivajakavi1895__04__line_1518178697254_177.png,nivajakavi1895__04,nivajakavi1895,line_1518178697254_177,द्रुमनछांह खेलन लगी ॥ २० ॥,1238,90,26
nivajakavi1895__04__r2l17.png,nivajakavi1895__04,nivajakavi1895,r2l17,दोहा । शकुन्तला सँग दुइ सखी रहतीं आठौ याम ।,1948,122,43
nivajakavi1895__04__r2l18.png,nivajakavi1895__04,nivajakavi1895,r2l18,यक अनसूया नाम अरु प्रियम्बदा यकनाम ॥ २१ ॥,2144,126,41
nivajakavi1895__04__r2l21.png,nivajakavi1895__04,nivajakavi1895,r2l21,सवैया । बैस हैं तीनों समान सखीं दिन हूं दिन,1318,124,43
nivajakavi1895__04__r2l38.png,nivajakavi1895__04,nivajakavi1895,r2l38,तीनहुं देह दिखाई ॥ शोभा तिहूंन के अंगनि की कबि,619,81,46
nivajakavi1895__04__line_1518178759449_181.png,nivajakavi1895__04,nivajakavi1895,line_1518178759449_181,केतो करे बरणी नहिं जाई । राखी तिहूंन के अंगनि में,2097,134,49
nivajakavi1895__04__line_1518178750465_180.png,nivajakavi1895__04,nivajakavi1895,line_1518178750465_180,बिधि तीनहुं लोक की सुन्दरताई ॥ २२ ॥,1651,129,35
nivajakavi1895__04__r2l54.png,nivajakavi1895__04,nivajakavi1895,r2l54,सवैया । काम कमान चढ़ाइ मनो जबहीं कसि कें,779,123,40
nivajakavi1895__04__r2l69.png,nivajakavi1895__04,nivajakavi1895,r2l69,नि माहिं सुधासो निचोरे ॥ जामग ह्वैके धरे पगतामग,1150,110,47
nivajakavi1895__04__r2l76.png,nivajakavi1895__04,nivajakavi1895,r2l76,आनि अनंग अगारू ह्वै दौरे । सुन्दर हैं वे तीनोंसखीं,1415,118,50
nivajakavi1895__04__r2l82.png,nivajakavi1895__04,nivajakavi1895,r2l82,पै शकुन्तला की छविहै कछु औरे २३ ॥,899,118,33
nivajakavi1895__04__r2l88.png,nivajakavi1895__04,nivajakavi1895,r2l88,दोहा । कछुकदिनन में कण्व मुनि बनते कियोपयान ।,2049,146,45
nivajakavi1895__04__r2l90.png,nivajakavi1895__04,nivajakavi1895,r2l90,आश्रमराखिशकुन्तलातीरथचल्योनहान २४ ॥,1852,115,35
nivajakavi1895__04__r2l91.png,nivajakavi1895__04,nivajakavi1895,r2l91,सवैया । कछु खैबे कों माँगो चहो जब हीं तब हीं,1996,134,44
nivajakavi1895__04__r2l92.png,nivajakavi1895__04,nivajakavi1895,r2l92,तुम गौतमी सों कहियो। ऋषि आवे जो कोऊइतै तिहि,2128,149,43
nivajakavi1895__04__line_1661353804255_1767.png,nivajakavi1895__04,nivajakavi1895,line_1661353804255_1767,को करि आदर पांइन को गहियो ॥ यह सीख शकुन्त,2162,128,41
nivajakavi1895__04__line_1661353822578_1777.png,nivajakavi1895__04,nivajakavi1895,line_1661353822578_1777,लै दै जू गयो हवै उदास कछू करियो न हियो । कछु,2176,138,44
nivajakavi1895__05__line_1518178900848_182.png,nivajakavi1895__05,nivajakavi1895,line_1518178900848_182,(५),327,101,3
nivajakavi1895__05__r1l2.png,nivajakavi1895__05,nivajakavi1895,r1l2,द्योसनि में फिरि आवतु हों तब लों तुम आनन्द सों,2108,126,46
nivajakavi1895__05__r1l3.png,nivajakavi1895__05,nivajakavi1895,r1l3,रहियो २५ ॥,529,147,10
nivajakavi1895__05__r1l5.png,nivajakavi1895__05,nivajakavi1895,r1l5,लागी रहन बाप बिन बनमें । भई उदासी कछुक,1639,126,38
nivajakavi1895__05__r1l7.png,nivajakavi1895__05,nivajakavi1895,r1l7,दिनन में ॥ आश्रम कोउ अतीत जो आवे । ताकों आ-,2143,126,43
nivajakavi1895__05__r1l9.png,nivajakavi1895__05,nivajakavi1895,r1l9,दर निपट दिवावे ॥ पासहि के तंदुल गहि ध्यावे । मृग,2128,132,48
nivajakavi1895__05__r1l11.png,nivajakavi1895__05,nivajakavi1895,r1l11,छौननि कों आनि खवावे ॥ पानी भरि मूलनि ढरकावे ।,2116,90,45
nivajakavi1895__05__line_1518178979493_187.png,nivajakavi1895__05,nivajakavi1895,line_1518178979493_187,छोटे छोटे द्रुमनि बढ़ावे ॥ सोई करै जो यह कछुभाखै ।,2134,144,50
nivajakavi1895__05__r1l17.png,nivajakavi1895__05,nivajakavi1895,r1l17,जियतें अधिक गौतमी राखे ॥ शकुन्तला को सुख बहु,2121,99,44
nivajakavi1895__05__r1l19.png,nivajakavi1895__05,nivajakavi1895,r1l19,चाहति । दोऊ सखियन सँग में राखति ॥ बालबैस बहु,2090,102,44
nivajakavi1895__05__r1l20.png,nivajakavi1895__05,nivajakavi1895,r1l20,द्योस बिताई । झलकनि लगी कछुक तरुणाई २६ ॥,2137,130,40
nivajakavi1895__05__r1l21.png,nivajakavi1895__05,nivajakavi1895,r1l21,घनाक्षरी । बिसरन लागो बालापनको अयनप सखिन,2069,133,40
nivajakavi1895__05__r1l22.png,nivajakavi1895__05,nivajakavi1895,r1l22,सों सयानप की बतियां गढ़न लगी । दृगलगि तिरीछे,2126,108,44
nivajakavi1895__05__line_1518178958410_186.png,nivajakavi1895__05,nivajakavi1895,line_1518178958410_186,चलनि पग मन्द लागे उर में कछुक उसांसे सी चढ़न,2128,101,44
nivajakavi1895__05__line_1518178951537_185.png,nivajakavi1895__05,nivajakavi1895,line_1518178951537_185,लगी ॥ अंगनि में आई तरुणाई की झलक लरिकाई,2134,138,39
nivajakavi1895__05__r1l31.png,nivajakavi1895__05,nivajakavi1895,r1l31,अब देह तें हरें हरें कढ़नलगी । होन लागी कटिया,2135,115,45
nivajakavi1895__05__line_1518178939856_184.png,nivajakavi1895__05,nivajakavi1895,line_1518178939856_184,वचटिकें छला सी ह्वैज चन्द्र की कला सी तन दीपति,2110,135,46
nivajakavi1895__05__r1l39.png,nivajakavi1895__05,nivajakavi1895,r1l39,बढ़न लगी २७ ॥,738,142,13
nivajakavi1895__05__line_1661353905018_1797.png,nivajakavi1895__05,nivajakavi1895,line_1661353905018_1797,चौपाई । बनहू मैं नहिं दुरति दुराई । शकुन्तलाकी,2002,98,46
nivajakavi1895__05__r1l47.png,nivajakavi1895__05,nivajakavi1895,r1l47,सुन्दरताई ॥ जनु बिरंचि कर आपु बनाई । देखे तें मन,2149,135,48
nivajakavi1895__05__r1l49.png,nivajakavi1895__05,nivajakavi1895,r1l49,सुधा सिराई । वह उपमा बरणी नहिं जाई । पूर्व कथा,1722,145,46
nivajakavi1895__05__r1l50.png,nivajakavi1895__05,nivajakavi1895,r1l50,भारत में गाई २८ ॥,887,130,17
nivajakavi1895__05__r1l59.png,nivajakavi1895__05,nivajakavi1895,r1l59,अंग अंग रूपके तरंग उठें सुन्दर अनंग मानों अगनि,2134,86,46
nivajakavi1895__05__r1l60.png,nivajakavi1895__05,nivajakavi1895,r1l60,की सोति है ॥ देह में निवाज ज्यों ज्यों जोबन बढ़त,2152,137,48
nivajakavi1895__06__line_1518179085825_189.png,nivajakavi1895__06,nivajakavi1895,line_1518179085825_189,(६),324,130,3
nivajakavi1895__06__r3l1.png,nivajakavi1895__06,nivajakavi1895,r3l1,जात त्यों त्यों हरि दिननि बढ़त जात जोति है । छिन,2171,174,48
nivajakavi1895__06__r3l2.png,nivajakavi1895__06,nivajakavi1895,r3l2,और देखिये घरी में कछु और और और छिन छिन,2167,145,38
nivajakavi1895__06__r3l3.png,nivajakavi1895__06,nivajakavi1895,r3l3,घरी घरी औरै द्युति होति है २९ ॥,1445,148,31
nivajakavi1895__06__r3l4.png,nivajakavi1895__06,nivajakavi1895,r3l4,दोहा । सुन्दर वैसो बर मिले शकुन्तला ज्यों आप ।,2080,154,46
nivajakavi1895__06__r3l6.png,nivajakavi1895__06,nivajakavi1895,r3l6,करि है ताको ब्याह यह करीप्रतिज्ञा बाप३ ०॥,1831,156,41
nivajakavi1895__06__r3l8.png,nivajakavi1895__06,nivajakavi1895,r3l8,लागी रहे शकुंतला बन में यह परकार ।,1617,148,34
nivajakavi1895__06__r3l9.png,nivajakavi1895__06,nivajakavi1895,r3l9,एकसमयदुष्यन्तनृप खेलनकढ़योशिकार३१॥,1840,146,34
nivajakavi1895__06__r3l13.png,nivajakavi1895__06,nivajakavi1895,r3l13,घनाक्षरी । रथ असवार दौरे देखिकें शिकार नृप,2014,154,42
nivajakavi1895__06__r3l17.png,nivajakavi1895__06,nivajakavi1895,r3l17,कीन्हों श्रम इतनो न जाकी कछु माप है । दिन चढ़ि,1543,122,46
nivajakavi1895__06__r3l20.png,nivajakavi1895__06,nivajakavi1895,r3l20,आयो बढ़ि कढ़ि अति दूरे पैन पायो तोऊ यातें चढ़ि,779,110,46
nivajakavi1895__06__r3l22.png,nivajakavi1895__06,nivajakavi1895,r3l22,आयो तन तापहै ॥ जाय नजकाने घोड़े पवन के समा-,2149,174,43
nivajakavi1895__06__r3l24.png,nivajakavi1895__06,nivajakavi1895,r3l24,ने दौड़े बाण सों मिलाय खैंचि कान लगि चाप है ।,2074,152,45
nivajakavi1895__06__r3l26.png,nivajakavi1895__06,nivajakavi1895,r3l26,आगे तें हरिण भाग्यो ताके नृप संग लागो रही पीछे,2165,142,46
nivajakavi1895__06__r3l28.png,nivajakavi1895__06,nivajakavi1895,r3l28,सबसैना पीछै हिरिना के आप है ३२ ॥,1588,159,32
nivajakavi1895__06__r3l30.png,nivajakavi1895__06,nivajakavi1895,r3l30,सवैया । फोंक लगाय करेरी कमान में कान लों खैं-,1970,129,45
nivajakavi1895__06__r3l31.png,nivajakavi1895__06,nivajakavi1895,r3l31,चि लियो शर सास्यो । चोट करैं जब लों तब लों ऋषि,2167,183,46
nivajakavi1895__06__r3l35.png,nivajakavi1895__06,nivajakavi1895,r3l35,लोगन दूरि तें आनि पुकास्यो ॥ रक्षा ऋषीश्वर लोगन,1252,134,47
nivajakavi1895__06__r3l39.png,nivajakavi1895__06,nivajakavi1895,r3l39,की करिबे कों भयो अवतार तिहारो । हाहा रह्यो मह-,2129,139,46
nivajakavi1895__06__r3l40.png,nivajakavi1895__06,nivajakavi1895,r3l40,राज हमारे तजो बन को मृग है मत मारो ३३ ॥,1945,148,39
nivajakavi1895__06__line_1518179117873_190.png,nivajakavi1895__06,nivajakavi1895,line_1518179117873_190,चौपाई । ऋषि लोगन यह टेर सुनायो । मृग पर,2001,149,39
nivajakavi1895__06__r3l45.png,nivajakavi1895__06,nivajakavi1895,r3l45,नहिं नृप बाणचलायो ॥ बागें गहि रथ ठाढ़ों कीन्हो ।,2035,150,48
nivajakavi1895__06__r3l46.png,nivajakavi1895__06,nivajakavi1895,r3l46,आशिर्बाद ऋषिन तब दीन्हो ॥ करि प्रणाम नृप पूछौ,2101,159,45
nivajakavi1895__06__r3l47.png,nivajakavi1895__06,nivajakavi1895,r3l47,यह तब । कहो कण्व को आश्रम कहँ अब ॥ आज पाप,2142,144,41
nivajakavi1895__06__r3l50.png,nivajakavi1895__06,nivajakavi1895,r3l50,पुंजनि परि हरें । मुनिवर को चलि दरशन करें ॥ यह,2129,142,46
nivajakavi1895__06__r3l51.png,nivajakavi1895__06,nivajakavi1895,r3l51,सुनि ऋषिन बहुत सुख पायो । आश्रम निपट नगीच,2104,162,41
nivajakavi1895__07__line_1518179220143_191.png,nivajakavi1895__07,nivajakavi1895,line_1518179220143_191,(७),338,99,3
nivajakavi1895__07__r1l2.png,nivajakavi1895__07,nivajakavi1895,r1l2,बतायो । महाराज अब कछु दिन भये । तीरथ करन,2146,177,40
nivajakavi1895__07__r1l3.png,nivajakavi1895__07,nivajakavi1895,r1l3,कण्व मुनि गये ३४ ॥,895,150,18
nivajakavi1895__07__r1l4.png,nivajakavi1895__07,nivajakavi1895,r1l4,चौपाई । शकुन्तला बेटी करि पाली । सौंप्यो ता,1991,151,43
nivajakavi1895__07__r1l6.png,nivajakavi1895__07,nivajakavi1895,r1l6,कहँ आश्रम खाली ॥ जो महराज वहां लगि जैहैं ।,2075,169,42
nivajakavi1895__07__r1l9.png,nivajakavi1895__07,nivajakavi1895,r1l9,यह सुनि कण्व महा सुखपैहैं ॥ तीरथ न्हाय जबै मुनि,1891,119,47
nivajakavi1895__07__r1l11.png,nivajakavi1895__07,nivajakavi1895,r1l11,अयहैं । शकुन्तला तासों पुनि कहि हैं ॥ यह मुनि,2144,156,45
nivajakavi1895__07__r1l12.png,nivajakavi1895__07,nivajakavi1895,r1l12,बचननृपति मनबैठ्यो । रथतेंउतरि तपोबनपैठ्यो ३५ ॥,2144,152,46
nivajakavi1895__07__r1l13.png,nivajakavi1895__07,nivajakavi1895,r1l13,रथ सारथी समेत टिकायो । आश्रम निकट आप,1985,143,36
nivajakavi1895__07__r1l14.png,nivajakavi1895__07,nivajakavi1895,r1l14,चलि आयो ॥ दक्षिणबाहु लग्यो तबफरकन । प्रफुलि-,2102,159,44
nivajakavi1895__07__r1l16.png,nivajakavi1895__07,nivajakavi1895,r1l16,त भयो महीपति को मन ॥ कछुक दूरि आगे जब आ-,2113,135,40
nivajakavi1895__07__r1l17.png,nivajakavi1895__07,nivajakavi1895,r1l17,यो । सगुन भयो ता कर फल पायो ॥ अद्भुत रूप बैस,2152,153,44
nivajakavi1895__07__r1l18.png,nivajakavi1895__07,nivajakavi1895,r1l18,में नई ॥ बाला तीन नजर परि गई । शीत बात तें नहिं,2140,157,47
nivajakavi1895__07__r1l19.png,nivajakavi1895__07,nivajakavi1895,r1l19,कछु डरें । सब आश्रम की सेवा करें ३६ ॥,1753,158,37
nivajakavi1895__07__r1l23.png,nivajakavi1895__07,nivajakavi1895,r1l23,हरिगीत छन्द । सेवान आश्रमकी तजें अति श्रमि-,1996,126,43
nivajakavi1895__07__r1l25.png,nivajakavi1895__07,nivajakavi1895,r1l25,त ह्वै ह्वै आवतीं । कोमल कमल से करनि सों क्यारीं,2141,150,48
nivajakavi1895__07__r1l27.png,nivajakavi1895__07,nivajakavi1895,r1l27,नवीन बनावतीं ॥ सिगरो तपोबन सींचिबेकों सलिल,2149,144,42
nivajakavi1895__07__r1l28.png,nivajakavi1895__07,nivajakavi1895,r1l28,श्रमकरिल्यावतीं । छोटे द्रुमनकेतटनि भरि भरि घटनि,2155,160,48
nivajakavi1895__07__r1l29.png,nivajakavi1895__07,nivajakavi1895,r1l29,को ढुरकावतीं ३७ ॥,892,120,17
nivajakavi1895__07__r1l30.png,nivajakavi1895__07,nivajakavi1895,r1l30,हरिगीत छन्द । सींचति द्रुमन के थकि गईं तनर-,1990,165,43
nivajakavi1895__07__r1l31.png,nivajakavi1895__07,nivajakavi1895,r1l31,ह्यो श्रमजलछाय है । अति शिथिल सबअंग ह्वै गये,2161,153,44
nivajakavi1895__07__r1l33.png,nivajakavi1895__07,nivajakavi1895,r1l33,डगमगतिधरतीं पांयहैं ॥ खुलिकेशपासरहे बिथुरिभरती,2152,135,46
nivajakavi1895__07__r1l34.png,nivajakavi1895__07,nivajakavi1895,r1l34,उसांस अनंतहैं । तीनोंसखी यों सोहती मानोभये सुरतं-,2128,161,49
nivajakavi1895__07__r1l35.png,nivajakavi1895__07,nivajakavi1895,r1l35,तहैं ॥ बिचद्रुमनके हवै जाति बाहर निकसि जोबन की,2147,143,46
nivajakavi1895__07__r1l36.png,nivajakavi1895__07,nivajakavi1895,r1l36,छटा । खुलि गये कच यों तड़ित हूं पर गिरि परी मनु,2152,146,47
nivajakavi1895__07__r1l37.png,nivajakavi1895__07,nivajakavi1895,r1l37,घन घटा ॥ सिगरे तपोबन में लसति यों गगन में ज्यों,2137,163,47
nivajakavi1895__08__line_1518179357843_193.png,nivajakavi1895__08,nivajakavi1895,line_1518179357843_193,(८),326,90,3
nivajakavi1895__08__r3l1.png,nivajakavi1895__08,nivajakavi1895,r3l1,शशिकला । यह रूपसों श्रम मुनिन के सो करत बल,2159,166,42
nivajakavi1895__08__line_1518179369360_194.png,nivajakavi1895__08,nivajakavi1895,line_1518179369360_194,शाकुन्तला ३८ ॥,719,101,14
nivajakavi1895__08__r3l5.png,nivajakavi1895__08,nivajakavi1895,r3l5,घनाक्षरी छन्द । बानी कहिये तो वह बीन को लिये,2005,150,44
nivajakavi1895__08__r3l7.png,nivajakavi1895__08,nivajakavi1895,r3l7,ही रहे मौरी तौ गिरीश अर्द्धंग में लगाई है । कमला,2167,156,48
nivajakavi1895__08__r3l11.png,nivajakavi1895__08,nivajakavi1895,r3l11,न कान्हके हियेते उतरति अरु रमाके सरूप में न ए-,2155,115,46
nivajakavi1895__08__r3l13.png,nivajakavi1895__08,nivajakavi1895,r3l13,ती अधिकाईहै ॥ रति कहिये तो यह बिरोध अतिहीहै,2059,147,43
nivajakavi1895__08__r3l15.png,nivajakavi1895__08,nivajakavi1895,r3l15,अरु याके तो अंगलगि कछुकलरिकाई है । फेरि फेरि,2062,161,44
nivajakavi1895__08__r3l18.png,nivajakavi1895__08,nivajakavi1895,r3l18,बेरि लगि हेरि हेरि हास्यो नृप जानि नाहिंपरी यह को,2143,144,49
nivajakavi1895__08__r3l20.png,nivajakavi1895__08,nivajakavi1895,r3l20,है कहां आई है ३९ ॥,929,122,18
nivajakavi1895__08__r3l21.png,nivajakavi1895__08,nivajakavi1895,r3l21,घनाक्षरी । निरखि शकुंतला को नखशिख रीझि,1991,171,38
nivajakavi1895__08__line_1518179424104_197.png,nivajakavi1895__08,nivajakavi1895,line_1518179424104_197,रह्यो आपु तो महीपति निछावरिसोकीन्होसो । भयो है,2120,134,46
nivajakavi1895__08__r3l25.png,nivajakavi1895__08,nivajakavi1895,r3l25,अचंभो रतिरंभोहै न ऐसी आसरूपकोबखानको भयो,2147,158,39
nivajakavi1895__08__r3l27.png,nivajakavi1895__08,nivajakavi1895,r3l27,है बुधिहीनो सो ॥ सो कबि नेवाज शोभासिंधुमें समाने,2155,150,48
nivajakavi1895__08__r3l31.png,nivajakavi1895__08,nivajakavi1895,r3l31,नैन मनु जन मैन के हवाले करि दीन्हो सो । बाढ़यो,2159,143,46
nivajakavi1895__08__r3l33.png,nivajakavi1895__08,nivajakavi1895,r3l33,उरप्रेम गहि चित्र लिखि काढ़यो मनो ठाढ़यो नृप ह्वै,2080,165,49
nivajakavi1895__08__r3l35.png,nivajakavi1895__08,nivajakavi1895,r3l35,रह्यो ठग्यो सो मोल लीन्हो सो ४० ॥,1565,126,33
nivajakavi1895__08__r3l36.png,nivajakavi1895__08,nivajakavi1895,r3l36,दोहा । शकुन्तला को रूप लखि सुफल भयोनृपनैन ।,2048,159,43
nivajakavi1895__08__r3l37.png,nivajakavi1895__08,nivajakavi1895,r3l37,श्रवणसुफलचाहतभयो सुनिसुनिमीठेबैन ४१ ॥,1834,166,37
nivajakavi1895__08__r3l40.png,nivajakavi1895__08,nivajakavi1895,r3l40,सघन द्रुमनकी ओटह्वै दृग निमेष बिसराय ।,1748,118,38
nivajakavi1895__08__r3l46.png,nivajakavi1895__08,nivajakavi1895,r3l46,दुरें दुरें देखन लग्यो शकुन्तला के भाय ४२ ॥,1506,150,43
nivajakavi1895__08__line_1518179378594_195.png,nivajakavi1895__08,nivajakavi1895,line_1518179378594_195,चौपाई । राजहि ये देखहि नहिं कोऊ । पूछन लगीं,1975,122,43
nivajakavi1895__08__r3l55.png,nivajakavi1895__08,nivajakavi1895,r3l55,सहेली दोऊ ॥ शकुन्तलाजो सींचत जेते । मुनिके द्रुम,1415,135,48
nivajakavi1895__08__r3l59.png,nivajakavi1895__08,nivajakavi1895,r3l59,प्यारे कहि तेते ॥ मुनिकें तो प्राणनतें प्यारी । करी द्रुम-,1427,140,58
nivajakavi1895__08__line_1518179385445_196.png,nivajakavi1895__08,nivajakavi1895,line_1518179385445_196,श्रमलायक नहिं देह तिहारी ॥ बतकहाव यों सखियन,2134,146,43
nivajakavi1895__09__line_1518179530165_198.png,nivajakavi1895__09,nivajakavi1895,line_1518179530165_198,(९),325,126,3
nivajakavi1895__09__r1l2.png,nivajakavi1895__09,nivajakavi1895,r1l2,कीन्हो । शकुन्तला यह उत्तर दीन्हो ॥ ये द्रुम जे सब,2135,140,50
nivajakavi1895__09__line_1518179614222_204.png,nivajakavi1895__09,nivajakavi1895,line_1518179614222_204,देत दिखाई । मैं जानति येही मम भाई ॥ मुनि के कहे,2147,171,47
nivajakavi1895__09__r1l13.png,nivajakavi1895__09,nivajakavi1895,r1l13,नहीं मैं सींचति । मोहिं मया लागति इन की अति ॥,2150,142,45
nivajakavi1895__09__r1l15.png,nivajakavi1895__09,nivajakavi1895,r1l15,हरिन चर्म की पहिरें आंगी । कसि बँधि गई गड़न,2160,149,43
nivajakavi1895__09__r1l16.png,nivajakavi1895__09,nivajakavi1895,r1l16,उर लागी ॥ कर सों अँगिया खुलत न खोली । अन-,2116,144,41
nivajakavi1895__09__r1l18.png,nivajakavi1895__09,nivajakavi1895,r1l18,सूया सों तब यों बोली ॥ प्रियम्बदा कसि बांधी छति-,2125,170,48
nivajakavi1895__09__r1l22.png,nivajakavi1895__09,nivajakavi1895,r1l22,या । अनसूया ढीली कर अंगिया ॥ अनसूया हंसि,2098,126,40
nivajakavi1895__09__r1l24.png,nivajakavi1895__09,nivajakavi1895,r1l24,अंगिया खोली । प्रियंबदा तब रिस करि बोली ॥ उस,2125,161,44
nivajakavi1895__09__r1l25.png,nivajakavi1895__09,nivajakavi1895,r1l25,सति आवे छिन छिन छतिया । याते गाढ़ी ह्वैगइ अं-,2143,153,45
nivajakavi1895__09__r1l26.png,nivajakavi1895__09,nivajakavi1895,r1l26,गिया ॥ बढ़त जात जोबन की लीला । नाहक मेरो,2154,158,40
nivajakavi1895__09__r1l27.png,nivajakavi1895__09,nivajakavi1895,r1l27,करतीं गीला ॥ शकुन्तला सुनि के शरमानी । सींचन,2152,154,44
nivajakavi1895__09__line_1518179589352_203.png,nivajakavi1895__09,nivajakavi1895,line_1518179589352_203,लगी द्रुमन भरि पानी ४४ अलि यक छोड़ि कुसुम्भ,2159,147,43
nivajakavi1895__09__r1l30.png,nivajakavi1895__09,nivajakavi1895,r1l30,उड़ानो । शकुन्तला मुख पर ठहरानो ॥ सुमुखि सुगंध,2163,142,46
nivajakavi1895__09__line_1518179579663_202.png,nivajakavi1895__09,nivajakavi1895,line_1518179579663_202,पाय करि मधुकर । बैठ्यो जाय मधुर अधरन पर ॥,2108,151,41
nivajakavi1895__09__line_1518179574156_201.png,nivajakavi1895__09,nivajakavi1895,line_1518179574156_201,ससकि हाथ तबहीं झहरायो । उड़ि अलि गयो फेरि,2149,159,41
nivajakavi1895__09__r1l36.png,nivajakavi1895__09,nivajakavi1895,r1l36,फिरि आयो ॥ शकुन्तला ह्वांते टरिआई । पीछे भ्र-,2113,152,45
nivajakavi1895__09__line_1518179563930_200.png,nivajakavi1895__09,nivajakavi1895,line_1518179563930_200,मर लग्यो दुखदाई ॥ शकुन्तला पुनि जित जित,2138,145,39
nivajakavi1895__09__line_1518179555447_199.png,nivajakavi1895__09,nivajakavi1895,line_1518179555447_199,डोले । तित ति भ्रमर गुंजरत बोले ॥ राजा नि-,2158,137,42
nivajakavi1895__09__r1l43.png,nivajakavi1895__09,nivajakavi1895,r1l43,रखत मन अनुरह्यो । मन मन मधुकर सो अस,2149,160,35
nivajakavi1895__09__r1l44.png,nivajakavi1895__09,nivajakavi1895,r1l44,कह्यो ४५ ॥,705,138,10
nivajakavi1895__09__r1l46.png,nivajakavi1895__09,nivajakavi1895,r1l46,घनाक्षरी छन्द । ओठन समीप गुंजत मड़रातमनो,1988,165,40
nivajakavi1895__09__r1l47.png,nivajakavi1895__09,nivajakavi1895,r1l47,बतकही की लगावत लगन हो । चंचल दृगनि की,2132,148,37
nivajakavi1895__09__r1l48.png,nivajakavi1895__09,nivajakavi1895,r1l48,पलनि करी क्षोभित हूं छुओ फिर आनि कर कपोल,2146,164,40
nivajakavi1895__09__r1l50.png,nivajakavi1895__09,nivajakavi1895,r1l50,फल कनीहो ॥ प्यारी ससकनि झहरावति करति तुम,2109,130,40
nivajakavi1895__09__r1l51.png,nivajakavi1895__09,nivajakavi1895,r1l51,उड़ि उड़ि बैठत पियत अधरन हो । दुरि दुरि दूरिही,2159,182,46
nivajakavi1895__10__line_1518179692548_205.png,nivajakavi1895__10,nivajakavi1895,line_1518179692548_205,(१०),323,108,4
nivajakavi1895__10__r3l2.png,nivajakavi1895__10,nivajakavi1895,r3l2,ते देखत खड़े रहत मानो हम कीने काज मधुप तुम,2115,176,42
nivajakavi1895__10__line_1518179697532_206.png,nivajakavi1895__10,nivajakavi1895,line_1518179697532_206,धन्य हो ४९ ॥,622,104,12
nivajakavi1895__10__r3l5.png,nivajakavi1895__10,nivajakavi1895,r3l5,चौपाई । शकुंतला केतो कछु करै । सँग ते मधुप,2181,169,42
nivajakavi1895__10__r3l6.png,nivajakavi1895__10,nivajakavi1895,r3l6,न टास्यो टरै ॥ बन में मधुकर बहुत सताई । शकुंतला,2153,146,47
nivajakavi1895__10__r3l7.png,nivajakavi1895__10,nivajakavi1895,r3l7,यह टेर सुनाई ॥ सखियहु मोंढिग अरबर आवहु । या,1661,150,43
nivajakavi1895__10__line_1518179716892_207.png,nivajakavi1895__10,nivajakavi1895,line_1518179716892_207,पापीते मोहिं छुड़ावहु ॥ काटत आप टरत नहिं टारे ।,2131,163,47
nivajakavi1895__10__r3l16.png,nivajakavi1895__10,nivajakavi1895,r3l16,होतु नाहिं कछु हाथन झारे ॥ निरखि सखिन यहहास,1504,116,43
nivajakavi1895__10__r3l17.png,nivajakavi1895__10,nivajakavi1895,r3l17,बढ़ायो । हमको तो बिन काज बुलायो ॥ या गनीम सों,2147,158,45
nivajakavi1895__10__r3l18.png,nivajakavi1895__10,nivajakavi1895,r3l18,आनि बचावे । नृप दुःष्यन्तहि बेगि बुलावे ॥ तब नृप,2156,166,48
nivajakavi1895__10__r3l22.png,nivajakavi1895__10,nivajakavi1895,r3l22,निकसि द्रुमनते आयो । कहो कहो किहतुमहिं सतायो ॥,2177,121,46
nivajakavi1895__10__r3l24.png,nivajakavi1895__10,nivajakavi1895,r3l24,निरखि नृपहि बिन मोल बिकानी । तीनों छकीं डरीं,2191,159,44
nivajakavi1895__10__r3l27.png,nivajakavi1895__10,nivajakavi1895,r3l27,अकुलानी ॥ ठाढ़ी रहि न सकीं नहिं डोलें । जकि सों,2144,136,47
nivajakavi1895__10__line_1518179743743_208.png,nivajakavi1895__10,nivajakavi1895,line_1518179743743_208,रहीं कछु नहिं बोलें ॥ अनसूया तब मन दृढ़कीन्हो ।,2065,148,47
nivajakavi1895__10__r3l33.png,nivajakavi1895__10,nivajakavi1895,r3l33,सहाराजको उत्तर दीन्हो ४७ ॥,1213,143,26
nivajakavi1895__10__r3l36.png,nivajakavi1895__10,nivajakavi1895,r3l36,कहो पानी एक घाट में पियत सिंह गाय है । जप तप,2138,153,44
nivajakavi1895__10__r3l37.png,nivajakavi1895__10,nivajakavi1895,r3l37,करत तपसी निर्भय तपोबनमें दानव सकत नहिं आय,2150,143,41
nivajakavi1895__10__r3l39.png,nivajakavi1895__10,nivajakavi1895,r3l39,है ॥ काहू न सताई यह भोरीसी शकुन्तला उड़िकेसो,2164,145,44
nivajakavi1895__10__line_1518179781581_209.png,nivajakavi1895__10,nivajakavi1895,line_1518179781581_209,भ्रमरी भाजी भौन को डराय है । अति ही अभीत म-,2151,148,43
nivajakavi1895__10__r3l44.png,nivajakavi1895__10,nivajakavi1895,r3l44,हाराज श्री दुष्यंत ताके राज में ऋषिन कौन सकत,2161,151,44
nivajakavi1895__10__r3l45.png,nivajakavi1895__10,nivajakavi1895,r3l45,सताय है ॥ ४८ ॥,753,135,14
nivajakavi1895__10__r3l46.png,nivajakavi1895__10,nivajakavi1895,r3l46,दोहा । शकुन्तला सों ताकि तब पूछी यह महिपाल ॥,2171,170,44
nivajakavi1895__10__r3l47.png,nivajakavi1895__10,nivajakavi1895,r3l47,कहो तिहारे कुशलहैं छोटे द्रुम मृगबाल ४९ ॥,1875,143,41
nivajakavi1895__10__r3l48.png,nivajakavi1895__10,nivajakavi1895,r3l48,कम्प बढ़यो तन कंटकित मुखते कढ़तनबैन ॥,1873,161,37
nivajakavi1895__10__r3l51.png,nivajakavi1895__10,nivajakavi1895,r3l51,जकिसीरहीशकुन्तलानिरखिनृपतिभरिनैन ५०,1780,137,35
nivajakavi1895__11__line_1518180219717_210.png,nivajakavi1895__11,nivajakavi1895,line_1518180219717_210,(११),346,90,4
nivajakavi1895__11__r2l2.png,nivajakavi1895__11,nivajakavi1895,r2l2,चौपाई । शकुन्तला को बोलि न आयो । अनसूया,2000,142,39
nivajakavi1895__11__r2l3.png,nivajakavi1895__11,nivajakavi1895,r2l3,यह नृपहि सुनायो ॥ क्यों न होय अब कुशल हमारी ।,2138,114,45
nivajakavi1895__11__r2l5.png,nivajakavi1895__11,nivajakavi1895,r2l5,तुमसे साधु करत रखवारी ॥ प्यादे श्रम करि तुम यहँ,2164,138,47
nivajakavi1895__11__r2l6.png,nivajakavi1895__11,nivajakavi1895,r2l6,आये । श्रम जल कत आनन में छाये ॥ शीतल छांह,2114,142,41
nivajakavi1895__11__r2l9.png,nivajakavi1895__11,nivajakavi1895,r2l9,सघन तरु डारैं । बैठो इत हम पायँ पखारैं ॥ लखे भा-,2153,126,48
nivajakavi1895__11__r2l11.png,nivajakavi1895__11,nivajakavi1895,r2l11,ग्य ते चरण तिहारे । आजु दिवस तुम अतिथि हमारे ॥,2159,146,46
nivajakavi1895__11__r2l12.png,nivajakavi1895__11,nivajakavi1895,r2l12,शकुन्तला क्यों भई अयानी । ल्याउ पियन को शीतल,2159,133,44
nivajakavi1895__11__line_1518180297095_214.png,nivajakavi1895__11,nivajakavi1895,line_1518180297095_214,पानी ॥ तब नृप बैन मैन रस साने । देखत ही हम,2132,155,42
nivajakavi1895__11__r2l17.png,nivajakavi1895__11,nivajakavi1895,r2l17,तुम्हें अघाने ॥ मधुर मधुर कहती तुम बानी । यही,1826,130,45
nivajakavi1895__11__r2l22.png,nivajakavi1895__11,nivajakavi1895,r2l22,हमारी है मिजमानी ॥ तुमहूं थकी सलिल के सींचे ।,929,79,45
nivajakavi1895__11__r2l24.png,nivajakavi1895__11,nivajakavi1895,r2l24,बैठो घरिकद्रुमनिके नीचे ॥ तब बोली अनसूया बांकी ।,2126,139,48
nivajakavi1895__11__r2l25.png,nivajakavi1895__11,nivajakavi1895,r2l25,बिहँसति शकुन्तला को ताकी ॥ अद्भुत आज अतिथि,2149,129,42
nivajakavi1895__11__r2l27.png,nivajakavi1895__11,nivajakavi1895,r2l27,जो आये । सिगरे कहत बचन मन भाये ॥ इन कर डर,2128,124,41
nivajakavi1895__11__line_1518180273150_213.png,nivajakavi1895__11,nivajakavi1895,line_1518180273150_213,न कछू मन आनो । इन को कहो उचित के मानो ॥,2159,131,39
nivajakavi1895__11__r2l31.png,nivajakavi1895__11,nivajakavi1895,r2l31,यह सुनि शकुन्तला छाया में । बैठी मोहि नृपति माया,2137,90,48
nivajakavi1895__11__r2l35.png,nivajakavi1895__11,nivajakavi1895,r2l35,में ॥ शकुन्तला के हिय में पैठ्यो । क्षितिपालौ छाया,2126,88,50
nivajakavi1895__11__r2l36.png,nivajakavi1895__11,nivajakavi1895,r2l36,में बैठ्यो ५१ ॥,637,140,15
nivajakavi1895__11__line_1518180258553_212.png,nivajakavi1895__11,nivajakavi1895,line_1518180258553_212,घनाक्षरी छन्द । भागन तें बन में दुहुन भट भेरो,2000,135,45
nivajakavi1895__11__r2l41.png,nivajakavi1895__11,nivajakavi1895,r2l41,भयो खोलो भगवान आज दुहुन को भालु है । दोऊ,2132,140,40
nivajakavi1895__11__r2l45.png,nivajakavi1895__11,nivajakavi1895,r2l45,दुहूं देखत अघात न द्युननई लगन को दुहुनकेशाल्यौ,1942,114,46
nivajakavi1895__11__r2l49.png,nivajakavi1895__11,nivajakavi1895,r2l49,उर शाल है ॥ मन में दुहुन के मनोज बान लागे संग,987,124,45
nivajakavi1895__11__r2l50.png,nivajakavi1895__11,nivajakavi1895,r2l50,एकै रंग एक दुहुन को भयो एक हाल है । हिये में,1666,140,44
nivajakavi1895__11__r2l55.png,nivajakavi1895__11,nivajakavi1895,r2l55,महीप के शकुन्तला समानी सो शकुन्तला के हिये में,1916,99,46
nivajakavi1895__11__line_1518180232934_211.png,nivajakavi1895__11,nivajakavi1895,line_1518180232934_211,समानो महिपाल है ५२ ॥,1144,152,20
paramananda1924__000c__line_1518175737531_117.png,paramananda1924__000c,paramananda1924,line_1518175737531_117,ॐ,174,104,1
paramananda1924__000c__line_1518175731703_116.png,paramananda1924__000c,paramananda1924,line_1518175731703_116,भ्रम-नाशक,768,112,9
paramananda1924__000c__line_1518175716655_115.png,paramananda1924__000c,paramananda1924,line_1518175716655_115,अर्थात्,161,90,7
paramananda1924__000c__r1l11.png,paramananda1924__000c,paramananda1924,r1l11,अज्ञान-रूपी अंधकार का नाश करनेवाला,1312,122,34
paramananda1924__000c__r1l12.png,paramananda1924__000c,paramananda1924,r1l12,गुरु-शिष्य संवाद में,596,119,20
paramananda1924__000c__r1l13.png,paramananda1924__000c,paramananda1924,r1l13,वेदांत-विषय का अपूर्व निबंध,946,117,27
paramananda1924__000c__r1l16.png,paramananda1924__000c,paramananda1924,r1l16,काशी-निवासी,455,121,11
paramananda1924__000c__r1l17.png,paramananda1924__000c,paramananda1924,r1l17,परमहंस बाबा परमानंदद्वारा लिखित,1480,131,31
paramananda1924__000c__r1l19.png,paramananda1924__000c,paramananda1924,r1l19,लखनऊ,343,137,4
paramananda1924__000c__r1l20.png,paramananda1924__000c,paramananda1924,r1l20,"केसरीदास सेठ, सुपरिटेंडेंट द्वारा",732,128,33
paramananda1924__000c__r1l21.png,paramananda1924__000c,paramananda1924,r1l21,नवलकिशोर-प्रेस में मुद्रित और प्रकाशित,1270,115,38
paramananda1924__000c__r1l23.png,paramananda1924__000c,paramananda1924,r1l23,सन् १९२४ ई०,400,116,11
paramananda1924__000c__r1l25.png,paramananda1924__000c,paramananda1924,r1l25,सर्वाधिकार सुरक्षित,484,112,19
paramananda1924__000c__line_1518175677203_114.png,paramananda1924__000c,paramananda1924,line_1518175677203_114,तृतीय संस्करण,402,90,13
paramananda1924__001__line_1518175999311_122.png,paramananda1924__001,paramananda1924,line_1518175999311_122,निवेदन,375,117,6
paramananda1924__001__r1l4.png,paramananda1924__001,paramananda1924,r1l4,निवारण किया गया है । और प्रत्येक विषय का निरूपण ऐसी,1964,252,51
paramananda1924__001__r1l8.png,paramananda1924__001,paramananda1924,r1l8,का ज्ञान भलीभाँति हो सकता है ।,1057,221,30
paramananda1924__001__r1l9.png,paramananda1924__001,paramananda1924,r1l9,पुस्तक की उपयोगिता का यह एक प्रत्यक्ष प्रमाण है कि यह,1859,234,53
paramananda1924__001__r1l12.png,paramananda1924__001,paramananda1924,r1l12,चित आदर हुआ है ।,661,209,16
paramananda1924__001__r1l13.png,paramananda1924__001,paramananda1924,r1l13,पाठकों को आनंद होगा कि इस बार इस उपादेय ग्रंथ को,1858,234,48
paramananda1924__001__r1l15.png,paramananda1924__001,paramananda1924,r1l15,"किया है । आशा है, वे इसका मान पहले से अधिक करेंगे ।",1937,249,51
paramananda1924__001__r1l16.png,paramananda1924__001,paramananda1924,r1l16,प्रकाशन-विभाग,367,134,13
paramananda1924__001__r1l17.png,paramananda1924__001,paramananda1924,r1l17,नवलकिशोर-प्रेस,526,110,14
paramananda1924__001__r1l18.png,paramananda1924__001,paramananda1924,r1l18,गोकर्णदत्त त्रिपाठी,745,202,19
paramananda1924__001__r1l19.png,paramananda1924__001,paramananda1924,r1l19,लखनऊ,247,104,4
paramananda1924__01__line_1518175886573_120.png,paramananda1924__01,paramananda1924,line_1518175886573_120,भ्रम-नाशक,1087,151,9
paramananda1924__01__r1l10.png,paramananda1924__01,paramananda1924,r1l10,श्लोक,190,115,5
paramananda1924__01__r1l14.png,paramananda1924__01,paramananda1924,r1l14,काशीं विश्वेश्वरं वंदे गंगां भागीरथीं तथा ।,1250,86,43
paramananda1924__01__line_1518175911590_121.png,paramananda1924__01,paramananda1924,line_1518175911590_121,सर्वान्साधूनहं वंदे पंडितांश्च विमत्सरान् ॥ १ ॥,1780,140,47
paramananda1924__01__line_1518175857949_119.png,paramananda1924__01,paramananda1924,line_1518175857949_119,अमरदासं गुरुं चैव सर्वतंत्रप्रवर्तकम् ।,1372,117,39
paramananda1924__01__r1l32.png,paramananda1924__01,paramananda1924,r1l32,यत्कृपालवमात्रेण विद्या शुद्धा समागता ॥ २ ॥,1849,121,43
paramananda1924__01__r1l33.png,paramananda1924__01,paramananda1924,r1l33,वादिनां भ्रमशीलानां मतिं धर्मेऽनुवर्तितुम् ।,1705,118,44
paramananda1924__01__r1l36.png,paramananda1924__01,paramananda1924,r1l36,कुर्वेऽहं परमानंदो भ्रमाणां तु विनाशकम् ॥ ३ ॥,1724,110,45
paramananda1924__01__r1l38.png,paramananda1924__01,paramananda1924,r1l38,दोहा,139,110,4
paramananda1924__01__line_1518175825564_118.png,paramananda1924__01,paramananda1924,line_1518175825564_118,वर्णाश्रम जाती सकल कल्पित हैं जिहि माहिं ।,1615,137,42
paramananda1924__01__r1l47.png,paramananda1924__01,paramananda1924,r1l47,सो मैं परमानंद हूँ आदि अंत जिहि नाहिं ॥ १ ॥,1228,106,43
paramananda1924__02__r1l1.png,paramananda1924__02,paramananda1924,r1l1,भ्रम-नाशक,364,157,9
paramananda1924__02__line_1518176252534_139.png,paramananda1924__02,paramananda1924,line_1518176252534_139,२,71,98,1
paramananda1924__02__r1l3.png,paramananda1924__02,paramananda1924,r1l3,कहूँ वेद-सिद्धांत मैं यथामती अनुसार ।,1597,122,37
paramananda1924__02__r1l4.png,paramananda1924__02,paramananda1924,r1l4,जेहि अवलोकत ही मिटै सबै जगत-भ्रम-छार ॥ २ ॥,1825,108,42
paramananda1924__02__r1l6.png,paramananda1924__02,paramananda1924,r1l6,वेद अर्थ सिद्धांत का अब मैं करौं विचार ।,1615,149,40
paramananda1924__02__r1l7.png,paramananda1924__02,paramananda1924,r1l7,भ्रम-नाशक असनाम यहि धस्यों स्वमतिअनुसार ॥३॥,1855,152,43
paramananda1924__02__line_1518176234621_138.png,paramananda1924__02,paramananda1924,line_1518176234621_138,प्रश्र ---- हे स्वामिन्! इस लोक में कोई कहते हैं कि उत्तम,1870,166,57
paramananda1924__02__r1l10.png,paramananda1924__02,paramananda1924,r1l10,कुल में जन्म और उत्तम जाति की प्राप्ति करके ही स्वर्ग आदि,1955,130,57
paramananda1924__02__r1l11.png,paramananda1924__02,paramananda1924,r1l11,की प्राप्ति और मुक्ति होती है ; और कर्मयोगी कहते हैं कि कर्मों,1954,132,62
paramananda1924__02__r1l12.png,paramananda1924__02,paramananda1924,r1l12,के अनुष्ठान करने से ही दोनों की प्राप्ति होती है ; और कोई,1961,132,57
paramananda1924__02__r1l13.png,paramananda1924__02,paramananda1924,r1l13,लोग कहते हैं कि आचार के करने से ही दोनों प्राप्त होते हैं ;,1981,129,59
paramananda1924__02__r1l15.png,paramananda1924__02,paramananda1924,r1l15,और कोई कर्म-सहित ज्ञान से मुक्ति मानते हैं; कोई उपासना से,1960,132,57
paramananda1924__02__r1l16.png,paramananda1924__02,paramananda1924,r1l16,मुक्ति मानते हैं ; कोई संन्यास धारण करने से ही मोक्ष मानते हैं;,1946,136,63
paramananda1924__02__r1l17.png,paramananda1924__02,paramananda1924,r1l17,और जो इस संसार में अनेक मत फैले हुए हैं वे अपनी भिन्न-,1937,126,54
paramananda1924__02__line_1518176212613_137.png,paramananda1924__02,paramananda1924,line_1518176212613_137,भिन्न कल्पना करते हैं । ऐसी हालत में जिसकी कल्पना,1953,141,49
paramananda1924__02__r1l20.png,paramananda1924__02,paramananda1924,r1l20,"मुक्ति के विषय में वेद-सम्मत हो, वह मुझसे कहिए । जिस एक",1955,129,55
paramananda1924__02__r1l21.png,paramananda1924__02,paramananda1924,r1l21,के निश्चय करने से यह संसारी जीव संसार-रूपी बंधन से छूटकर,1958,134,56
paramananda1924__02__r1l22.png,paramananda1924__02,paramananda1924,r1l22,नित्य सुख देनेवाले मोक्ष-पद को प्राप्त होवे ।,1364,135,45
paramananda1924__02__r1l23.png,paramananda1924__02,paramananda1924,r1l23,उत्तर ---- हे शिष्य ! केवल ज्ञान से मुक्ति होती है; और किसी,1843,169,59
paramananda1924__02__r1l24.png,paramananda1924__02,paramananda1924,r1l24,प्रकार नहीं । और जितना वर्णाश्रम-धर्म के अनुसार जाति आदि,1958,140,56
paramananda1924__03__r1l2.png,paramananda1924__03,paramananda1924,r1l2,भ्रम-नाशक,323,166,9
paramananda1924__03__line_1518176332811_141.png,paramananda1924__03,paramananda1924,line_1518176332811_141,३,42,95,1
paramananda1924__03__r1l3.png,paramananda1924__03,paramananda1924,r1l3,"का अभिमान है और कर्म आदि की उपासना है, वह सब बंधन",1952,167,49
paramananda1924__03__r1l4.png,paramananda1924__03,paramananda1924,r1l4,"का कारण है, यही वेद का सिद्धांत है ।",1195,137,36
paramananda1924__03__r1l5.png,paramananda1924__03,paramananda1924,r1l5,प्रश्न ---- यदि वर्णाश्रम आदि धर्म और कर्म की उपासना बंधन,1856,128,57
paramananda1924__03__line_1518176308451_140.png,paramananda1924__03,paramananda1924,line_1518176308451_140,"का हेतु है, तब ईश्वर ने इनको क्यों बनाया ?",1462,128,42
paramananda1924__03__r1l9.png,paramananda1924__03,paramananda1924,r1l9,"उत्तर ---- यदि ईश्वर वर्ण आदि के विभाग की कल्पना न करता, तो",1901,144,59
paramananda1924__03__r1l10.png,paramananda1924__03,paramananda1924,r1l10,यह संसार भी न होता । क्योंकि अभिमान ही बंधन का हेतु है ।,1913,138,56
paramananda1924__03__r1l11.png,paramananda1924__03,paramananda1924,r1l11,वह तो किसी को होता नहीं तब कैसे संसार प्रवृत्त होता । और,1970,121,56
paramananda1924__03__r1l12.png,paramananda1924__03,paramananda1924,r1l12,नामकरण तथा वर्णाश्रम आदि की कल्पना के बिना कोई,1955,130,46
paramananda1924__03__r1l13.png,paramananda1924__03,paramananda1924,r1l13,भी व्यवहार सिद्ध नहीं हो सकता । यदि पिता अपने पुत्र का कोई,1946,134,58
paramananda1924__03__r1l14.png,paramananda1924__03,paramananda1924,r1l14,नाम न धरे तब कैसे कोई उसको पुकारे । और जो ईश्वर वर्णों,1985,133,54
paramananda1924__03__r1l15.png,paramananda1924__03,paramananda1924,r1l15,"के विभाग की कल्पना न करता, तब कैसे कोई एक दूसरे से",1991,131,50
paramananda1924__03__r1l16.png,paramananda1924__03,paramananda1924,r1l16,पूछता कि तुम कौन हो और वह क्या उत्तर देता कि हम अमुक,1966,126,52
paramananda1924__03__r1l17.png,paramananda1924__03,paramananda1924,r1l17,हैं । तब तो सबको मौन ही रहना पड़ता और संसार में कार्य भी,1979,128,56
paramananda1924__03__r1l19.png,paramananda1924__03,paramananda1924,r1l19,"कोई न करता । क्योंकि वेद में भिन्न-भिन्न वर्णाश्रमों के कर्म कहे हैं,",1963,72,69
paramananda1924__03__r1l20.png,paramananda1924__03,paramananda1924,r1l20,जबकि वर्णाश्रम ही नहीं है तब उनके कर्मों का कर्ता कौन हो,1952,131,56
paramananda1924__03__r1l21.png,paramananda1924__03,paramananda1924,r1l21,सकता है ? कोई नहीं हो सकता । और जबकि जाति आदि,1967,134,45
paramananda1924__03__r1l22.png,paramananda1924__03,paramananda1924,r1l22,"विभाग की कल्पना न होती, तब सब अपने को तुलब ही जानते और",1955,129,54
paramananda1924__03__r1l23.png,paramananda1924__03,paramananda1924,r1l23,"फिर सेवा आदि जो निषिद्ध कर्म हैं, सो कैसे होते । और गुरु-शिष्य-",1967,134,63
paramananda1924__03__r1l24.png,paramananda1924__03,paramananda1924,r1l24,"व्यवहार भी न होता, और दान आदि का अधिकारी भी कोई न",1982,128,49
paramananda1924__03__r1l25.png,paramananda1924__03,paramananda1924,r1l25,होता । तब संसार का व्यवहार कदापि न चल सकता ।,1981,139,44
paramananda1924__04__r1l2.png,paramananda1924__04,paramananda1924,r1l2,४,76,144,1
paramananda1924__04__r1l3.png,paramananda1924__04,paramananda1924,r1l3,भ्रम-नाशक,361,144,9
paramananda1924__04__r1l4.png,paramananda1924__04,paramananda1924,r1l4,इसलिये ईश्वर ने वर्ण आदि की कल्पना की है । जाति आदि,1958,167,51
paramananda1924__04__r1l5.png,paramananda1924__04,paramananda1924,r1l5,"के अभिमान के विना अध्यास की सिद्धि भी नहीं होती, और",1958,131,51
paramananda1924__04__r1l6.png,paramananda1924__04,paramananda1924,r1l6,"अध्यास की सिद्धि के विना बंधन की सिद्धि न होती, और बंधन",1964,129,55
paramananda1924__04__r1l7.png,paramananda1924__04,paramananda1924,r1l7,की सिद्धि के विना मोक्ष की भी सिद्धि न होती । जबकि प्रथम,1955,124,56
paramananda1924__04__r1l9.png,paramananda1924__04,paramananda1924,r1l9,किसी को बंधन नहीं है तो मुक्त कैसे होगा ? इन सबकी सिद्धि,1975,137,56
paramananda1924__04__r1l10.png,paramananda1924__04,paramananda1924,r1l10,के लिये श्रुतियाँ प्रथम ब्रह्म में जगत् का आरोप करके बाद उस-,1943,135,60
paramananda1924__04__r1l11.png,paramananda1924__04,paramananda1924,r1l11,का निषेध करती हैं । हे शिष्य ! जगत् के व्यवहार की सिद्धि के,1981,138,59
paramananda1924__04__r1l12.png,paramananda1924__04,paramananda1924,r1l12,लिये ही सब कल्पना है और यह नियम है कि जो कल्पित होता,1966,127,52
paramananda1924__04__r1l14.png,paramananda1924__04,paramananda1924,r1l14,"है वह सब मिथ्या होता है, चाहे जीव द्वारा कल्पित हो, चाहे",1954,83,56
paramananda1924__04__r1l15.png,paramananda1924__04,paramananda1924,r1l15,ईश्वर द्वारा कल्पित हो । मुक्ति में और स्वर्ग की प्राप्ति में जाति,1964,141,66
paramananda1924__04__r1l16.png,paramananda1924__04,paramananda1924,r1l16,आदिक कुछ उपकार नहीं कर सकते हैं । यदि उत्तम जाति की,1973,135,51
paramananda1924__04__r1l17.png,paramananda1924__04,paramananda1924,r1l17,"प्राप्ति होने से ही स्वर्ग और मोक्ष की प्राप्ति होती, तो स्वर्ग की",1967,128,66
paramananda1924__04__r1l18.png,paramananda1924__04,paramananda1924,r1l18,प्राप्ति के लिये जो वेद में नाना प्रकार के यज्ञ आदि का विधान है,1958,128,63
paramananda1924__04__r1l19.png,paramananda1924__04,paramananda1924,r1l19,और मोक्ष के लिये जो ज्ञान के साधनभूत श्रवण मनन आदि का,1961,139,53
paramananda1924__04__r1l20.png,paramananda1924__04,paramananda1924,r1l20,विधान है वे सब व्यर्थ हो जाते । इसलिये इन जाति आदिकों का,1952,131,56
paramananda1924__04__r1l21.png,paramananda1924__04,paramananda1924,r1l21,दोनों की प्राप्ति में कुछ उपयोग नहीं है; केवल व्यवहार की सिद्धि-,1936,137,64
paramananda1924__04__r1l22.png,paramananda1924__04,paramananda1924,r1l22,मात्र ही इनका प्रयोजन है । जो अज्ञानी जीव हैं वही मिथ्या-,1960,123,57
paramananda1924__04__r1l23.png,paramananda1924__04,paramananda1924,r1l23,भूत जाति आदि का अभिमान करके जन्म-मरण-रूपी संसार के,1970,134,50
paramananda1924__04__r1l24.png,paramananda1924__04,paramananda1924,r1l24,"चक्र में घूमते हैं और जो पुण्यात्मा विचारशील हैं, वे गुण को",1936,135,59
paramananda1924__04__r1l25.png,paramananda1924__04,paramananda1924,r1l25,ही प्रधान मानते हैं । ऊपर से सब व्यवहार शास्त्रोक्त लोक-सम्मत,1966,130,61
paramananda1924__05__line_1518176502068_144.png,paramananda1924__05,paramananda1924,line_1518176502068_144,५,58,102,1
paramananda1924__05__r1l2.png,paramananda1924__05,paramananda1924,r1l2,भ्रम-नाशक,349,142,9
paramananda1924__05__r1l3.png,paramananda1924__05,paramananda1924,r1l3,करते हैं । परंतु हृदय के अभिमान से रहित होकर ईश्वर का,1961,168,53
paramananda1924__05__r1l4.png,paramananda1924__05,paramananda1924,r1l4,स्मरण करते हैं ।,454,146,16
paramananda1924__05__r1l5.png,paramananda1924__05,paramananda1924,r1l5,तुलसीदासजी ने भी कहा है--,841,139,25
paramananda1924__05__r1l6.png,paramananda1924__05,paramananda1924,r1l6,जाति पाँति कुल धर्म बड़ाई । धन परिजन गुणगण चतुराई,2015,156,49
paramananda1924__05__line_1518176480361_143.png,paramananda1924__05,paramananda1924,line_1518176480361_143,भाक्तिहीन नरसोहहि कैसा । बिनु जल वारिद देखिय जैसा,2026,94,49
paramananda1924__05__r1l12.png,paramananda1924__05,paramananda1924,r1l12,नीति में भी कहा है--,614,161,20
paramananda1924__05__r1l13.png,paramananda1924__05,paramananda1924,r1l13,किं कुलेन विशालेन विद्याहीनेन देहिनाम् ।,1636,142,40
paramananda1924__05__r1l14.png,paramananda1924__05,paramananda1924,r1l14,दुष्कुलं चापि विदुषो देवैरपि सुपूज्यते ॥,1454,148,40
paramananda1924__05__r1l15.png,paramananda1924__05,paramananda1924,r1l15,रुपयौवनसंपन्ना विशालकुलसंभवा: ।,1454,151,31
paramananda1924__05__r1l16.png,paramananda1924__05,paramananda1924,r1l16,विद्याहीना न शोभंते निर्गंधा इव किंशुका: ॥,1717,148,42
paramananda1924__05__r1l17.png,paramananda1924__05,paramananda1924,r1l17,जो पुरुष विद्या से विहीन हैं उनका उत्तम कुल में जन्म भी,1843,134,55
paramananda1924__05__r1l18.png,paramananda1924__05,paramananda1924,r1l18,निष्फल है । और नीच कुलवाला भी विद्वान् देवताओं द्वारा पूज्य,1968,135,59
paramananda1924__05__r1l19.png,paramananda1924__05,paramananda1924,r1l19,"होता है । सुंदर रूप, युवा अवस्था, उत्तम कुल में उत्पत्ति",1952,137,56
paramananda1924__05__r1l20.png,paramananda1924__05,paramananda1924,r1l20,"होने पर भी यदि विद्या से हीन हुआ, तो शोभा को प्राप्त नहीं",1966,131,57
paramananda1924__05__r1l21.png,paramananda1924__05,paramananda1924,r1l21,होता । जैसे गंध-हीन पलाश-पुष्प शोभा को प्राप्त नहीं होता ।,1870,135,58
paramananda1924__05__r1l22.png,paramananda1924__05,paramananda1924,r1l22,"इन नीति के वाक्यों से भी गुण की उत्तमता सिद्ध होती है,",1869,129,54
paramananda1924__05__r1l23.png,paramananda1924__05,paramananda1924,r1l23,जाति आदि की नहीं । और भारत में भी गुण को ही प्रधान,1954,146,50
paramananda1924__05__line_1518176442192_142.png,paramananda1924__05,paramananda1924,line_1518176442192_142,माना है ----,344,95,12
paramananda1924__06__line_1518176582140_146.png,paramananda1924__06,paramananda1924,line_1518176582140_146,६,54,98,1
paramananda1924__06__r1l1.png,paramananda1924__06,paramananda1924,r1l1,भ्रम-नाशक,348,171,9
paramananda1924__06__r1l2.png,paramananda1924__06,paramananda1924,r1l2,न जातिकारणं तात गुणा: कल्याणकारणम् ।,1687,205,36
paramananda1924__06__r1l3.png,paramananda1924__06,paramananda1924,r1l3,व्रतस्थमपि चांडालं तं देवा ब्राह्मणं विदु: ॥,1678,166,44
paramananda1924__06__r1l4.png,paramananda1924__06,paramananda1924,r1l4,हे तात युधिष्ठिर! जाति कल्याण का कारण नहीं है किंतु गुण,1839,141,55
paramananda1924__06__r1l5.png,paramananda1924__06,paramananda1924,r1l5,ही कल्याण का कारण है । यदि चांडाल भी इंद्रियों के संयम-रूपी,1957,130,59
paramananda1924__06__r1l6.png,paramananda1924__06,paramananda1924,r1l6,"व्रत में स्थित होवे, तो उसे भी देवता लोग ब्राह्मण ही समझते हैं ।",1963,147,64
paramananda1924__06__r1l7.png,paramananda1924__06,paramananda1924,r1l7,भागवत के एकादश स्कंध में राजा ऋषभदेव की कथा प्रसिद्ध,1865,181,52
paramananda1924__06__r1l10.png,paramananda1924__06,paramananda1924,r1l10,"हो गए; शेष सब क्षत्रिय रहे । देखिए, यहाँ पर भी गुण की",1963,167,53
paramananda1924__06__r1l12.png,paramananda1924__06,paramananda1924,r1l12,"हो गए । यदि जाति का प्राधान्य होता, तो कर्मों के द्वारा ब्राह्मण",1972,133,64
paramananda1924__06__r1l13.png,paramananda1924__06,paramananda1924,r1l13,न होते । विश्वामित्र तप करके क्षत्रिय से ब्राह्मण हुए और,1975,132,56
paramananda1924__06__r1l14.png,paramananda1924__06,paramananda1924,r1l14,शृंगीऋषि मृगी के उदर से उत्पन्न हुए । वे भी तप करके बड़ी पदवी,1961,133,61
paramananda1924__06__line_1518176543691_145.png,paramananda1924__06,paramananda1924,line_1518176543691_145,को प्राप्त हुए । और वशिष्ठजी वेश्या के गर्भ से उत्पन्न होकर तप,1965,130,62
paramananda1924__06__r1l17.png,paramananda1924__06,paramananda1924,r1l17,के प्रभाव से बड़ी पदवी को प्राप्त हुए । इसी से साबित होता है,1946,136,60
paramananda1924__06__r1l18.png,paramananda1924__06,paramananda1924,r1l18,"कि गुणा ही मुख्य है, जाति आदि केवल व्यवहार की सिद्धि के",1967,130,55
paramananda1924__06__r1l19.png,paramananda1924__06,paramananda1924,r1l19,लिये हैं ।,292,135,10
paramananda1924__06__r1l21.png,paramananda1924__06,paramananda1924,r1l21,"प्रश्न ---- यदि गुण ही प्रधान है, तो शास्त्रों में उत्तम जाति की",1879,154,64
paramananda1924__06__r1l22.png,paramananda1924__06,paramananda1924,r1l22,बड़ाई क्यों की गई है ?,727,140,22
paramananda1924__07__line_1518176696105_147.png,paramananda1924__07,paramananda1924,line_1518176696105_147,७,61,90,1
paramananda1924__07__r1l2.png,paramananda1924__07,paramananda1924,r1l2,भ्रम-नाशक,349,153,9
paramananda1924__07__r1l3.png,paramananda1924__07,paramananda1924,r1l3,"उत्तर ---- शास्त्रों में जो जाति आदि की बड़ाई की गई है, वह",1850,162,58
paramananda1924__07__r1l4.png,paramananda1924__07,paramananda1924,r1l4,"भी संसार की प्रवृत्ति के लिये है । वह अर्थ वाद-रूप है, यथार्थ",1930,138,61
paramananda1924__07__r1l5.png,paramananda1924__07,paramananda1924,r1l5,"नहीं है । क्योंकि यदि यथार्थ होती, तो शास्त्रों में उसकी निंदा",1973,132,62
paramananda1924__07__r1l6.png,paramananda1924__07,paramananda1924,r1l6,न होती । उसकी निंदा अग्निपुराण में कही गई है ---,1645,171,48
paramananda1924__07__r1l7.png,paramananda1924__07,paramananda1924,r1l7,न जातिर्न कुलं राजन् न स्वाध्याय: श्रुतं न च ।,1817,146,46
paramananda1924__07__r1l8.png,paramananda1924__07,paramananda1924,r1l8,कारणानि द्विजत्वस्य व्रतमेव हि कारणम् ॥,1642,151,39
paramananda1924__07__r1l9.png,paramananda1924__07,paramananda1924,r1l9,"हे राजन् ! जाति, कुल, वेदाध्ययन और शास्त्र का श्रवण",1876,130,51
paramananda1924__07__r1l12.png,paramananda1924__07,paramananda1924,r1l12,यह सब द्विज-भाव के कारण नहीं हैं किंतु इंद्रियों का संयम-रूपी,1965,143,61
paramananda1924__07__r1l14.png,paramananda1924__07,paramananda1924,r1l14,वह ही द्विज-भाव का कारण है ।,1246,153,28
paramananda1924__07__r1l15.png,paramananda1924__07,paramananda1924,r1l15,किं कुलं व्रतहीनस्य करिष्यति दुरात्मनः ।,1619,152,40
paramananda1924__07__r1l16.png,paramananda1924__07,paramananda1924,r1l16,कृमय किं न जायंते कुसुमेषु सुगंधिषु ॥,1698,166,37
paramananda1924__07__r1l17.png,paramananda1924__07,paramananda1924,r1l17,दुराचारी और व्रत-हीन पुरुष की सहायता उत्तम कुल क्या,1869,139,51
paramananda1924__07__r1l18.png,paramananda1924__07,paramananda1924,r1l18,करेगा ? क्या सुगंधवाले पुष्पों में कृमि नहीं उत्पन्न होते ?,1847,134,59
paramananda1924__07__r1l19.png,paramananda1924__07,paramananda1924,r1l19,चतुर्वेदोऽपि दुर्वृत्त: शूद्रादल्पतर: स्मृतः ।,1744,159,46
paramananda1924__07__r1l20.png,paramananda1924__07,paramananda1924,r1l20,तस्माद्विद्धि महाराज व्रतं ब्राह्मणलक्षणम् ॥,1765,145,44
paramananda1924__07__r1l21.png,paramananda1924__07,paramananda1924,r1l21,जो ब्राह्मण चारों वेदों को पढ़ा भी है परंतु जो खोटे,1858,136,51
paramananda1924__07__r1l22.png,paramananda1924__07,paramananda1924,r1l22,"मार्ग में प्रवृत्त है वह शूद्र से भी अधम है । इस कारण, हे राजन् !",1955,132,65
paramananda1924__07__r1l23.png,paramananda1924__07,paramananda1924,r1l23,व्रत ही ब्राह्मण का लक्षण है । इत्यादि पुराण-वाक्य भी जाति,1988,138,58
paramananda1924__08__line_1518176814976_151.png,paramananda1924__08,paramananda1924,line_1518176814976_151,८,65,90,1
paramananda1924__08__r1l1.png,paramananda1924__08,paramananda1924,r1l1,भ्रम-नाशक,340,147,9
paramananda1924__08__r1l3.png,paramananda1924__08,paramananda1924,r1l3,आदिकों की निंदा करके संयम-रूपी गुण को ही उत्तम कहते हैं ।,1858,172,57
paramananda1924__08__r1l4.png,paramananda1924__08,paramananda1924,r1l4,"और यदि जाति से ही कल्याण होता, तो वेद में विधि और",1978,128,49
paramananda1924__08__r1l5.png,paramananda1924__08,paramananda1924,r1l5,निषेध-वाक्य किसलिये कहे गए हैं ।,1095,141,32
paramananda1924__08__line_1518176796361_150.png,paramananda1924__08,paramananda1924,line_1518176796361_150,अहरह: संध्यामुपासीत ।,917,112,21
paramananda1924__08__r1l11.png,paramananda1924__08,paramananda1924,r1l11,"प्रतिदिन ब्राह्मण संध्योपासन करे, यह विधि-वाक्य है ।",1700,168,52
paramananda1924__08__r1l13.png,paramananda1924__08,paramananda1924,r1l13,ब्राह्मण: सुरां न पिबेत् ।,922,138,26
paramananda1924__08__r1l14.png,paramananda1924__08,paramananda1924,r1l14,"ब्राह्मण मदिरा-पान न करे, यह निषेध-वाक्य है । और मनु",1885,136,52
paramananda1924__08__line_1518176774370_149.png,paramananda1924__08,paramananda1924,line_1518176774370_149,ने भी कहा है --,539,82,15
paramananda1924__08__r1l18.png,paramananda1924__08,paramananda1924,r1l18,न तिष्ठति तु य: पूर्वां नोपास्ते यश्च पश्चिमाम् ।,1837,191,49
paramananda1924__08__line_1518176764537_148.png,paramananda1924__08,paramananda1924,line_1518176764537_148,स शुद्रवद्वहिष्कार्य: सर्वस्माद् द्विजकर्मण: ॥,1645,129,46
paramananda1924__08__r1l24.png,paramananda1924__08,paramananda1924,r1l24,जो द्विज प्रातःकाल की संध्या नहीं करता और सायंकाल की,1846,159,52
paramananda1924__08__r1l25.png,paramananda1924__08,paramananda1924,r1l25,"भी नहीं करता, वह संपूर्ण द्विज-कर्मों से बाहर करने योग्य है ।",1916,146,61
paramananda1924__08__r1l26.png,paramananda1924__08,paramananda1924,r1l26,यथा षंढोऽफल: स्त्रीषु यथा गौर्गवि चाफला ।,1663,173,41
paramananda1924__08__r1l27.png,paramananda1924__08,paramananda1924,r1l27,यथा चाज्ञेऽफलं दानं तथा विप्रोऽनृचोऽफल: ॥,1736,151,41
paramananda1924__08__r1l28.png,paramananda1924__08,paramananda1924,r1l28,"जैसे नपुंसक पुरुष स्त्री पर निष्फल है, जैसे गौ गौ पर",1850,151,52
paramananda1924__08__r1l29.png,paramananda1924__08,paramananda1924,r1l29,"निष्फल है और जैसे मूर्ख के प्रति दान निष्फल है, वैसे वेद से",1955,138,59
paramananda1924__08__r1l30.png,paramananda1924__08,paramananda1924,r1l30,"हीन ब्राह्मण निष्फल है । यदि जाति करके ही कल्याण होता,",1967,132,54
paramananda1924__08__r1l31.png,paramananda1924__08,paramananda1924,r1l31,तो वेद-शास्त्र ब्राह्मण के लिये प्रतिदिन संध्या का क्यों विधान,1963,139,62
paramananda1924__09__r1l1.png,paramananda1924__09,paramananda1924,r1l1,भ्रम-नाशक,328,146,9
paramananda1924__09__line_1518176913552_153.png,paramananda1924__09,paramananda1924,line_1518176913552_153,९,34,90,1
paramananda1924__09__r1l2.png,paramananda1924__09,paramananda1924,r1l2,करते और संध्या-हीन को शूद्र क्यों बताते और विद्या-हीन के,1985,170,56
paramananda1924__09__line_1518176903408_152.png,paramananda1924__09,paramananda1924,line_1518176903408_152,"प्रति दान को निष्फल क्यों कहते, जाति तो उसमें उतम है ही ।",1975,141,57
paramananda1924__09__r1l6.png,paramananda1924__09,paramananda1924,r1l6,इसी से सिद्ध होता है कि गुण ही बड़ा है । मनुजी कहते हैं --,1717,128,58
paramananda1924__09__r1l7.png,paramananda1924__09,paramananda1924,r1l7,न हायनैर्न पलितैर्न वित्तेन न बंधुभिः ।,1481,163,39
paramananda1924__09__r1l9.png,paramananda1924__09,paramananda1924,r1l9,ऋषयश्चाक्रिरे धर्मं योऽनूचान: स नो महान् ॥,1672,173,42
paramananda1924__09__r1l11.png,paramananda1924__09,paramananda1924,r1l11,"बरसों करके, सफ़ेद बालों करके, धन करके, संबंधियों करके कोई",1856,125,57
paramananda1924__09__r1l12.png,paramananda1924__09,paramananda1924,r1l12,"बड़ा नहीं होता; किंतु जो हम लोगों में वेदाध्ययन करता है,",1948,140,56
paramananda1924__09__r1l13.png,paramananda1924__09,paramananda1924,r1l13,वही बड़ा है । इस वाक्य में भी गुण का ही महत्त्व रक्खा है ।,1924,131,58
paramananda1924__09__r1l15.png,paramananda1924__09,paramananda1924,r1l15,यदि इन पूर्व वाक्यों के प्रमाण से भी तुम गुण को बड़ा नहीं,1957,142,57
paramananda1924__09__r1l17.png,paramananda1924__09,paramananda1924,r1l17,"मानोगे और हठ करके जाति को ही बड़ा मानोगे, तो हमारे प्रश्नों",1960,118,59
paramananda1924__09__r1l19.png,paramananda1924__09,paramananda1924,r1l19,"का उत्तर देओ । हम पूछते हैं, जाति किसका धर्म है ? स्थुल",1961,121,55
paramananda1924__09__r1l20.png,paramananda1924__09,paramananda1924,r1l20,शरीर का धर्म है किंवि आत्मा का धर्म है ? या लिंग-शरीर का,1952,142,56
paramananda1924__09__r1l21.png,paramananda1924__09,paramananda1924,r1l21,धर्म है या अंतःकरण की इंद्रियों का धर्म है ? इनमें से स्थूल,1955,133,59
paramananda1924__09__r1l22.png,paramananda1924__09,paramananda1924,r1l22,सरीर का धर्म तो हो नहीं सकता । क्योंकि यदि स्थूल शरीर का,1958,135,56
paramananda1924__09__r1l23.png,paramananda1924__09,paramananda1924,r1l23,"धर्म होवे, तो शरीर की उत्पत्ति-काल में ही द्विजत्व-भाव उस",1952,128,57
paramananda1924__09__r1l24.png,paramananda1924__09,paramananda1924,r1l24,बालक में विद्यमान होता । किंतु,943,155,30
paramananda1924__09__r1l25.png,paramananda1924__09,paramananda1924,r1l25,संस्कारेण द्विजो भवेत् ।,1111,153,24
paramananda1924__09__r1l27.png,paramananda1924__09,paramananda1924,r1l27,"संस्कार करके द्विज होता है, यह श्रुति व्यर्थ हो जायगी । और",1865,130,58
paramananda1924__09__r1l28.png,paramananda1924__09,paramananda1924,r1l28,"संस्कार कराना भी निष्फल हो जायगा, क्योंकि धर्म विना धर्मी",1955,153,57
paramananda1924__10__r1l1.png,paramananda1924__10,paramananda1924,r1l1,१०,118,174,2
paramananda1924__10__r1l2.png,paramananda1924__10,paramananda1924,r1l2,भ्रम-नाशक,356,170,9
paramananda1924__10__r1l3.png,paramananda1924__10,paramananda1924,r1l3,के नहीं रह सकता । जिस काल में शरीर होगा उसी काल में जाति-,1969,167,57
paramananda1924__10__r1l4.png,paramananda1924__10,paramananda1924,r1l4,रूपी धर्म भी साथ ही रहेगा । और जन्म-काल में श्रुति सबको,1966,132,55
paramananda1924__10__r1l5.png,paramananda1924__10,paramananda1924,r1l5,शूद्र ही विधान करती है और संस्कार कराने से ही द्विज होता,1984,137,56
paramananda1924__10__r1l6.png,paramananda1924__10,paramananda1924,r1l6,है । इसवास्ते स्थूल शरीर का धर्म जाति नहीं है । और जो द्विज,1912,125,59
paramananda1924__10__r1l7.png,paramananda1924__10,paramananda1924,r1l7,किसी प्रकार से अपने धर्म से च्युत हो गया है अर्थात् म्लेच्छ,1981,136,59
paramananda1924__10__r1l8.png,paramananda1924__10,paramananda1924,r1l8,"हो गया है, अब उसको भी तुमको द्विज मानना पड़ेगा, क्योंकि",1968,128,55
paramananda1924__10__r1l9.png,paramananda1924__10,paramananda1924,r1l9,द्विजत्व-जाति को तुमने स्थूल शरीर का धर्म माना है सो स्थूल शरीर,1969,135,63
paramananda1924__10__r1l10.png,paramananda1924__10,paramananda1924,r1l10,उसका वही विद्यमान है । क्योंकि धर्मी के रहने से धर्म भी अवश्य,1958,130,61
paramananda1924__10__r1l11.png,paramananda1924__10,paramananda1924,r1l11,रहेगा । अग्नि के रहने से उष्णता भी उसमें अवश्य रहेगी । अब,1968,134,57
paramananda1924__10__r1l12.png,paramananda1924__10,paramananda1924,r1l12,"उस म्लेच्छ को द्विज मानना होगा परंतु माना नहीं जाता, इसवास्ते",1948,133,61
paramananda1924__10__r1l13.png,paramananda1924__10,paramananda1924,r1l13,स्थूल शरीर का धर्म जाति नहीं हो सकती । और यदि कहो उसमें,1970,133,55
paramananda1924__10__r1l14.png,paramananda1924__10,paramananda1924,r1l14,"द्विजत्व-जाति नष्ट हो गई है, इसवास्ते उसमेंद्विजत्व-व्यवहार नहीं होता,",1964,137,70
paramananda1924__10__r1l15.png,paramananda1924__10,paramananda1924,r1l15,"तो ऐसा कहना भी ठीक नहीं है । क्योंकि यदि जाति का नाश मानोगे,",1970,128,60
paramananda1924__10__r1l16.png,paramananda1924__10,paramananda1924,r1l16,"तो जाति तो तुम्हारे मत में एक ही थी । वह तो नष्ट हो गई, अब और",1946,133,61
paramananda1924__10__r1l17.png,paramananda1924__10,paramananda1924,r1l17,द्विजों में भी द्विजत्व-व्यवहार न होना चाहिए । यदि कहो कि उस,2003,135,60
paramananda1924__10__r1l18.png,paramananda1924__10,paramananda1924,r1l18,"म्लेच्छ-शरीर को छोड़कर और द्विजों में वह जा रही है, यह कथन",1966,133,58
paramananda1924__10__r1l19.png,paramananda1924__10,paramananda1924,r1l19,"भी नहीं ठीक है । क्योंकि गमन-क्रिया सावयव पदार्थ में होती है,",1973,131,61
paramananda1924__10__r1l20.png,paramananda1924__10,paramananda1924,r1l20,"निरवयव में नहीं होती । जाति तो निरवयव है, उसका गमन नहीं",1963,134,55
paramananda1924__10__r1l21.png,paramananda1924__10,paramananda1924,r1l21,"होता, इसी हेतु से स्थूल शरीर का धर्म जाति नहीं हो सकती ।",1906,135,56
paramananda1924__10__r1l22.png,paramananda1924__10,paramananda1924,r1l22,"प्रश्न ----नित्यमेकमनेकानुगतं सामान्यम् । जो एक हो,",1857,137,51
pyarelala1914__00a__r3l5.png,pyarelala1914__00a,pyarelala1914,r3l5,रागबिनोद ।।,384,155,11
pyarelala1914__00a__r3l6.png,pyarelala1914__00a,pyarelala1914,r3l6,जिसमें,175,142,6
pyarelala1914__00a__line_1524840984994_5.png,pyarelala1914__00a,pyarelala1914,line_1524840984994_5,"कजरी, अद्धा, ग़ज़ल, लावनी व दोहे",1117,122,32
pyarelala1914__00a__line_1518173628799_87.png,pyarelala1914__00a,pyarelala1914,line_1518173628799_87,आदि अनेकराग बर्णित हैं,773,152,22
pyarelala1914__00a__r3l13.png,pyarelala1914__00a,pyarelala1914,r3l13,जिसको,173,119,5
pyarelala1914__00a__line_1518173624101_86.png,pyarelala1914__00a,pyarelala1914,line_1518173624101_86,लाला प्यारेलाल साकिन मौज़े जमुवा परगना,1096,117,38
pyarelala1914__00a__line_1518173621007_85.png,pyarelala1914__00a,pyarelala1914,line_1518173621007_85,कुर्सीं तहसील फ़तेहपुर ज़िला बाराबंकी ने,1141,100,40
pyarelala1914__00a__line_1518173614995_84.png,pyarelala1914__00a,pyarelala1914,line_1518173614995_84,भक्तजनों के बिनोदार्थ रचनाकिया,705,108,30
pyarelala1914__00a__r3l20.png,pyarelala1914__00a,pyarelala1914,r3l20,प्रथम बार,238,105,9
pyarelala1914__00a__r3l22.png,pyarelala1914__00a,pyarelala1914,r3l22,लखनऊ,292,146,4
pyarelala1914__00a__r3l25.png,pyarelala1914__00a,pyarelala1914,r3l25,"मुंशी नवलकिशोर सी. आई. ई., के छापेख़ाने में छपा.",1225,108,48
pyarelala1914__00a__r3l26.png,pyarelala1914__00a,pyarelala1914,r3l26,सन् १९१५ ई ०,358,107,12
pyarelala1914__01__r2l1.png,pyarelala1914__01,pyarelala1914,r2l1,श्रीगणेशाय नम: ।।,523,176,17
pyarelala1914__01__r2l5.png,pyarelala1914__01,pyarelala1914,r2l5,अथ रागबिनोद ।।,845,213,14
pyarelala1914__01__line_1518173860685_89.png,pyarelala1914__01,pyarelala1914,line_1518173860685_89,(भजन),437,114,5
pyarelala1914__01__r2l8.png,pyarelala1914__01,pyarelala1914,r2l8,जै जै जै जगदम्बभवानी ।।,1030,180,23
pyarelala1914__01__r2l9.png,pyarelala1914__01,pyarelala1914,r2l9,करमे खप्पर शूल लियेहैं रथकी ध्वजा,1474,54,33
pyarelala1914__01__r2l12.png,pyarelala1914__01,pyarelala1914,r2l12,फहरानी ।। १ ।। जैजै ० ।। केहरिपर सवार,1645,92,37
pyarelala1914__01__r2l13.png,pyarelala1914__01,pyarelala1914,r2l13,माता ह्वै करत शत्रु की हानी ।। २ ।।,1613,157,35
pyarelala1914__01__r2l14.png,pyarelala1914__01,pyarelala1914,r2l14,जै जै ० ।। तुमहीं हौ सब काम संवारनि,1585,157,35
pyarelala1914__02__r4l1.png,pyarelala1914__02,pyarelala1914,r4l1,रागबिनोद ।,446,194,10
pyarelala1914__02__line_1518173878832_90.png,pyarelala1914__02,pyarelala1914,line_1518173878832_90,२,47,95,1
pyarelala1914__02__r4l2.png,pyarelala1914__02,pyarelala1914,r4l2,तुमहीं हौ शुभबानी ।। ३ ।। जै जै० ।।,1552,180,35
pyarelala1914__02__r4l3.png,pyarelala1914__02,pyarelala1914,r4l3,जन प्यारेके शोकहरो सब आपन किंकर,1600,150,31
pyarelala1914__02__r4l4.png,pyarelala1914__02,pyarelala1914,r4l4,जानी ।। ४ ।। जै जै जैजगदम्बभवानी ।।,1567,159,35
pyarelala1914__02__r4l5.png,pyarelala1914__02,pyarelala1914,r4l5,"दो० सिद्ध करनि सब कामको, और सुभग बरदान ।",1525,147,40
pyarelala1914__02__r4l6.png,pyarelala1914__02,pyarelala1914,r4l6,"तुम बिन माता देतको, मम मूरख को ज्ञान ।।",1387,133,39
pyarelala1914__02__line_1518173930646_91.png,pyarelala1914__02,pyarelala1914,line_1518173930646_91,(भजन),428,101,5
pyarelala1914__02__r4l8.png,pyarelala1914__02,pyarelala1914,r4l8,गजबदन को कर गान ।।,1018,199,18
pyarelala1914__02__r4l9.png,pyarelala1914__02,pyarelala1914,r4l9,"एक दन्त सवारी मूसा, जपत सकल",1488,174,27
pyarelala1914__02__r4l10.png,pyarelala1914__02,pyarelala1914,r4l10,जहान ।। १ ।। अब गजबदन ० ।। देव नर,1612,145,33
pyarelala1914__02__r4l11.png,pyarelala1914__02,pyarelala1914,r4l11,"गन्धर्ब किन्नर, धरत प्रथमै ध्यान ।। २ ।।",1612,150,40
pyarelala1914__02__r4l12.png,pyarelala1914__02,pyarelala1914,r4l12,"अब गजबदन० ।। एक ऊपर सुन्न रथ जो,",1589,158,32
pyarelala1914__02__r4l13.png,pyarelala1914__02,pyarelala1914,r4l13,तासु पुत्र बखान ।। ३ ।। अब गजबदन० ।।,1663,137,36
pyarelala1914__02__r4l16.png,pyarelala1914__02,pyarelala1914,r4l16,"कहत प्यारे सिद्धिदायक, नामकरौं स-",1316,157,33
pyarelala1914__02__r4l17.png,pyarelala1914__02,pyarelala1914,r4l17,गान ।। ४ ।। अब गजबदन को कर गान ।।,1619,161,33
pyarelala1914__03__r3l1.png,pyarelala1914__03,pyarelala1914,r3l1,रागबिनोद ।,453,196,10
pyarelala1914__03__line_1518174364485_93.png,pyarelala1914__03,pyarelala1914,line_1518174364485_93,३,58,104,1
pyarelala1914__03__r3l2.png,pyarelala1914__03,pyarelala1914,r3l2,"दो० लम्बोदर दुखके हरण, करण सकल मन काज ।",1510,149,39
pyarelala1914__03__r3l3.png,pyarelala1914__03,pyarelala1914,r3l3,"बारबार मस्तक नऊं, कृपा करो अब आज ।।",1373,127,35
pyarelala1914__03__r3l4.png,pyarelala1914__03,pyarelala1914,r3l4,(भजन),288,177,5
pyarelala1914__03__r3l5.png,pyarelala1914__03,pyarelala1914,r3l5,जे गरुचरण रेणु शिर धारत ।।,1255,173,26
pyarelala1914__03__r3l6.png,pyarelala1914__03,pyarelala1914,r3l6,भूरि भागिके भाजन होयँगे सब बिष-,1456,153,31
pyarelala1914__03__r3l7.png,pyarelala1914__03,pyarelala1914,r3l7,यन को टारत ।। १ ।। जे गुरुचरण० ।।,1581,156,33
pyarelala1914__03__r3l8.png,pyarelala1914__03,pyarelala1914,r3l8,यमके त्रास सकल बिधि नाशत जे गुरु,1613,150,32
pyarelala1914__03__r3l9.png,pyarelala1914__03,pyarelala1914,r3l9,मन्त्र उचारत ।। २ ।। जे गुरुचरण० ।।,1601,152,35
pyarelala1914__03__r3l10.png,pyarelala1914__03,pyarelala1914,r3l10,तमके गृह को दीपक गुरु सिखवन सो,1579,149,30
pyarelala1914__03__r3l12.png,pyarelala1914__03,pyarelala1914,r3l12,पद मूढ़ बिसारत ।। ३ ।। जे गुरुचरण० ।।,1592,134,37
pyarelala1914__03__line_1518174325427_92.png,pyarelala1914__03,pyarelala1914,line_1518174325427_92,जन प्यारे गुरुपद पंकज उर कलि,1588,150,28
pyarelala1914__03__r3l15.png,pyarelala1914__03,pyarelala1914,r3l15,साउज हनि डारत ।। ४ ।। जे गुरुचरण,1585,143,32
pyarelala1914__03__r3l16.png,pyarelala1914__03,pyarelala1914,r3l16,रेणु शिर धारत ।।,704,164,16
pyarelala1914__03__r3l17.png,pyarelala1914__03,pyarelala1914,r3l17,"दो० बिनु गुरु मुक्ति न पावहीं, सुर नर असुर समूह ।",1473,146,49
pyarelala1914__03__r3l18.png,pyarelala1914__03,pyarelala1914,r3l18,"गुरुके सिखवनसुमिरिकै, तरे खलनके जूह ।।",1364,136,38
pyarelala1914__04__r2l1.png,pyarelala1914__04,pyarelala1914,r2l1,४,58,281,1
pyarelala1914__04__r3l1.png,pyarelala1914__04,pyarelala1914,r3l1,रागबिनोद ।,470,155,10
pyarelala1914__04__r3l2.png,pyarelala1914__04,pyarelala1914,r3l2,(भजन),316,188,5
pyarelala1914__04__r3l3.png,pyarelala1914__04,pyarelala1914,r3l3,औधेशासुत रघुबीरहो ।।,1003,155,20
pyarelala1914__04__r3l4.png,pyarelala1914__04,pyarelala1914,r3l4,तन बस्त्र शोभित पीतहैं कर कमल,1435,141,29
pyarelala1914__04__r3l5.png,pyarelala1914__04,pyarelala1914,r3l5,में धनुतीरहो ।। १ ।। औधेशा० ।। लीन्हें,1606,148,38
pyarelala1914__04__r3l6.png,pyarelala1914__04,pyarelala1914,r3l6,सखा संग फिरैं नगर कबहों सरजुके तीर,1640,155,34
pyarelala1914__04__r3l7.png,pyarelala1914__04,pyarelala1914,r3l7,हो ।। २ ।। औधेशा० ।। भरत लछिमन,1614,134,30
pyarelala1914__04__r3l8.png,pyarelala1914__04,pyarelala1914,r3l8,रिपुदमन युत बन्धु सब रणधीरहो ।। ३ ।।,1612,148,36
pyarelala1914__04__r3l9.png,pyarelala1914__04,pyarelala1914,r3l9,औधेशा० ।। माता निरखि मुख चन्द्रको,1636,163,33
pyarelala1914__04__r3l11.png,pyarelala1914__04,pyarelala1914,r3l11,प्यारे हटी तनपीर हो ।। ४ ।। औधेशा,1631,110,33
pyarelala1914__04__r3l12.png,pyarelala1914__04,pyarelala1914,r3l12,सुत रघुबीर हो ।।,706,159,16
pyarelala1914__04__r3l13.png,pyarelala1914__04,pyarelala1914,r3l13,"दो० अवध नृपतिके सुभग सुत, लखन राम सुखकन्द ।",1525,134,43
pyarelala1914__04__r3l14.png,pyarelala1914__04,pyarelala1914,r3l14,"भरत शत्रुहन चारि ये, सबको देत अनन्द ।।",1409,120,38
pyarelala1914__04__r3l15.png,pyarelala1914__04,pyarelala1914,r3l15,(भजन),361,160,5
pyarelala1914__04__r3l16.png,pyarelala1914__04,pyarelala1914,r3l16,सुकुमार जसुमति लालरे ।।,985,88,23
pyarelala1914__04__line_1518174392496_94.png,pyarelala1914__04,pyarelala1914,line_1518174392496_94,अधर बांके नयन सुन्दर गले मोतिन,1472,156,30
pyarelala1914__05__r2l1.png,pyarelala1914__05,pyarelala1914,r2l1,५,81,166,1
pyarelala1914__05__r2l2.png,pyarelala1914__05,pyarelala1914,r2l2,रागबिनोद ।,496,200,10
pyarelala1914__05__r2l3.png,pyarelala1914__05,pyarelala1914,r2l3,मालरे ।। १ ।। सुकुमार० ।। भृकुटि च-,1627,178,35
pyarelala1914__05__r2l4.png,pyarelala1914__05,pyarelala1914,r2l4,ञ्चल मुख कमल जिमि घूंघुरवाले बालरे,1597,74,34
pyarelala1914__05__r2l6.png,pyarelala1914__05,pyarelala1914,r2l6,।। २ ।। सुकुमार० ।। करकमलपद नम्र,1621,155,32
pyarelala1914__05__r2l7.png,pyarelala1914__05,pyarelala1914,r2l7,तन अति चलत तिरछी चालरे ।। ३ ।।,1622,156,30
pyarelala1914__05__r2l8.png,pyarelala1914__05,pyarelala1914,r2l8,सुकुमार० ।। बृषभ कन्धर श्रवणकुण्डल,1603,137,34
pyarelala1914__05__r2l9.png,pyarelala1914__05,pyarelala1914,r2l9,प्यारे होत निहालरे ।। ४ ।। सुकुमार जसु-,1601,158,39
pyarelala1914__05__r2l10.png,pyarelala1914__05,pyarelala1914,r2l10,मतिलालरे ।।,552,160,11
pyarelala1914__05__r2l11.png,pyarelala1914__05,pyarelala1914,r2l11,"दो० कृष्ण चन्द्र आनन्द बन, गोपिन प्राण अधार ।",1463,138,45
pyarelala1914__05__r2l12.png,pyarelala1914__05,pyarelala1914,r2l12,"प्यारेको निज भीक्तदै, करौ हृदय पैसार ।।",1358,140,39
pyarelala1914__05__line_1518174484084_95.png,pyarelala1914__05,pyarelala1914,line_1518174484084_95,(भजन),421,90,5
pyarelala1914__05__r2l14.png,pyarelala1914__05,pyarelala1914,r2l14,दिनप्रति ध्याओ श्री रघुनन्दन ।।,1331,176,31
pyarelala1914__05__r2l15.png,pyarelala1914__05,pyarelala1914,r2l15,गाओगीत मनोहर हरिके नाम जपो,1472,163,26
pyarelala1914__05__r2l16.png,pyarelala1914__05,pyarelala1914,r2l16,नागर नँदनन्दन ।। १ ।। दिनप्रति० ।। जा-,1627,150,38
pyarelala1914__05__r2l17.png,pyarelala1914__05,pyarelala1914,r2l17,गत राम सोवत महँ रामै मार्ग चलत महँ,1629,159,34
pyarelala1914__06__r3l1.png,pyarelala1914__06,pyarelala1914,r3l1,६,55,202,1
pyarelala1914__06__r3l2.png,pyarelala1914__06,pyarelala1914,r3l2,रागिबनोद ।,415,190,10
pyarelala1914__06__r3l3.png,pyarelala1914__06,pyarelala1914,r3l3,करु पदबन्दन ।। २ ।। दिनप्रति० ।। दै,1565,172,35
pyarelala1914__06__r3l4.png,pyarelala1914__06,pyarelala1914,r3l4,अस्नान ध्यान आरति करु खौर देउ शुभ,1606,147,33
pyarelala1914__06__r3l5.png,pyarelala1914__06,pyarelala1914,r3l5,चन्दन ।। ३ ।। दिनप्रति० ।। प्यारे नाम,1612,160,37
pyarelala1914__06__r3l6.png,pyarelala1914__06,pyarelala1914,r3l6,जपो कमलापति जो है असुरनिकन्दन,1591,143,29
pyarelala1914__06__r3l7.png,pyarelala1914__06,pyarelala1914,r3l7,।। ४ ।। दिनप्रति ध्याओ श्रीरघुनन्दन ।।,1625,153,38
pyarelala1914__06__r3l8.png,pyarelala1914__06,pyarelala1914,r3l8,"दो०यह संसार असार में, आपन है नहिं कोइ ।",1495,126,39
pyarelala1914__06__r3l9.png,pyarelala1914__06,pyarelala1914,r3l9,"अस अपने मनसमुझिकै, करौ जो कीना होइ ।।",1460,145,37
pyarelala1914__06__line_1518174540093_96.png,pyarelala1914__06,pyarelala1914,line_1518174540093_96,(भजन),426,95,5
pyarelala1914__06__r3l13.png,pyarelala1914__06,pyarelala1914,r3l13,या जग में नहिं आपन कोई ।।,1275,179,25
pyarelala1914__06__r3l14.png,pyarelala1914__06,pyarelala1914,r3l14,सुतबित नारि भवन और भूषण निज,1487,159,27
pyarelala1914__06__r3l15.png,pyarelala1914__06,pyarelala1914,r3l15,तन हो नहिं होई ।। १ ।। या जग में० ।।,1598,144,36
pyarelala1914__06__r3l16.png,pyarelala1914__06,pyarelala1914,r3l16,परिप्रपञ्च प्रभु को बिसरायो गरलखात,1606,152,34
pyarelala1914__06__r3l17.png,pyarelala1914__06,pyarelala1914,r3l17,अमृतफल खोई ।। २ ।। या जग में० ।।,1598,154,32
pyarelala1914__06__r3l18.png,pyarelala1914__06,pyarelala1914,r3l18,जा तन पर घमण्ड बहु लावत बारिबुन्द,1604,145,33
pyarelala1914__06__r3l19.png,pyarelala1914__06,pyarelala1914,r3l19,सम सोई ।। ३ ।। या जग में० ।। जन,1585,165,31
pyarelala1914__07__r2l1.png,pyarelala1914__07,pyarelala1914,r2l1,७,85,176,1
pyarelala1914__07__r2l2.png,pyarelala1914__07,pyarelala1914,r2l2,रागबिनोद ।,455,189,10
pyarelala1914__07__r2l3.png,pyarelala1914__07,pyarelala1914,r2l3,प्यारे अबहीं मन चेतौ नाम जपो घट घट,1645,190,34
pyarelala1914__07__r2l4.png,pyarelala1914__07,pyarelala1914,r2l4,में जोई ।।४।। या जगमें नहिं आपन कोई।।,1642,165,37
pyarelala1914__07__r2l5.png,pyarelala1914__07,pyarelala1914,r2l5,"दो० सुत बित नारी भवन में, है भूलो सब कोइ ।",1495,151,42
pyarelala1914__07__r2l6.png,pyarelala1914__07,pyarelala1914,r2l6,"महिशिर जेहि अरि तासु प्रभु, मूढ़ बिसारेउ सोइ ।।",1405,134,47
pyarelala1914__07__line_1518174619181_98.png,pyarelala1914__07,pyarelala1914,line_1518174619181_98,(भजन),443,90,5
pyarelala1914__07__r2l8.png,pyarelala1914__07,pyarelala1914,r2l8,मोसम कौन कुटिल अघखानी ।।,1320,196,24
pyarelala1914__07__r2l9.png,pyarelala1914__07,pyarelala1914,r2l9,शम्भु श्यामकर नाम न लीन्हेउ बिष-,1498,168,32
pyarelala1914__07__r2l10.png,pyarelala1914__07,pyarelala1914,r2l10,यनके रससानी ।। १ ।। मोसम० ।। या मुख,1657,134,35
pyarelala1914__07__r2l12.png,pyarelala1914__07,pyarelala1914,r2l12,सों शुभ बात न कीन्हेउ जेहि तेहि कहेउँ,1606,98,37
pyarelala1914__07__r2l13.png,pyarelala1914__07,pyarelala1914,r2l13,कटुक बहुबानी ।। २ ।। मोसम० ।। या कर,1619,145,35
pyarelala1914__07__line_1518174590449_97.png,pyarelala1914__07,pyarelala1914,line_1518174590449_97,सों कछु दान न दीन्हेउ लेबो बहुबिधि,1597,155,34
pyarelala1914__07__r2l17.png,pyarelala1914__07,pyarelala1914,r2l17,जानी ।। ३ ।। मोसम० ।। कहै जन प्यारे,1619,143,35
pyarelala1914__07__r2l18.png,pyarelala1914__07,pyarelala1914,r2l18,रघुनाथ उबारे आपन शिशु मोहिंजानी,1613,154,31
pyarelala1914__07__r2l19.png,pyarelala1914__07,pyarelala1914,r2l19,।। ४ ।। मोसम कौन कुटिल अघखानी ।।,1631,153,32
pyarelala1914__08__r4l1.png,pyarelala1914__08,pyarelala1914,r4l1,८,28,196,1
pyarelala1914__08__r4l2.png,pyarelala1914__08,pyarelala1914,r4l2,रागबिनोद ।,450,216,10
pyarelala1914__08__r4l3.png,pyarelala1914__08,pyarelala1914,r4l3,"दो० या बिधि को मैं पातकी, सुनियो दीनदयाल ।",1512,153,42
pyarelala1914__08__r4l4.png,pyarelala1914__08,pyarelala1914,r4l4,"पतित उबारन नाम है, मम अघ हरो कृपाल ।।",1391,141,37
pyarelala1914__08__line_1518174687293_99.png,pyarelala1914__08,pyarelala1914,line_1518174687293_99,(भजन),417,90,5
pyarelala1914__08__r4l6.png,pyarelala1914__08,pyarelala1914,r4l6,नाम बिन कौन भयो भव पार ।।,1312,224,25
pyarelala1914__08__r4l7.png,pyarelala1914__08,pyarelala1914,r4l7,बेद पुराण भनत यश थाकत तेउ न,1454,155,27
pyarelala1914__08__r4l8.png,pyarelala1914__08,pyarelala1914,r4l8,पावत पार । बालमीकि नारद सनका-,1582,151,29
pyarelala1914__08__r4l9.png,pyarelala1914__08,pyarelala1914,r4l9,दिक तिनहुँ के प्राण अधार ।। १ ।।,1606,148,32
pyarelala1914__08__r4l11.png,pyarelala1914__08,pyarelala1914,r4l11,नाम बिन० ।। ध्रुव प्रहलाद और पारा-,1624,147,34
pyarelala1914__08__r4l12.png,pyarelala1914__08,pyarelala1914,r4l12,शर अरु मुनिबृन्द अपार । हरिहित,1604,145,30
pyarelala1914__08__r4l13.png,pyarelala1914__08,pyarelala1914,r4l13,सुखसम्पति सब त्यागेउ दरशदीन क-,1603,154,30
pyarelala1914__08__r4l14.png,pyarelala1914__08,pyarelala1914,r4l14,रतार ।। २ ।। नाम बिन० ।। सूरदास,1632,145,31
pyarelala1914__08__r4l15.png,pyarelala1914__08,pyarelala1914,r4l15,शरभंग कपिलमुनि अरु मनु अवधभु-,1636,146,29
pyarelala1914__08__r4l16.png,pyarelala1914__08,pyarelala1914,r4l16,वार । नामहेत तृण यों सब त्यागेउ राज,1633,155,35
pyarelala1914__08__r4l17.png,pyarelala1914__08,pyarelala1914,r4l17,पाट संसार ।। ३ ।। नाम बिन० ।। प्यारे,1592,171,36
pyarelala1914__09__r1l1.png,pyarelala1914__09,pyarelala1914,r1l1,९,82,200,1
pyarelala1914__09__r1l2.png,pyarelala1914__09,pyarelala1914,r1l2,रागबिनोद ।,470,216,10
pyarelala1914__09__r1l3.png,pyarelala1914__09,pyarelala1914,r1l3,रसना नाम ररति नहिं कस होइ हौ भव,1652,177,31
pyarelala1914__09__r1l4.png,pyarelala1914__09,pyarelala1914,r1l4,पार । दशरथ सुत सों याही अरज़ है,1613,157,31
pyarelala1914__09__r1l5.png,pyarelala1914__09,pyarelala1914,r1l5,बांह पकरि निरवार ।। ४ ।। नाम बिन,1601,144,32
pyarelala1914__09__r1l6.png,pyarelala1914__09,pyarelala1914,r1l6,कौन भयो भवपार ।।,821,154,16
pyarelala1914__09__r1l7.png,pyarelala1914__09,pyarelala1914,r1l7,"दो० राम नाम नौका सुभग, भवसागर की धार ।",1466,144,38
pyarelala1914__09__r1l8.png,pyarelala1914__09,pyarelala1914,r1l8,"जिन नौका दृढ़ नहिं गहेउ, सो कस होइहैं पार ।।",1375,138,44
pyarelala1914__09__r1l9.png,pyarelala1914__09,pyarelala1914,r1l9,(भजन),352,184,5
pyarelala1914__09__r1l10.png,pyarelala1914__09,pyarelala1914,r1l10,को न मिटेउ हरिजनहिं सताई ।।,1297,187,27
pyarelala1914__09__r1l11.png,pyarelala1914__09,pyarelala1914,r1l11,दुर्बासा अम्बरीष सतायो रामचक्र,1447,154,30
pyarelala1914__09__r1l12.png,pyarelala1914__09,pyarelala1914,r1l12,तिहुँपुरभरमाई ।। १ ।। कोन०।। तुलसी को,1595,154,37
pyarelala1914__09__r1l13.png,pyarelala1914__09,pyarelala1914,r1l13,दिल्लीपति ढाहेउ हरि पायक तेहि भवन ढ-,1607,143,36
pyarelala1914__09__r1l14.png,pyarelala1914__09,pyarelala1914,r1l14,हाई ।। २ ।। को न० ।।हरिणाकुश प्रहलाद,1460,144,36
pyarelala1914__09__r1l16.png,pyarelala1914__09,pyarelala1914,r1l16,खम्भहनि प्रकटभये हरिउद्र नसाई ।।३ ।।,1640,158,36
pyarelala1914__09__r1l17.png,pyarelala1914__09,pyarelala1914,r1l17,को न० ।। जन प्यारे बसुदेव नन्द,1613,151,30
pyarelala1914__10__r3l1.png,pyarelala1914__10,pyarelala1914,r3l1,१०,109,194,2
pyarelala1914__10__r3l2.png,pyarelala1914__10,pyarelala1914,r3l2,रागबिनोद ।,409,218,10
pyarelala1914__10__r3l3.png,pyarelala1914__10,pyarelala1914,r3l3,सों आरत नाद सहो नहिं जाई ।। ४ ।।,1606,198,32
pyarelala1914__10__r3l4.png,pyarelala1914__10,pyarelala1914,r3l4,को न मिटेउ हरिजनहिं सताई ।।,1349,142,27
pyarelala1914__10__r3l5.png,pyarelala1914__10,pyarelala1914,r3l5,"दो० आरत नाद करेउ गज, ग्राह ग्रसेउ जल मध्य ।",1571,124,43
pyarelala1914__10__r3l6.png,pyarelala1914__10,pyarelala1914,r3l6,"पौन जाहि भख तेहि अरि, चढ़ि ग्राहै कियो बध्य ।",1418,128,45
pyarelala1914__10__r3l7.png,pyarelala1914__10,pyarelala1914,r3l7,(भजन),368,167,5
pyarelala1914__10__r3l8.png,pyarelala1914__10,pyarelala1914,r3l8,अब मन रामचरण अनुरागो ।।,1267,172,23
pyarelala1914__10__r3l9.png,pyarelala1914__10,pyarelala1914,r3l9,काम क्रोध और लोभ दुष्टमति दम्भ,1492,153,30
pyarelala1914__10__r3l10.png,pyarelala1914__10,pyarelala1914,r3l10,कपट सब त्यागो ।। १ ।। अब मन० ।। हरि,1634,150,35
pyarelala1914__10__r3l11.png,pyarelala1914__10,pyarelala1914,r3l11,भक्तन सतसंग ढंग शुभ प्रभु बिमुखन,1628,148,32
pyarelala1914__10__r3l12.png,pyarelala1914__10,pyarelala1914,r3l12,सों भागो ।। २ ।। अबमन० ।। हरि यश,1584,153,32
pyarelala1914__10__r3l14.png,pyarelala1914__10,pyarelala1914,r3l14,सुधा सरितसम पावन ता यशमें चित,1396,148,29
pyarelala1914__10__r3l15.png,pyarelala1914__10,pyarelala1914,r3l15,लागो ।। ३ ।। अबमन० ।। प्यारे जो पुत्र,1625,150,37
pyarelala1914__10__r3l16.png,pyarelala1914__10,pyarelala1914,r3l16,भवन को नायक होई है तबहिं सभा-,1627,147,29
pyarelala1914__10__r3l17.png,pyarelala1914__10,pyarelala1914,r3l17,गो ।। ४ ।। अबमन रामचरण अनुरागो ।।,1600,151,33
pyarelala1914__10__r3l18.png,pyarelala1914__10,pyarelala1914,r3l18,"दो० हे मन मूरख बावरे, कर रघुबर सों नेह ।",1434,149,40
pyarelala1914__11__r3l1.png,pyarelala1914__11,pyarelala1914,r3l1,११,79,218,2
pyarelala1914__11__r3l2.png,pyarelala1914__11,pyarelala1914,r3l2,रागबिनोद ।,463,216,10
pyarelala1914__11__r3l3.png,pyarelala1914__11,pyarelala1914,r3l3,"बार धाम धन द्रव्य सब, और वारिये देह ।।",1322,181,38
pyarelala1914__11__line_1518174927460_102.png,pyarelala1914__11,pyarelala1914,line_1518174927460_102,(भजन),434,102,5
pyarelala1914__11__r3l5.png,pyarelala1914__11,pyarelala1914,r3l5,अब मन कृष्णसों कर नेह ।,1162,196,23
pyarelala1914__11__r3l7.png,pyarelala1914__11,pyarelala1914,r3l7,वार सब धन धाम धरनी और वारौ,1358,152,26
pyarelala1914__11__line_1518174907414_101.png,pyarelala1914__11,pyarelala1914,line_1518174907414_101,देह ।। १ ।। अब मन० ।। संग तेरे कोई,1602,158,34
pyarelala1914__11__r3l12.png,pyarelala1914__11,pyarelala1914,r3l12,न जैहै बित्त बाहन गेह ।। २ ।।अब मन०।।,1553,142,37
pyarelala1914__11__r3l13.png,pyarelala1914__11,pyarelala1914,r3l13,भ्रमित निशिदिन धन कुटुम्ब में बृथा सब,1600,147,37
pyarelala1914__11__r3l14.png,pyarelala1914__11,pyarelala1914,r3l14,परस्नेह ।। ३ ।। अब मन० ।। प्यारे दृग,1633,153,36
pyarelala1914__11__r3l15.png,pyarelala1914__11,pyarelala1914,r3l15,सों प्रेम जल ढुरु जैसे बरषत मेह ।। ४ ।।,1629,157,39
pyarelala1914__11__r3l17.png,pyarelala1914__11,pyarelala1914,r3l17,अब मन कृष्णसों करनेह ।।,1108,150,23
pyarelala1914__11__r3l18.png,pyarelala1914__11,pyarelala1914,r3l18,"दो० नेह करो मन कृष्ण सों, घट घट बासी जौन ।",1523,120,42
pyarelala1914__11__r3l19.png,pyarelala1914__11,pyarelala1914,r3l19,"नाम लेत पातक टरै, कस बिसरायो तौन ।।",1373,137,35
pyarelala1914__11__line_1518174876450_100.png,pyarelala1914__11,pyarelala1914,line_1518174876450_100,(भजन),425,97,5
pyarelala1914__11__r3l21.png,pyarelala1914__11,pyarelala1914,r3l21,सुनोरे मन कस बिसरे नँदलाल ।।,1391,177,28
pyarelala1914__11__r3l22.png,pyarelala1914__11,pyarelala1914,r3l22,रतिकरपति तेहि अरितिया संयुत,1439,164,27
pyarelala1914__12__r2l1.png,pyarelala1914__12,pyarelala1914,r2l1,१२,103,174,2
pyarelala1914__12__r2l2.png,pyarelala1914__12,pyarelala1914,r2l2,रागबिनोद ।,484,207,10
pyarelala1914__12__r2l3.png,pyarelala1914__12,pyarelala1914,r2l3,करत जासु पद ख्याल ।। १ ।। सुनोरे० ।।,1636,177,36
pyarelala1914__12__r2l4.png,pyarelala1914__12,pyarelala1914,r2l4,तमअरितनया बढ़ीं चरणहित कञ्च,1600,145,27
pyarelala1914__12__r2l5.png,pyarelala1914__12,pyarelala1914,r2l5,पाँव छुइ भईहैं निहाल ।। २ ।। सुनोरे० ।।,1618,157,39
pyarelala1914__12__r2l6.png,pyarelala1914__12,pyarelala1914,r2l6,सृष्टिरचन अरु धनद धर्म शशि नाम ज-,1606,140,33
pyarelala1914__12__r2l7.png,pyarelala1914__12,pyarelala1914,r2l7,पत यमकाल ।। ३ ।। सुनोरे० ।। प्यारे,1597,153,34
pyarelala1914__12__r2l8.png,pyarelala1914__12,pyarelala1914,r2l8,रसना जपु हरिके पद निशिदिन श्री,1639,152,30
pyarelala1914__12__r2l10.png,pyarelala1914__12,pyarelala1914,r2l10,गोपाल ।। ४ ।। सुनोरे मन कस बिसरे,1622,95,32
pyarelala1914__12__line_1518174990850_104.png,pyarelala1914__12,pyarelala1914,line_1518174990850_104,नँदलाल ।।,445,114,9
pyarelala1914__12__r2l12.png,pyarelala1914__12,pyarelala1914,r2l12,"दो० मीम नून ते वाव सुन, पूछों तोसों बात ।",1402,145,41
pyarelala1914__12__r2l13.png,pyarelala1914__12,pyarelala1914,r2l13,"रेअल्लिफ़ अरु मीमको, छोड़तहौ कहि भांत ।।",1313,140,40
pyarelala1914__12__line_1518174969969_103.png,pyarelala1914__12,pyarelala1914,line_1518174969969_103,(भजन प्रभाती),758,90,13
pyarelala1914__12__r2l15.png,pyarelala1914__12,pyarelala1914,r2l15,जागो श्री रघुनन्दनप्यारे ।।,1114,162,27
pyarelala1914__12__r2l16.png,pyarelala1914__12,pyarelala1914,r2l16,कोक शोक पङ्कज कर संपुट मिटि,1484,151,27
pyarelala1914__12__r2l17.png,pyarelala1914__12,pyarelala1914,r2l17,निज दलनपसारे ।। १ ।। जागो श्री० ।।,1615,153,34
pyarelala1914__12__r2l18.png,pyarelala1914__12,pyarelala1914,r2l18,शशिकी किरण मलिन तारे छिपि रबि,1642,151,29
saktidharasukla1930__00c__r3l11.png,saktidharasukla1930__00c,saktidharasukla1930,r3l11,अथ चरणव्यूह,1135,175,11
saktidharasukla1930__01__r1l1.png,saktidharasukla1930__01,saktidharasukla1930,r1l1,च०,136,284,2
saktidharasukla1930__01__line_1518167170927_1.png,saktidharasukla1930__01,saktidharasukla1930,line_1518167170927_1,१,52,90,1
saktidharasukla1930__01__r6l1.png,saktidharasukla1930__01,saktidharasukla1930,r6l1,ॐ गणाधिपतये नमः ।,726,146,17
saktidharasukla1930__01__line_1518167257897_4.png,saktidharasukla1930__01,saktidharasukla1930,line_1518167257897_4,नमसकृत्यशिवंसाम्बं शङ्करंलोकशङ्करम्। श्रीमच्चरणव्यूहस्य भाषा-,2486,187,61
saktidharasukla1930__01__line_1518167272028_5.png,saktidharasukla1930__01,saktidharasukla1930,line_1518167272028_5,भाष्यंब्रुवेऽधुना ।। १ ।। अब इसके अनन्तर चरणव्यूहका व्याख्यान,2603,114,61
saktidharasukla1930__01__r6l10.png,saktidharasukla1930__01,saktidharasukla1930,r6l10,श्रीगणेशाय नमः ।। अथातश्चरण,2309,173,27
saktidharasukla1930__01__r6l16.png,saktidharasukla1930__01,saktidharasukla1930,r6l16,व्यूहं व्याख्यास्यामस्तत्र निरुक्तं चातु,2251,157,40
saktidharasukla1930__01__line_1518167291716_6.png,saktidharasukla1930__01,saktidharasukla1930,line_1518167291716_6,र्विधं चत्वारो वेदा विज्ञातानिभवन्त्यृ,2614,160,38
saktidharasukla1930__01__r6l25.png,saktidharasukla1930__01,saktidharasukla1930,r6l25,"करैंगे-वहां निरुक्त**चार प्रकारकाहै । ऋग्वेद, यजुर्वेद, सामवेद",2632,157,62
saktidharasukla1930__01__r6l26.png,saktidharasukla1930__01,saktidharasukla1930,r6l26,"** निश्चयेनउक्तोऽर्थोयस्मिन्नितिनिरुक्तम्-अत्र शतपथ, गोपथ, ब्रह्मभाष्य, रावण",2554,135,76
saktidharasukla1930__01__r6l27.png,saktidharasukla1930__01,saktidharasukla1930,r6l27,"भाष्य, शंकरभाष्य, महाभाष्य, महीधरभाष्य, सायणाचार्यकृतभाष्य, ताण्ड्यमहा-",2632,120,71
saktidharasukla1930__01__r6l28.png,saktidharasukla1930__01,saktidharasukla1930,r6l28,"ब्राह्मण, निघण्ड्वादयोऽलौकिकामहान्तोग्रन्थाःसन्तीति ।",1669,116,53
saktidharasukla1930__01__line_1518167206465_3.png,saktidharasukla1930__01,saktidharasukla1930,line_1518167206465_3,१,51,98,1
saktidharasukla1930__02__r1l1.png,saktidharasukla1930__02,saktidharasukla1930,r1l1,च०,126,267,2
saktidharasukla1930__02__line_1518168093058_1.png,saktidharasukla1930__02,saktidharasukla1930,line_1518168093058_1,२,59,94,1
saktidharasukla1930__02__line_1518168507972_2.png,saktidharasukla1930__02,saktidharasukla1930,line_1518168507972_2,और अथर्ववेद ये चारवेद * विशेषता से ज्ञात हुयेहैं । वहां ऋग्वेद,2614,166,62
saktidharasukla1930__02__line_1518168521784_3.png,saktidharasukla1930__02,saktidharasukla1930,line_1518168521784_3,ग्वेदोयजुर्वेदस्सामवेदोथर्ववेदश्चेति ।।,2640,153,39
saktidharasukla1930__02__line_1518168527128_4.png,saktidharasukla1930__02,saktidharasukla1930,line_1518168527128_4,तत्रऋग्वेदस्याष्टौ स्थानानि भवन्ति ।।,2637,130,37
saktidharasukla1930__02__r7l19.png,saktidharasukla1930__02,saktidharasukla1930,r7l19,चर्चास्रावकश्चर्चकःश्रवणीपारः क्रमपा,2485,189,36
saktidharasukla1930__02__line_1518168533269_5.png,saktidharasukla1930__02,saktidharasukla1930,line_1518168533269_5,रःक्रमचटु: कर्मटुः क्रमदण्डश्चेति ।।,2638,147,36
saktidharasukla1930__02__r7l25.png,saktidharasukla1930__02,saktidharasukla1930,r7l25,"के आठ स्थान होते हैं कि, चर्चास्रावक, चर्चक, श्रवणीपार, कमपार,",2611,170,62
saktidharasukla1930__02__r7l26.png,saktidharasukla1930__02,saktidharasukla1930,r7l26,* इष्टप्राप्त्यनिष्टपरिहारयोरलौकिकमुपायंयोवेदयतिसवेदः अतएवकृष्णयजुर्भाष्य,2501,141,73
saktidharasukla1930__02__r7l27.png,saktidharasukla1930__02,saktidharasukla1930,r7l27,भूमिकायांसायणाचार्येणोक्त हि-प्रमाणेनानुमित्यावायस्तूपायोनबुध्यते । एतंविदन्तिवे,2640,117,80
saktidharasukla1930__02__r7l28.png,saktidharasukla1930__02,saktidharasukla1930,r7l28,देन तस्माद्वेदस्यवेदता ।। १ ।। इतिवचनंचोपन्यस्तम् । किञ्च मन्त्रब्राह्मणमित्या,2645,125,78
saktidharasukla1930__02__r7l29.png,saktidharasukla1930__02,saktidharasukla1930,r7l29,हुरिति बौधामनीयं तथा मन्त्रब्राह्मणयोवेदंनामधेयमिप्यापस्तम्बोक्त विमृश्यमन्त्रब्रा,2642,121,82
saktidharasukla1930__02__r7l30.png,saktidharasukla1930__02,saktidharasukla1930,r7l30,ह्मणात्मकःशब्दराशिर्वेदइति ।,882,115,28
saktidharasukla1930__03__r1l1.png,saktidharasukla1930__03,saktidharasukla1930,r1l1,च०,145,274,2
saktidharasukla1930__03__line_1518168569941_6.png,saktidharasukla1930__03,saktidharasukla1930,line_1518168569941_6,३,59,100,1
saktidharasukla1930__03__line_1518168670051_11.png,saktidharasukla1930__03,saktidharasukla1930,line_1518168670051_11,"क्रमचटु, कर्मजटु, क्रमदण्ड और चतुष्पारण इन्होंकी संख्यायें",2626,193,58
saktidharasukla1930__03__r7l3.png,saktidharasukla1930__03,saktidharasukla1930,r7l3,"पांव प्रकार होती हैं शाकलाव, कला, आश्वलायन, सांख्यायन",2583,166,53
saktidharasukla1930__03__r7l7.png,saktidharasukla1930__03,saktidharasukla1930,r7l7,चतुष्पारणमेतेषां संख्याःपञ्चविधा भ,2611,170,34
saktidharasukla1930__03__r7l14.png,saktidharasukla1930__03,saktidharasukla1930,r7l14,वन्ति । शाकलावाः कलाआश्वलायनाः,2605,170,30
saktidharasukla1930__03__line_1518168641536_10.png,saktidharasukla1930__03,saktidharasukla1930,line_1518168641536_10,सांख्यायनामाण्डूकायनाश्चेति ।। तेषा,2575,182,35
saktidharasukla1930__03__line_1518168635285_9.png,saktidharasukla1930__03,saktidharasukla1930,line_1518168635285_9,मध्ययनमध्यायाश्चतुः षष्टिर्म्मण्डला,2620,213,35
saktidharasukla1930__03__r7l22.png,saktidharasukla1930__03,saktidharasukla1930,r7l22,निदशैवतु ।। एकर्च्चएकवर्गःस्यादेकर्च्चो,1640,147,39
saktidharasukla1930__03__r7l24.png,saktidharasukla1930__03,saktidharasukla1930,r7l24,और माण्डूकायन उन्हों के पढ़ने के अध्याय चौंसठि और म-,2314,102,52
saktidharasukla1930__03__r7l27.png,saktidharasukla1930__03,saktidharasukla1930,r7l27,"ण्डल दश हैं, एक ऋचावाला एकवर्ग होता है तथा एक ऋचा-",2609,174,50
saktidharasukla1930__03__line_1518168596144_8.png,saktidharasukla1930__03,saktidharasukla1930,line_1518168596144_8,३,52,95,1
saktidharasukla1930__04__r1l1.png,saktidharasukla1930__04,saktidharasukla1930,r1l1,च०,106,226,2
saktidharasukla1930__04__r1l2.png,saktidharasukla1930__04,saktidharasukla1930,r1l2,४,70,175,1
saktidharasukla1930__04__line_1518168890119_12.png,saktidharasukla1930__04,saktidharasukla1930,line_1518168890119_12,"वाला नवक कहाताहै,बहुतसी ऋचाओंवाले दोवर्गजाननेचाहिये",2418,202,51
saktidharasukla1930__04__line_1518168901244_13.png,saktidharasukla1930__04,saktidharasukla1930,line_1518168901244_13,"और तीन तृचवाले सौ कहाते हैं-वर्गोकी संख्या दोहज़ार चारहै,",2627,114,57
saktidharasukla1930__04__line_1518168905135_14.png,saktidharasukla1930__04,saktidharasukla1930,line_1518168905135_14,नवकस्तथा ।। द्वौवर्गौबह्वृचौज्ञेयौत्री,2615,130,38
saktidharasukla1930__04__line_1518168910385_15.png,saktidharasukla1930__04,saktidharasukla1930,line_1518168910385_15,णितृचशतंस्मृतम् ।। वर्गाणांपरिसंख्या,2614,114,36
saktidharasukla1930__04__line_1518168914900_16.png,saktidharasukla1930__04,saktidharasukla1930,line_1518168914900_16,तं द्वेसहस्रेचतुरुत्तरे ।। ऋचांदशसहस्रा,2627,137,39
saktidharasukla1930__04__line_1518168920291_17.png,saktidharasukla1930__04,saktidharasukla1930,line_1518168920291_17,णि ऋचांपञ्चशतानिच ।। ऋचामशी,2630,142,27
saktidharasukla1930__04__r6l28.png,saktidharasukla1930__04,saktidharasukla1930,r6l28,तिपादाश्चैतत् पारायणमुच्यते ।। १ ।।,2065,232,35
saktidharasukla1930__04__r6l29.png,saktidharasukla1930__04,saktidharasukla1930,r6l29,ऋचाओं की संख्या दशहजार व ऋचाओं की संख्या पांच सौ है,2617,186,51
saktidharasukla1930__04__r6l30.png,saktidharasukla1930__04,saktidharasukla1930,r6l30,और ऋचाओं के अस्सी पादहैं यह पारायण कहाजाताहै ।। १ ।।,2578,174,52
saktidharasukla1930__04__r12l1.png,saktidharasukla1930__04,saktidharasukla1930,r12l1,४,73,275,1
saktidharasukla1930__05__line_1518168948197_19.png,saktidharasukla1930__05,saktidharasukla1930,line_1518168948197_19,च०,155,95,2
saktidharasukla1930__05__line_1518168959838_20.png,saktidharasukla1930__05,saktidharasukla1930,line_1518168959838_20,५,61,98,1
saktidharasukla1930__05__r5l1.png,saktidharasukla1930__05,saktidharasukla1930,r5l1,यजुर्वेद के छियासी भेद होते हैं। वहां चरकनामक बारह भेद होते,2594,193,59
saktidharasukla1930__05__r5l2.png,saktidharasukla1930__05,saktidharasukla1930,r5l2,"हैं--चरकाह्वरक,कठ,प्राच्यकठ, कपिष्ठलकठ, चारायणीय, वार्तन्त-",2558,158,59
saktidharasukla1930__05__line_1518169047778_24.png,saktidharasukla1930__05,saktidharasukla1930,line_1518169047778_24,यजुर्वेदस्यषडशीतिर्भेदाभवन्ति ।।,2128,194,32
saktidharasukla1930__05__r5l10.png,saktidharasukla1930__05,saktidharasukla1930,r5l10,तत्रचरकाणांद्वादशभिदा भवन्ति ।।,2173,210,31
saktidharasukla1930__05__r5l14.png,saktidharasukla1930__05,saktidharasukla1930,r5l14,चरकाह्वरकाः कठाःप्राच्यकठाःकपिष्ठ,2620,194,33
saktidharasukla1930__05__r5l16.png,saktidharasukla1930__05,saktidharasukla1930,r5l16,लकठाश्चारायणीया वार्तन्तवीयाःश्वे,2692,186,33
saktidharasukla1930__05__r5l18.png,saktidharasukla1930__05,saktidharasukla1930,r5l18,ता अश्वतरा औपमन्यवाः पाता ऐ,2497,184,27
saktidharasukla1930__05__line_1518168997073_23.png,saktidharasukla1930__05,saktidharasukla1930,line_1518168997073_23,णिडनेया मैत्रायणीयाश्चेति ।। तत्र,2408,187,33
saktidharasukla1930__05__r5l21.png,saktidharasukla1930__05,saktidharasukla1930,r5l21,"वीय, श्वेत, अश्वतर, औपमन्यव, पात, ऐण्डिनेय और मैत्रा-",2585,167,53
saktidharasukla1930__05__line_1518168984026_22.png,saktidharasukla1930__05,saktidharasukla1930,line_1518168984026_22,५,79,95,1
saktidharasukla1930__06__r1l1.png,saktidharasukla1930__06,saktidharasukla1930,r1l1,च०,121,270,2
saktidharasukla1930__06__line_1518169117518_25.png,saktidharasukla1930__06,saktidharasukla1930,line_1518169117518_25,६,55,95,1
saktidharasukla1930__06__r6l1.png,saktidharasukla1930__06,saktidharasukla1930,r6l1,"यणीय । वहां मैत्रायणीयों के छःभेद होते हैं-मानव, वाराह, दु-",2594,170,59
saktidharasukla1930__06__r6l2.png,saktidharasukla1930__06,saktidharasukla1930,r6l2,"न्दुभ, छागलेय, हारिद्रवीय और श्यामायनीय उनका अध्ययन",2624,154,51
saktidharasukla1930__06__r6l5.png,saktidharasukla1930__06,saktidharasukla1930,r6l5,मैत्रायणीयानां षड्भेदा भवन्ति ।। मा,2223,173,35
saktidharasukla1930__06__line_1518169191517_29.png,saktidharasukla1930__06,saktidharasukla1930,line_1518169191517_29,नवावाराहादुन्दुभाश्छागलेया हारिद्र,2604,236,34
saktidharasukla1930__06__r6l10.png,saktidharasukla1930__06,saktidharasukla1930,r6l10,वीयाःश्यामायनीयाश्चेति ।। तेषामध्य,2594,170,34
saktidharasukla1930__06__line_1518169175170_28.png,saktidharasukla1930__06,saktidharasukla1930,line_1518169175170_28,यनंद्वेसहस्रेशतेन्यूनेमन्त्रे वाजसनेयिके,2606,164,40
saktidharasukla1930__06__r6l18.png,saktidharasukla1930__06,saktidharasukla1930,r6l18,अगणः परिसङ्ख्य़ातस्ततोन्यानियजू,2560,118,31
saktidharasukla1930__06__r6l20.png,saktidharasukla1930__06,saktidharasukla1930,r6l20,(पढ़ना)एकसौसे कम दोहजार वाजसनेयिक मन्त्रों में अगण,2592,160,50
saktidharasukla1930__06__r6l21.png,saktidharasukla1930__06,saktidharasukla1930,r6l21,का परिसंख्यान हुआ है तदनन्तर आठसौ अन्य यजु और,2608,158,45
saktidharasukla1930__06__line_1518169140785_27.png,saktidharasukla1930__06,saktidharasukla1930,line_1518169140785_27,६,61,95,1
saktidharasukla1930__07__r2l1.png,saktidharasukla1930__07,saktidharasukla1930,r2l1,च०,118,215,2
saktidharasukla1930__07__r2l2.png,saktidharasukla1930__07,saktidharasukla1930,r2l2,७,79,180,1
saktidharasukla1930__07__r10l1.png,saktidharasukla1930__07,saktidharasukla1930,r10l1,अट्ठाईसहजार अन्य अधिकपाद यह प्रमाण केवल यजुषोंकाही है,2499,86,53
saktidharasukla1930__07__r10l2.png,saktidharasukla1930__07,saktidharasukla1930,r10l2,बालखिल्यसमेत व अच्छी क्रियाओं समेत चौगुना ब्राह्मणभाग,2576,92,53
saktidharasukla1930__07__r10l3.png,saktidharasukla1930__07,saktidharasukla1930,r10l3,षिचाष्टौशतानिसहस्राणि चाष्टाविंशति,2561,108,34
saktidharasukla1930__07__line_1518169324508_34.png,saktidharasukla1930__07,saktidharasukla1930,line_1518169324508_34,रन्ययान्यधिकश्चपादमेतत्प्रमाणं य,2564,141,32
saktidharasukla1930__07__r10l6.png,saktidharasukla1930__07,saktidharasukla1930,r10l6,जुषां हिकेवलंसबालखिल्यंससुक्रियंब्रा,2492,112,36
saktidharasukla1930__07__line_1518169313445_32.png,saktidharasukla1930__07,saktidharasukla1930,line_1518169313445_32,ह्मणञ्चचतुर्गुणम्।। तत्रतैत्तिरीयकाणां,2624,131,38
saktidharasukla1930__07__line_1518169318632_33.png,saktidharasukla1930__07,saktidharasukla1930,line_1518169318632_33,द्विभेदाभवन्त्योषेयाः खाण्डिकेयाश्चे,2627,114,36
saktidharasukla1930__07__r10l19.png,saktidharasukla1930__07,saktidharasukla1930,r10l19,है । वहां तैत्तिरीयक नामोंके दो भेदहैं-ओषेय और खाण्डिकेय ।,986,69,58
saktidharasukla1930__07__line_1518169268258_31.png,saktidharasukla1930__07,saktidharasukla1930,line_1518169268258_31,७,91,90,1
saktidharasukla1930__08__r2l1.png,saktidharasukla1930__08,saktidharasukla1930,r2l1,च०,124,196,2
saktidharasukla1930__08__r2l2.png,saktidharasukla1930__08,saktidharasukla1930,r2l2,८,85,174,1
saktidharasukla1930__08__r8l1.png,saktidharasukla1930__08,saktidharasukla1930,r8l1,"वहां खाण्डिकेयों के पांच भेद होते हैं। कालेता, शाट्यायनी हि-",2558,171,60
saktidharasukla1930__08__r8l3.png,saktidharasukla1930__08,saktidharasukla1930,r8l3,"रण्यकेशी, भारद्वाज्या और आपस्तम्बी-उनका अध्ययन अठा-",2602,183,51
saktidharasukla1930__08__r8l6.png,saktidharasukla1930__08,saktidharasukla1930,r8l6,ति ।। तत्रखाण्डिकेयानांपञ्चभेदाभ,2565,195,32
saktidharasukla1930__08__r8l10.png,saktidharasukla1930__08,saktidharasukla1930,r8l10,वन्ति ।। कालेताशाट्यायनीहिरण्यके,2615,194,32
saktidharasukla1930__08__line_1518169648063_37.png,saktidharasukla1930__08,saktidharasukla1930,line_1518169648063_37,शीभारद्वाज्यापस्तम्बीचेति ।। तेषामध्य,2646,90,37
saktidharasukla1930__08__r8l14.png,saktidharasukla1930__08,saktidharasukla1930,r8l14,यनमष्टादशयजुःसहस्राण्यधीत्य शा,2182,236,30
saktidharasukla1930__08__r8l15.png,saktidharasukla1930__08,saktidharasukla1930,r8l15,खापारोभवति ।। तान्येवद्विगुणान्यधी,2549,196,34
saktidharasukla1930__08__r8l16.png,saktidharasukla1930__08,saktidharasukla1930,r8l16,त्यपदपारोभवति ।। तान्येवत्रिगुणान्य,2560,189,35
saktidharasukla1930__08__r8l17.png,saktidharasukla1930__08,saktidharasukla1930,r8l17,रह हजार यजु को पढ़कर पुरुष शाखाओंसे पार होताहै व दुगुने,2576,209,55
saktidharasukla1930__08__line_1518169609532_36.png,saktidharasukla1930__08,saktidharasukla1930,line_1518169609532_36,८,81,90,1
saktidharasukla1930__09__r1l1.png,saktidharasukla1930__09,saktidharasukla1930,r1l1,च०,156,269,2
saktidharasukla1930__09__line_1518170122353_38.png,saktidharasukla1930__09,saktidharasukla1930,line_1518170122353_38,९,93,101,1
saktidharasukla1930__09__r5l1.png,saktidharasukla1930__09,saktidharasukla1930,r5l1,उन्हीं को पढ़कर पदपार होताहै व तिगुने उन्हीं को पढ़कर क्रम,2633,151,58
saktidharasukla1930__09__r5l2.png,saktidharasukla1930__09,saktidharasukla1930,r5l2,पार होता है व षडङ्गों को पढ़कर षडङ्गवेत्ता होजाताहै । जहां ब्रा-,2594,141,64
saktidharasukla1930__09__line_1518170252088_45.png,saktidharasukla1930__09,saktidharasukla1930,line_1518170252088_45,धीत्यक्रमपारोभवति ।। षडङ्गान्यधी,2640,102,32
saktidharasukla1930__09__r5l9.png,saktidharasukla1930__09,saktidharasukla1930,r5l9,त्यषडङ्गविद्भवति ।। त्रिगुणंपट्यतेयत्र,2457,176,38
saktidharasukla1930__09__line_1518170221252_44.png,saktidharasukla1930__09,saktidharasukla1930,line_1518170221252_44,मन्त्रंब्राह्मणयोःसह ।। यजुर्वेदःसविज्ञे,2624,90,40
saktidharasukla1930__09__line_1518170205922_43.png,saktidharasukla1930__09,saktidharasukla1930,line_1518170205922_43,यःशेषाःशाखान्तराःस्मृताः ।। शिक्षाक,2643,124,35
saktidharasukla1930__09__r5l19.png,saktidharasukla1930__09,saktidharasukla1930,r5l19,ह्मणों समेत तिगुना मन्त्र पढ़ाजाता है वह यजुर्वेद जानना चा-,2635,157,59
saktidharasukla1930__09__r5l20.png,saktidharasukla1930__09,saktidharasukla1930,r5l20,"हिये और बाक़ी शाखान्तरायें कहाती हैं । शिक्षा, कल्प, व्या-",2614,158,58
saktidharasukla1930__09__line_1518170151949_41.png,saktidharasukla1930__09,saktidharasukla1930,line_1518170151949_41,(१) एकशतमध्वर्य्युशाखासहस्रवर्त्मासामवेदः । एकविंशतिथाऋग्वेदोनवधा,2563,148,65
saktidharasukla1930__09__r5l23.png,saktidharasukla1930__09,saktidharasukla1930,r5l23,अथर्वणवेदः ।। १ ।। यजुर्वेदकी १०० शाखा सामकी १००० ऋग्वेद की २१,2636,126,62
saktidharasukla1930__09__line_1518170141370_40.png,saktidharasukla1930__09,saktidharasukla1930,line_1518170141370_40,९,87,90,1
saktidharasukla1930__10__r1l1.png,saktidharasukla1930__10,saktidharasukla1930,r1l1,च०,125,131,2
saktidharasukla1930__10__line_1518170777507_46.png,saktidharasukla1930__10,saktidharasukla1930,line_1518170777507_46,१०,125,90,2
saktidharasukla1930__10__r7l1.png,saktidharasukla1930__10,saktidharasukla1930,r7l1,"करण, निरुक्त, छन्द और ज्योतिष(१) ये वेद के छः अंग कहाते हैं।",2536,186,60
saktidharasukla1930__10__r7l2.png,saktidharasukla1930__10,saktidharasukla1930,r7l2,ल्पोव्याकरणं निरुक्तंछन्दोज्योतिषमि,2630,213,35
saktidharasukla1930__10__line_1518170884939_49.png,saktidharasukla1930__10,saktidharasukla1930,line_1518170884939_49,तिषडङ्गानि ।। छन्दःपादौतुवेदस्य ह,2608,98,33
saktidharasukla1930__10__r7l10.png,saktidharasukla1930__10,saktidharasukla1930,r7l10,स्तौकल्पोथपट्यते ।। ज्योतिषामयनं च,2361,158,34
saktidharasukla1930__10__r7l12.png,saktidharasukla1930__10,saktidharasukla1930,r7l12,छन्द वेदों के पाद कहाते हैं और हाथ कल्प पढ़ाजाता है ज्यो-,2591,115,57
saktidharasukla1930__10__r7l13.png,saktidharasukla1930__10,saktidharasukla1930,r7l13,अथर्वण की नवशाखा वेद के महाभाष्य में कही हैं । ऐसेही यजुर्वेदीय मुक्ति-,2635,150,71
saktidharasukla1930__10__r7l14.png,saktidharasukla1930__10,saktidharasukla1930,r7l14,कोपनिषद् में कहा है कि ऋग्वेदस्यतुशाखाःस्युरेकविंशतिसङ्ख्यकाः । न्वाधिकाः,2630,123,73
saktidharasukla1930__10__r7l15.png,saktidharasukla1930__10,saktidharasukla1930,r7l15,शतंशाखायजुषोमरुतात्मज ।। सहस्रसंख्ययाजाताः शाखाःसाम्नांपरंतप । अथर्वणस्य,2639,120,72
saktidharasukla1930__10__r7l17.png,saktidharasukla1930__10,saktidharasukla1930,r7l17,शाखाः स्युः पञ्चाशद्भेदसंयुताः ।। १ ।।,1136,127,38
saktidharasukla1930__10__r7l18.png,saktidharasukla1930__10,saktidharasukla1930,r7l18,(१) द्विविधगणितमुक्तं व्यक्तमव्यक्तयुक्तं तदवगमननिष्ठः शब्दशास्त्रोपविष्टः ।,2442,140,76
saktidharasukla1930__10__r7l19.png,saktidharasukla1930__10,saktidharasukla1930,r7l19,यदिभवतितदेदं ज्योतिषंभूरिभेदं प्रपठितुमधिकारी सोन्यथानामधारी ।। १ ।। फलित,2639,125,73
saktidharasukla1930__10__r7l20.png,saktidharasukla1930__10,saktidharasukla1930,r7l20,गणितभेदेनज्योतिषं द्वैविध्यमुक्तमितिसिद्धान्तशिरोमणौ ।,1718,124,54
saktidharasukla1930__10__line_1518170811239_48.png,saktidharasukla1930__10,saktidharasukla1930,line_1518170811239_48,१०,136,95,2
sankaracarya1925__000c__line_1517478823443_51.png,sankaracarya1925__000c,sankaracarya1925,line_1517478823443_51,श्रीस्वामी शङ्कराचार्य-कृत,501,104,26
sankaracarya1925__000c__line_1517478815293_50.png,sankaracarya1925__000c,sankaracarya1925,line_1517478815293_50,परा-पूजा,473,99,8
sankaracarya1925__000c__line_1517478806662_49.png,sankaracarya1925__000c,sankaracarya1925,line_1517478806662_49,(सुबोधिनी हिंदी-टीका-सहित),812,117,26
sankaracarya1925__000c__line_1517478801143_48.png,sankaracarya1925__000c,sankaracarya1925,line_1517478801143_48,टीकाकार,198,94,7
sankaracarya1925__000c__r3l17.png,sankaracarya1925__000c,sankaracarya1925,r3l17,लखनऊ,58,86,4
sankaracarya1925__000c__r3l19.png,sankaracarya1925__000c,sankaracarya1925,r3l19,ननलकिशोर-प्रेस में मुद्रित और प्रकाशित,615,86,38
sankaracarya1925__000c__r3l20.png,sankaracarya1925__000c,sankaracarya1925,r3l20,सन् १९२५ ई०,239,88,11
sankaracarya1925__000c__r3l21.png,sankaracarya1925__000c,sankaracarya1925,r3l21,द्वितीय बार २०००,325,98,16
sankaracarya1925__000c__line_1517478848311_52.png,sankaracarya1925__000c,sankaracarya1925,line_1517478848311_52,सर्वाधिकार-रक्षित,315,101,17
sankaracarya1925__001__r1l1.png,sankaracarya1925__001,sankaracarya1925,r1l1,निवेदन,198,95,6
sankaracarya1925__001__r1l2.png,sankaracarya1925__001,sankaracarya1925,r1l2,"इस 'परा-पूजा' स्तोत्र में, जीवात्मा और परमात्मा",1041,128,47
sankaracarya1925__001__r1l3.png,sankaracarya1925__001,sankaracarya1925,r1l3,"की, जो एकरूप है, पूजा का वर्णन है । इस पर",1141,100,41
sankaracarya1925__001__r1l4.png,sankaracarya1925__001,sankaracarya1925,r1l4,"जो सुबोधिनी टीका लिखी गई है, वह आनंद का एक",1142,105,42
sankaracarya1925__001__r1l5.png,sankaracarya1925__001,sankaracarya1925,r1l5,सागर है । उसमें वेदांत-वाक्यों के अर्थों की लहरें,1114,103,49
sankaracarya1925__001__r1l6.png,sankaracarya1925__001,sankaracarya1925,r1l6,"लहरा रही हैं । जो मुमुक्षु इस ग्रंथ को पढ़ता है,",1151,105,48
sankaracarya1925__001__r1l7.png,sankaracarya1925__001,sankaracarya1925,r1l7,"उसके हृदय में आनंद इस प्रकार उछलने लगता है,",1147,102,43
sankaracarya1925__001__r1l8.png,sankaracarya1925__001,sankaracarya1925,r1l8,जैसे पूर्णमासी के चंद्रमा को देखकर समुद्र का जल ।,1151,102,49
sankaracarya1925__001__r1l9.png,sankaracarya1925__001,sankaracarya1925,r1l9,"और फिर इसको पढ़ने, सुनने और समझने से भावुक",1148,105,42
sankaracarya1925__001__r1l10.png,sankaracarya1925__001,sankaracarya1925,r1l10,का चित्त ब्रह्मानंद-समीर से ऐसे फरकता है जैसे चले,1155,101,49
sankaracarya1925__001__r1l11.png,sankaracarya1925__001,sankaracarya1925,r1l11,जाते हुए पुरुष के हाथ में पताका में लगे हुए कपड़े,1141,107,49
sankaracarya1925__001__r1l12.png,sankaracarya1925__001,sankaracarya1925,r1l12,का फरहरा पीछे की ओर वायु में फरका करता है ।,1124,103,43
sankaracarya1925__001__r1l14.png,sankaracarya1925__001,sankaracarya1925,r1l14,"और ब्रह्मकी ओर उसका मन ऐसे धावमान होता है,",1148,103,42
sankaracarya1925__001__r1l15.png,sankaracarya1925__001,sankaracarya1925,r1l15,जैसे रेल में चले आ रहे यात्री का मन अपने घर,1138,102,43
sankaracarya1925__001__r1l16.png,sankaracarya1925__001,sankaracarya1925,r1l16,की ओर लगा रहता है ।,550,99,19
sankaracarya1925__001__r1l17.png,sankaracarya1925__001,sankaracarya1925,r1l17,इसकी टीका बनाने में स्वामी परमानंद ने मुझे,1064,104,42
sankaracarya1925__001__r1l18.png,sankaracarya1925__001,sankaracarya1925,r1l18,विशेष सहायता दी है ।,457,90,20
sankaracarya1925__001__r1l20.png,sankaracarya1925__001,sankaracarya1925,r1l20,अनुवादक,209,108,7
sankaracarya1925__01__line_1517478961107_53.png,sankaracarya1925__01,sankaracarya1925,line_1517478961107_53,अथ परा-पूजा,514,102,11
sankaracarya1925__01__r1l4.png,sankaracarya1925__01,sankaracarya1925,r1l4,(भाषा-टीका-सहित),504,117,16
sankaracarya1925__01__r1l7.png,sankaracarya1925__01,sankaracarya1925,r1l7,"प्रश्न---संसार में जितने कर्मी लोक हैं, वे कहते हैं कि ईश्वर",1034,91,60
sankaracarya1925__01__r1l8.png,sankaracarya1925__01,sankaracarya1925,r1l8,"मूर्त्तिमान् है, और ऊपर के किसी लोक में रहता है । उसकी मूर्ति को",1090,73,64
sankaracarya1925__01__r1l9.png,sankaracarya1925__01,sankaracarya1925,r1l9,"बनाकर उसकी पूजा करनी उचित है, और उसकी मूर्त्ति को स्नान",1089,73,55
sankaracarya1925__01__r1l10.png,sankaracarya1925__01,sankaracarya1925,r1l10,"कराना, वस्त्र पहराना, आसन देना, पुष्प चढ़ाना, धूप-दीप करना,",1084,71,59
sankaracarya1925__01__r1l11.png,sankaracarya1925__01,sankaracarya1925,r1l11,"भोग लगाना, आरती उतारना, और प्रदक्षिणा करना, यही उसकी",1098,75,52
sankaracarya1925__01__r1l12.png,sankaracarya1925__01,sankaracarya1925,r1l12,"पूजा है, और इसी से वह ईश्वर प्रसन्न होता है । ऐसा जो उनका",1096,70,57
sankaracarya1925__01__r1l13.png,sankaracarya1925__01,sankaracarya1925,r1l13,"कथन है, सो ठीक है, या नहीं ?",521,78,28
sankaracarya1925__01__r1l14.png,sankaracarya1925__01,sankaracarya1925,r1l14,"उत्तर---ज्ञानियों के लिये यह ठीक नहीं, क्योंकि ईश्वर मूर्त्तिमान्",1037,68,65
sankaracarya1925__01__r1l15.png,sankaracarya1925__01,sankaracarya1925,r1l15,"नहीं । जो ईश्वर को मूर्त्तिमान् मानते हैं, वह ईश्वर के स्वरूप को",1100,71,64
sankaracarya1925__01__r1l16.png,sankaracarya1925__01,sankaracarya1925,r1l16,"नहीं जानते, और वेद-शास्त्र के तात्पर्य को भी नहीं जानते । जो",1092,72,60
sankaracarya1925__01__r1l17.png,sankaracarya1925__01,sankaracarya1925,r1l17,"मूर्त्तिमान् पदार्थ होता है, सो परिच्छिन्न अर्थात् एक देश में रहनेवाला",1090,77,70
sankaracarya1925__01__r1l18.png,sankaracarya1925__01,sankaracarya1925,r1l18,"होता है, और उत्पत्ति-नाशवाला भी होता है । इस वास्ते ईश्वर मूर्त्ति-",1085,69,67
sankaracarya1925__01__r1l19.png,sankaracarya1925__01,sankaracarya1925,r1l19,"मान् नहीं है । यदि ईश्वर को मूर्त्तिमान् मानोगे, तो वह भी परिच्छिन्न",1087,75,68
sankaracarya1925__01__r1l20.png,sankaracarya1925__01,sankaracarya1925,r1l20,"एकदेशी हो जायगा, और ऐसा मानना वेद-शास्त्र-विरुद्ध है । यदि",1088,73,58
sankaracarya1925__01__r1l21.png,sankaracarya1925__01,sankaracarya1925,r1l21,"ईश्वर देहधारी और ऊपर के किसी लोक में बैठनेवाला माना जायगा,",1098,76,58
sankaracarya1925__01__r1l22.png,sankaracarya1925__01,sankaracarya1925,r1l22,तो वह देहधारी जीव साबित होगा । और देहधारी होने से वह जन्म-,1087,67,58
sankaracarya1925__01__r1l23.png,sankaracarya1925__01,sankaracarya1925,r1l23,"मरणवाला भी होगा, और अल्पज्ञ भी होगा, क्योंकि देहधारी कदापि",1091,73,58
sankaracarya1925__01__r1l24.png,sankaracarya1925__01,sankaracarya1925,r1l24,सर्वज्ञ नहीं हो सकता है । इसवास्ते ईश्वर देहधारी और मूर्त्तिमान्,1090,75,64
sankaracarya1925__01__r1l25.png,sankaracarya1925__01,sankaracarya1925,r1l25,"नहीं है, किंतु ईश्वर श्रुतियों से निराकार निरवयव ही साबित होता है।",1098,73,66
sankaracarya1925__01__r1l26.png,sankaracarya1925__01,sankaracarya1925,r1l26,"जब ईश्वर मूर्त्तिमान् नहीं, तो उसकी पाषाणादि की मूर्त्ति कैसे हो",1084,71,64
sankaracarya1925__01__r1l27.png,sankaracarya1925__01,sankaracarya1925,r1l27,सकती है ? और फिर उस मूर्त्ति की पूजा कैसे हो सकती है ? जब,1101,78,57
sankaracarya1925__02__line_1517479244950_68.png,sankaracarya1925__02,sankaracarya1925,line_1517479244950_68,२,37,90,1
sankaracarya1925__02__r1l1.png,sankaracarya1925__02,sankaracarya1925,r1l1,परा-पूजा,147,83,8
sankaracarya1925__02__r1l2.png,sankaracarya1925__02,sankaracarya1925,r1l2,"ईश्वर की मूर्त्ति किसी युक्ति-प्रमाण से साबित नहीं हो सकती, तो",1106,85,62
sankaracarya1925__02__r1l3.png,sankaracarya1925__02,sankaracarya1925,r1l3,फिर उसकी मूर्त्ति बनाकर उसकी पूजा करना किसी तरह से साबित,1098,69,56
sankaracarya1925__02__r1l4.png,sankaracarya1925__02,sankaracarya1925,r1l4,नहीं होता है । इसी पर श्रीस्वामी शंकराचार्यजी ने जो ईश्वर-संबंधी,1106,72,64
sankaracarya1925__02__r1l5.png,sankaracarya1925__02,sankaracarya1925,r1l5,"स्तोत्र कहा है, उसको और उसके अर्थ को दिखाते हैं---",856,66,50
sankaracarya1925__02__r1l6.png,sankaracarya1925__02,sankaracarya1925,r1l6,मूल,82,78,3
sankaracarya1925__02__line_1517479386609_75.png,sankaracarya1925__02,sankaracarya1925,line_1517479386609_75,आनन्दे सच्चिदानन्दे निर्विकल्पैकरूपिणि ।,835,75,40
sankaracarya1925__02__line_1517479379192_74.png,sankaracarya1925__02,sankaracarya1925,line_1517479379192_74,स्थितेऽद्वितीये भावे वै कथं पूजा विधीयते ॥ १ ॥,976,75,46
sankaracarya1925__02__r1l16.png,sankaracarya1925__02,sankaracarya1925,r1l16,पदच्छेद,116,67,7
sankaracarya1925__02__line_1517479358716_73.png,sankaracarya1925__02,sankaracarya1925,line_1517479358716_73,"आनन्दे, सच्चिदानन्दे, निर्विकल्पैकरूपिणि, स्थिते, अद्वितीय, भावे,",1049,83,65
sankaracarya1925__02__line_1517479298995_71.png,sankaracarya1925__02,sankaracarya1925,line_1517479298995_71,"वै, कथम्, पूजा, विधीयते ॥",419,73,25
sankaracarya1925__02__r1l32.png,sankaracarya1925__02,sankaracarya1925,r1l32,पदार्थ,112,78,6
sankaracarya1925__02__r1l33.png,sankaracarya1925__02,sankaracarya1925,r1l33,अन्वय,105,57,5
sankaracarya1925__02__r1l34.png,sankaracarya1925__02,sankaracarya1925,r1l34,पदार्थ,99,74,6
sankaracarya1925__02__r1l35.png,sankaracarya1925__02,sankaracarya1925,r1l35,अन्वय,113,73,5
sankaracarya1925__02__line_1517479280142_70.png,sankaracarya1925__02,sankaracarya1925,line_1517479280142_70,अद्वितीये = अद्वैत है जो,364,63,24
sankaracarya1925__02__line_1517479276345_69.png,sankaracarya1925__02,sankaracarya1925,line_1517479276345_69,आनन्दे = आनंद-रूप है जो,403,58,23
sankaracarya1925__02__r1l41.png,sankaracarya1925__02,sankaracarya1925,r1l41,भाव = भाव-रूप है जो उसमें,393,56,25
sankaracarya1925__02__line_1517479318640_72.png,sankaracarya1925__02,sankaracarya1925,line_1517479318640_72,सच्चिदानन्दे = सत्य-चिद्-आनंद है जो,548,61,35
sankaracarya1925__02__r1l47.png,sankaracarya1925__02,sankaracarya1925,r1l47,वै = निश्चय करके,270,57,16
sankaracarya1925__02__r1l49.png,sankaracarya1925__02,sankaracarya1925,r1l49,विकल्प से रहित,231,57,14
sankaracarya1925__02__r1l50.png,sankaracarya1925__02,sankaracarya1925,r1l50,निर्विकल्पै,170,54,11
sankaracarya1925__02__line_1517479241048_67.png,sankaracarya1925__02,sankaracarya1925,line_1517479241048_67,है जो,83,85,5
sankaracarya1925__02__r1l51.png,sankaracarya1925__02,sankaracarya1925,r1l51,कथम् = किस प्रकार से,349,58,20
sankaracarya1925__02__r1l53.png,sankaracarya1925__02,sankaracarya1925,r1l53,करूपिणि=,154,49,8
sankaracarya1925__02__r1l55.png,sankaracarya1925__02,sankaracarya1925,r1l55,पूजा विधीयते = पूजा का विधानकरूपिणि,505,60,35
sankaracarya1925__02__line_1517479224642_66.png,sankaracarya1925__02,sankaracarya1925,line_1517479224642_66,स्थिते = स्थित है जो,331,67,20
sankaracarya1925__02__r1l59.png,sankaracarya1925__02,sankaracarya1925,r1l59,हो सकता है,195,68,10
sankaracarya1925__02__r1l61.png,sankaracarya1925__02,sankaracarya1925,r1l61,भावार्थ,109,83,7
sankaracarya1925__02__line_1517479203981_64.png,sankaracarya1925__02,sankaracarya1925,line_1517479203981_64,प्रश्न -- वह परमात्मा ईश्वर कैसा है ?,655,82,37
sankaracarya1925__02__r1l67.png,sankaracarya1925__02,sankaracarya1925,r1l67,"उत्तर- -आनंद-स्वरूप है, अर्थात् उसमें तीनों काल दुःख का",1042,77,55
sankaracarya1925__02__line_1517479186007_63.png,sankaracarya1925__02,sankaracarya1925,line_1517479186007_63,"लेश-मात्र नहीं है, इसी से वह सत्यु-चिद्-आनंद-रूप है । और उसमें",1106,78,62
sankaracarya1925__02__line_1517479178657_62.png,sankaracarya1925__02,sankaracarya1925,line_1517479178657_62,"जगत् की उत्पत्ति आदि की कल्पना भी किसी प्रकार से नहीं हो सकती,",1096,70,62
sankaracarya1925__02__line_1517479167790_61.png,sankaracarya1925__02,sankaracarya1925,line_1517479167790_61,क्योंकि वह भाव-रूप होकर संपूर्ण ब्रह्मांड में स्थित है । वह,1095,69,59
sankaracarya1925__02__line_1517479152532_60.png,sankaracarya1925__02,sankaracarya1925,line_1517479152532_60,"अद्वैत है अर्थात् द्वैत-रूपी प्रपंच उसमें लेश-मात्र भी नहीं है, दूसरा",1092,73,69
sankaracarya1925__02__line_1517479139643_59.png,sankaracarya1925__02,sankaracarya1925,line_1517479139643_59,"उसके तुल्य सच्चिदानंद-रूप ईश्वर और नहीं है, क्योंकि संपूर्ण ब्रह्मांड-",1093,76,70
sankaracarya1925__02__line_1517479126807_58.png,sankaracarya1925__02,sankaracarya1925,line_1517479126807_58,"भर में निराकार, निरवयव, ईश्वर एक ही रह सकता है । एक देश में",1091,79,59
sankaracarya1925__03__line_1517479727278_89.png,sankaracarya1925__03,sankaracarya1925,line_1517479727278_89,३,33,90,1
sankaracarya1925__03__r1l1.png,sankaracarya1925__03,sankaracarya1925,r1l1,भाषा-टीका-सहित,274,66,14
sankaracarya1925__03__r1l2.png,sankaracarya1925__03,sankaracarya1925,r1l2,निराकार निरवयव,284,70,14
sankaracarya1925__03__r1l3.png,sankaracarya1925__03,sankaracarya1925,r1l3,दो निराकार रहने का कोई दृष्टांत नहीं मिलता । जब,778,78,47
sankaracarya1925__03__r1l4.png,sankaracarya1925__03,sankaracarya1925,r1l4,की मूर्त्ति किसी प्रकार से नहीं बन सकती तो उसकी पूजा कैसे,1091,71,57
sankaracarya1925__03__r1l6.png,sankaracarya1925__03,sankaracarya1925,r1l6,"हो सकती है, किंतु कदापि नहीं हो सकती ।",726,69,38
sankaracarya1925__03__line_1517479710510_88.png,sankaracarya1925__03,sankaracarya1925,line_1517479710510_88,प्रश्न -- जब शरीर में नख से लेकर शिखा पर्यंत जीवात्मा व्यापक,1031,79,60
sankaracarya1925__03__line_1517479704240_87.png,sankaracarya1925__03,sankaracarya1925,line_1517479704240_87,"है, तब यह शरीर जीवात्मा का ही है, और हस्त-पाद आदिक जितने",1102,71,56
sankaracarya1925__03__r1l14.png,sankaracarya1925__03,sankaracarya1925,r1l14,"अवयव हैं, सब उसी के हैं । इसवास्ते शरीर के किसी अवयव की भी",1093,68,58
sankaracarya1925__03__line_1517479695119_86.png,sankaracarya1925__03,sankaracarya1925,line_1517479695119_86,"पूजा करने से उसी की पूजा है, क्योंकि शरीर के अवयवों को सुख",1087,75,58
sankaracarya1925__03__r1l21.png,sankaracarya1925__03,sankaracarya1925,r1l21,मिलने से उसके भीतरवाले जीव-आत्मा को भी सुख मिलता है ।,1059,69,53
sankaracarya1925__03__line_1517479676320_85.png,sankaracarya1925__03,sankaracarya1925,line_1517479676320_85,"और, जैसे शरीर और शरीर के अवयवों के पूजने से जीवात्मा की",1098,78,55
sankaracarya1925__03__line_1517479664265_84.png,sankaracarya1925__03,sankaracarya1925,line_1517479664265_84,"पूजा होती है, वैसे ही ब्रह्मांड के अंदर जितनी मूर्तियाँ हैं, उनमें से",1094,69,69
sankaracarya1925__03__line_1517479640455_83.png,sankaracarya1925__03,sankaracarya1925,line_1517479640455_83,"किसी एक के पूजने से उसी व्यापक ईश्वर की मूर्ति की पूजा है,",1067,71,58
sankaracarya1925__03__line_1517479628467_82.png,sankaracarya1925__03,sankaracarya1925,line_1517479628467_82,"क्योंकि ईश्वर सब मूर्तियों के भीतर व्यापक है । इसमें कोई भी दोष,",1011,81,64
sankaracarya1925__03__r1l46.png,sankaracarya1925__03,sankaracarya1925,r1l46,प्रतीत नहीं होता ।,293,70,18
sankaracarya1925__03__line_1517479607612_81.png,sankaracarya1925__03,sankaracarya1925,line_1517479607612_81,"उत्तर -- जीवात्मा का दृष्टांत नहीं बनता है, क्योंकि जीवात्मा का शरीर",1008,76,68
sankaracarya1925__03__line_1517479597710_80.png,sankaracarya1925__03,sankaracarya1925,line_1517479597710_80,"के साथ तादात्म्य अध्यास है, इसी से देह में सुख-दुःख होने से वह अपने में",1086,70,71
sankaracarya1925__03__line_1517479589879_79.png,sankaracarya1925__03,sankaracarya1925,line_1517479589879_79,सुख-दुःख मानता है । ईश्वरात्मा का ब्रह्मांड के साथ तादात्म्याध्यास नहीं,1078,74,71
sankaracarya1925__03__line_1517479581572_78.png,sankaracarya1925__03,sankaracarya1925,line_1517479581572_78,"है, इसीवास्ते ब्रह्मांड में खेद होने से ईश्वर को खेद नहीं होता । फिर जीव के",1087,77,75
sankaracarya1925__03__r1l81.png,sankaracarya1925__03,sankaracarya1925,r1l81,"शरीर के प्रत्येक अवयव में अध्यास है, इसवास्ते प्रत्येक अवयव की पूजा",1091,68,67
sankaracarya1925__03__line_1517479572885_77.png,sankaracarya1925__03,sankaracarya1925,line_1517479572885_77,और हानि से वह अपनी पूजा और हानि को मानता और सुखी-दुःखी,1086,76,54
sankaracarya1925__03__r1l84.png,sankaracarya1925__03,sankaracarya1925,r1l84,होता है । ईश्वरात्मा का जगत् के किसी भी पदार्थ या मूर्ति के साथ,1098,72,63
sankaracarya1925__03__r1l85.png,sankaracarya1925__03,sankaracarya1925,r1l85,"अध्यास नहीं है, इसीवास्ते पदार्थों की हानि और पूजा से वह अपनी",1091,71,61
sankaracarya1925__03__r1l86.png,sankaracarya1925__03,sankaracarya1925,r1l86,हानि और पूजा नहीं मानता । फिर जीवात्मा कर्मों का कर्त्ता और,1090,73,59
sankaracarya1925__03__r1l87.png,sankaracarya1925__03,sankaracarya1925,r1l87,"उनके फलों का भोक्ता है, ईश्वरात्मा ऐसा नहीं है । फिर जीवात्मा कर्मों",1091,76,68
sankaracarya1925__03__r1l89.png,sankaracarya1925__03,sankaracarya1925,r1l89,के अनुसार कभी मनुष्य-योनि में और कभी पशु-पक्षी आदिक योनियों,1100,71,59
sankaracarya1925__03__r1l90.png,sankaracarya1925__03,sankaracarya1925,r1l90,"में जन्मता-मरता है, ईश्वरात्मा ऐसा नहीं है । इतना ही जीवात्म",1095,80,60
sankaracarya1925__04__r1l1.png,sankaracarya1925__04,sankaracarya1925,r1l1,परा-पूजा,144,94,8
sankaracarya1925__04__r1l2.png,sankaracarya1925__04,sankaracarya1925,r1l2,४,30,83,1
sankaracarya1925__04__r1l3.png,sankaracarya1925__04,sankaracarya1925,r1l3,"और ईरवरात्मा में भेद है, इसवास्ते ईश्वरात्मा देहादिकों से और जन्म-",1096,90,66
sankaracarya1925__04__r1l4.png,sankaracarya1925__04,sankaracarya1925,r1l4,"मरण से रहित है । वह एकरस, ज्यों का त्यों अपने स्वरूप में स्थित",1115,74,62
sankaracarya1925__04__r1l5.png,sankaracarya1925__04,sankaracarya1925,r1l5,"है, इसवास्ते जीवात्मा का दृष्टांत नहीं बनता । जो जीव मुक्त हो जाते",1095,72,66
sankaracarya1925__04__r1l6.png,sankaracarya1925__04,sankaracarya1925,r1l6,"हैं, वह भी शरीरादिकों से रहित होकर ईश्वर में मिल जाते हैं, और",1103,72,61
sankaracarya1925__04__r1l7.png,sankaracarya1925__04,sankaracarya1925,r1l7,"फिर उनका भी जन्म-मरण किसी प्रकार से भी नहीं होता है, और",1103,71,55
sankaracarya1925__04__r1l8.png,sankaracarya1925__04,sankaracarya1925,r1l8,"न उनकी मूर्त्ति को ही कोई बना सकता है, तब फिर जो नित्य-मुक्त",1097,72,60
sankaracarya1925__04__r1l9.png,sankaracarya1925__04,sankaracarya1925,r1l9,"ईश्वर है, उस व्यापक चेतन की मूर्ति कोई कैसे बना सकता है ।",1098,77,57
sankaracarya1925__04__r1l10.png,sankaracarya1925__04,sankaracarya1925,r1l10,"जिसको कोई देखे होता है, वही उसकी मूर्ति को बना सकता है,",1097,74,55
sankaracarya1925__04__r1l11.png,sankaracarya1925__04,sankaracarya1925,r1l11,"जिसको किसी ने कभी नहीं देखा है, उसकी मूर्ति को कोई भी बना",1105,68,57
sankaracarya1925__04__r1l12.png,sankaracarya1925__04,sankaracarya1925,r1l12,"नहीं सकता । फिर जो किसी भी इंद्रिय का विषय नहीं है, उसकी",1100,73,56
sankaracarya1925__04__r1l13.png,sankaracarya1925__04,sankaracarya1925,r1l13,मूर्ति कैसे बन सकती है । और निराकार चेतन कभी भी साकार नहीं,1099,71,58
sankaracarya1925__04__r1l14.png,sankaracarya1925__04,sankaracarya1925,r1l14,"बन सकता, क्योंकि इसमें भी कोई दृष्टांत नहीं मिलता है; और साकार",1105,73,62
sankaracarya1925__04__r1l15.png,sankaracarya1925__04,sankaracarya1925,r1l15,"कभी भी निराकार नहीं हो सकता, क्योंकि इसमें भी कोई दृष्टांत नहीं",1088,73,63
sankaracarya1925__04__r1l16.png,sankaracarya1925__04,sankaracarya1925,r1l16,मिलता है । इसी से निराकार की पूजा किसी प्रकार से भी नहीं बनती,1106,71,61
sankaracarya1925__04__r1l17.png,sankaracarya1925__04,sankaracarya1925,r1l17,"है, और इसीलिये उसका विधान भी नहीं हो सकता है । वेद में",1109,70,54
sankaracarya1925__04__r1l18.png,sankaracarya1925__04,sankaracarya1925,r1l18,ईश्वर के स्वरूप को इस प्रकार दिखलाया है --,702,74,42
sankaracarya1925__04__r1l19.png,sankaracarya1925__04,sankaracarya1925,r1l19,""" सत्यं ज्ञानमनन्तं ब्रह्म ''",467,91,29
sankaracarya1925__04__line_1517479796950_91.png,sankaracarya1925__04,sankaracarya1925,line_1517479796950_91,"अर्थात् सबसे महान् ईश्वर सत्य-रूप है, ज्ञान-स्वरूप है, अनंत-",1044,80,60
sankaracarya1925__04__r1l22.png,sankaracarya1925__04,sankaracarya1925,r1l22,स्वरूप है ।,180,75,11
sankaracarya1925__04__r1l23.png,sankaracarya1925__04,sankaracarya1925,r1l23,""" एको देव: सर्वभूतेषु गूढः ।""",525,84,29
sankaracarya1925__04__line_1517479780710_90.png,sankaracarya1925__04,sankaracarya1925,line_1517479780710_90,"अर्थात् वह परमात्मा एक है, और संपूर्ण भूतों में छिपा है, सर्व-",1029,73,62
sankaracarya1925__04__r1l26.png,sankaracarya1925__04,sankaracarya1925,r1l26,"व्यापी है, साक्षी है, चेतन है, और निर्गुण है ।",757,73,46
sankaracarya1925__04__r1l27.png,sankaracarya1925__04,sankaracarya1925,r1l27,""" दिव्यो ह्यमूर्त: पुरुष: स बाह्याभ्यन्तरो ह्यज: । """,852,73,52
sankaracarya1925__04__r1l28.png,sankaracarya1925__04,sankaracarya1925,r1l28,"अर्थात् वह परमेश्वर दिव्य अर्थात् अलौकिक है, मूर्ति से रहित है",1051,74,62
sankaracarya1925__04__r1l29.png,sankaracarya1925__04,sankaracarya1925,r1l29,"सबमें व्याप्त है, सबके बाहर और भीतर स्थित है, अज अर्थात्",1104,76,56
sankaracarya1925__05__r1l1.png,sankaracarya1925__05,sankaracarya1925,r1l1,५,48,86,1
sankaracarya1925__05__r1l2.png,sankaracarya1925__05,sankaracarya1925,r1l2,भाषा-टीका-सहित,283,90,14
sankaracarya1925__05__r1l3.png,sankaracarya1925__05,sankaracarya1925,r1l3,जन्म से रहित है । इस प्रकार अनेक श्रुति-वाक्य उस परमात्मा के,1101,94,60
sankaracarya1925__05__r1l4.png,sankaracarya1925__05,sankaracarya1925,r1l4,"स्वरूप को निराकार और मूर्ति से रहित बताते हैं, तब फिर ऐसे",1093,70,57
sankaracarya1925__05__r1l5.png,sankaracarya1925__05,sankaracarya1925,r1l5,परमेश्वर की लौकिक पूजा कैसे बन सकती है । श्रीशंकरस्वामी कहते हैं-,1073,87,65
sankaracarya1925__05__r1l6.png,sankaracarya1925__05,sankaracarya1925,r1l6,मूल,96,80,3
sankaracarya1925__05__r1l7.png,sankaracarya1925__05,sankaracarya1925,r1l7,पूर्णस्यावाहनं कुत्र सर्वाधारस्य चासनम् ।,837,81,41
sankaracarya1925__05__r1l8.png,sankaracarya1925__05,sankaracarya1925,r1l8,स्वच्छस्य पाद्यमंर्ध च शुद्धस्याचमनं कुतः ॥ २ ॥,975,73,47
sankaracarya1925__05__r1l9.png,sankaracarya1925__05,sankaracarya1925,r1l9,पदच्छेद,123,80,7
sankaracarya1925__05__line_1517479892515_94.png,sankaracarya1925__05,sankaracarya1925,line_1517479892515_94,"पूर्णस्य, आवाहनम्, कुत्र, सर्वाधारस्य, च, आसनम्, स्वच्छस्य,",1042,82,59
sankaracarya1925__05__line_1517479885938_93.png,sankaracarya1925__05,sankaracarya1925,line_1517479885938_93,"पाद्यम्, अर्धम्, च, शुद्धस्य, च, आचमनम्, कुतः ।",835,86,47
sankaracarya1925__05__r1l17.png,sankaracarya1925__05,sankaracarya1925,r1l17,अन्वय,112,68,5
sankaracarya1925__05__r1l18.png,sankaracarya1925__05,sankaracarya1925,r1l18,पदार्थ,110,81,6
sankaracarya1925__05__r1l19.png,sankaracarya1925__05,sankaracarya1925,r1l19,पदार्थ,101,76,6
sankaracarya1925__05__r1l20.png,sankaracarya1925__05,sankaracarya1925,r1l20,अन्वय,111,68,5
sankaracarya1925__05__r1l21.png,sankaracarya1925__05,sankaracarya1925,r1l21,पाद्यम् -- पाँव का घुलाना,371,57,25
sankaracarya1925__05__r1l22.png,sankaracarya1925__05,sankaracarya1925,r1l22,पूर्णस्य -- व्यापक का,301,69,21
sankaracarya1925__05__r1l23.png,sankaracarya1925__05,sankaracarya1925,r1l23,च -- और,145,59,7
sankaracarya1925__05__r1l24.png,sankaracarya1925__05,sankaracarya1925,r1l24,आवाहनम् -- आवाहन,345,66,16
sankaracarya1925__05__line_1517479873175_92.png,sankaracarya1925__05,sankaracarya1925,line_1517479873175_92,अर्धम् -- अर्ध का देना,325,58,22
sankaracarya1925__05__r1l27.png,sankaracarya1925__05,sankaracarya1925,r1l27,कुत्र -- कहाँ,170,56,13
sankaracarya1925__05__r1l28.png,sankaracarya1925__05,sankaracarya1925,r1l28,+ कुत्र -- कहाँ,222,58,15
sankaracarya1925__05__r1l29.png,sankaracarya1925__05,sankaracarya1925,r1l29,च -- और,148,57,7
sankaracarya1925__05__r1l30.png,sankaracarya1925__05,sankaracarya1925,r1l30,+ च -- और,184,61,9
sankaracarya1925__05__r1l31.png,sankaracarya1925__05,sankaracarya1925,r1l31,सर्वाधारस्य -- सर्वजगतके आधारका,543,63,31
sankaracarya1925__05__r1l32.png,sankaracarya1925__05,sankaracarya1925,r1l32,शुद्धस्य -- शुद्ध का,274,62,20
sankaracarya1925__05__r1l33.png,sankaracarya1925__05,sankaracarya1925,r1l33,आसनम् -- आसन,273,60,12
sankaracarya1925__05__r1l34.png,sankaracarya1925__05,sankaracarya1925,r1l34,आचमनम् -- आचमन,332,55,14
sankaracarya1925__05__r1l35.png,sankaracarya1925__05,sankaracarya1925,r1l35,+ कुत्र -- कहाँ,230,57,15
sankaracarya1925__05__r1l36.png,sankaracarya1925__05,sankaracarya1925,r1l36,कुतः -- कहाँ,182,64,12
sankaracarya1925__05__r1l37.png,sankaracarya1925__05,sankaracarya1925,r1l37,स्वच्छस्य -- स्वच्छ का,349,66,22
sankaracarya1925__05__r1l38.png,sankaracarya1925__05,sankaracarya1925,r1l38,भावार्थ,109,92,7
sankaracarya1925__05__r1l39.png,sankaracarya1925__05,sankaracarya1925,r1l39,"जो किसी एक देश में रहता है, या परिच्छिन्न देहधारी होता है,",1029,79,58
sankaracarya1925__05__r1l40.png,sankaracarya1925__05,sankaracarya1925,r1l40,"उसी का आवाहन हो सकता है, और जो सर्वत्र पूर्ण है, सर्वव्यापी",1108,71,59
sankaracarya1925__05__r1l41.png,sankaracarya1925__05,sankaracarya1925,r1l41,"है, हर जगह में पहले ही से विद्यमान है, उसका आवाहन कैसे हो",1087,75,57
sankaracarya1925__05__r1l42.png,sankaracarya1925__05,sankaracarya1925,r1l42,"सकता है, अर्थात् किसी तरह से भी नहीं हो सकता । और जो आप",1099,71,55
sankaracarya1925__05__r1l43.png,sankaracarya1925__05,sankaracarya1925,r1l43,"ही संपूर्ण ब्रह्मांड का आधार है, उसके बैठने के लिये आसन का",1105,70,58
sankaracarya1925__05__r1l44.png,sankaracarya1925__05,sankaracarya1925,r1l44,देना कहाँ बन सकता है । आसन तो देहधारी एकदेशी के बैठने के,1103,75,56
sankaracarya1925__05__r1l45.png,sankaracarya1925__05,sankaracarya1925,r1l45,"लिये दिया जाता है । जो देह से रहित है, अतिसूक्ष्म है, व्यापक है,",1100,76,64
sankaracarya1925__06__line_1517479992181_96.png,sankaracarya1925__06,sankaracarya1925,line_1517479992181_96,परा-पूजा,146,99,8
sankaracarya1925__06__r1l1.png,sankaracarya1925__06,sankaracarya1925,r1l1,६,16,88,1
sankaracarya1925__06__r1l3.png,sankaracarya1925__06,sankaracarya1925,r1l3,उसके बैठने के लिये आसन का देना नहीं बनता है । स्मृति भी इसी,1108,97,59
sankaracarya1925__06__r1l5.png,sankaracarya1925__06,sankaracarya1925,r1l5,वार्ता को कहती है --,357,75,20
sankaracarya1925__06__r1l8.png,sankaracarya1925__06,sankaracarya1925,r1l8,सर्वाधारो निराधार: सर्वपोषक ईश्वर: ।,630,69,36
sankaracarya1925__06__r1l10.png,sankaracarya1925__06,sankaracarya1925,r1l10,प्राणादिप्रेरकत्वेन जीवने हेतुरेव च ॥ १ ॥,674,75,41
sankaracarya1925__06__r1l11.png,sankaracarya1925__06,sankaracarya1925,r1l11,"वह ईश्वर संपूर्ण जगत् का आधार है, और आप निराधार है,",1024,81,51
sankaracarya1925__06__r1l12.png,sankaracarya1925__06,sankaracarya1925,r1l12,"सबका पालन करनेवाला है, सबके प्राणों का प्रेरक भी है, और",1097,72,55
sankaracarya1925__06__r1l13.png,sankaracarya1925__06,sankaracarya1925,r1l13,वही सबके जीवन का कारण भी है ॥ १ ॥ इसी से उसको आसन,1103,74,49
sankaracarya1925__06__r1l14.png,sankaracarya1925__06,sankaracarya1925,r1l14,"का देना नहीं बनता है । जिसके हाथ-पाँव पहले मैले होते हैं, उसी",1100,71,61
sankaracarya1925__06__r1l15.png,sankaracarya1925__06,sankaracarya1925,r1l15,के हाथ-पाँव साफ़ करने के वास्ते जल दिया जाता है; जो हाथ-पाँव,1105,73,60
sankaracarya1925__06__r1l16.png,sankaracarya1925__06,sankaracarya1925,r1l16,"से रहित है, स्वतः ही स्वच्छ है, उसको हाथ-पाँव के स्वच्छ करने",1101,71,60
sankaracarya1925__06__line_1517479970103_95.png,sankaracarya1925__06,sankaracarya1925,line_1517479970103_95,के वास्ते पाद्य और अर्ध का देना कैसे बन सकता है । फिर जिसके,1093,74,59
sankaracarya1925__06__r1l19.png,sankaracarya1925__06,sankaracarya1925,r1l19,"खाने से मुख जूठा हो जाता है, उसके मुख के शुद्ध करने के वास्ते",1097,72,61
sankaracarya1925__06__r1l20.png,sankaracarya1925__06,sankaracarya1925,r1l20,"आचमन के लिय जल दिया जाता है; जो मुख से रहित है, और",1095,74,50
sankaracarya1925__06__r1l21.png,sankaracarya1925__06,sankaracarya1925,r1l21,"नित्य शुद्ध भी है, उसके आचमन के लिये जल का देना किसी तरह",1090,72,56
sankaracarya1925__06__r1l22.png,sankaracarya1925__06,sankaracarya1925,r1l22,से नहीं बनता है । इसमें प्रमाणवाक्यों को भी दिखाते हैं । केनोप-,1094,72,63
sankaracarya1925__06__r1l23.png,sankaracarya1925__06,sankaracarya1925,r1l23,निषद् में लिखा है-,283,71,18
sankaracarya1925__06__r1l24.png,sankaracarya1925__06,sankaracarya1925,r1l24,यद्वाचानभ्युदितं येन वागभ्युद्यते । तदेव ब्रह्मत्वं विद्धि नेदं यदिदमुपासते॥,1053,79,76
sankaracarya1925__06__r1l25.png,sankaracarya1925__06,sankaracarya1925,r1l25,"अर्थ -- जो ब्रह्म वाणी द्वारा कथन नहीं किया जाता है, और जिसकी",1046,75,61
sankaracarya1925__06__r1l26.png,sankaracarya1925__06,sankaracarya1925,r1l26,"सत्ता द्वारा वाणी अपने वचन-रूपी व्यवहार को करती है, वही ब्रह्म",1094,72,62
sankaracarya1925__06__r1l27.png,sankaracarya1925__06,sankaracarya1925,r1l27,"है; जिस मूर्ति की तुम उपासना करते हो, वह ब्रह्म नहीं है ।",956,68,57
sankaracarya1925__06__r1l28.png,sankaracarya1925__06,sankaracarya1925,r1l28,पुराण-वाक्य --,244,74,14
sankaracarya1925__06__r1l29.png,sankaracarya1925__06,sankaracarya1925,r1l29,अधमाः प्रतिमापूजा स्तोत्रजाप्यं च मध्यमा: ।,696,74,43
sankaracarya1925__06__r1l30.png,sankaracarya1925__06,sankaracarya1925,r1l30,उत्तमा निगमःपूजा सोऽहं पूजा महात्मन: ॥,702,70,38
sankaracarya1925__06__r1l31.png,sankaracarya1925__06,sankaracarya1925,r1l31,"अर्थ -- अधम जो मूर्ख हैं, उनके लिये प्रतिमा-पूजा है, स्तोत्रों का",1028,74,65
sankaracarya1925__06__r1l32.png,sankaracarya1925__06,sankaracarya1925,r1l32,"पाठ करना, या किसी मंत्र का जप करना मध्यमों के लिये है, और",1106,77,57
sankaracarya1925__07__line_1517480292172_111.png,sankaracarya1925__07,sankaracarya1925,line_1517480292172_111,७,46,94,1
sankaracarya1925__07__r1l2.png,sankaracarya1925__07,sankaracarya1925,r1l2,भाषा-टीका-सहित,284,79,14
sankaracarya1925__07__r1l3.png,sankaracarya1925__07,sankaracarya1925,r1l3,"उत्तमों के लिये वेद का पाठ ही पूजा है, और सोऽहं का जप महा-",1097,90,58
sankaracarya1925__07__r1l4.png,sankaracarya1925__07,sankaracarya1925,r1l4,त्माओं की पूजा है ।,332,75,19
sankaracarya1925__07__r1l5.png,sankaracarya1925__07,sankaracarya1925,r1l5,तीर्थेषु पशुयज्ञेषु काष्ठपाषाणमृन्मये । प्रतिमायां मनो येषां ते नर:मूढ़चेतस:॥,1104,66,77
sankaracarya1925__07__r1l6.png,sankaracarya1925__07,sankaracarya1925,r1l6,अर्थ --- तीर्थों में और पशुओं के यज्ञों में और मट्टी-पत्थर की मूर्तियों,1029,71,71
sankaracarya1925__07__r1l7.png,sankaracarya1925__07,sankaracarya1925,r1l7,"में जिन पुरुषों का मन लगता है, वह पुरुष अति मूढ़ कहे जाते हैं ।",1089,69,63
sankaracarya1925__07__r1l8.png,sankaracarya1925__07,sankaracarya1925,r1l8,कपिल-गीता ---,194,78,13
sankaracarya1925__07__r1l9.png,sankaracarya1925__07,sankaracarya1925,r1l9,पाषाणैरालयं बद्ध्वा देव: पाषाण एव च ।,640,69,37
sankaracarya1925__07__line_1517480272557_110.png,sankaracarya1925__07,sankaracarya1925,line_1517480272557_110,ब्रूहि पण्डित देवस्तु कस्मिन् स्थाने स तिष्ठति ॥,757,77,48
sankaracarya1925__07__r1l13.png,sankaracarya1925__07,sankaracarya1925,r1l13,स्वगृहे पायसं त्यक्त्वा भिक्षामिच्छति दुर्मति: ।,683,69,48
sankaracarya1925__07__r1l14.png,sankaracarya1925__07,sankaracarya1925,r1l14,शिलामृतदारुचित्रेषु देवताबुद्धिकल्पिता ॥,677,69,40
sankaracarya1925__07__r1l15.png,sankaracarya1925__07,sankaracarya1925,r1l15,अर्थ --- पत्थरों का मंदिर बनाया और फिर पत्थर का ही उसमें,1036,64,56
sankaracarya1925__07__line_1517480260658_109.png,sankaracarya1925__07,sankaracarya1925,line_1517480260658_109,"देवता भी स्थापन किया । कहो पण्डित, तुम्हारा देवता इस मंदिर में",1076,76,62
sankaracarya1925__07__line_1517480256243_108.png,sankaracarya1925__07,sankaracarya1925,line_1517480256243_108,कहाँ पर रहता है ?,314,69,17
sankaracarya1925__07__line_1517480251494_107.png,sankaracarya1925__07,sankaracarya1925,line_1517480251494_107,जैसे कोई अपने घर में पकी हुई 'तस्मै' का त्याग करके भिक्षा,1040,74,57
sankaracarya1925__07__line_1517480229351_106.png,sankaracarya1925__07,sankaracarya1925,line_1517480229351_106,"माँगता है, वैसे ही देह के भीतर ईश्वर चेतन का त्याग करके मट्टी,",1087,73,62
sankaracarya1925__07__line_1517480214683_105.png,sankaracarya1925__07,sankaracarya1925,line_1517480214683_105,"पत्थरों और लकड़ियों में जो देवता-बुद्धि को करते हैं, सो मूर्ख हैं ।",1012,69,67
sankaracarya1925__07__r1l39.png,sankaracarya1925__07,sankaracarya1925,r1l39,भागवत---,109,75,8
sankaracarya1925__07__line_1517480192677_104.png,sankaracarya1925__07,sankaracarya1925,line_1517480192677_104,यस्यात्मबुद्धि: कुणपे त्रिधातुके स्वधी: कलत्रादिषु भौम इज्यधी: ।,1034,66,64
sankaracarya1925__07__line_1517480154483_103.png,sankaracarya1925__07,sankaracarya1925,line_1517480154483_103,यत्तीर्थबुद्धि: सलिले न कर्हिचिज्जनेष्वभिज्ञेषु स एव गोखर: ॥,1017,86,60
sankaracarya1925__07__line_1517480126452_102.png,sankaracarya1925__07,sankaracarya1925,line_1517480126452_102,जिस पुरुष की तीनों धातुओं की बनी हुई मूर्तियों में आत्म-बुद्धि,1039,77,62
sankaracarya1925__07__line_1517480107033_101.png,sankaracarya1925__07,sankaracarya1925,line_1517480107033_101,"है, अर्थात् यह मूर्ति ही ईश्वर है, और स्त्रीपुत्रादिकों में तथा मट्टी की",1096,76,72
sankaracarya1925__07__line_1517480075887_100.png,sankaracarya1925__07,sankaracarya1925,line_1517480075887_100,"मूर्तियों में पूज्य-बुद्धि है, और जल में जिसकी तीर्थ-बुद्धि है, और",1094,71,66
sankaracarya1925__07__line_1517480064949_99.png,sankaracarya1925__07,sankaracarya1925,line_1517480064949_99,"विद्वान् पुरुषों में जिसकी पूज्य-बुद्धि नहीं है, सो पुरुष बैल है, या गर्दभ है ।",1100,73,79
sankaracarya1925__07__line_1517480052616_98.png,sankaracarya1925__07,sankaracarya1925,line_1517480052616_98,"हे सौम्य, चेतन ईश्वर की मूर्ति नहीं है, इसवास्ते उसकी मूर्ति",1013,71,60
sankaracarya1925__07__line_1517480043729_97.png,sankaracarya1925__07,sankaracarya1925,line_1517480043729_97,की पूजा भी नहीं बनती । श्रीशंकराचार्यजी फिर कहते हैं-,924,68,53
simha1914__0000_a__line_1517477416153_34.png,simha1914__0000_a,simha1914,line_1517477416153_34,जगत् उपदेश,794,101,10
simha1914__0000_a__r2l5.png,simha1914__0000_a,simha1914,r2l5,जिसको,241,160,5
simha1914__0000_a__r2l6.png,simha1914__0000_a,simha1914,r2l6,ज़िला आजमगढ़ बाँसगांवनिवासी जगत्सिंह,1201,113,36
simha1914__0000_a__r2l7.png,simha1914__0000_a,simha1914,r2l7,ने सर्व साधारण जनों के अवलोकनार्थ बड़े,1100,103,38
simha1914__0000_a__r2l8.png,simha1914__0000_a,simha1914,r2l8,श्रम से निर्मित किया ।।,653,115,23
simha1914__0000_a__r2l9.png,simha1914__0000_a,simha1914,r2l9,दूसरी बार,298,130,9
simha1914__0000_a__r2l11.png,simha1914__0000_a,simha1914,r2l11,लखनऊ,288,160,4
simha1914__0000_a__r2l12.png,simha1914__0000_a,simha1914,r2l12,"सुपरिटेंडेंट बाबू मनोहरलाल मार्गव बी. ए., के प्रबन्ध से",1177,124,55
simha1914__0000_a__r2l13.png,simha1914__0000_a,simha1914,r2l13,"मुंशी नवलकिशोर सी आई. ई., के छापेख़ाने में छपा",1142,118,46
simha1914__0000_a__r2l14.png,simha1914__0000_a,simha1914,r2l14,सन् १३१४ ई० ।।,437,115,14
simha1914__0000_a__r2l15.png,simha1914__0000_a,simha1914,r2l15,हक़ तसनीफ़ महफूज़ है बहक इस छापेख़ने के ।,1039,135,41
simha1914__000_1__r3l1.png,simha1914__000_1,simha1914,r3l1,श्रीगणेशाय नम: ।।,484,158,17
simha1914__000_1__r3l2.png,simha1914__000_1,simha1914,r3l2,प्रार्थना १,441,150,11
simha1914__000_1__r3l3.png,simha1914__000_1,simha1914,r3l3,"सो० । जेहि सुमिरे सिधि होय, गणनायक मङ्गलभवन ।",1673,130,45
simha1914__000_1__r3l4.png,simha1914__000_1,simha1914,r3l4,"विघ्र हरो प्रभु सोय, एकदन्त गजबदन शुभ ।।",1498,119,40
simha1914__000_1__r3l5.png,simha1914__000_1,simha1914,r3l5,"दो० । देवि सरस्वती सुमिरिके, धरों चरण का ध्यान ।",1666,118,48
simha1914__000_1__r3l6.png,simha1914__000_1,simha1914,r3l6,"वाक्यसिद्धि मम कीजिये, होय सदा सन्मान ।।",1474,119,40
simha1914__000_1__r3l7.png,simha1914__000_1,simha1914,r3l7,"श्रीगुरुचरण प्रणामकरि, घरों हृदय में ध्यान ।",1457,119,44
simha1914__000_1__r3l8.png,simha1914__000_1,simha1914,r3l8,"स्वामी किरपा कीजिये, सदा होय कल्यान ।।",1460,120,38
simha1914__000_1__r3l9.png,simha1914__000_1,simha1914,r3l9,चौ० । गुरुके चरणप्रीति जो करई । बिन प्रयासभवसागरतरई ।।,1659,122,54
simha1914__000_1__r3l10.png,simha1914__000_1,simha1914,r3l10,गुरुकी महिमा अमितअपारा । सुमिरतजीव लहैभवपारा ।।,1564,116,47
simha1914__000_1__r3l11.png,simha1914__000_1,simha1914,r3l11,जगतसिंह ये सत्यप्रमाणा । गुरुकी कृपा होयकल्याणा ।।,1532,123,50
simha1914__000_1__r3l12.png,simha1914__000_1,simha1914,r3l12,दयावन्त प्रभु सबसुखकारी । विष्णुस्वरूप सर्वदुखहारी ।।,1603,121,53
simha1914__000_1__r3l13.png,simha1914__000_1,simha1914,r3l13,चरणकमलमें करों प्रणामा । पूरणकरो सदा मम कामा ।।,1613,120,47
simha1914__000_1__r3l14.png,simha1914__000_1,simha1914,r3l14,सर्वदेवगणोंके चरणोंमें प्रणाम करके प्रार्थना करताहूं किः,1669,123,56
simha1914__000_1__r3l15.png,simha1914__000_1,simha1914,r3l15,"शुभकार्यमें कोई विघ्न न होय, कलिके सज्जनोंको बारम्बार प्र-",1774,120,58
simha1914__000_1__r3l16.png,simha1914__000_1,simha1914,r3l16,"णाम करताहूं कि, आपलोगोंकी कृपासे मेरी भणितका सन्मान",1780,119,51
simha1914__000_1__r3l17.png,simha1914__000_1,simha1914,r3l17,"होवे, क्योंकि मुझको अपने बल व बुद्धिका भरोसा नहीं है, केवल",1757,124,58
simha1914__000_1__r3l18.png,simha1914__000_1,simha1914,r3l18,"आप लोगोंकी कृपाका भरोसा है, सर्वजीवों को प्रणाम करके",1781,141,52
simha1914__000_2__line_1517476987785_1.png,simha1914__000_2,simha1914,line_1517476987785_1,(२),229,90,3
simha1914__000_2__r3l2.png,simha1914__000_2,simha1914,r3l2,"कृपा चाहताहूं, सर्वदा मनुष्योंको अपने भलेबुरे कर्मोंका ख़याल",1806,159,60
simha1914__000_2__r3l3.png,simha1914__000_2,simha1914,r3l3,"करना चाहिये, क्योंकि हमेशा समय एकसा नहीं रहता सदा",1795,117,49
simha1914__000_2__r3l4.png,simha1914__000_2,simha1914,r3l4,बदला करताहै समय चूकनेपर सिवाय पछितानेके कुछ हाथ नहीं,1796,119,52
simha1914__000_2__r3l5.png,simha1914__000_2,simha1914,r3l5,"आता, आज ऐसा अच्छा समय है जिसको मैं बारम्बार प्रणाम",1799,120,50
simha1914__000_2__r3l6.png,simha1914__000_2,simha1914,r3l6,"करके प्रशंसा करताहूं कि ऐसे समयको वृथा न खोवो, आज",1793,120,49
simha1914__000_2__r3l7.png,simha1914__000_2,simha1914,r3l7,वह समयहै कि मनुष्यअपना सुधार विद्याप्रचार व सत्यासत्यका,1793,122,55
simha1914__000_2__r3l8.png,simha1914__000_2,simha1914,r3l8,"विचार करसक्ता है, इससे इस समयको वृथा न खोना चाहिये.",1808,117,51
simha1914__000_2__r3l9.png,simha1914__000_2,simha1914,r3l9,और मैं ऐसी बुद्धि नहीं रखता केवल समयके प्रभावसे मेरे हृ-,1780,127,56
simha1914__000_2__r3l10.png,simha1914__000_2,simha1914,r3l10,दयमें उत्साह उत्पन्न हुआ जिससे हरएक क़िस्मके अनुपम पदोंको,1804,118,57
simha1914__000_2__r3l11.png,simha1914__000_2,simha1914,r3l11,"शोध २ कर एकत्रित किया जोकि हर एकको फलदायक होंगे,",1795,120,48
simha1914__000_2__r3l12.png,simha1914__000_2,simha1914,r3l12,"मैं उन सज्जनोंको प्रणाम करताहूं कि, जिनकी कृपासे मुझको",1792,121,54
simha1914__000_2__r3l13.png,simha1914__000_2,simha1914,r3l13,ये पद प्राप्त हुये. मुझको इस क़िस्मका बहुत दिनोंसे ख़याल था,1789,124,59
simha1914__000_2__r3l14.png,simha1914__000_2,simha1914,r3l14,कि कुछ उपदेशयुक्त पद मिलाकर एक पुस्तक बनावों जोकि सर्वको,1779,123,56
simha1914__000_2__r3l15.png,simha1914__000_2,simha1914,r3l15,फ़ायदा पहुँचावे और अब श्रीपरमेश्वरकी कृपासे युक्त होकर,1780,119,54
simha1914__000_2__r3l16.png,simha1914__000_2,simha1914,r3l16,एक पुस्तक तैयार हुई जिसका नाम जगत् उपदेश रक्खा गया ।।,1807,132,53
simha1914__000_2__r3l17.png,simha1914__000_2,simha1914,r3l17,जगत्सिंह.,272,142,9
simha1914__000_3__r2l1.png,simha1914__000_3,simha1914,r2l1,जगत्उपदेशका सूचीपत्र ।,1033,164,22
simha1914__000_3__r2l3.png,simha1914__000_3,simha1914,r2l3,नम्बर,169,156,5
simha1914__000_3__r2l4.png,simha1914__000_3,simha1914,r2l4,विषय,165,134,4
simha1914__000_3__line_1517477200925_24.png,simha1914__000_3,simha1914,line_1517477200925_24,१ प्रार्थना,294,125,11
simha1914__000_3__r2l7.png,simha1914__000_3,simha1914,r2l7,२ समयका विचार,451,120,13
simha1914__000_3__r2l8.png,simha1914__000_3,simha1914,r2l8,३ भोजन वो शरीरके पुष्ट रखनेका बयान,1126,123,34
simha1914__000_3__line_1517477184987_23.png,simha1914__000_3,simha1914,line_1517477184987_23,४ शरीरके आरामका बयान,847,116,20
simha1914__000_3__line_1517477182164_22.png,simha1914__000_3,simha1914,line_1517477182164_22,५ तन्दुरुस्तीका बयान,644,119,20
simha1914__000_3__r2l13.png,simha1914__000_3,simha1914,r2l13,६ कौन २ बातसे सुख वा दुःख होता है,1177,124,33
simha1914__000_3__r2l14.png,simha1914__000_3,simha1914,r2l14,७ पुत्र उपदेश,406,119,13
simha1914__000_3__r2l15.png,simha1914__000_3,simha1914,r2l15,८ मनुष्यके किस २ कारणोंसे ख़राब काम होताहै,1354,128,42
simha1914__000_3__r2l16.png,simha1914__000_3,simha1914,r2l16,९ मेल वो आदरका बयान,804,112,19
simha1914__000_3__line_1517477174961_21.png,simha1914__000_3,simha1914,line_1517477174961_21,१० ब्यौहार वो परोपकारका बयान,1052,122,28
simha1914__000_3__line_1517477166106_20.png,simha1914__000_3,simha1914,line_1517477166106_20,११ धनका बयान,537,124,12
simha1914__000_3__r2l22.png,simha1914__000_3,simha1914,r2l22,१२ दुष्ट वो श्रेष्ठ मनुष्यका बयान,944,119,33
simha1914__000_3__r2l23.png,simha1914__000_3,simha1914,r2l23,१३ किससे सुख किससे दुःख होताहै,1058,121,30
simha1914__000_3__r2l24.png,simha1914__000_3,simha1914,r2l24,१४ किस पुत्रसे क्या होताहै,808,118,26
simha1914__000_3__r2l25.png,simha1914__000_3,simha1914,r2l25,१५ सफलताका मार्ग,592,113,16
simha1914__000_3__r2l26.png,simha1914__000_3,simha1914,r2l26,१६ क़र्ज वा आलस्यका बयान,911,122,24
simha1914__000_3__r2l27.png,simha1914__000_3,simha1914,r2l27,१७ बिपत्तिका बयान,618,123,17
simha1914__000_3__r2l28.png,simha1914__000_3,simha1914,r2l28,१८ ब्यौहारका बयान,628,123,17
simha1914__000_3__r2l29.png,simha1914__000_3,simha1914,r2l29,१९ पण्डित पदका लक्षण,706,137,20
simha1914__000_3__r3l1.png,simha1914__000_3,simha1914,r3l1,पृष्ठसे पृष्ठतक,345,156,15
simha1914__000_3__line_1517477134520_18.png,simha1914__000_3,simha1914,line_1517477134520_18,१,47,75,1
simha1914__000_3__line_1517477137486_19.png,simha1914__000_3,simha1914,line_1517477137486_19,१,54,78,1
simha1914__000_3__line_1517477131226_17.png,simha1914__000_3,simha1914,line_1517477131226_17,२,57,90,1
simha1914__000_3__line_1517477128618_16.png,simha1914__000_3,simha1914,line_1517477128618_16,१,62,95,1
simha1914__000_3__line_1517477123263_14.png,simha1914__000_3,simha1914,line_1517477123263_14,३,58,97,1
simha1914__000_3__line_1517477125847_15.png,simha1914__000_3,simha1914,line_1517477125847_15,७,54,90,1
simha1914__000_3__line_1517477117782_12.png,simha1914__000_3,simha1914,line_1517477117782_12,७,73,106,1
simha1914__000_3__line_1517477120080_13.png,simha1914__000_3,simha1914,line_1517477120080_13,१३,104,101,2
simha1914__000_3__r3l6.png,simha1914__000_3,simha1914,r3l6,१५,103,129,2
simha1914__000_3__r3l7.png,simha1914__000_3,simha1914,r3l7,१३,115,136,2
simha1914__000_3__r3l8.png,simha1914__000_3,simha1914,r3l8,१७,96,116,2
simha1914__000_3__line_1517477115112_11.png,simha1914__000_3,simha1914,line_1517477115112_11,१५,105,88,2
simha1914__000_3__line_1517477108235_9.png,simha1914__000_3,simha1914,line_1517477108235_9,१७,112,110,2
simha1914__000_3__line_1517477111442_10.png,simha1914__000_3,simha1914,line_1517477111442_10,१९,101,97,2
simha1914__000_3__line_1517477100023_7.png,simha1914__000_3,simha1914,line_1517477100023_7,२०,105,95,2
simha1914__000_3__line_1517477103433_8.png,simha1914__000_3,simha1914,line_1517477103433_8,२०,104,100,2
simha1914__000_3__r3l14.png,simha1914__000_3,simha1914,r3l14,२०,84,132,2
simha1914__000_3__r3l15.png,simha1914__000_3,simha1914,r3l15,२२,97,135,2
simha1914__000_3__r3l16.png,simha1914__000_3,simha1914,r3l16,२२,85,125,2
simha1914__000_3__line_1517477093706_6.png,simha1914__000_3,simha1914,line_1517477093706_6,२३,96,90,2
simha1914__000_3__line_1517477086299_4.png,simha1914__000_3,simha1914,line_1517477086299_4,२३,98,85,2
simha1914__000_3__line_1517477091274_5.png,simha1914__000_3,simha1914,line_1517477091274_5,२५,104,90,2
simha1914__000_3__r3l19.png,simha1914__000_3,simha1914,r3l19,२५,76,134,2
simha1914__000_3__line_1517477081090_3.png,simha1914__000_3,simha1914,line_1517477081090_3,२६,111,95,2
simha1914__000_3__r3l21.png,simha1914__000_3,simha1914,r3l21,२७,120,120,2
simha1914__000_3__r3l22.png,simha1914__000_3,simha1914,r3l22,२८,88,127,2
simha1914__000_3__r3l23.png,simha1914__000_3,simha1914,r3l23,२९,91,120,2
simha1914__000_3__r3l24.png,simha1914__000_3,simha1914,r3l24,२८,92,124,2
simha1914__000_3__r3l25.png,simha1914__000_3,simha1914,r3l25,३३,107,123,2
simha1914__000_3__r3l26.png,simha1914__000_3,simha1914,r3l26,२९,106,120,2
simha1914__000_3__r3l27.png,simha1914__000_3,simha1914,r3l27,३३,82,116,2
simha1914__000_3__r3l28.png,simha1914__000_3,simha1914,r3l28,३६,112,125,2
simha1914__000_3__r3l29.png,simha1914__000_3,simha1914,r3l29,३६,100,119,2
simha1914__000_3__r3l30.png,simha1914__000_3,simha1914,r3l30,३६,109,120,2
simha1914__000_3__r3l31.png,simha1914__000_3,simha1914,r3l31,३७,112,130,2
simha1914__000_3__r3l32.png,simha1914__000_3,simha1914,r3l32,३८,115,123,2
simha1914__000_3__r3l34.png,simha1914__000_3,simha1914,r3l34,४०,94,131,2
simha1914__000_3__line_1517477074727_2.png,simha1914__000_3,simha1914,line_1517477074727_2,३८,113,87,2
simha1914__000_4__r1l1.png,simha1914__000_4,simha1914,r1l1,(४),124,150,3
simha1914__000_4__r1l2.png,simha1914__000_4,simha1914,r1l2,२० काम करने का बयान,769,172,19
simha1914__000_4__r1l3.png,simha1914__000_4,simha1914,r1l3,२१ राजनीतिका बयान,688,119,17
simha1914__000_4__line_1517477329069_33.png,simha1914__000_4,simha1914,line_1517477329069_33,२२ बुद्धिकी उन्नति,565,120,18
simha1914__000_4__line_1517477325320_32.png,simha1914__000_4,simha1914,line_1517477325320_32,२३ महात्माओंके वचन,693,121,18
simha1914__000_4__line_1517477322605_31.png,simha1914__000_4,simha1914,line_1517477322605_31,२४ सत्संग वो मेहनतका बयान,954,122,25
simha1914__000_4__line_1517477320178_30.png,simha1914__000_4,simha1914,line_1517477320178_30,२५ दुष्ट वो मूर्खका लक्षण,775,119,25
simha1914__000_4__line_1517477317487_29.png,simha1914__000_4,simha1914,line_1517477317487_29,२६ धन वो क्रोधका बयान,804,124,21
simha1914__000_4__r1l14.png,simha1914__000_4,simha1914,r1l14,प्रार्थना,208,124,9
simha1914__000_4__r1l15.png,simha1914__000_4,simha1914,r1l15,१ स्त्री शिक्षाका बयान,645,119,22
simha1914__000_4__r1l16.png,simha1914__000_4,simha1914,r1l16,२ स्त्रियोंके कर्कश सुभावका लक्षण,901,122,33
simha1914__000_4__r1l17.png,simha1914__000_4,simha1914,r1l17,३ लज्जाका वर्णन,422,118,15
simha1914__000_4__line_1517477302737_28.png,simha1914__000_4,simha1914,line_1517477302737_28,४ सतीत्वका वर्णन,558,119,16
simha1914__000_4__r1l20.png,simha1914__000_4,simha1914,r1l20,५ पतिब्रताका बयान,583,121,17
simha1914__000_4__r1l22.png,simha1914__000_4,simha1914,r1l22,६ प्रात उठने वो भोजन बनानेका बयान,1072,116,33
simha1914__000_4__r1l23.png,simha1914__000_4,simha1914,r1l23,७ धर्मशास्त्रकी शिक्षा,594,126,22
simha1914__000_4__r1l24.png,simha1914__000_4,simha1914,r1l24,८ स्त्रीलाभार्थ सुशिक्षा,650,120,24
simha1914__000_4__line_1517477272203_27.png,simha1914__000_4,simha1914,line_1517477272203_27,९ स्त्रीमहत्त्वका बयान,523,116,22
simha1914__000_4__line_1517477266901_26.png,simha1914__000_4,simha1914,line_1517477266901_26,१० गर्भवतीका बयान,630,123,17
simha1914__000_4__line_1517477242228_25.png,simha1914__000_4,simha1914,line_1517477242228_25,११ बच्चेकी सेवा करनेका बयान,913,124,27
simha1914__000_4__r1l31.png,simha1914__000_4,simha1914,r1l31,इति ।।,145,125,6
simha1914__000_4__r2l1.png,simha1914__000_4,simha1914,r2l1,४०,99,163,2
simha1914__000_4__r2l2.png,simha1914__000_4,simha1914,r2l2,४१,118,125,2
simha1914__000_4__r2l3.png,simha1914__000_4,simha1914,r2l3,४२,118,122,2
simha1914__000_4__r2l4.png,simha1914__000_4,simha1914,r2l4,४३,103,117,2
simha1914__000_4__r2l5.png,simha1914__000_4,simha1914,r2l5,४८,109,114,2
simha1914__000_4__r2l6.png,simha1914__000_4,simha1914,r2l6,४९,109,119,2
simha1914__000_4__r2l7.png,simha1914__000_4,simha1914,r2l7,५६,100,124,2
simha1914__000_4__r2l8.png,simha1914__000_4,simha1914,r2l8,५९,100,113,2
simha1914__000_4__r2l9.png,simha1914__000_4,simha1914,r2l9,६०,82,113,2
simha1914__000_4__r2l10.png,simha1914__000_4,simha1914,r2l10,६२,106,127,2
simha1914__000_4__r2l11.png,simha1914__000_4,simha1914,r2l11,६३,88,118,2
simha1914__000_4__r2l12.png,simha1914__000_4,simha1914,r2l12,६४,100,122,2
simha1914__000_4__r2l13.png,simha1914__000_4,simha1914,r2l13,६५,63,118,2
simha1914__000_4__r2l14.png,simha1914__000_4,simha1914,r2l14,६६,100,116,2
simha1914__000_4__r2l15.png,simha1914__000_4,simha1914,r2l15,६८,110,128,2
simha1914__000_4__r2l16.png,simha1914__000_4,simha1914,r2l16,६९,112,125,2
simha1914__000_4__r2l17.png,simha1914__000_4,simha1914,r2l17,७१,100,115,2
simha1914__000_4__r2l18.png,simha1914__000_4,simha1914,r2l18,७३,100,114,2
simha1914__000_4__r2l19.png,simha1914__000_4,simha1914,r2l19,७६,79,122,2
simha1914__000_4__r3l1.png,simha1914__000_4,simha1914,r3l1,४१,109,157,2
simha1914__000_4__r3l2.png,simha1914__000_4,simha1914,r3l2,४२,100,118,2
simha1914__000_4__r3l3.png,simha1914__000_4,simha1914,r3l3,४३,97,119,2
simha1914__000_4__r3l4.png,simha1914__000_4,simha1914,r3l4,४८,119,118,2
simha1914__000_4__r3l5.png,simha1914__000_4,simha1914,r3l5,४९,100,120,2
simha1914__000_4__r3l6.png,simha1914__000_4,simha1914,r3l6,५६,109,119,2
simha1914__000_4__r3l7.png,simha1914__000_4,simha1914,r3l7,५८,104,116,2
simha1914__000_4__r3l8.png,simha1914__000_4,simha1914,r3l8,६०,91,116,2
simha1914__000_4__r3l9.png,simha1914__000_4,simha1914,r3l9,६२,103,125,2
simha1914__000_4__r3l10.png,simha1914__000_4,simha1914,r3l10,६२,100,122,2
simha1914__000_4__r3l11.png,simha1914__000_4,simha1914,r3l11,६४,106,116,2
simha1914__000_4__r3l12.png,simha1914__000_4,simha1914,r3l12,६५,103,120,2
simha1914__000_4__r3l13.png,simha1914__000_4,simha1914,r3l13,६६,97,123,2
simha1914__000_4__r3l14.png,simha1914__000_4,simha1914,r3l14,६७,91,123,2
simha1914__000_4__r3l15.png,simha1914__000_4,simha1914,r3l15,६९,95,122,2
simha1914__000_4__r3l16.png,simha1914__000_4,simha1914,r3l16,७१,94,114,2
simha1914__000_4__r3l17.png,simha1914__000_4,simha1914,r3l17,७३,96,118,2
simha1914__000_4__r3l18.png,simha1914__000_4,simha1914,r3l18,७६,91,115,2
simha1914__000_4__r3l19.png,simha1914__000_4,simha1914,r3l19,८०,108,129,2
simha1914__01__r1l1.png,simha1914__01,simha1914,r1l1,श्रीगणशाय नम:,520,162,13
simha1914__01__r1l2.png,simha1914__01,simha1914,r1l2,अथ जगत् उपदेश ।।,1130,182,16
simha1914__01__r1l4.png,simha1914__01,simha1914,r1l4,(२) समयका विचार ।।,1063,176,18
simha1914__01__r1l5.png,simha1914__01,simha1914,r1l5,मनुष्यको हमेशा सोच समझकर काम करना,1615,174,33
simha1914__01__r1l6.png,simha1914__01,simha1914,r1l6,चाहिये. हर एक काम उचित समयसे करना समय,1813,142,37
simha1914__01__r1l7.png,simha1914__01,simha1914,r1l7,का ध्यान रखना और समयको नष्ट न करना चाहिये.,1768,151,42
simha1914__01__r1l8.png,simha1914__01,simha1914,r1l8,जो समयका ध्यान नहीं करता वह अपना समय,1792,146,36
simha1914__01__r1l9.png,simha1914__01,simha1914,r1l9,व काम नष्ट करताहै; उसी तरह औरोंकाभी समय,1804,145,39
simha1914__01__r1l10.png,simha1914__01,simha1914,r1l10,व काम नष्ट करताहै. छोटेसे छोटा काम हो तोभी,1787,138,42
simha1914__01__r1l11.png,simha1914__01,simha1914,r1l11,अच्छीतरहसे करना चाहिये. हमेशा शरीर व कपड़ों,1790,157,43
simha1914__01__r1l12.png,simha1914__01,simha1914,r1l12,को साफ़ रखना चाहिये जिससे चित्त प्रसन्न रहे. औरों,1792,154,49
simha1914__01__r1l13.png,simha1914__01,simha1914,r1l13,को मोटा झोटा कपड़ा पहिरनेसे तुच्छ मत देखो.,1787,145,42
simha1914__02__line_1517477551824_36.png,simha1914__02,simha1914,line_1517477551824_36,२,53,90,1
simha1914__02__r3l1.png,simha1914__02,simha1914,r3l1,जगत् उपदेश ।,520,146,12
simha1914__02__r3l3.png,simha1914__02,simha1914,r3l3,क्योंकि रुई रेशम दोनों साफ़ रहसकतेहैं. शिरसे पैरतक,1781,142,50
simha1914__02__r3l4.png,simha1914__02,simha1914,r3l4,शरीरको साफ़ रखना चाहिये. जिससे तन्दुरुस्ती रह-,1790,133,46
simha1914__02__line_1517477556810_37.png,simha1914__02,simha1914,line_1517477556810_37,सक्तीहै. सर्वदा प्रसन्न व सन्तुष्ट रहनाचाहिये. सन्तोष,1792,95,53
simha1914__02__r3l11.png,simha1914__02,simha1914,r3l11,धनसे बढ़कर है. लालच मतकरो दूसरेके मालकी रक्षा,1798,110,45
simha1914__02__r3l12.png,simha1914__02,simha1914,r3l12,वैसीही करो जैसे अपने मालकी. दूसरेकी सहायता,1813,138,42
simha1914__02__r3l13.png,simha1914__02,simha1914,r3l13,हमेशा करो. परन्तु घरकी विशेष. जो कुछ करनाहै,1782,125,43
simha1914__02__r3l14.png,simha1914__02,simha1914,r3l14,समझकर चित्तसे करो. भलाईसे मुंह न फेरो. परमात्मा,1779,133,47
simha1914__02__r3l16.png,simha1914__02,simha1914,r3l16,से हमेशा प्रेम बढ़वो. जो मनुष्य औरोंका उपकार,1792,133,44
simha1914__02__r3l18.png,simha1914__02,simha1914,r3l18,करता है उसका भला आपही होताहै. ऐसा काम न,1782,94,39
simha1914__02__r3l19.png,simha1914__02,simha1914,r3l19,"करना चाहिये जिससे मन मलीन हो, क्योंकि अन्तः-",1783,140,44
simha1914__02__r3l22.png,simha1914__02,simha1914,r3l22,करण मलीन होनेसे सत्यप्रेम का अभाव होजाताहै.,1790,99,43
simha1914__02__r3l23.png,simha1914__02,simha1914,r3l23,तुम्हारी अनुपस्थिति में कोई निन्दाकरे तो उससे,1781,136,45
simha1914__02__r3l24.png,simha1914__02,simha1914,r3l24,लड़ाई न करो. सच्चे मित्रकी सम्मति बहुत काम,1811,134,42
simha1914__02__r3l26.png,simha1914__02,simha1914,r3l26,आती है. अपना काम आप करो जिस तरह आप,1763,128,34
simha1914__02__r3l27.png,simha1914__02,simha1914,r3l27,अच्छा करोगे दूसरा न करेगा ।,1125,136,27
simha1914__03__line_1517477608119_38.png,simha1914__03,simha1914,line_1517477608119_38,३,61,90,1
simha1914__03__r2l1.png,simha1914__03,simha1914,r2l1,जगत् उपदेश ।,530,121,12
simha1914__03__r2l2.png,simha1914__03,simha1914,r2l2,(३) भोजन व शरीर पुष्ट रखनेका बयान।।,1801,126,35
simha1914__03__r2l3.png,simha1914__03,simha1914,r2l3,"सर्वदा अच्छे २ भोजनसे शरीर तो पुष्ट होताहै,",1667,125,43
simha1914__03__r2l4.png,simha1914__03,simha1914,r2l4,परन्तु आत्माको कुछ सुख नहीं होता; आत्मिक सुख,1795,136,44
simha1914__03__r2l6.png,simha1914__03,simha1914,r2l6,परोपकारसेही होताहै. अपनी तारीफ़ आप न करना,1787,115,41
simha1914__03__r2l7.png,simha1914__03,simha1914,r2l7,"चाहिये, अगर तारीफ़ लायक़ गुण है तो हरएक तारीफ़",1741,121,46
simha1914__03__r2l10.png,simha1914__03,simha1914,r2l10,"करेंगे. अपने मुंह मियांमिट्ठू बनना मूर्खता है,जब कि",1776,102,51
simha1914__03__line_1517477637686_39.png,simha1914__03,simha1914,line_1517477637686_39,दो मनुष्य बातें करतेहैं तो बिना बुलाये न जाना न,1780,142,47
simha1914__03__r2l15.png,simha1914__03,simha1914,r2l15,छिपकर सुनना चाहिये; इसमें अपनी निन्दा होतीहै.,1732,127,45
simha1914__03__r2l18.png,simha1914__03,simha1914,r2l18,यदि तुम कोई बात कहना चाहतेहो और सुननेवाले,1798,98,41
simha1914__03__r2l19.png,simha1914__03,simha1914,r2l19,का मन नहीं लगता तो चुप रहना अच्छाहै. जो काम,1801,133,43
simha1914__03__r2l20.png,simha1914__03,simha1914,r2l20,तुमसे न होसके तो उसमें हाथ डालकर अपनी हँसी,1786,115,42
simha1914__03__r2l21.png,simha1914__03,simha1914,r2l21,"मत करावो. हमेशा बुराइयोंसे बचना, साफ़ पानी पीना",1811,126,47
simha1914__03__r2l22.png,simha1914__03,simha1914,r2l22,और प्रतिदिन दो तीन मील भ्रमण करना चाहिये.,1777,126,41
simha1914__03__r2l24.png,simha1914__03,simha1914,r2l24,"गर्म पानीसे नहाना, मुख शान्तिसे रहना. चिड़चिड़ा",1797,124,47
simha1914__03__r2l26.png,simha1914__03,simha1914,r2l26,न होना. अच्छा होताहै. जब भोजनकी रुचिहो तब,1775,108,41
simha1914__04__r1l1.png,simha1914__04,simha1914,r1l1,४,88,128,1
simha1914__04__r1l2.png,simha1914__04,simha1914,r1l2,जगत् उपदेश ।,523,135,12
simha1914__04__r1l3.png,simha1914__04,simha1914,r1l3,"खाना चाहिये, क्योंकि बिना भूख लगनेके जो भोजन",1814,160,44
simha1914__04__r1l4.png,simha1914__04,simha1914,r1l4,कियाजाता है उससे जठराग्नि मन्द होजातीहै; जिससे,1807,124,46
simha1914__04__r1l6.png,simha1914__04,simha1914,r1l6,अनेक दुःख पैदा होतेहैं. गर्म भोजन हमेशा करना,1822,146,44
simha1914__04__r1l7.png,simha1914__04,simha1914,r1l7,"चाहिये, इसमें स्वाद आता जठराग्नि बढ़ाता और",1819,128,42
simha1914__04__r1l10.png,simha1914__04,simha1914,r1l10,"जल्द पचाताहै.चिकनाई युक्त भोजनमें स्वाद होताहै,",1769,136,47
simha1914__04__r1l12.png,simha1914__04,simha1914,r1l12,शरीरको पुष्ट करता बलको बढ़ाता और देहका रङ्ग,1777,92,43
simha1914__04__r1l13.png,simha1914__04,simha1914,r1l13,उत्तम बनाताहै. भोज न बहुत जल्द न धीरे करना,1798,130,42
simha1914__04__r1l14.png,simha1914__04,simha1914,r1l14,चाहिये. भोजन करते समय न हँसो न बोलो जी लगा,1794,130,42
simha1914__04__r1l16.png,simha1914__04,simha1914,r1l16,कर भोजन करो. भोजनके समय देखलेना चाहिये,1787,131,38
simha1914__04__line_1517477725767_40.png,simha1914__04,simha1914,line_1517477725767_40,कि ये मेरे खानेके लायक़ है या नहीं और प्रमाणसे,1784,144,46
simha1914__04__r1l19.png,simha1914__04,simha1914,r1l19,भोजन करना चाहिये. बे वक़्त भोजन करनेसे शरीर,1798,138,43
simha1914__04__r1l20.png,simha1914__04,simha1914,r1l20,असमर्थ होजाताहै. शिरमें पीड़ा और आलस्य पैदा,1798,140,43
simha1914__04__r1l22.png,simha1914__04,simha1914,r1l22,होताहै. भोजन कम करके कुछ दूधका भी सेवन क-,1794,79,41
simha1914__04__r1l24.png,simha1914__04,simha1914,r1l24,रना चाहिये. भोजन करनेसे पहले हाथ पांव मुख,1801,72,41
simha1914__04__r1l25.png,simha1914__04,simha1914,r1l25,धोकर साफ़ जगहपर भोजन करना चाहिये. बासी,1783,135,38
simha1914__05__r2l1.png,simha1914__05,simha1914,r2l1,५,58,142,1
simha1914__05__r2l3.png,simha1914__05,simha1914,r2l3,जगत् उपदेश ।,534,86,12
simha1914__05__r2l4.png,simha1914__05,simha1914,r2l4,भोजन न खाना चाहिये. लेकिन पकवान मिठाई,1783,186,37
simha1914__05__r2l5.png,simha1914__05,simha1914,r2l5,बासी खानेमें दोष नहीं है. सड़ा पदार्थ न खाना चा-,1796,142,48
simha1914__05__r2l6.png,simha1914__05,simha1914,r2l6,हिये न किसीका बचा अन्न खावे सत्तू या भुनी चीज़,1794,139,46
simha1914__05__r2l7.png,simha1914__05,simha1914,r2l7,"घी व मीठा मिलाकर खाना अच्छा होताहै, रातको",1787,149,41
simha1914__05__r2l8.png,simha1914__05,simha1914,r2l8,सत्तू न खाना चाहिये. भोजनको अच्छी तरह दांतोंसे,1789,147,46
simha1914__05__r2l9.png,simha1914__05,simha1914,r2l9,"चबाकर खाना, खानेके वक़्त शरीरको टेढ़ा न करना",1807,136,44
simha1914__05__r2l10.png,simha1914__05,simha1914,r2l10,"चाहिये, रातको सोनेसे दो घण्टा पहले भोजन करना",1787,138,44
simha1914__05__r2l11.png,simha1914__05,simha1914,r2l11,चाहिये. भोजनसे अच्छी तरह उदर भरके फ़ौरन सो,1777,136,42
simha1914__05__r2l12.png,simha1914__05,simha1914,r2l12,जानेसे भोजन अच्छी तरहसे नहीं पचता; न अच्छी,1769,140,42
simha1914__05__r2l13.png,simha1914__05,simha1914,r2l13,तरहसे निद्रा लगती और स्वप्न बहुत होतेहैं. दूध पीकर,1777,143,50
simha1914__05__r2l14.png,simha1914__05,simha1914,r2l14,फ़ौरन न सोना चाहिये. भोजनसे पेटको बहुत न भर,1787,137,43
simha1914__05__r2l15.png,simha1914__05,simha1914,r2l15,लेना चाहिये क्योंकि अधिक खानेसे बदन निकम्मा,1787,140,43
simha1914__05__r2l16.png,simha1914__05,simha1914,r2l16,हो जाताहै. एक आहार जबतक न पचे दूसरा आहार,1798,140,40
simha1914__05__r2l17.png,simha1914__05,simha1914,r2l17,"न करना चाहिये, क्योंकि इससे जठराग्निका पावन",1777,153,43
simha1914__05__r2l18.png,simha1914__05,simha1914,r2l18,कम होजाताहै. बहुत भूख लगनेपर पानी से पेट न,1789,140,42
simha1914__06__r1l1.png,simha1914__06,simha1914,r1l1,६,49,184,1
simha1914__06__r1l2.png,simha1914__06,simha1914,r1l2,जगत् उपदेश ।,517,178,12
simha1914__06__r1l3.png,simha1914__06,simha1914,r1l3,भरना चाहिये. क्योंकि इससे जलोदररोग होताहै. इसी,1806,178,46
simha1914__06__r1l4.png,simha1914__06,simha1914,r1l4,तरहसे ज़ियादे प्यासमें अन्न खानेसे नुक़सान होताहै.,1795,141,50
simha1914__06__r1l5.png,simha1914__06,simha1914,r1l5,हर एकको ६ घण्टेसे कम सोनेसे शरीरमें भारीपन व,1818,136,44
simha1914__06__r1l6.png,simha1914__06,simha1914,r1l6,आलस्य होताहै. ६ घण्टेसे कम ८ घण्तेसे ज़ियादा न,1759,150,46
simha1914__06__r1l7.png,simha1914__06,simha1914,r1l7,सोना चाहिये. शरीर पसीनासे तर है तो जबतक प-,1813,146,42
simha1914__06__r1l8.png,simha1914__06,simha1914,r1l8,सीना न सूखै या कपड़ेसे न पोंछाजाय तब तक हवा,1791,143,43
simha1914__06__r1l9.png,simha1914__06,simha1914,r1l9,"न लगने पावे, क्योंकि इससे शरीरमें दर्द पैदा होताहै;",1810,153,51
simha1914__06__r1l10.png,simha1914__06,simha1914,r1l10,और पूर्वाकी हवा तो बिलकुल न लगने पावे. अपनी,1807,148,43
simha1914__06__r1l11.png,simha1914__06,simha1914,r1l11,तन्दुरुस्ती का हमेशा ख़्याल रक्खो. क्योंकि इसके,1804,147,47
simha1914__06__r1l12.png,simha1914__06,simha1914,r1l12,क़ायम रहनेसे हम सब कुछ कर सक्तेहैं. इसलिये हल-,1786,140,46
simha1914__06__r1l13.png,simha1914__06,simha1914,r1l13,का भोजन करना साफ़ पानी पीना सबेरे शाम हवा,1826,148,41
simha1914__06__r1l14.png,simha1914__06,simha1914,r1l14,खाना और कसरत करना आवश्यक है. मित्रके साथ,1795,146,40
simha1914__06__r1l15.png,simha1914__06,simha1914,r1l15,"मिथ्याचरण न करना, चतुर और हितेच्छु कर्मचारीको",1792,146,45
simha1914__06__r1l16.png,simha1914__06,simha1914,r1l16,पदच्युत न करना. आश्रितोंकी वृत्ति न लोप करना;,1843,147,45
simha1914__06__r1l17.png,simha1914__06,simha1914,r1l17,और धर्मार्थ कुशल कृद्वलोगों का वचन सुनना,1778,148,40
simha1914__07__r3l1.png,simha1914__07,simha1914,r3l1,७,94,182,1
simha1914__07__r3l2.png,simha1914__07,simha1914,r3l2,जगत् उपदेश ।,523,199,12
simha1914__07__r3l3.png,simha1914__07,simha1914,r3l3,"चाहिये. लोभी, चोर, बैरी, अयोग्य लोगोंको किसी",1761,176,44
simha1914__07__r3l4.png,simha1914__07,simha1914,r3l4,"काममें नियुक्त न करना, और न इनकी प्रबलता होने",1793,148,45
simha1914__07__r3l5.png,simha1914__07,simha1914,r3l5,देना. सब बातोंको सुनकर अच्छी तरह समझ कर,1805,145,39
simha1914__07__r3l6.png,simha1914__07,simha1914,r3l6,तब अपनी राय देना चाहिये. किसी समय आलस्य न,1785,149,41
simha1914__07__r3l7.png,simha1914__07,simha1914,r3l7,करना और एक क्षण वृथा न बीतने देना. जो चीज़,1791,152,42
simha1914__07__r3l8.png,simha1914__07,simha1914,r3l8,प्राप्त न होसके उसके लिये अभिलाषा न करना; और,1789,150,44
simha1914__07__r3l9.png,simha1914__07,simha1914,r3l9,विनष्ट वस्तुके लिये शोक सन्ताप न करना और कार्य,1795,153,46
simha1914__07__r3l10.png,simha1914__07,simha1914,r3l10,में विध्न न होने देना. भली भांति सोच विचारकर तब,1795,143,47
simha1914__07__r3l11.png,simha1914__07,simha1914,r3l11,"अर्थ साधनेमें प्रवृत्त होना, और सब प्राणियोंको सम-",1766,155,50
simha1914__07__r3l12.png,simha1914__07,simha1914,r3l12,दृष्टिसे देखना. अपने सन्मानसे हर्षित और अपमान,1796,142,45
simha1914__07__r3l13.png,simha1914__07,simha1914,r3l13,"से सन्तप्त न होना, सदा सरोवर के समान अवि-",1784,155,41
simha1914__07__r3l14.png,simha1914__07,simha1914,r3l14,चीलत रहना. (आत्मारक्षतेधर्म:) आत्माकी रक्षाकरना,1792,146,47
simha1914__07__r3l15.png,simha1914__07,simha1914,r3l15,परम धर्म है ।।,493,151,14
simha1914__07__r3l16.png,simha1914__07,simha1914,r3l16,(४) शरीरके आरामका बयान ।।,1504,145,25
simha1914__07__line_1517477911802_41.png,simha1914__07,simha1914,line_1517477911802_41,सोनेका कमरा कुछ खुला रखना चाहिये जिससे,1669,155,38
simha1914__08__r2l1.png,simha1914__08,simha1914,r2l1,८,67,147,1
simha1914__08__r2l2.png,simha1914__08,simha1914,r2l2,जगत् उपदेश ।,595,171,12
simha1914__08__r2l3.png,simha1914__08,simha1914,r2l3,कुछ हवा लगे. प्रातःकाल ठण्ढे जलसे स्नान न करना,1822,167,46
simha1914__08__r2l4.png,simha1914__08,simha1914,r2l4,सबे रे भोजनके पहले कुछ घूमना. और मादकद्रव्यों,1784,144,45
simha1914__08__r2l5.png,simha1914__08,simha1914,r2l5,से बचना चाहिये. क्योंकि उनसे नुक़सान होताहै.,1783,149,44
simha1914__08__r2l6.png,simha1914__08,simha1914,r2l6,"जिस कमरेमें रहतेहो पालतू जानवर मत आने दो,",1804,139,41
simha1914__08__r2l7.png,simha1914__08,simha1914,r2l7,क्योंकि उनसे बीमारी के कीड़े होजातेहैं. शहरसे,1788,142,45
simha1914__08__r2l8.png,simha1914__08,simha1914,r2l8,"देहातका रहना अच्छा होताहै. पीनेका पानी, नमी,",1809,138,44
simha1914__08__r2l12.png,simha1914__08,simha1914,r2l12,औरपानी बहनेकी मोरियोंका ज़ियादा ख़्याल रक्खो,1597,83,44
simha1914__08__r2l13.png,simha1914__08,simha1914,r2l13,एकही कामको बराबर न करो और २ कामोंको किया,1780,152,40
simha1914__08__r2l14.png,simha1914__08,simha1914,r2l14,"करो, और कुछ आराम करने को कामोंसे सावकाश",1802,142,39
simha1914__08__r2l15.png,simha1914__08,simha1914,r2l15,"भी लियाकरो. अपने मिज़ाजको शान्त रक्खो, इतना",1793,139,43
simha1914__08__r2l16.png,simha1914__08,simha1914,r2l16,ज़ियादा काम न करो जिससे जी घबड़ाजाय. दिन,1786,133,40
simha1914__08__r2l17.png,simha1914__08,simha1914,r2l17,में थोड़ा २ तीनबेर भोजन करो ईश्वर को यादकरो,1792,141,43
simha1914__08__r2l19.png,simha1914__08,simha1914,r2l19,"अपनी स्त्रीका ख़्याल रक्खो, जिसका क़र्ज़ लेव उस",1773,137,47
simha1914__08__r2l20.png,simha1914__08,simha1914,r2l20,से नम्र रहो. अपनी पाचनशक्तिको ठीक रक्खो; और,1826,148,43
simha1914__08__r2l22.png,simha1914__08,simha1914,r2l22,धीरे २ आरामके साथ चलो. अगर ज़ियादे ज़िन्दगी,1808,72,43
simha1914__09__r2l1.png,simha1914__09,simha1914,r2l1,९,64,170,1
simha1914__09__r2l2.png,simha1914__09,simha1914,r2l2,जगत् उपदेश ।,551,184,12
simha1914__09__r2l3.png,simha1914__09,simha1914,r2l3,चाहते हो तो तमाखू मदिरा वग़ैरह नशा न पीवो,1801,173,41
simha1914__09__r2l4.png,simha1914__09,simha1914,r2l4,"सबेरे उठना चिन्ता कम करनाचाहिये, कृत्रिम रोशनी",1802,146,46
simha1914__09__r2l5.png,simha1914__09,simha1914,r2l5,"में कम काम करना. गृहस्थ शोकों की खानि, शरीर",1817,152,43
simha1914__09__r2l6.png,simha1914__09,simha1914,r2l6,"रोगोंकी खानि, अविवेक दुःखोंकी खानि, और विवेक",1789,149,44
simha1914__09__line_1517478070075_43.png,simha1914__09,simha1914,line_1517478070075_43,"सुखोंकी खानि. अपनेको सुधार नहीं तो बुद्धि कैसी,",1773,149,47
simha1914__09__r2l9.png,simha1914__09,simha1914,r2l9,मरजाना तो चिन्ता कैसी. दूसरेका उपकार और मौत,1807,151,43
simha1914__09__r2l10.png,simha1914__09,simha1914,r2l10,"को सदा याद रखना, अपना उपकार, और पराया",1786,145,37
simha1914__09__r2l11.png,simha1914__09,simha1914,r2l11,अपराध भुलादेना. महामूर्ख वहहै जो मरजाना समझ,1790,141,43
simha1914__09__r2l12.png,simha1914__09,simha1914,r2l12,करकेभी परलोककी चिन्ता नहीं करता और विषयरत,1804,150,41
simha1914__09__line_1517478052205_42.png,simha1914__09,simha1914,line_1517478052205_42,"रहताहै. ईश्वरका हमेशा ध्यान रक्खो, धर्म करने में",1784,151,48
simha1914__09__r2l15.png,simha1914__09,simha1914,r2l15,"आलस्य मत करो, कल करने को सो आज करो",1737,146,34
simha1914__09__r2l16.png,simha1914__09,simha1914,r2l16,"जिससे कल प्रसन्नता हो, मनको अपने बशमें रक्खो.",1753,144,45
simha1914__09__r2l17.png,simha1914__09,simha1914,r2l17,"जिससे विषयके भोगसे अरुचि हो, मनको अनुचित",1775,143,40
simha1914__09__r2l18.png,simha1914__09,simha1914,r2l18,करतूतिपर ग्लानि हो; और अन्तःकरणकी शुद्धतापर,1816,150,43
simha1914__09__r2l19.png,simha1914__09,simha1914,r2l19,"ध्यानहो वही दुःखोंसे बचताहै. आलस्य, विषयकी",1787,151,42
simha1914__10__r2l1.png,simha1914__10,simha1914,r2l1,१०,157,170,2
simha1914__10__r2l2.png,simha1914__10,simha1914,r2l2,जगत् उपदेश ।,558,182,12
simha1914__10__r2l3.png,simha1914__10,simha1914,r2l3,"वृत्ति, अभिमान, और ममता दूरहो तो सुख मिलताहै.",1775,161,45
simha1914__10__r2l4.png,simha1914__10,simha1914,r2l4,मनुष्यके शरीरमें पांच मोती हैं जिनके पांच शत्रुहैं.,1785,149,51
simha1914__10__r2l5.png,simha1914__10,simha1914,r2l5,"धर्म तिसका शत्रु झूठ, बुद्धि तिसका शत्रु क्रोध, सं-",1783,154,51
simha1914__10__r2l6.png,simha1914__10,simha1914,r2l6,"तोष तिसका शत्रु लोभ, विद्या तिसका शुत्र अभिमान;",1805,143,47
simha1914__10__r2l7.png,simha1914__10,simha1914,r2l7,और उदारता उसका शत्रु पछितावा. सौगन्द खाना,1772,148,41
simha1914__10__r2l8.png,simha1914__10,simha1914,r2l8,वही ठीक है जो पूरी होसके. वह काम न करो जिससे,1771,149,44
simha1914__10__r2l9.png,simha1914__10,simha1914,r2l9,कुछ लाभ न हो. वह भोजन न करो जिससे शरीरको,1793,144,40
simha1914__10__r2l11.png,simha1914__10,simha1914,r2l11,कष्ट होय. जब काम ख़र्चसे होसके तो शरीरको दुःख,1805,86,45
simha1914__10__r2l12.png,simha1914__10,simha1914,r2l12,"न देना, क्योंकि पैसा तो प्राणरक्षाही के लिये है.",1639,161,48
simha1914__10__r2l14.png,simha1914__10,simha1914,r2l14,बिना मतलब समझे किसी काग़ज़में दस्तख़त न,1772,145,39
simha1914__10__r2l15.png,simha1914__10,simha1914,r2l15,करना. जब किसीके साथ गुप्त बात करो तो चारो,1774,147,41
simha1914__10__r2l16.png,simha1914__10,simha1914,r2l16,तरफ़ देखो कि कोई सुनता न होय. जिस जगह गप्प,1802,151,42
simha1914__10__r2l17.png,simha1914__10,simha1914,r2l17,मारनेवाले बैठेहों वहां बुद्धिमान् आदमीको कुछ न,1784,147,46
simha1914__10__line_1517478113246_44.png,simha1914__10,simha1914,line_1517478113246_44,बोलना चाहिये. जिस घरमें मूर्खोंके साथ सलाह और,1805,158,45
simha1914__10__r2l20.png,simha1914__10,simha1914,r2l20,स्त्री पुरुषोंमें विरोध हो वहां धन दौलत नहीं रहती.,1801,140,50
sivaramasukla1900__01__line_1517327645043_1.png,sivaramasukla1900__01,sivaramasukla1900,line_1517327645043_1,श्रीगणेशाय नमः,274,108,14
sivaramasukla1900__01__line_1517327652339_2.png,sivaramasukla1900__01,sivaramasukla1900,line_1517327652339_2,अथ शिवरत्नसंग्रह:प्रारभ्यते ।।,935,102,30
sivaramasukla1900__01__line_1517327740201_7.png,sivaramasukla1900__01,sivaramasukla1900,line_1517327740201_7,गजाननं चारुविशालमूर्तिं मौंजीधरंमूषकवाह,1125,116,39
sivaramasukla1900__01__r1l36.png,sivaramasukla1900__01,sivaramasukla1900,r1l36,नंच ।। चतुर्भुजं चंचलकर्णनेत्रं गणाधिपं गौरिसुतं,1197,92,48
sivaramasukla1900__01__line_1517327721484_6.png,sivaramasukla1900__01,sivaramasukla1900,line_1517327721484_6,नमामि १ नीलाम्बुजश्यामलकोमलांगं सीतास,1199,95,37
sivaramasukla1900__01__line_1517327711738_5.png,sivaramasukla1900__01,sivaramasukla1900,line_1517327711738_5,मारोपितवामभागम् । पाणौमहाशायकचारुचापं,1170,88,37
sivaramasukla1900__01__r1l45.png,sivaramasukla1900__01,sivaramasukla1900,r1l45,नमामि रामं रघुवंशनाथम् २ ।।,805,70,27
sivaramasukla1900__01__r1l46.png,sivaramasukla1900__01,sivaramasukla1900,r1l46,अथ मनुस्मृतिश्लोक ।।,442,80,20
sivaramasukla1900__01__r1l47.png,sivaramasukla1900__01,sivaramasukla1900,r1l47,यथा काष्ठमयोहस्ती यथाचर्ममयोमृग: ।,1032,99,34
sivaramasukla1900__01__r1l48.png,sivaramasukla1900__01,sivaramasukla1900,r1l48,यश्चविप्रोनधीयानस्त्रयस्तेनामबिभ्रति ३ ।।,1050,85,41
sivaramasukla1900__01__r1l49.png,sivaramasukla1900__01,sivaramasukla1900,r1l49,अर्थ ।। जैसे काठका बनाहुवा हाथी और जैसे चमड़े का,1135,76,48
sivaramasukla1900__01__r1l51.png,sivaramasukla1900__01,sivaramasukla1900,r1l51,बनाहुवा मृग और विना पढ़ाहुवा ब्राह्मण ये तीनों केवल नाम,1208,69,55
sivaramasukla1900__01__r1l53.png,sivaramasukla1900__01,sivaramasukla1900,r1l53,को धारण करते हैं शत्रुबध आदि हाथी आदिकों के काम नहीं,1185,73,52
sivaramasukla1900__01__r1l55.png,sivaramasukla1900__01,sivaramasukla1900,r1l55,"करसक्ते, वैसेही विना पढ़ाहुवा ब्राह्मण यज्ञ आदि काम का",1203,72,54
sivaramasukla1900__01__r1l56.png,sivaramasukla1900__01,sivaramasukla1900,r1l56,नहीं होता ३ ।।,301,68,14
sivaramasukla1900__01__line_1517327690677_4.png,sivaramasukla1900__01,sivaramasukla1900,line_1517327690677_4,संमानाद्ब्राह्मणोनित्यमुद्विजेतविषादिव ।,967,90,40
sivaramasukla1900__01__line_1517327676054_3.png,sivaramasukla1900__01,sivaramasukla1900,line_1517327676054_3,अमृतस्येवचाकांक्षेदवमानस्यसर्वदा ४ ।।,1004,97,37
sivaramasukla1900__02__line_1517327783303_8.png,sivaramasukla1900__02,sivaramasukla1900,line_1517327783303_8,२,35,90,1
sivaramasukla1900__02__r1l1.png,sivaramasukla1900__02,sivaramasukla1900,r1l1,शिवरत्नसंग्रह ।,286,75,15
sivaramasukla1900__02__r1l3.png,sivaramasukla1900__02,sivaramasukla1900,r1l3,अर्थ ।। ब्राह्मण सन्मान से नित्यही विषके समान डरे और,1132,92,52
sivaramasukla1900__02__r1l4.png,sivaramasukla1900__02,sivaramasukla1900,r1l4,अमृत के समान अपमान की चाहना करे ४ ।।,911,68,36
sivaramasukla1900__02__r1l9.png,sivaramasukla1900__02,sivaramasukla1900,r1l9,नतेनवृद्धोभवति येनास्य पलितं शिर: ।,946,86,35
sivaramasukla1900__02__r1l13.png,sivaramasukla1900__02,sivaramasukla1900,r1l13,योवैयुवाप्यधीयानस्तंदेवाः स्थविरं विदु: ५ ।।,1094,84,44
sivaramasukla1900__02__r1l15.png,sivaramasukla1900__02,sivaramasukla1900,r1l15,शिरके बाल सफेद होने से वृद्ध नहीं होताहै जो जवान भी,1126,76,51
sivaramasukla1900__02__line_1517327931856_12.png,sivaramasukla1900__02,sivaramasukla1900,line_1517327931856_12,पढ़ा लिखाहो तो उसको देवतालोग वृद्ध कहते हैं ५ ।।,1070,73,48
sivaramasukla1900__02__r1l19.png,sivaramasukla1900__02,sivaramasukla1900,r1l19,सब आश्रमोंको गृहस्थके संहारे से जीना ।।,836,73,39
sivaramasukla1900__02__line_1517327912955_11.png,sivaramasukla1900__02,sivaramasukla1900,line_1517327912955_11,यथावायुंसूमाश्रित्य वर्तन्तेसर्वजन्तव: ।,919,98,40
sivaramasukla1900__02__r1l26.png,sivaramasukla1900__02,sivaramasukla1900,r1l26,तर्थागृहस्थमाश्रित्य वर्तन्ते सर्वआश्रमा: ६ ।।,1087,88,46
sivaramasukla1900__02__r1l27.png,sivaramasukla1900__02,sivaramasukla1900,r1l27,अर्थ ।। जैसे हृदय में स्थित प्राणनाम पवन के आश्रय से,1117,75,52
sivaramasukla1900__02__r1l28.png,sivaramasukla1900__02,sivaramasukla1900,r1l28,सब जीव जीते हैं वैसेही गृहस्थ के सहारे से सब आश्रम,1202,71,50
sivaramasukla1900__02__r1l29.png,sivaramasukla1900__02,sivaramasukla1900,r1l29,निर्वाह करते हैं ६ ।।,390,65,21
sivaramasukla1900__02__r1l30.png,sivaramasukla1900__02,sivaramasukla1900,r1l30,भिक्षाके देने का फल ।।,414,69,22
sivaramasukla1900__02__r1l31.png,sivaramasukla1900__02,sivaramasukla1900,r1l31,यत्पुण्यफलमाप्नोति गांदत्त्वाविधिवदगुरो: ।,1054,85,42
sivaramasukla1900__02__r1l36.png,sivaramasukla1900__02,sivaramasukla1900,r1l36,तत्पुण्यफलमाप्नोति भिक्षांदत्त्वाद्विजोगृही ७।।,1137,83,47
sivaramasukla1900__02__r1l37.png,sivaramasukla1900__02,sivaramasukla1900,r1l37,अर्थ ।। विधिवत् कहिये सोने के सींग आदि मढ़ाकै गुरु,1064,79,50
sivaramasukla1900__02__r1l40.png,sivaramasukla1900__02,sivaramasukla1900,r1l40,को गौदेने से जो फल होताहै वह फल गृहस्थ को विधिपूर्वक,1207,66,52
sivaramasukla1900__02__r1l41.png,sivaramasukla1900__02,sivaramasukla1900,r1l41,भिक्षा देने से प्राप्त होताहै ७ ।।,609,66,34
sivaramasukla1900__02__r1l43.png,sivaramasukla1900__02,sivaramasukla1900,r1l43,दरिद्री गृहस्यको अतिथिका सत्कार ।।,712,72,34
sivaramasukla1900__02__r1l46.png,sivaramasukla1900__02,sivaramasukla1900,r1l46,तृणानिभूमिरुदकं वाक् चतुर्थी च सूनृता ।,1032,82,39
sivaramasukla1900__02__line_1517327818985_10.png,sivaramasukla1900__02,sivaramasukla1900,line_1517327818985_10,एतान्यापिसतांगेहे नोच्छिद्यन्तेकदाचन ८ ।।,1104,87,41
sivaramasukla1900__02__r1l52.png,sivaramasukla1900__02,sivaramasukla1900,r1l52,अर्थ ।। अन्न न होय तो तृण बिछानेको १ विश्रामके लिये भूमि,1158,79,56
sivaramasukla1900__02__r1l53.png,sivaramasukla1900__02,sivaramasukla1900,r1l53,२ पैर धोने आदि के लिये जल ३ और प्यारे वचन ४ ये सब,1201,69,49
sivaramasukla1900__02__line_1517327807924_9.png,sivaramasukla1900__02,sivaramasukla1900,line_1517327807924_9,अतिथि के लिये धर्मात्मा गृहस्थके घर में कभी नहीं दूर रहते हैं,1205,74,61
sivaramasukla1900__02__r1l57.png,sivaramasukla1900__02,sivaramasukla1900,r1l57,अर्थात् अवश्य देने पड़ते हैं ८ ।।,630,65,33
sivaramasukla1900__03__line_1517327993897_13.png,sivaramasukla1900__03,sivaramasukla1900,line_1517327993897_13,३,38,94,1
sivaramasukla1900__03__r1l1.png,sivaramasukla1900__03,sivaramasukla1900,r1l1,शिवरत्नसंग्रह ।,293,81,15
sivaramasukla1900__03__r1l2.png,sivaramasukla1900__03,sivaramasukla1900,r1l2,अतिथि के लक्षण ।,385,74,16
sivaramasukla1900__03__r1l3.png,sivaramasukla1900__03,sivaramasukla1900,r1l3,एकरात्रंतुनिवसन्नतिथिर्ब्राह्मणःस्मृत: ।,939,92,40
sivaramasukla1900__03__r1l7.png,sivaramasukla1900__03,sivaramasukla1900,r1l7,अनित्यंहिस्थितो यस्मात्तस्मादतिथिरुच्यते ९।।,1153,66,44
sivaramasukla1900__03__r1l8.png,sivaramasukla1900__03,sivaramasukla1900,r1l8,अर्थ ।। केवल एकरात्रि पराये घर में बसताहुवा ब्राह्मण,1158,69,52
sivaramasukla1900__03__r1l10.png,sivaramasukla1900__03,sivaramasukla1900,r1l10,सदा न रहने से अतिथि होता है नहीं है दूसरी तिथि जिसकी,1203,67,52
sivaramasukla1900__03__r1l11.png,sivaramasukla1900__03,sivaramasukla1900,r1l11,वह अतिथि कहाजाता है ९ ।।,585,67,24
sivaramasukla1900__03__r1l12.png,sivaramasukla1900__03,sivaramasukla1900,r1l12,ब्रह्मचारी के लक्षण ।।,427,72,22
sivaramasukla1900__03__line_1517328110770_16.png,sivaramasukla1900__03,sivaramasukla1900,line_1517328110770_16,अभ्यङ्गमञ्जनंचाक्ष्णोरुपानच्छत्रधारणम् ।,1066,89,40
sivaramasukla1900__03__line_1517328063184_15.png,sivaramasukla1900__03,sivaramasukla1900,line_1517328063184_15,कामंक्रोधंचलोभंच नर्तनं गीतवादनम् १० ।।,1117,78,39
sivaramasukla1900__03__r1l27.png,sivaramasukla1900__03,sivaramasukla1900,r1l27,अर्थ ।। तिल आदि का लगाना आंखों को आंजना जूता,1125,75,44
sivaramasukla1900__03__r1l29.png,sivaramasukla1900__03,sivaramasukla1900,r1l29,छातेको धारण करना और काम क्रोध लोभ लालच नाचना,1211,62,44
sivaramasukla1900__03__r1l30.png,sivaramasukla1900__03,sivaramasukla1900,r1l30,गाना बजाना इन सबों को ब्रह्मचारी वर्जितकरे १० ।।,1040,69,48
sivaramasukla1900__03__r1l31.png,sivaramasukla1900__03,sivaramasukla1900,r1l31,अथ शिष्यके धर्म्म ।।,390,83,20
sivaramasukla1900__03__r1l33.png,sivaramasukla1900__03,sivaramasukla1900,r1l33,हीनान्नवस्त्रवेष:स्यात् सर्वदागुरुसंनिधौ ।,899,74,42
sivaramasukla1900__03__r1l37.png,sivaramasukla1900__03,sivaramasukla1900,r1l37,उतिष्ठेत्प्रथमंचास्य चरमंचैव संविशेत् ११ ।।,1086,74,43
sivaramasukla1900__03__r1l38.png,sivaramasukla1900__03,sivaramasukla1900,r1l38,अर्थ ।। गुरु के समीप सदा गुरु से हीन अन्न वस्त्र खाय,1129,83,52
sivaramasukla1900__03__line_1517328021361_14.png,sivaramasukla1900__03,sivaramasukla1900,line_1517328021361_14,पहिरै और सबेरे दो घड़ी रातिरहे गरु से पहिले उठे और सन्ध्या,1211,71,58
sivaramasukla1900__03__r1l42.png,sivaramasukla1900__03,sivaramasukla1900,r1l42,को गरुके सोने के पीछे सोवै ११ ।।,665,74,32
sivaramasukla1900__03__r1l43.png,sivaramasukla1900__03,sivaramasukla1900,r1l43,प्रतिश्रवणसंभाषे शयानोनसमाचरेत् ।,942,66,33
sivaramasukla1900__03__r1l44.png,sivaramasukla1900__03,sivaramasukla1900,r1l44,नासीनोनचभुञ्जानो नतिष्ठन्नपराङ्मुख: १२ ।।,1131,85,41
sivaramasukla1900__03__r1l45.png,sivaramasukla1900__03,sivaramasukla1900,r1l45,अर्थ ।। शय्यापर पड़ाहुवा आसनपर बैठा हुवा भोजन क-,1137,76,48
sivaramasukla1900__03__r1l47.png,sivaramasukla1900__03,sivaramasukla1900,r1l47,रताहुवा मुंह फेरे खड़ाहुवा ब्रह्मचारी गुरुकी आज्ञा का स्वीकार,1209,70,61
sivaramasukla1900__03__r1l48.png,sivaramasukla1900__03,sivaramasukla1900,r1l48,और उनसे वार्तालाप न करे १२ ।।,697,68,29
sivaramasukla1900__04__r1l1.png,sivaramasukla1900__04,sivaramasukla1900,r1l1,४,46,74,1
sivaramasukla1900__04__r1l2.png,sivaramasukla1900__04,sivaramasukla1900,r1l2,शिवरत्नसंग्रह ।,272,101,15
sivaramasukla1900__04__r1l3.png,sivaramasukla1900__04,sivaramasukla1900,r1l3,गुरुकी निन्दा न सुनना ।।,510,98,24
sivaramasukla1900__04__r1l5.png,sivaramasukla1900__04,sivaramasukla1900,r1l5,गुरोर्यत्रपरीवादो निन्दावापिप्रवर्तते ।,879,75,39
sivaramasukla1900__04__r1l7.png,sivaramasukla1900__04,sivaramasukla1900,r1l7,कर्णौतत्रपिधातव्यौ गन्तव्यंवाततोऽन्यत: १३ ।।,1153,85,44
sivaramasukla1900__04__r1l10.png,sivaramasukla1900__04,sivaramasukla1900,r1l10,अर्थ ।। जहां गुरुकी परिवाद अर्थात् उन में वर्तमान दोषों,1131,74,55
sivaramasukla1900__04__r1l12.png,sivaramasukla1900__04,sivaramasukla1900,r1l12,को कहना और निन्दा अर्थात् झूंठे दोष लगाना ये दोनों बातैं,1200,69,56
sivaramasukla1900__04__r1l14.png,sivaramasukla1900__04,sivaramasukla1900,r1l14,जहां होतीहों वहां स्थित शिष्यको कान मूंदलेने चाहिये अथवा,1205,70,56
sivaramasukla1900__04__r1l16.png,sivaramasukla1900__04,sivaramasukla1900,r1l16,वहां से अन्यत्र चलाजाना चाहिये १३ ।।,775,68,36
sivaramasukla1900__04__r1l17.png,sivaramasukla1900__04,sivaramasukla1900,r1l17,गुरु के साथ बराबर बैठना ।।,558,77,26
sivaramasukla1900__04__line_1517328277261_19.png,sivaramasukla1900__04,sivaramasukla1900,line_1517328277261_19,गोऽश्वोष्ट्रयानप्रासादप्रस्तरेषुकटेषुच । आसी,1130,85,44
sivaramasukla1900__04__r1l23.png,sivaramasukla1900__04,sivaramasukla1900,r1l23,तगुरुणासार्धं शिलाफलकनौषुच ।। १४ ।। गुरोर्गुरौस,1195,75,47
sivaramasukla1900__04__r1l25.png,sivaramasukla1900__04,sivaramasukla1900,r1l25,न्निहितेगुरुवद्वृतिमाचरेत् ।। नचानिसृष्टो गुरुणा,1199,83,48
sivaramasukla1900__04__r1l30.png,sivaramasukla1900__04,sivaramasukla1900,r1l30,स्वान्गुरूनभिवादयेत् १५ ।।,692,76,26
sivaramasukla1900__04__r1l31.png,sivaramasukla1900__04,sivaramasukla1900,r1l31,अर्थ ।। बैल घोड़ा ऊंट जिनमें जुते होयँ ऐसी सवारियों में,1137,78,55
sivaramasukla1900__04__r1l32.png,sivaramasukla1900__04,sivaramasukla1900,r1l32,अर्थात् रथ छकड़ा आदि में महल के ऊपर गचपर चटाई पर,1204,75,48
sivaramasukla1900__04__r1l33.png,sivaramasukla1900__04,sivaramasukla1900,r1l33,शिलापर तख्त पर और नाव में गुरु के साथ बैठे १४ जो गुरु,1192,66,53
sivaramasukla1900__04__r1l34.png,sivaramasukla1900__04,sivaramasukla1900,r1l34,के गुरु घर आवैं तौ गुरु के समान उनका भी आदर सत्कारादि,1197,75,53
sivaramasukla1900__04__line_1517328201647_18.png,sivaramasukla1900__04,sivaramasukla1900,line_1517328201647_18,करै और गुरुके घर में बसता हुआ शिष्य गुरुकी आज्ञा विना,1208,72,53
sivaramasukla1900__04__r1l37.png,sivaramasukla1900__04,sivaramasukla1900,r1l37,अपने पिता चाचा आदि को प्रणाम न करै १५ ।।,973,74,40
sivaramasukla1900__04__r1l38.png,sivaramasukla1900__04,sivaramasukla1900,r1l38,स्त्रीआदिकों को दुख न देना ।।,569,73,29
sivaramasukla1900__04__r1l44.png,sivaramasukla1900__04,sivaramasukla1900,r1l44,शोचन्तिजामयोयत्र विनश्यत्याशुतत्कुलम् ।,1037,93,39
sivaramasukla1900__04__r1l45.png,sivaramasukla1900__04,sivaramasukla1900,r1l45,न शोचंति तु यत्रैता वर्धते तद्धि सर्वदा १६ ।।,1096,82,45
sivaramasukla1900__04__r1l46.png,sivaramasukla1900__04,sivaramasukla1900,r1l46,अर्थ ।। जिसकुल में बहिन स्त्री पुत्री और पुत्र की बहू आदि,1133,69,57
sivaramasukla1900__04__r1l48.png,sivaramasukla1900__04,sivaramasukla1900,r1l48,दुःखी होती हैं वह कुल शीघ्रही निर्धन होजाताहै और देवता,1199,75,54
sivaramasukla1900__04__line_1517328144328_17.png,sivaramasukla1900__04,sivaramasukla1900,line_1517328144328_17,तथा राजा आदि करि पीड़ित होता है और जहां ये नहीं शोच-,1195,73,52
sivaramasukla1900__04__r1l53.png,sivaramasukla1900__04,sivaramasukla1900,r1l53,ती हैं वह कुल धन आदि से सदा वृद्धि को प्राप्त होताहै १६ ।।,1215,73,58
sivaramasukla1900__05__line_1517328307569_20.png,sivaramasukla1900__05,sivaramasukla1900,line_1517328307569_20,५,37,90,1
sivaramasukla1900__05__r1l1.png,sivaramasukla1900__05,sivaramasukla1900,r1l1,शिवरत्नसंग्रह ।,291,83,15
sivaramasukla1900__05__r1l2.png,sivaramasukla1900__05,sivaramasukla1900,r1l2,स्त्री को न देखना ।।,390,88,20
sivaramasukla1900__05__r1l5.png,sivaramasukla1900__05,sivaramasukla1900,r1l5,नाश्नीयाद्भार्ययासार्धमैनामिक्षेत चाश्नतीम् ।,1136,95,45
sivaramasukla1900__05__r1l8.png,sivaramasukla1900__05,sivaramasukla1900,r1l8,क्षवतींजृम्भमाणां वा नचासीनांयथासुखम् १७ ।।,1179,81,43
sivaramasukla1900__05__r1l9.png,sivaramasukla1900__05,sivaramasukla1900,r1l9,"अर्थ ।। स्त्री के साथ एकपात्र में न खाय और खाती हुई,",1116,91,52
sivaramasukla1900__05__r1l13.png,sivaramasukla1900__05,sivaramasukla1900,r1l13,"छींकतीहुई, जम्हातीहुई और बेपर्द बैठीहुई को न देखै १७ ।।",1200,73,55
sivaramasukla1900__05__r1l14.png,sivaramasukla1900__05,sivaramasukla1900,r1l14,स्त्री को निकालना ।।,384,83,20
sivaramasukla1900__05__r1l17.png,sivaramasukla1900__05,sivaramasukla1900,r1l17,अधिविन्नातुयानारी निर्गच्छेद्रुषितागृहात् ।,1034,106,43
sivaramasukla1900__05__r1l18.png,sivaramasukla1900__05,sivaramasukla1900,r1l18,सासद्यःसन्निरोद्धव्या त्याज्यावाकुलसन्निधौ १८।।,1193,83,47
sivaramasukla1900__05__r1l19.png,sivaramasukla1900__05,sivaramasukla1900,r1l19,अर्थ ।। जो स्त्री दूसरी स्त्री करनेपर कुपितहो घरसे निकलै वह,1153,79,59
sivaramasukla1900__05__line_1517328451813_25.png,sivaramasukla1900__05,sivaramasukla1900,line_1517328451813_25,उसी दिन रस्सी आदि से बांधकर रखने योग्य है और कोप दूर,1192,73,52
sivaramasukla1900__05__line_1517328443188_24.png,sivaramasukla1900__05,sivaramasukla1900,line_1517328443188_24,होने तक पिता आदिके समीप छोड़ने के योग्यहै १८ ।।,1065,75,47
sivaramasukla1900__05__r1l26.png,sivaramasukla1900__05,sivaramasukla1900,r1l26,सूर्य को न देखै ।।,286,74,18
sivaramasukla1900__05__line_1517328423692_23.png,sivaramasukla1900__05,sivaramasukla1900,line_1517328423692_23,नेक्षेतोद्यन्तमादित्यं नास्तंयान्तंकदाचन ।,1003,90,42
sivaramasukla1900__05__line_1517328417427_22.png,sivaramasukla1900__05,sivaramasukla1900,line_1517328417427_22,नोपसृष्टंनवारिस्थं नमध्यंनभसोगतम् १९ ।।,1109,87,39
sivaramasukla1900__05__r1l37.png,sivaramasukla1900__05,sivaramasukla1900,r1l37,अर्थ ।। उदय होतेहुये और अस्त होतेहुये सूर्य्य के सम्पूर्ण,1112,69,57
sivaramasukla1900__05__r1l39.png,sivaramasukla1900__05,sivaramasukla1900,r1l39,मण्डल को न देखै तथा राहु ग्रह से ग्रसे हुये और जल,1201,73,49
sivaramasukla1900__05__r1l40.png,sivaramasukla1900__05,sivaramasukla1900,r1l40,से प्रतिबिम्ब पड़े हुये तथा आकाश के मध्य में स्थित अर्थात्,1191,73,58
sivaramasukla1900__05__r1l41.png,sivaramasukla1900__05,sivaramasukla1900,r1l41,मध्याह्नके सूर्य्य को न देखै १९ ।।,644,68,34
sivaramasukla1900__05__r1l42.png,sivaramasukla1900__05,sivaramasukla1900,r1l42,बछवा आदि की रस्सी न नांधना ।।,685,81,29
sivaramasukla1900__05__line_1517328404101_21.png,sivaramasukla1900__05,sivaramasukla1900,line_1517328404101_21,नलङ्घयेद्वत्सतंत्रीं न प्रधावेच्चवर्षति ।,885,92,41
sivaramasukla1900__05__r1l49.png,sivaramasukla1900__05,sivaramasukla1900,r1l49,नचोदकेनिरीक्षेत स्वंरूपमितिधारणा १० ।।,986,73,38
sivaramasukla1900__05__r1l50.png,sivaramasukla1900__05,sivaramasukla1900,r1l50,अर्थ ।। बछड़ा बांधन की रस्सी को न उल्लंघै और मेघ वर्षने,1123,72,55
sivaramasukla1900__05__r1l51.png,sivaramasukla1900__05,sivaramasukla1900,r1l51,के समय नहीं दौरे और अपनी देह की परछाहीं को जल में न,1206,68,51
sivaramasukla1900__05__r1l52.png,sivaramasukla1900__05,sivaramasukla1900,r1l52,देखै १० ।।,191,65,10
sivaramasukla1900__06__line_1517329249079_26.png,sivaramasukla1900__06,sivaramasukla1900,line_1517329249079_26,६,41,90,1
sivaramasukla1900__06__r1l1.png,sivaramasukla1900__06,sivaramasukla1900,r1l1,शिवरत्नसंग्रह ।,279,86,15
sivaramasukla1900__06__r1l2.png,sivaramasukla1900__06,sivaramasukla1900,r1l2,मार्ग में दहिनावर्त करिके जाना ।।,673,85,33
sivaramasukla1900__06__line_1517329417975_36.png,sivaramasukla1900__06,sivaramasukla1900,line_1517329417975_36,मृदंगांदैवतंविप्रं घृतं मधु चतुष्पथम् ।,919,102,39
sivaramasukla1900__06__r1l11.png,sivaramasukla1900__06,sivaramasukla1900,r1l11,प्रदक्षिणानिकुर्वीत प्रज्ञातांश्चवनस्पतीन् २१ ।।,1155,61,48
sivaramasukla1900__06__r1l12.png,sivaramasukla1900__06,sivaramasukla1900,r1l12,"अर्थ ।। मट्टी का ढेर, गौ, पाषाण आदि से बनी देवता की",1128,86,51
sivaramasukla1900__06__r1l13.png,sivaramasukla1900__06,sivaramasukla1900,r1l13,"मूर्ति, ब्राह्मण, घी, शहद, चौराहा, और बड़े प्रमाण से जातेहुये",1203,69,61
sivaramasukla1900__06__r1l14.png,sivaramasukla1900__06,sivaramasukla1900,r1l14,पीपलआदि वृक्ष इनसबको मार्ग में दहिनावर्त देकरचले २१ ।।,1197,74,54
sivaramasukla1900__06__line_1517329391723_35.png,sivaramasukla1900__06,sivaramasukla1900,line_1517329391723_35,रात्रिको तिलकी मिलीहुई कोई वस्तु न खाय ।।,963,85,41
sivaramasukla1900__06__line_1517329427427_37.png,sivaramasukla1900__06,sivaramasukla1900,line_1517329427427_37,सर्वंचतिलसंबद्धं नाद्यादस्तमितेरवौ ।,909,85,36
sivaramasukla1900__06__line_1517329433780_38.png,sivaramasukla1900__06,sivaramasukla1900,line_1517329433780_38,नचनग्नःशयीतेह नचोच्छिष्टःक्वचिद्व्रजेत २२ ।।,1196,95,44
sivaramasukla1900__06__line_1517329362347_34.png,sivaramasukla1900__06,sivaramasukla1900,line_1517329362347_34,अर्थ ।। जो कुछ तिलों से मिलेहुए पदार्थ लड्डू आदि हैं उन,1131,74,55
sivaramasukla1900__06__line_1517329349085_33.png,sivaramasukla1900__06,sivaramasukla1900,line_1517329349085_33,को रात्रि में न खाय और इसलोक में नंगा होके न सोवै और,1201,74,52
sivaramasukla1900__06__line_1517329339843_32.png,sivaramasukla1900__06,sivaramasukla1900,line_1517329339843_32,जूंठा होके कहीं न जाय २२ ।।,588,67,27
sivaramasukla1900__06__line_1517329439623_39.png,sivaramasukla1900__06,sivaramasukla1900,line_1517329439623_39,गीले पैर होके भोजन करना ।।,608,86,26
sivaramasukla1900__06__line_1517329443385_40.png,sivaramasukla1900__06,sivaramasukla1900,line_1517329443385_40,आर्द्रपादस्तुभुञ्जीत नार्द्रपादस्तुसंविशेत् ।,1060,84,45
sivaramasukla1900__06__line_1517329451085_41.png,sivaramasukla1900__06,sivaramasukla1900,line_1517329451085_41,आर्द्रपादस्तुभुञ्जानो दीर्घमायुरवाप्नुयात् २३ ।।,1172,92,48
sivaramasukla1900__06__line_1517329305125_31.png,sivaramasukla1900__06,sivaramasukla1900,line_1517329305125_31,अर्थ ।। जल से गीले पैर होनेपर भोजन करे और गीले पैरों,1132,78,52
sivaramasukla1900__06__r1l76.png,sivaramasukla1900__06,sivaramasukla1900,r1l76,से सोवै नहीं और गीले पैर होनेसे भोजन करताहुआ पुरुषबडी,1188,68,53
sivaramasukla1900__06__line_1517329293327_30.png,sivaramasukla1900__06,sivaramasukla1900,line_1517329293327_30,आयु अर्थात् शतायु को प्राप्त होताहै २३ ।।,832,74,41
sivaramasukla1900__06__line_1517329288535_29.png,sivaramasukla1900__06,sivaramasukla1900,line_1517329288535_29,बहुत दिन जीने की चाह रखनेवाला मनुष्य इन,950,72,39
sivaramasukla1900__06__r1l82.png,sivaramasukla1900__06,sivaramasukla1900,r1l82,बातों को न करै ।।,361,68,17
sivaramasukla1900__06__line_1517329268671_28.png,sivaramasukla1900__06,sivaramasukla1900,line_1517329268671_28,अधितिष्ठेन्नकेशांस्तु नमस्मास्थिकपालिकाः ।,1079,87,42
sivaramasukla1900__06__line_1517329259054_27.png,sivaramasukla1900__06,sivaramasukla1900,line_1517329259054_27,नकर्प्पासास्थिन तुषान्दीर्घमायुर्जिजीविषुः २४ ।।,1219,84,48
sivaramasukla1900__06__r1l88.png,sivaramasukla1900__06,sivaramasukla1900,r1l88,"अर्थ ।। जो बहुत दिन जीनाचाहे तौ बाल, भस्म, हाड़, ख-",1130,74,51
sivaramasukla1900__06__r1l89.png,sivaramasukla1900__06,sivaramasukla1900,r1l89,"परा, बिनौला भूसी इनपर न बैठे २४ ।।",776,73,34
sivaramasukla1900__07__line_1517329684259_46.png,sivaramasukla1900__07,sivaramasukla1900,line_1517329684259_46,७,62,94,1
sivaramasukla1900__07__r1l1.png,sivaramasukla1900__07,sivaramasukla1900,r1l1,शिवरत्नसंग्रह ।,290,72,15
sivaramasukla1900__07__r1l2.png,sivaramasukla1900__07,sivaramasukla1900,r1l2,तेजकी इच्छा रखनेवाला इन बातोंको न करे ।।,917,59,40
sivaramasukla1900__07__r1l5.png,sivaramasukla1900__07,sivaramasukla1900,r1l5,नाञ्जयन्तीस्वकेनेत्रे नचाभ्यक्तामनावृताम् ।,1089,79,43
sivaramasukla1900__07__r1l8.png,sivaramasukla1900__07,sivaramasukla1900,r1l8,नपश्येत्प्रस्रवतींच तेजस्कामोद्विजोत्तम: २५ ।।,1124,63,46
sivaramasukla1900__07__r1l9.png,sivaramasukla1900__07,sivaramasukla1900,r1l9,अर्थ ।। तेजकी इच्छा रखनेवाला मनुष्य अपनी आंखिमें आं-,1136,61,52
sivaramasukla1900__07__r1l13.png,sivaramasukla1900__07,sivaramasukla1900,r1l13,जती हुई और तेल लगाती हुई तथा स्तन ढकने के वस्त्र रहित,1213,58,53
sivaramasukla1900__07__line_1517329691860_47.png,sivaramasukla1900__07,sivaramasukla1900,line_1517329691860_47,और बालक को जनती हुई स्त्रीको न देखै २५ ।।,947,71,41
sivaramasukla1900__07__r1l17.png,sivaramasukla1900__07,sivaramasukla1900,r1l17,गमन न करे ।।,302,74,12
sivaramasukla1900__07__r1l20.png,sivaramasukla1900__07,sivaramasukla1900,r1l20,नातिकल्यंनातिसायं नातिमध्यन्दिनेस्थिते ।,1063,63,40
sivaramasukla1900__07__line_1517329698248_48.png,sivaramasukla1900__07,sivaramasukla1900,line_1517329698248_48,नाज्ञातेनसमंगच्छेत् नैकोनवृषलैःसह २६ ।।,1060,81,39
sivaramasukla1900__07__line_1517329600717_44.png,sivaramasukla1900__07,sivaramasukla1900,line_1517329600717_44,अर्थ ।। न बहुत सबेरे न बहुत सन्ध्या को न ठीक दोपहर,1137,77,50
sivaramasukla1900__07__r1l35.png,sivaramasukla1900__07,sivaramasukla1900,r1l35,में और विना पहिंचान मनुष्य के साथ न अकेले और न वृष-,1202,58,51
sivaramasukla1900__07__r1l36.png,sivaramasukla1900__07,sivaramasukla1900,r1l36,लों के साथ गमन करै २६ ।।,553,67,24
sivaramasukla1900__07__r1l37.png,sivaramasukla1900__07,sivaramasukla1900,r1l37,सच्चा दुःखदायो न बोलै ।।,498,66,24
sivaramasukla1900__07__r1l38.png,sivaramasukla1900__07,sivaramasukla1900,r1l38,सत्यंब्रूयात्प्रियंब्रूयान्न ब्रूयात्सत्यमप्रियम् ।,1010,69,51
sivaramasukla1900__07__line_1517329621913_45.png,sivaramasukla1900__07,sivaramasukla1900,line_1517329621913_45,प्रियञ्चनानृतंब्रूयादेषधर्म्मःसनातन: २७ ।।,1074,82,42
sivaramasukla1900__07__r1l45.png,sivaramasukla1900__07,sivaramasukla1900,r1l45,अर्थ ।। देखा और सुनाहुआ सत्य कहै जैसे तुम्हारे पुत्र हुआ,1138,70,56
sivaramasukla1900__07__line_1517329556579_43.png,sivaramasukla1900__07,sivaramasukla1900,line_1517329556579_43,"है ऐसी प्यारी बात कहै, और देखा सुना भी अप्रिय वचन न",1176,67,51
sivaramasukla1900__07__r1l50.png,sivaramasukla1900__07,sivaramasukla1900,r1l50,कहै जैसे तुम्हारा पुत्र मरगया है ऐसा अप्रिय वचन न कहै और,1204,63,56
sivaramasukla1900__07__r1l54.png,sivaramasukla1900__07,sivaramasukla1900,r1l54,प्यारी भी बात झूंठ न कहै यह वेदमूलका सनातन धर्म है २७ ।।,1201,67,56
sivaramasukla1900__07__line_1517329703874_49.png,sivaramasukla1900__07,sivaramasukla1900,line_1517329703874_49,आयुको घटना ।।,329,82,13
sivaramasukla1900__07__line_1517329711860_50.png,sivaramasukla1900__07,sivaramasukla1900,line_1517329711860_50,नहीदृशमनायुष्यं लोकेकिञ्चनविद्यते ।,962,86,35
sivaramasukla1900__07__r1l59.png,sivaramasukla1900__07,sivaramasukla1900,r1l59,यादृशंपुरुषस्येह परदारोपसेवनम २८ ।।,975,65,35
sivaramasukla1900__07__r1l60.png,sivaramasukla1900__07,sivaramasukla1900,r1l60,इस लोकमें पुरुष की आयु घटाने वाला ऐसा कुछ नहीं,1158,72,46
sivaramasukla1900__07__line_1517329514445_42.png,sivaramasukla1900__07,sivaramasukla1900,line_1517329514445_42,जैसा पराई स्त्री का सेवन है २८ ।।,666,66,33
sivaramasukla1900__08__line_1517329806246_53.png,sivaramasukla1900__08,sivaramasukla1900,line_1517329806246_53,८,46,94,1
sivaramasukla1900__08__r2l1.png,sivaramasukla1900__08,sivaramasukla1900,r2l1,शिवरत्नसंग्रह ।,293,83,15
sivaramasukla1900__08__r2l2.png,sivaramasukla1900__08,sivaramasukla1900,r2l2,अधर्म्म निष्फल नहीं जाता ।।,601,83,27
sivaramasukla1900__08__r2l3.png,sivaramasukla1900__08,sivaramasukla1900,r2l3,यदिनात्मनिपुत्रेषु नचेत्पुत्रेषुनप्तृषु ।,855,95,41
sivaramasukla1900__08__r2l5.png,sivaramasukla1900__08,sivaramasukla1900,r2l5,नत्वेवतुकृतोऽधर्म्म: कर्तुर्भुवतिनिष्फल: २९ ।।,1115,63,46
sivaramasukla1900__08__r2l6.png,sivaramasukla1900__08,sivaramasukla1900,r2l6,अर्थ ।। जो अधर्म्मकरनेवाले की देह धनके नाशआदि फलों,1135,87,50
sivaramasukla1900__08__r2l7.png,sivaramasukla1900__08,sivaramasukla1900,r2l7,को नहीं करताहै तौ उसके पुत्रों में नहीं तो पौत्रों में करताहै,1198,69,61
sivaramasukla1900__08__r2l8.png,sivaramasukla1900__08,sivaramasukla1900,r2l8,निष्फल नहीं जाता है २९ ।।,569,69,25
sivaramasukla1900__08__r2l9.png,sivaramasukla1900__08,sivaramasukla1900,r2l9,बैरी आदिकों को सेवन न करे ।।,627,90,28
sivaramasukla1900__08__r2l10.png,sivaramasukla1900__08,sivaramasukla1900,r2l10,वैरिणंनोपसेवेत साहय्यञ्चैववैरिण: ।,883,88,34
sivaramasukla1900__08__r2l12.png,sivaramasukla1900__08,sivaramasukla1900,r2l12,अधर्मिकंतस्करंच परस्यैवचयोषितम् ३० ।।,1070,81,37
sivaramasukla1900__08__r2l13.png,sivaramasukla1900__08,sivaramasukla1900,r2l13,"अर्थ ।। बैरी का और उसके मित्रका और अधर्म्मी का, चौर",1127,80,51
sivaramasukla1900__08__line_1517329778741_52.png,sivaramasukla1900__08,sivaramasukla1900,line_1517329778741_52,"का, पराई स्त्रीका कभी सेवन न करे ३० ।।",824,77,38
sivaramasukla1900__08__r2l16.png,sivaramasukla1900__08,sivaramasukla1900,r2l16,लक्ष्मी को यत्न करना ।।,468,84,23
sivaramasukla1900__08__line_1517329811488_54.png,sivaramasukla1900__08,sivaramasukla1900,line_1517329811488_54,नात्मानमवमन्येत पूर्वाभिरसमृद्धिभिः ।,989,94,37
sivaramasukla1900__08__r2l23.png,sivaramasukla1900__08,sivaramasukla1900,r2l23,आमृत्योःश्रियमन्विच्छेन्नैनमन्येतदुर्लभम् ३१ ।।,1206,81,47
sivaramasukla1900__08__r2l24.png,sivaramasukla1900__08,sivaramasukla1900,r2l24,अर्थ ।। उद्यम करनेपर जो धन न मिलै तो मैं मन्दभागी,1107,79,49
sivaramasukla1900__08__r2l26.png,sivaramasukla1900__08,sivaramasukla1900,r2l26,हूं ऐसा कहकर अपनी निन्दा न करै किन्तु मरने तक लक्ष्मीकी,1184,69,55
sivaramasukla1900__08__r2l27.png,sivaramasukla1900__08,sivaramasukla1900,r2l27,सिद्धिके लिये यत्न करै उसको दुर्लभ न जानै ३१ ।।,957,72,47
sivaramasukla1900__08__r2l28.png,sivaramasukla1900__08,sivaramasukla1900,r2l28,ब्राह्मणके ताड़नेका फल ।।,507,75,25
sivaramasukla1900__08__r2l30.png,sivaramasukla1900__08,sivaramasukla1900,r2l30,अवगूर्यत्वब्दशतं सहस्रमभिहत्यच ।,881,84,32
sivaramasukla1900__08__r2l31.png,sivaramasukla1900__08,sivaramasukla1900,r2l31,जिघांसयाब्राह्मणस्य नरकंप्रतिपद्यते ३२ ।।,1045,85,41
sivaramasukla1900__08__r2l32.png,sivaramasukla1900__08,sivaramasukla1900,r2l32,अर्थ ।। ब्राह्मणके मारने की इच्छासे डण्डेको उठायकै सौवर्ष,1133,75,57
sivaramasukla1900__08__r2l33.png,sivaramasukla1900__08,sivaramasukla1900,r2l33,तक नरकमें रहताहै और दण्ड आदिसे ताड़ना करके हजार वर्ष,1192,71,52
sivaramasukla1900__08__line_1517329751716_51.png,sivaramasukla1900__08,sivaramasukla1900,line_1517329751716_51,तक नरकमें रहताहै ३२ ।।,504,65,22
sivaramasukla1900__09__line_1517329988349_61.png,sivaramasukla1900__09,sivaramasukla1900,line_1517329988349_61,९,43,94,1
sivaramasukla1900__09__r1l1.png,sivaramasukla1900__09,sivaramasukla1900,r1l1,शिवरत्नसंग्रह ।,294,78,15
sivaramasukla1900__09__r1l3.png,sivaramasukla1900__09,sivaramasukla1900,r1l3,कन्या मूर्खको न देना ।।,468,72,23
sivaramasukla1900__09__r1l6.png,sivaramasukla1900__09,sivaramasukla1900,r1l6,काममामरणात्तिष्ठेद्गृहेकन्यर्तुमत्यपि ।,979,83,39
sivaramasukla1900__09__line_1517329996324_62.png,sivaramasukla1900__09,sivaramasukla1900,line_1517329996324_62,नचैवैनांप्रयच्छेत्तु गुणहीनाय कर्हिचित् ३३ ।।,1114,95,45
sivaramasukla1900__09__line_1517330043713_63.png,sivaramasukla1900__09,sivaramasukla1900,line_1517330043713_63,अर्थ ।। उत्पन्नहै ऋतुधर्म जिसके ऐसी कन्या मरण पर्य्यन्त,1124,81,55
sivaramasukla1900__09__line_1517329956849_60.png,sivaramasukla1900__09,sivaramasukla1900,line_1517329956849_60,पिताके धरमें रहै सो अच्छा परन्तु विद्या और गणों करके र-,1193,71,55
sivaramasukla1900__09__r1l22.png,sivaramasukla1900__09,sivaramasukla1900,r1l22,हितको पिता आदि न देवैं ३३ ।।,647,60,28
sivaramasukla1900__09__r1l24.png,sivaramasukla1900__09,sivaramasukla1900,r1l24,इति मनुस्मृति श्लोक ।।,469,65,22
sivaramasukla1900__09__r1l25.png,sivaramasukla1900__09,sivaramasukla1900,r1l25,अथ नैतिक श्लोक ।।,371,72,17
sivaramasukla1900__09__r1l26.png,sivaramasukla1900__09,sivaramasukla1900,r1l26,आज्ञाभंगोनरेन्द्राणां विप्राणांमानखण्डनम् ।,1060,85,43
sivaramasukla1900__09__r1l29.png,sivaramasukla1900__09,sivaramasukla1900,r1l29,पृथक्शय्याचनारीणामशस्त्रवधउच्यते १ ।।,1056,82,37
sivaramasukla1900__09__r1l30.png,sivaramasukla1900__09,sivaramasukla1900,r1l30,दो० । आज्ञाभंग नरेन्द्र की विप्रनको अपमान ।,922,71,43
sivaramasukla1900__09__r1l31.png,sivaramasukla1900__09,sivaramasukla1900,r1l31,भिन्न सेज नारीनकी विना शस्त्रवध जान १ ।।,874,74,40
sivaramasukla1900__09__line_1517329932675_59.png,sivaramasukla1900__09,sivaramasukla1900,line_1517329932675_59,स्त्रीपुत्रेतथामित्रे शिष्यार्तेदूतिकारिपौ ।,950,90,44
sivaramasukla1900__09__line_1517329925403_58.png,sivaramasukla1900__09,sivaramasukla1900,line_1517329925403_58,हरौबन्धुविशेषेच नवगोप्यंप्रकाशयेत् २ ।।,1067,79,39
sivaramasukla1900__09__r1l38.png,sivaramasukla1900__09,sivaramasukla1900,r1l38,"अर्त्थ ।। इनको यह बातैं बतानी चाहियें, स्त्री को आयु, पुत्र",1132,74,59
sivaramasukla1900__09__r1l40.png,sivaramasukla1900__09,sivaramasukla1900,r1l40,"को धन, मित्रको ग्रहछिद्र, शिष्य को मन्त्र, रोगी को औषधि,",1199,73,56
sivaramasukla1900__09__r1l41.png,sivaramasukla1900__09,sivaramasukla1900,r1l41,"दूतीसे मैथुन, शत्रुके सामने विभव, महादेव तथा विष्णुके म-",1196,65,56
sivaramasukla1900__09__r1l42.png,sivaramasukla1900__09,sivaramasukla1900,r1l42,न्दिरमें दान प्रकाशित करना और अपने भाई से अपमान की,1187,73,50
sivaramasukla1900__09__r1l43.png,sivaramasukla1900__09,sivaramasukla1900,r1l43,बातैं प्रकाशत करना २ ।।,508,68,23
sivaramasukla1900__09__r1l45.png,sivaramasukla1900__09,sivaramasukla1900,r1l45,एकाकीचिन्तयेन्नित्यं विविक्तेहितमात्मन: ।,1029,81,41
sivaramasukla1900__09__line_1517329907137_57.png,sivaramasukla1900__09,sivaramasukla1900,line_1517329907137_57,एकाकीचिन्तमानोहि परंश्रेयोधिगच्छति ३ ।।,1160,96,39
sivaramasukla1900__09__line_1517329897654_56.png,sivaramasukla1900__09,sivaramasukla1900,line_1517329897654_56,अर्थ ।। प्रति दिन अकेला निर्जन में अपने हितकी बात चि-,1114,72,53
sivaramasukla1900__09__line_1517329888835_55.png,sivaramasukla1900__09,sivaramasukla1900,line_1517329888835_55,न्तवन करे अकेले चिन्ता करने से परमलाभ मङ्गलहै ३ ।।,1129,76,50
sivaramasukla1900__09__r1l57.png,sivaramasukla1900__09,sivaramasukla1900,r1l57,अतिवादांस्तितिक्षेत नावमन्येतकञ्चन ।,1022,82,36
sivaramasukla1900__10__r3l1.png,sivaramasukla1900__10,sivaramasukla1900,r3l1,१०,82,72,2
sivaramasukla1900__10__r3l2.png,sivaramasukla1900__10,sivaramasukla1900,r3l2,शिवरत्नसंग्रह ।,285,78,15
sivaramasukla1900__10__r3l4.png,sivaramasukla1900__10,sivaramasukla1900,r3l4,नचेमन्देहमाश्रित्य वैरंकुर्वीतकेनचित् ४ ।।,1043,74,42
sivaramasukla1900__10__r3l5.png,sivaramasukla1900__10,sivaramasukla1900,r3l5,अर्थ ।। कोई कठोर वाणी कहे उसे सहना चाहिये किसीका,1133,74,48
sivaramasukla1900__10__r3l6.png,sivaramasukla1900__10,sivaramasukla1900,r3l6,अपमान न करना चाहिये यह मानव देह धारण करके किसीके,1209,63,48
sivaramasukla1900__10__line_1517330639857_77.png,sivaramasukla1900__10,sivaramasukla1900,line_1517330639857_77,साथ वैर न करना चाहिये ४ ।।,611,72,26
sivaramasukla1900__10__r3l9.png,sivaramasukla1900__10,sivaramasukla1900,r3l9,अतिथिविबुधमैत्रीराजसेवाग्निहोत्रं कृषिपशु,1079,74,41
sivaramasukla1900__10__r3l10.png,sivaramasukla1900__10,sivaramasukla1900,r3l10,धनविद्याबालभार्य्यादिदास: ।। गृहमृणरिपुरोगी,1209,82,43
sivaramasukla1900__10__line_1517330631552_76.png,sivaramasukla1900__10,sivaramasukla1900,line_1517330631552_76,लोकवार्तेन्द्रियाणां प्रतिदिनमिहचिन्त्यं नैववि,1215,91,46
sivaramasukla1900__10__r3l15.png,sivaramasukla1900__10,sivaramasukla1900,r3l15,स्मारणीयम् ५ ।।,428,87,15
sivaramasukla1900__10__r3l16.png,sivaramasukla1900__10,sivaramasukla1900,r3l16,अर्थ ।। मनुष्यको इतनी बातोंको हमेशा ख्याल रखना चाहिये,1168,80,53
sivaramasukla1900__10__r3l17.png,sivaramasukla1900__10,sivaramasukla1900,r3l17,अतिथि कभी जो न आयाहो उसका सत्कार करनाचाहिये यथा,1209,63,47
sivaramasukla1900__10__r3l18.png,sivaramasukla1900__10,sivaramasukla1900,r3l18,"शक्ति पण्डित लोगोंसे मित्रता रखनी चाहिये, तथा राजा की",1205,73,53
sivaramasukla1900__10__line_1517330622030_75.png,sivaramasukla1900__10,sivaramasukla1900,line_1517330622030_75,कचहरी के सब हुक्मों पर ख्याल रखना और अग्निहोत्र रोज,1211,72,51
sivaramasukla1900__10__line_1517330616404_74.png,sivaramasukla1900__10,sivaramasukla1900,line_1517330616404_74,"करना चाहिये, खेती तथा रोजगार तथा पशु या धन विद्या",1195,71,49
sivaramasukla1900__10__r3l23.png,sivaramasukla1900__10,sivaramasukla1900,r3l23,"इनको रोज रोज देखै घटते हैं या बढ़ते हैं, लड़कों को अपने",1195,72,55
sivaramasukla1900__10__r3l24.png,sivaramasukla1900__10,sivaramasukla1900,r3l24,"सामने रखना चाहिये, और स्त्री को और दासको अपने आज्ञा-",1196,69,52
sivaramasukla1900__10__line_1517330606483_73.png,sivaramasukla1900__10,sivaramasukla1900,line_1517330606483_73,"नुकूल रखना, घरको देखना बना बिगड़ा, और अपना करजा",1199,73,47
sivaramasukla1900__10__line_1517330588553_72.png,sivaramasukla1900__10,sivaramasukla1900,line_1517330588553_72,"देखना घटताहै या बढ़ता, अपने शत्रुवों व रोगको देखना घटते",1185,74,55
sivaramasukla1900__10__line_1517330574199_71.png,sivaramasukla1900__10,sivaramasukla1900,line_1517330574199_71,हैं या बढ़ते हैं तिसका उपाय करना संसारकी बातैं समझना,907,69,52
sivaramasukla1900__10__line_1517330545718_69.png,sivaramasukla1900__10,sivaramasukla1900,line_1517330545718_69,हमारी निन्दा होती है या स्तुति और अपनी इन्द्रियोंको अपने,1188,70,56
sivaramasukla1900__10__line_1517330525547_68.png,sivaramasukla1900__10,sivaramasukla1900,line_1517330525547_68,"वंश में रखना, ये बिचार हितके हैं भूलना नहीं, भूलने से",799,78,53
sivaramasukla1900__10__line_1517330520051_67.png,sivaramasukla1900__10,sivaramasukla1900,line_1517330520051_67,नुकसान होता है ५ ।।,413,88,19
sivaramasukla1900__10__line_1517330516015_66.png,sivaramasukla1900__10,sivaramasukla1900,line_1517330516015_66,"वैद्यंपानरतंनटंकुपठितं, स्वाध्यायहीनंद्विजंयुद्धे",1114,98,49
sivaramasukla1900__10__line_1517330509391_65.png,sivaramasukla1900__10,sivaramasukla1900,line_1517330509391_65,"कापुरुषंहयंगतरयं, मूर्खंपरिव्राजकम् । राजानंचकु",1202,84,47
sivaramasukla1900__10__line_1517330501467_64.png,sivaramasukla1900__10,sivaramasukla1900,line_1517330501467_64,मन्त्रिभिःपरिवृतंदेशञ्चसोपद्रवं भार्य्यां यौवनग,1195,89,47
sivaramasukla1900__11__r1l1.png,sivaramasukla1900__11,sivaramasukla1900,r1l1,शिवरत्नसंग्रह ।,282,86,15
sivaramasukla1900__11__r1l2.png,sivaramasukla1900__11,sivaramasukla1900,r1l2,११,66,86,2
sivaramasukla1900__11__r1l3.png,sivaramasukla1900__11,sivaramasukla1900,r1l3,"अर्थ ।। पानरत अर्थात् नशेबाज बैद्यको त्यागदेना, नट तमाशा",1138,75,56
sivaramasukla1900__11__line_1517330816942_86.png,sivaramasukla1900__11,sivaramasukla1900,line_1517330816942_86,"करनेवाला पढ़ा न होय तो उसको त्याग करना, बेद पढ़ा नहीं",1195,64,53
sivaramasukla1900__11__line_1517330804082_85.png,sivaramasukla1900__11,sivaramasukla1900,line_1517330804082_85,"होय उस ब्राह्मणको त्यागदेना, नपुंसकसे युद्ध नहींकरना, जिस",1191,74,57
sivaramasukla1900__11__r1l11.png,sivaramasukla1900__11,sivaramasukla1900,r1l11,"घोड़े में कदम न होय उसको त्यागदेना, जो संन्यासी मूर्ख हो",1185,68,56
sivaramasukla1900__11__r1l12.png,sivaramasukla1900__11,sivaramasukla1900,r1l12,"उसको त्यागदेना, जिसराजाका कुमन्त्री मन्त्रीहो उसको त्याग",1201,73,56
sivaramasukla1900__11__line_1517330795504_84.png,sivaramasukla1900__11,sivaramasukla1900,line_1517330795504_84,"देना, जिस देशमें उपद्रवहों उसे त्यागदेना, जो स्त्री यौवनके जोर",1197,65,62
sivaramasukla1900__11__r1l16.png,sivaramasukla1900__11,sivaramasukla1900,r1l16,"से परपुरुषमें रतहो उसकों त्यागदेना, इतने जीवोंका त्यागकरना",1181,75,58
sivaramasukla1900__11__r1l17.png,sivaramasukla1900__11,sivaramasukla1900,r1l17,बुद्धिमानोंको उचितहै इनको शीघ्रहीत्याग करनाचाहिये ५ ।।,1168,75,54
sivaramasukla1900__11__r1l18.png,sivaramasukla1900__11,sivaramasukla1900,r1l18,मूर्खोद्विजातिःस्थविरोगृहस्थःकामीदरिद्रीधन,1109,90,42
sivaramasukla1900__11__line_1517330779596_83.png,sivaramasukla1900__11,sivaramasukla1900,line_1517330779596_83,वांस्तपस्वी ।। वेश्याकुरूपानृपतिः कदर्योलोकेषडे,1188,94,47
sivaramasukla1900__11__r1l22.png,sivaramasukla1900__11,sivaramasukla1900,r1l22,तानिविडम्बितानि ६ ।।,569,78,20
sivaramasukla1900__11__line_1517330769185_82.png,sivaramasukla1900__11,sivaramasukla1900,line_1517330769185_82,"अर्थ ।। मूर्ख ब्रह्मणहो, ग्रहस्थ बूढ़ा, कामी दरिद्री, तपस्वी",1126,83,60
sivaramasukla1900__11__r1l26.png,sivaramasukla1900__11,sivaramasukla1900,r1l26,"धनवान् हो वेश्या कुरूपाहो, राजा बहुत डरताहो इन छःप्रकार",1200,67,55
sivaramasukla1900__11__r1l27.png,sivaramasukla1900__11,sivaramasukla1900,r1l27,के मनुष्य की सदैव हँसी होती है ।,700,76,32
sivaramasukla1900__11__line_1517330757487_81.png,sivaramasukla1900__11,sivaramasukla1900,line_1517330757487_81,सर्वंनेत्यनृतंब्रूयात्स्वदुष्कीर्तिःश्वसन्मृतः । स्त्री,1120,92,55
sivaramasukla1900__11__line_1517330738552_80.png,sivaramasukla1900__11,sivaramasukla1900,line_1517330738552_80,षुनर्मविवाहेषुवृत्त्यर्थेप्राणसंकटे । गोब्राह्मणार्थहिं,1188,96,55
sivaramasukla1900__11__line_1517330727695_79.png,sivaramasukla1900__11,sivaramasukla1900,line_1517330727695_79,सायांनानृतंस्याज्जुगुप्सितम् ७ ।।,807,87,33
sivaramasukla1900__11__line_1517330708680_78.png,sivaramasukla1900__11,sivaramasukla1900,line_1517330708680_78,अर्थ ।। इतनी जगह झूंठ बोलने में दोष नहीं है कि जहां,1121,77,51
sivaramasukla1900__11__r1l43.png,sivaramasukla1900__11,sivaramasukla1900,r1l43,"अपनी बदनामी होतीहो, और जहां कोई अपनेको मारे डालता",1205,69,49
sivaramasukla1900__11__r1l44.png,sivaramasukla1900__11,sivaramasukla1900,r1l44,"हो, स्त्रियोंमें और बिवाहमें और हँसी दिल्लगी में अपनी जीविका",1213,72,60
sivaramasukla1900__11__r1l45.png,sivaramasukla1900__11,sivaramasukla1900,r1l45,के निमित्त तथा प्राणसंकट पड़नेपर और गोब्राह्मण के लिये,1193,69,54
sivaramasukla1900__11__r1l46.png,sivaramasukla1900__11,sivaramasukla1900,r1l46,और जहां कोई जीवमारा जाताहो इन स्थानों में झूंठ बोलने,1199,72,52
sivaramasukla1900__11__r1l47.png,sivaramasukla1900__11,sivaramasukla1900,r1l47,से कुछ पाप नहीं होता है ७ ।।,658,74,28
sivaramasukla1900__11__r1l48.png,sivaramasukla1900__11,sivaramasukla1900,r1l48,अथ बसंत ऋतु वर्णन ।।,466,78,20
sivaramasukla1900__11__r1l50.png,sivaramasukla1900__11,sivaramasukla1900,r1l50,परिमलमृतोवाताःशाखानवांकुरकोटयः । म,966,89,34
sriramastavarajah1898__00a__r8l3.png,sriramastavarajah1898__00a,sriramastavarajah1898,r8l3,श्रीः ।,220,176,7
sriramastavarajah1898__00a__line_1517234000650_174.png,sriramastavarajah1898__00a,sriramastavarajah1898,line_1517234000650_174,श्रीरामस्तवराजः,1288,131,15
sriramastavarajah1898__00a__r8l7.png,sriramastavarajah1898__00a,sriramastavarajah1898,r8l7,प्रातर्निवेदनकारिका-दशावतारस्तो-,1303,166,32
sriramastavarajah1898__00a__r8l8.png,sriramastavarajah1898__00a,sriramastavarajah1898,r8l8,त्र-चतुःश्लोकीभागवत-शिवद्वा-,1177,165,28
sriramastavarajah1898__00a__r8l9.png,sriramastavarajah1898__00a,sriramastavarajah1898,r8l9,दशज्योतिर्लिंगानि-समेतः ।,1018,149,25
sriramastavarajah1898__00a__r8l10.png,sriramastavarajah1898__00a,sriramastavarajah1898,r8l10,शास्त्रिजनैः,565,173,12
sriramastavarajah1898__00a__r8l11.png,sriramastavarajah1898__00a,sriramastavarajah1898,r8l11,संशोधितः,415,170,8
sriramastavarajah1898__00a__r8l12.png,sriramastavarajah1898__00a,sriramastavarajah1898,r8l12,प्रथमावृत्तौ,328,161,12
sriramastavarajah1898__00a__r8l14.png,sriramastavarajah1898__00a,sriramastavarajah1898,r8l14,232,190,151,3
sriramastavarajah1898__00a__r8l15.png,sriramastavarajah1898__00a,sriramastavarajah1898,r8l15,Lucknow :,442,162,9
sriramastavarajah1898__00a__r8l18.png,sriramastavarajah1898__00a,sriramastavarajah1898,r8l18,PRINTED AT THE NEWUL KISHORE PRESS,1136,137,34
sriramastavarajah1898__00a__r8l19.png,sriramastavarajah1898__00a,sriramastavarajah1898,r8l19,नवम्वर सन् १८९८ ई० ।।,700,142,21
sriramastavarajah1898__01__r1l1.png,sriramastavarajah1898__01,sriramastavarajah1898,r1l1,श्रीः ।,175,144,7
sriramastavarajah1898__01__r1l2.png,sriramastavarajah1898__01,sriramastavarajah1898,r1l2,श्रीमते रामकृष्णाय नमः ।,936,155,24
sriramastavarajah1898__01__r1l3.png,sriramastavarajah1898__01,sriramastavarajah1898,r1l3,अथ श्रीरामस्तवराजप्रारम्भः ।,1429,153,28
sriramastavarajah1898__01__r1l4.png,sriramastavarajah1898__01,sriramastavarajah1898,r1l4,श्रीरङ्गेशाय नमः ।। ॐ अस्य श्रीरामच-,1542,155,36
sriramastavarajah1898__01__r1l5.png,sriramastavarajah1898__01,sriramastavarajah1898,r1l5,न्द्रस्तवराजस्तोत्रमन्त्रस्य ।। सनत्कुमारऋ-,1370,132,43
sriramastavarajah1898__01__r1l6.png,sriramastavarajah1898__01,sriramastavarajah1898,r1l6,षिः ।। अनुष्टुप्छन्दः ।। श्रीरामो देवता ।।,1477,136,42
sriramastavarajah1898__01__r1l7.png,sriramastavarajah1898__01,sriramastavarajah1898,r1l7,सीताबीजम् ।। हनूमान् शक्ति: ।। श्रीराम-,1490,141,39
sriramastavarajah1898__01__r1l8.png,sriramastavarajah1898__01,sriramastavarajah1898,r1l8,प्रीत्यर्थे जपे विनियोगः ।। १ ।। सूत उवाच।।,1533,130,43
sriramastavarajah1898__01__r1l9.png,sriramastavarajah1898__01,sriramastavarajah1898,r1l9,सर्वशास्त्रार्थतत्वज्ञं व्यासं सत्यवतीसुतम् ।।,1420,135,46
sriramastavarajah1898__01__r1l10.png,sriramastavarajah1898__01,sriramastavarajah1898,r1l10,धर्मपुत्रः प्रहृष्टात्मा प्रत्युवाच मुनीश्वर-,1542,129,45
sriramastavarajah1898__01__r1l11.png,sriramastavarajah1898__01,sriramastavarajah1898,r1l11,म् ।। २ ।। युधिष्ठिर उवाच ।। भगवन् यो-,1535,138,38
sriramastavarajah1898__01__r1l12.png,sriramastavarajah1898__01,sriramastavarajah1898,r1l12,गिनां श्रेष्ठ सर्वशास्त्रविशारद ।। किं तत्त्वं,1507,137,46
sriramastavarajah1898__01__r1l13.png,sriramastavarajah1898__01,sriramastavarajah1898,r1l13,किं परं जाप्यं किं ध्यानं मुक्तिसाधनम् ।। ३ ।।,1498,139,46
sriramastavarajah1898__01__r1l14.png,sriramastavarajah1898__01,sriramastavarajah1898,r1l14,श्रोतुमिच्छामि तत्सर्वं ब्रूहि मे मुनिसत्तम ।।,1513,133,46
sriramastavarajah1898__01__line_1517234057187_175.png,sriramastavarajah1898__01,sriramastavarajah1898,line_1517234057187_175,वेदव्यास उवाच ।। धर्म्मराज महाभाग,1526,124,33
sriramastavarajah1898__01__r1l17.png,sriramastavarajah1898__01,sriramastavarajah1898,r1l17,शृणु वक्ष्यामि तत्त्वतः ।। ४ ।। यत्परं यद्गु-,1500,154,45
sriramastavarajah1898__01__r1l18.png,sriramastavarajah1898__01,sriramastavarajah1898,r1l18,णातीतं यज्ज्योतिरमलं शिवम् ।। तदेव प-,1550,123,37
sriramastavarajah1898__02__r2l1.png,sriramastavarajah1898__02,sriramastavarajah1898,r2l1,श्रीरामस्तवराजः ।,647,157,17
sriramastavarajah1898__02__line_1517234138970_176.png,sriramastavarajah1898__02,sriramastavarajah1898,line_1517234138970_176,२,93,102,1
sriramastavarajah1898__02__r2l2.png,sriramastavarajah1898__02,sriramastavarajah1898,r2l2,रमं तत्त्वं कैवल्यपदकारणम् ।। ५ ।। श्रीरा-,1520,157,42
sriramastavarajah1898__02__line_1517234188131_177.png,sriramastavarajah1898__02,sriramastavarajah1898,line_1517234188131_177,मेति परं जाप्यं तारकं ब्रह्मसंज्ञकम् ।। ब्रह्म,1524,142,46
sriramastavarajah1898__02__r2l7.png,sriramastavarajah1898__02,sriramastavarajah1898,r2l7,हत्यादिपापघ्नमिति वेदविदो विदुः ।। ६ ।।,1532,125,39
sriramastavarajah1898__02__r2l10.png,sriramastavarajah1898__02,sriramastavarajah1898,r2l10,श्रीराम रामेति जना ये जपन्ति च सर्वदा ।।,1523,118,40
sriramastavarajah1898__02__r2l11.png,sriramastavarajah1898__02,sriramastavarajah1898,r2l11,तेषां भुक्तिश्च मुक्तिश्च भविष्यति न संशयः,1533,121,42
sriramastavarajah1898__02__r2l12.png,sriramastavarajah1898__02,sriramastavarajah1898,r2l12,।। ७ ।। स्तवराजं पुरा प्रोक्तं नारदेन च धी-,1525,130,43
sriramastavarajah1898__02__r2l13.png,sriramastavarajah1898__02,sriramastavarajah1898,r2l13,मता ।। तत्सर्वं संप्रवक्ष्यामि हरिध्यानपुरः-,1531,121,44
sriramastavarajah1898__02__r2l14.png,sriramastavarajah1898__02,sriramastavarajah1898,r2l14,सरम् ।। ८ ।। तापत्रयाग्निशमनं सर्वाघौघ-,1533,135,39
sriramastavarajah1898__02__r2l15.png,sriramastavarajah1898__02,sriramastavarajah1898,r2l15,निकृन्तनम् ।। दारिद्र्यदुःखशमनं सर्वसंप-,1530,136,40
sriramastavarajah1898__02__r2l16.png,sriramastavarajah1898__02,sriramastavarajah1898,r2l16,त्करं शिवम् ।। ९ ।। विज्ञानफलदं दिव्यं मो-,1551,134,42
sriramastavarajah1898__02__r2l17.png,sriramastavarajah1898__02,sriramastavarajah1898,r2l17,क्षैकफलसाधनम् ।। नमस्कृत्य प्रवक्ष्यामि,1518,134,39
sriramastavarajah1898__02__r2l18.png,sriramastavarajah1898__02,sriramastavarajah1898,r2l18,रामं कृष्णं जगन्मयम्।। १० ।। अयोध्यान-,1546,123,38
sriramastavarajah1898__02__r2l19.png,sriramastavarajah1898__02,sriramastavarajah1898,r2l19,गरे रम्ये रत्नमण्डपमध्यमे ।। स्मरेत्कल्प-,1526,127,41
sriramastavarajah1898__02__r2l20.png,sriramastavarajah1898__02,sriramastavarajah1898,r2l20,तरोर्मूले रत्नसिंहासनं शुभम् ।। ११ ।। त-,1530,138,40
sriramastavarajah1898__02__r2l21.png,sriramastavarajah1898__02,sriramastavarajah1898,r2l21,न्मध्येष्टदलं पद्मं नानारत्नैश्च वेष्टितम् ।।,1528,144,45
sriramastavarajah1898__02__r2l22.png,sriramastavarajah1898__02,sriramastavarajah1898,r2l22,स्मरेन्मध्ये दाशरथिं सहस्रादित्यतेजसम् ॥,1499,135,40
sriramastavarajah1898__02__r2l23.png,sriramastavarajah1898__02,sriramastavarajah1898,r2l23,॥ १२ ॥ पितुरङ्कगतं राममिन्द्रनीलमणि-,1551,117,36
sriramastavarajah1898__02__r2l24.png,sriramastavarajah1898__02,sriramastavarajah1898,r2l24,प्रभम् ॥ कोमलांगं विशालाक्षं विद्युद्वर्णा-,1511,110,43
sriramastavarajah1898__03__r1l1.png,sriramastavarajah1898__03,sriramastavarajah1898,r1l1,श्रीरामस्तवराजः।,657,162,16
sriramastavarajah1898__03__line_1517234294357_178.png,sriramastavarajah1898__03,sriramastavarajah1898,line_1517234294357_178,३,87,95,1
sriramastavarajah1898__03__r1l2.png,sriramastavarajah1898__03,sriramastavarajah1898,r1l2,म्बरावृतम्।।१३।।भानुकोटिप्रतीकाशं किरी-,1538,176,39
sriramastavarajah1898__03__r1l3.png,sriramastavarajah1898__03,sriramastavarajah1898,r1l3,टेन विराजितम् ।। रत्नग्रैबेयकेयूरं रत्नकुण्ड-,1459,86,45
sriramastavarajah1898__03__r1l5.png,sriramastavarajah1898__03,sriramastavarajah1898,r1l5,लमण्डितम् ।। १४।। रत्नकङ्कणमञ्जीरकटि-,1485,147,37
sriramastavarajah1898__03__r1l6.png,sriramastavarajah1898__03,sriramastavarajah1898,r1l6,सूत्रैरलंकृतम् ।। श्रवित्सकौस्तुभोरस्कं मु-,1512,133,43
sriramastavarajah1898__03__r1l8.png,sriramastavarajah1898__03,sriramastavarajah1898,r1l8,क्ताहारोपशोभितम् ।। १५ ।। दिव्यरत्नस-,1519,138,37
sriramastavarajah1898__03__r1l9.png,sriramastavarajah1898__03,sriramastavarajah1898,r1l9,मायुक्तं मुद्रिकाभिरलंकृतम् ।। राघवं द्विभु-,1536,136,44
sriramastavarajah1898__03__r1l11.png,sriramastavarajah1898__03,sriramastavarajah1898,r1l11,जं बालं राममीषत्स्मिताननम् ।। १६ ।। तु-,1474,137,39
sriramastavarajah1898__03__r1l12.png,sriramastavarajah1898__03,sriramastavarajah1898,r1l12,लसीकुन्दमन्दारपुष्पमाल्यैरलंकृतम्।।कर्पू-,1520,124,41
sriramastavarajah1898__03__r1l13.png,sriramastavarajah1898__03,sriramastavarajah1898,r1l13,रागुरुकस्तूरीदिव्यगन्धानुलेपनम् ।। १७।।,1536,141,39
sriramastavarajah1898__03__r1l14.png,sriramastavarajah1898__03,sriramastavarajah1898,r1l14,योगशास्त्रेष्वभिरतं योगीशं योगदायकम् ॥,1544,126,38
sriramastavarajah1898__03__r1l15.png,sriramastavarajah1898__03,sriramastavarajah1898,r1l15,सदाभरतसौमित्रिशत्रुघ्नैरुपशोभितम १८।।,1480,136,37
sriramastavarajah1898__03__r1l16.png,sriramastavarajah1898__03,sriramastavarajah1898,r1l16,विद्याधरसुराधीशसिद्धगन्धर्वकिन्नरैः ।। यो-,1497,130,42
sriramastavarajah1898__03__r1l18.png,sriramastavarajah1898__03,sriramastavarajah1898,r1l18,गीन्द्रैर्नारदाद्यैश्च स्तूयमानमहर्निशम्१९।।,1010,132,44
sriramastavarajah1898__03__r1l19.png,sriramastavarajah1898__03,sriramastavarajah1898,r1l19,विश्वामित्रवसिष्ठादिमुनिभिः परिसेवितम् ॥,1464,137,40
sriramastavarajah1898__03__r1l20.png,sriramastavarajah1898__03,sriramastavarajah1898,r1l20,सनकादिमुनिश्रेष्ठैर्योगिवृन्दैश्च सेवितम् ॥,1540,141,43
sriramastavarajah1898__03__r1l22.png,sriramastavarajah1898__03,sriramastavarajah1898,r1l22,॥२०॥ रामं रघुवरं वीरं धनुर्वेदविशारद-,1550,128,37
sriramastavarajah1898__03__r1l23.png,sriramastavarajah1898__03,sriramastavarajah1898,r1l23,म् ॥ मंगलायतनं देवं रामं राजीवलोचनम्,1541,129,36
sriramastavarajah1898__03__r1l24.png,sriramastavarajah1898__03,sriramastavarajah1898,r1l24,॥२१॥ सर्वशास्त्रार्थतत्त्वज्ञमानन्दकरसुन्द-,1490,138,43
sriramastavarajah1898__04__r2l1.png,sriramastavarajah1898__04,sriramastavarajah1898,r2l1,श्रीरामस्तवराजः ।,650,205,17
sriramastavarajah1898__04__r2l2.png,sriramastavarajah1898__04,sriramastavarajah1898,r2l2,४,62,194,1
sriramastavarajah1898__04__r2l3.png,sriramastavarajah1898__04,sriramastavarajah1898,r2l3,रम् ॥ कौसल्यानन्दनं रामं धनुर्बाणधरं ह-,1521,163,39
sriramastavarajah1898__04__r2l4.png,sriramastavarajah1898__04,sriramastavarajah1898,r2l4,रिम् ॥ २२ ॥ एवं संचिन्तयन्विष्णुं यज्ज्यो-,1526,134,42
sriramastavarajah1898__04__r2l5.png,sriramastavarajah1898__04,sriramastavarajah1898,r2l5,तिरमलं विभुम् ॥ प्रहृष्टमानसो भूत्वा मुनि-,1524,141,42
sriramastavarajah1898__04__r2l6.png,sriramastavarajah1898__04,sriramastavarajah1898,r2l6,वर्य्यः स नारदः ।। २३ ।। सर्वलोकहितार्था-,1522,135,41
sriramastavarajah1898__04__line_1517234409225_180.png,sriramastavarajah1898__04,sriramastavarajah1898,line_1517234409225_180,य तुष्टाव रघुनन्दनम् ।। कृताञ्जलिपुटो भू-,1520,144,41
sriramastavarajah1898__04__r2l9.png,sriramastavarajah1898__04,sriramastavarajah1898,r2l9,त्वा चिन्तयन्नद्भुतं हरिम् ।। २४ ।। यदेकं,1551,131,41
sriramastavarajah1898__04__r2l10.png,sriramastavarajah1898__04,sriramastavarajah1898,r2l10,यत्परं नित्यं यदनन्तं चिदात्मकम् ।। यदेकं,1533,135,41
sriramastavarajah1898__04__r2l11.png,sriramastavarajah1898__04,sriramastavarajah1898,r2l11,व्यापकं लोके तद्रूपं चिन्तयाम्यहम् ।।२५।।,1548,151,41
sriramastavarajah1898__04__line_1517234433737_181.png,sriramastavarajah1898__04,sriramastavarajah1898,line_1517234433737_181,विज्ञानहेतुं विमलायताक्षं प्रज्ञानरूपं स्व-,1562,98,43
sriramastavarajah1898__04__r2l14.png,sriramastavarajah1898__04,sriramastavarajah1898,r2l14,सुखैकहेतुम् ।। श्रीरामचन्द्रं हरिमादिदेवं,1489,143,41
sriramastavarajah1898__04__r2l16.png,sriramastavarajah1898__04,sriramastavarajah1898,r2l16,परात्परं राममहं भजामि ।। २६ ।। कविं षु-,1434,133,39
sriramastavarajah1898__04__line_1517234375478_179.png,sriramastavarajah1898__04,sriramastavarajah1898,line_1517234375478_179,राणं पुरुषं पुरस्तात्सनातनं योगिनमीशि-,1556,138,38
sriramastavarajah1898__04__r2l19.png,sriramastavarajah1898__04,sriramastavarajah1898,r2l19,तारम्।। अणोरणीयांसमनन्तवीर्यं प्राणेश्व-,1520,132,40
sriramastavarajah1898__04__r2l20.png,sriramastavarajah1898__04,sriramastavarajah1898,r2l20,रं राममसौ ददर्श ।। २७ ।। नारदउवाच ।।,1503,139,36
sriramastavarajah1898__04__r2l21.png,sriramastavarajah1898__04,sriramastavarajah1898,r2l21,नारायणं जगन्नाथमभिरामं जगत्पतिम् ।।,1559,137,35
sriramastavarajah1898__04__r2l22.png,sriramastavarajah1898__04,sriramastavarajah1898,r2l22,कविं पुराणं वागीशं रामं दशरथात्मजम् ।।,1569,137,38
sriramastavarajah1898__04__r2l23.png,sriramastavarajah1898__04,sriramastavarajah1898,r2l23,।। २८ ।। राजराजं रघुवरं कौसल्यानन्दव,1520,130,36
sriramastavarajah1898__04__r2l24.png,sriramastavarajah1898__04,sriramastavarajah1898,r2l24,र्धनम् ।। भर्गं वरेण्यं विश्वेशं रघुनाथं ज-,1559,146,43
sriramastavarajah1898__05__r2l1.png,sriramastavarajah1898__05,sriramastavarajah1898,r2l1,५,75,155,1
sriramastavarajah1898__05__r2l2.png,sriramastavarajah1898__05,sriramastavarajah1898,r2l2,श्रीरामस्तवराजः ।,665,157,17
sriramastavarajah1898__05__r2l3.png,sriramastavarajah1898__05,sriramastavarajah1898,r2l3,गद्गुरुम् ॥ २९ ॥ सत्यं सत्यप्रियं श्रेष्ठं जा-,1520,167,46
sriramastavarajah1898__05__r2l4.png,sriramastavarajah1898__05,sriramastavarajah1898,r2l4,नकीवल्लभं विभुम् ।। सौमित्रिपूर्वजं शान्तं,1521,132,42
sriramastavarajah1898__05__r2l7.png,sriramastavarajah1898__05,sriramastavarajah1898,r2l7,कामदं कमलेक्षणाम् ।। ३० ।। आदित्यं र-,1462,81,37
sriramastavarajah1898__05__r2l8.png,sriramastavarajah1898__05,sriramastavarajah1898,r2l8,विमीशानं घृणिं सूर्यमनामयम् ।। आन-,1530,145,34
sriramastavarajah1898__05__line_1517234516653_184.png,sriramastavarajah1898__05,sriramastavarajah1898,line_1517234516653_184,न्दरूपिणं सोम्यं राघवं करुणामयम्।। ३१ ।।,1533,125,40
sriramastavarajah1898__05__line_1517234506586_183.png,sriramastavarajah1898__05,sriramastavarajah1898,line_1517234506586_183,जामदग्न्यं तपोमूर्तिं रामं परशुधारिणम् ।।,1507,140,41
sriramastavarajah1898__05__r2l14.png,sriramastavarajah1898__05,sriramastavarajah1898,r2l14,वाक्पतिं वरदं वाच्यं श्रीपतिं पक्षिवाहनम्,1538,130,41
sriramastavarajah1898__05__r2l15.png,sriramastavarajah1898__05,sriramastavarajah1898,r2l15,।। ३२ ।। श्रीशार्ङ्गधारिणं रामं चिन्मयान-,1507,138,41
sriramastavarajah1898__05__r2l16.png,sriramastavarajah1898__05,sriramastavarajah1898,r2l16,न्दविग्रहम् ।। हलधृग्विष्णुमीशानं बलरामं,1512,139,40
sriramastavarajah1898__05__r2l17.png,sriramastavarajah1898__05,sriramastavarajah1898,r2l17,कृपानिधिम् ।। ३३ ।। श्रीवल्लभं कृपानाथं,1519,138,39
sriramastavarajah1898__05__r2l18.png,sriramastavarajah1898__05,sriramastavarajah1898,r2l18,जगन्मोहनमच्युतम् ।। मत्स्यकूर्मवराहादि-,1492,124,39
sriramastavarajah1898__05__r2l19.png,sriramastavarajah1898__05,sriramastavarajah1898,r2l19,रूपधारिणमव्ययम् ।। ३४ ।। वासुदेवं ज-,1529,141,36
sriramastavarajah1898__05__r2l20.png,sriramastavarajah1898__05,sriramastavarajah1898,r2l20,गद्योनिमनादिनिधनं हरिम्।। गोविन्दं गो-,1514,138,38
sriramastavarajah1898__05__r2l21.png,sriramastavarajah1898__05,sriramastavarajah1898,r2l21,पतिं विष्णुं गोपीजनमनोहरम्।। ३५ ।। गो,1501,132,37
sriramastavarajah1898__05__line_1517234493532_182.png,sriramastavarajah1898__05,sriramastavarajah1898,line_1517234493532_182,गोपालपरीवारं गोपकन्यासमावृतम् ।। वि-,1498,140,36
sriramastavarajah1898__05__r2l24.png,sriramastavarajah1898__05,sriramastavarajah1898,r2l24,द्युत्पुञ्जप्रतीकाशं रामं कृष्णं जगन्मयम् ।।,1510,136,44
sriramastavarajah1898__05__r2l25.png,sriramastavarajah1898__05,sriramastavarajah1898,r2l25,।। ३६ ।। गोगोपिकासमाकीर्णं वेणुवादनत-,1498,134,37
sriramastavarajah1898__05__r2l26.png,sriramastavarajah1898__05,sriramastavarajah1898,r2l26,त्परम् ।। कामरूपं कलावन्तं कामिनीकाम-,1517,139,37
sriramastavarajah1898__06__r3l1.png,sriramastavarajah1898__06,sriramastavarajah1898,r3l1,श्रीरामस्तवराजः।,661,133,16
sriramastavarajah1898__06__line_1517234702772_188.png,sriramastavarajah1898__06,sriramastavarajah1898,line_1517234702772_188,६,92,90,1
sriramastavarajah1898__06__r3l2.png,sriramastavarajah1898__06,sriramastavarajah1898,r3l2,दं विभुम् ।। ३७ ।। मन्मथं मथुरानाथं माधवं,1454,118,41
sriramastavarajah1898__06__r3l3.png,sriramastavarajah1898__06,sriramastavarajah1898,r3l3,मकरध्वजम्।।श्रीधरं श्रीकरं श्रीशं श्रीनिवा-,1556,120,43
sriramastavarajah1898__06__line_1517234692724_187.png,sriramastavarajah1898__06,sriramastavarajah1898,line_1517234692724_187,सं परात्परम् ।। ३८ ।। भूतेशं भूपतिं भ-,1528,122,38
sriramastavarajah1898__06__r3l11.png,sriramastavarajah1898__06,sriramastavarajah1898,r3l11,द्रं विभूतिं भूतिभूषणम् ।। सर्वदुःखहरं वीरं,1440,75,43
sriramastavarajah1898__06__r3l14.png,sriramastavarajah1898__06,sriramastavarajah1898,r3l14,दुष्टदानववैरिणम् ।। ३९ ।। श्रीनृसिंहं महा-,1486,145,42
sriramastavarajah1898__06__r3l15.png,sriramastavarajah1898__06,sriramastavarajah1898,r3l15,बाहुं महान्तं दीप्ततेजसम् ।। चिदानन्दमयं,1046,105,40
sriramastavarajah1898__06__r3l17.png,sriramastavarajah1898__06,sriramastavarajah1898,r3l17,नित्यं प्रणवज्योतिरूपिणम् ।।४० ।। आदि-,1497,114,38
sriramastavarajah1898__06__r3l18.png,sriramastavarajah1898__06,sriramastavarajah1898,r3l18,त्यमण्डलगतंनिश्चितार्थस्वरूपिणम्।।भक्त-,1517,124,39
sriramastavarajah1898__06__r3l20.png,sriramastavarajah1898__06,sriramastavarajah1898,r3l20,प्रियं पद्मनेत्रं भक्तानामीप्सितप्रदम्।। ४१ ।।,1528,131,46
sriramastavarajah1898__06__r3l21.png,sriramastavarajah1898__06,sriramastavarajah1898,r3l21,कौसल्येयं कलामूर्तिं काकुत्स्थं कमलाप्रिय-,1525,109,42
sriramastavarajah1898__06__r3l24.png,sriramastavarajah1898__06,sriramastavarajah1898,r3l24,म् ।। सिंहासने समासीनं नित्यव्रतमकल्म-,1564,85,38
sriramastavarajah1898__06__r3l27.png,sriramastavarajah1898__06,sriramastavarajah1898,r3l27,षम्।। ४२।।विश्वामित्रप्रियं दान्तं स्वदारनि-,1319,69,44
sriramastavarajah1898__06__line_1517234649716_186.png,sriramastavarajah1898__06,sriramastavarajah1898,line_1517234649716_186,यतव्रतम् ।। यज्ञेशं यज्ञपुरुषं यज्ञपालनतत्प,1541,133,43
sriramastavarajah1898__06__r3l32.png,sriramastavarajah1898__06,sriramastavarajah1898,r3l32,रम् ।।४३।।सत्यसंधं जितक्रोधं शरणागतव-,1546,81,37
sriramastavarajah1898__06__r3l34.png,sriramastavarajah1898__06,sriramastavarajah1898,r3l34,त्सलम् ।। सर्वक्लेशापहरणं विभीषणवरप्रद-,1510,129,39
sriramastavarajah1898__06__r3l39.png,sriramastavarajah1898__06,sriramastavarajah1898,r3l39,म् ।। ४४ ।। दशग्रीवहरं रौद्रं केशवं केशि-,1500,99,41
sriramastavarajah1898__06__r3l41.png,sriramastavarajah1898__06,sriramastavarajah1898,r3l41,मर्दनम् ।। वालिप्रमथनं वीरं सुग्रीवेप्सित-,1556,79,42
sriramastavarajah1898__06__line_1517234624557_185.png,sriramastavarajah1898__06,sriramastavarajah1898,line_1517234624557_185,राज्यदम् ।। ४५ ।। नरवानरदेवैश्चसेवित,1512,138,36
sriramastavarajah1898__07__r1l1.png,sriramastavarajah1898__07,sriramastavarajah1898,r1l1,श्रीरामस्तवराजः ।,665,170,17
sriramastavarajah1898__07__r1l2.png,sriramastavarajah1898__07,sriramastavarajah1898,r1l2,७,69,158,1
sriramastavarajah1898__07__r1l3.png,sriramastavarajah1898__07,sriramastavarajah1898,r1l3,हनुमत्प्रियम् ॥ शुद्धं सूक्ष्मं परं शान्तं ता-,1495,182,46
sriramastavarajah1898__07__r1l4.png,sriramastavarajah1898__07,sriramastavarajah1898,r1l4,रकं ब्रह्मरूपिणम् ।। ४६ ।। सर्वभूतात्मभू-,1526,125,41
sriramastavarajah1898__07__r1l5.png,sriramastavarajah1898__07,sriramastavarajah1898,r1l5,तस्थं सर्वाधारं सनातनम् ।। सर्वकारणक-,1510,134,37
sriramastavarajah1898__07__r1l6.png,sriramastavarajah1898__07,sriramastavarajah1898,r1l6,र्त्तारं निदानं प्रकृतेः परम् ।। ४७ ।। निरा-,1500,141,44
sriramastavarajah1898__07__r1l7.png,sriramastavarajah1898__07,sriramastavarajah1898,r1l7,मयं निराभासं निरवद्यं निरञ्जनम् ।। नि-,1547,128,38
sriramastavarajah1898__07__r1l8.png,sriramastavarajah1898__07,sriramastavarajah1898,r1l8,त्यानन्दं निराकारमद्वैतं तमसः परम् ।।४८।।,1526,139,41
sriramastavarajah1898__07__r1l9.png,sriramastavarajah1898__07,sriramastavarajah1898,r1l9,परात्परतरं तत्त्वं सत्यानन्दं चिदात्मकम् ।।,1513,133,43
sriramastavarajah1898__07__r1l10.png,sriramastavarajah1898__07,sriramastavarajah1898,r1l10,मनसा शिरसा नित्यं प्रणमामि रघूत्तमम्,1575,136,36
sriramastavarajah1898__07__r1l11.png,sriramastavarajah1898__07,sriramastavarajah1898,r1l11,।। ४९ ।। सूर्यमण्डलमध्यस्थं रामं सीतास-,1532,136,39
sriramastavarajah1898__07__r1l12.png,sriramastavarajah1898__07,sriramastavarajah1898,r1l12,मन्वितम् ।। नमामि पुण्डरीकाक्षममेयं गु-,1550,134,39
sriramastavarajah1898__07__r1l13.png,sriramastavarajah1898__07,sriramastavarajah1898,r1l13,रुतत्परम् ।। ५० ।। नमोस्तु वासुदेवाय,1520,138,36
sriramastavarajah1898__07__line_1517234779029_189.png,sriramastavarajah1898__07,sriramastavarajah1898,line_1517234779029_189,ज्योतिषां पतये नमः ।। नमोस्तु रामदेवाय,1552,132,38
sriramastavarajah1898__07__r1l17.png,sriramastavarajah1898__07,sriramastavarajah1898,r1l17,जगदानन्दरूपिणे ।। ५१ ।। नमो वेदान्त-,1482,142,36
sriramastavarajah1898__07__r1l18.png,sriramastavarajah1898__07,sriramastavarajah1898,r1l18,निष्ठाय योगिने ब्रह्मवादिने ।। मायामयनि-,1512,133,40
sriramastavarajah1898__07__r1l19.png,sriramastavarajah1898__07,sriramastavarajah1898,r1l19,रस्ताय प्रपन्नजनसेविने ।। ५२ ।। वन्दामहे,1503,138,40
sriramastavarajah1898__07__r1l20.png,sriramastavarajah1898__07,sriramastavarajah1898,r1l20,महेशानं चण्डकोदण्डखण्डनम् ।। जानकी,1519,133,34
sriramastavarajah1898__07__r1l21.png,sriramastavarajah1898__07,sriramastavarajah1898,r1l21,हृदयानन्दचन्दनं रघुनन्दनम् ।। ५३ ।। उ-,1494,135,38
sriramastavarajah1898__07__r1l22.png,sriramastavarajah1898__07,sriramastavarajah1898,r1l22,त्फुल्लामलकोमलोत्पलदलश्यामाय रामाय,1519,138,34
sriramastavarajah1898__08__r2l1.png,sriramastavarajah1898__08,sriramastavarajah1898,r2l1,श्रीरामस्तवराजः ।,637,128,17
sriramastavarajah1898__08__line_1517234900735_192.png,sriramastavarajah1898__08,sriramastavarajah1898,line_1517234900735_192,८,74,90,1
sriramastavarajah1898__08__r2l3.png,sriramastavarajah1898__08,sriramastavarajah1898,r2l3,ते कामाय प्रमदामनोहरगुणग्रामाय रामा-,1484,157,36
sriramastavarajah1898__08__r2l4.png,sriramastavarajah1898__08,sriramastavarajah1898,r2l4,त्मने ।। योगारूढमुनीन्द्रमानससरोहंसाय,1540,128,37
sriramastavarajah1898__08__r2l7.png,sriramastavarajah1898__08,sriramastavarajah1898,r2l7,संसारविध्वंसाय स्फुरदोजसे रघुकुलोत्तंसा-,1390,92,40
sriramastavarajah1898__08__r2l9.png,sriramastavarajah1898__08,sriramastavarajah1898,r2l9,य पुंसे नमः ।। ५४ ।। भवोद्भवं वेदविदां,1485,129,38
sriramastavarajah1898__08__r2l11.png,sriramastavarajah1898__08,sriramastavarajah1898,r2l11,वरिष्ठमादित्यचन्द्रानलसुप्रभावम् ।। सर्वा-,1506,83,42
sriramastavarajah1898__08__r2l12.png,sriramastavarajah1898__08,sriramastavarajah1898,r2l12,त्मकं सर्वगतस्वरूपं नमामि रामं तमसः प-,1532,136,38
sriramastavarajah1898__08__r2l14.png,sriramastavarajah1898__08,sriramastavarajah1898,r2l14,रस्तात् ।। ५५ ।। निरञ्जनं निष्प्रतिमं नि-,1520,90,41
sriramastavarajah1898__08__line_1517234877053_191.png,sriramastavarajah1898__08,sriramastavarajah1898,line_1517234877053_191,रीहं निराश्रयं निष्कलमप्रपञ्चम् ।। नित्यं,1474,138,41
sriramastavarajah1898__08__r2l17.png,sriramastavarajah1898__08,sriramastavarajah1898,r2l17,ध्रुवं निर्विषयस्वरूपं निरन्तरं राममहं भजा-,1523,117,43
sriramastavarajah1898__08__r2l18.png,sriramastavarajah1898__08,sriramastavarajah1898,r2l18,मि ।। ५६ ।। भवाब्धिपोतं भरताग्रजं तं,1527,127,36
sriramastavarajah1898__08__line_1517234864920_190.png,sriramastavarajah1898__08,sriramastavarajah1898,line_1517234864920_190,भक्लप्रियं भानुकुलप्रदीपम् ।। भूतत्रिनाथं,1519,106,41
sriramastavarajah1898__08__r2l23.png,sriramastavarajah1898__08,sriramastavarajah1898,r2l23,भुवनाधिपत्यं भजामि रामं भवरोगवैद्यम् ।।,1541,120,39
sriramastavarajah1898__08__r2l24.png,sriramastavarajah1898__08,sriramastavarajah1898,r2l24,।। ५७ ।। सर्वाधिपत्यं समरे गभीरं सत्यं,1467,130,38
sriramastavarajah1898__08__r2l25.png,sriramastavarajah1898__08,sriramastavarajah1898,r2l25,चिदानन्दमयस्वरूपम् ।। सत्यं शिवं शा-,1528,114,36
sriramastavarajah1898__08__r2l26.png,sriramastavarajah1898__08,sriramastavarajah1898,r2l26,न्तिमयं शरण्यं सनातनं राममहं भजामि,1438,119,34
sriramastavarajah1898__08__r2l27.png,sriramastavarajah1898__08,sriramastavarajah1898,r2l27,।। ५८ ।। कार्यक्रियाकारणमप्रमेयं कविं पु-,1532,128,41
sriramastavarajah1898__08__r2l28.png,sriramastavarajah1898__08,sriramastavarajah1898,r2l28,राणं कमलायताक्षम् ।। कुमारवैद्यं करुणा-,1530,125,39
sriramastavarajah1898__08__r2l30.png,sriramastavarajah1898__08,sriramastavarajah1898,r2l30,मयं तं कल्पद्रुमं राममहं भजामि ।। ५९ ।।,1522,122,39
sriramastavarajah1898__09__r2l1.png,sriramastavarajah1898__09,sriramastavarajah1898,r2l1,श्रीरामस्तवराजः ।,650,174,17
sriramastavarajah1898__09__line_1517235102267_194.png,sriramastavarajah1898__09,sriramastavarajah1898,line_1517235102267_194,९,73,98,1
sriramastavarajah1898__09__r2l2.png,sriramastavarajah1898__09,sriramastavarajah1898,r2l2,त्रैलोक्यनाथं सरसीरुहाक्षं दयानिधिं द्वन्द्व-,1546,175,45
sriramastavarajah1898__09__line_1517235003818_193.png,sriramastavarajah1898__09,sriramastavarajah1898,line_1517235003818_193,विनाशहेतुम् ।। महाबलं वेदनिधिं सुरेशं स-,1537,129,40
sriramastavarajah1898__09__r2l5.png,sriramastavarajah1898__09,sriramastavarajah1898,r2l5,नातनं राममहं भजामि ।। ६० ।। वेदान्त,1519,136,35
sriramastavarajah1898__09__r2l6.png,sriramastavarajah1898__09,sriramastavarajah1898,r2l6,वेद्यं कविमीशितारमनादिमध्यान्तमचिन्य-,1536,130,37
sriramastavarajah1898__09__r2l7.png,sriramastavarajah1898__09,sriramastavarajah1898,r2l7,माद्यम् ।। अगोचरं निर्मलमेकरूपं नमामि,1386,133,37
sriramastavarajah1898__09__r2l9.png,sriramastavarajah1898__09,sriramastavarajah1898,r2l9,रामं तमसः परस्तात् ।। ६१ ।। अशेषवेदा-,1526,136,37
sriramastavarajah1898__09__r2l10.png,sriramastavarajah1898__09,sriramastavarajah1898,r2l10,त्मकमादिसंज्ञमजं हरिं विष्णुमनन्तमाद्य-,1527,148,39
sriramastavarajah1898__09__r2l13.png,sriramastavarajah1898__09,sriramastavarajah1898,r2l13,म् ।। अपारसंवित्सुखमेकरूपं परात्परं रा-,1478,70,39
sriramastavarajah1898__09__r2l14.png,sriramastavarajah1898__09,sriramastavarajah1898,r2l14,ममहं भजामि ।। ६२ ।। तत्त्वस्वरूपं पुरुषं,1479,141,40
sriramastavarajah1898__09__r2l15.png,sriramastavarajah1898__09,sriramastavarajah1898,r2l15,पुराणं स्वतेजसा पूरितविश्वमेकम्।। राजा-,1544,139,39
sriramastavarajah1898__09__r2l16.png,sriramastavarajah1898__09,sriramastavarajah1898,r2l16,धिराजं रविमण्डलस्थं विश्वेश्वरंराममहंभ-,1505,136,39
sriramastavarajah1898__09__r2l17.png,sriramastavarajah1898__09,sriramastavarajah1898,r2l17,जामि ।। ६३।।लोकाभिरामं रघुवंशनाथं हरिं,1493,133,38
sriramastavarajah1898__09__r2l18.png,sriramastavarajah1898__09,sriramastavarajah1898,r2l18,चिदानन्दमयं मुकुन्दम् ।। अशेषविद्याधिप,1514,129,38
sriramastavarajah1898__09__r2l19.png,sriramastavarajah1898__09,sriramastavarajah1898,r2l19,तिं कवीन्द्रं नमामि रामं तमसः परस्तात् ।।,1521,148,41
sriramastavarajah1898__09__r2l20.png,sriramastavarajah1898__09,sriramastavarajah1898,r2l20,।।६४।। योगीन्द्रसंघैश्चसुसेव्यमानं नारायणं,1492,120,42
sriramastavarajah1898__09__r2l21.png,sriramastavarajah1898__09,sriramastavarajah1898,r2l21,निर्मलमादिदेवम् ।। नतोस्मि नित्यं जगदेक,1521,139,39
sriramastavarajah1898__09__r2l22.png,sriramastavarajah1898__09,sriramastavarajah1898,r2l22,नाथमादित्यवर्णं तमसः परस्तात् ।। ६५ ।।,1506,138,38
sriramastavarajah1898__09__r2l23.png,sriramastavarajah1898__09,sriramastavarajah1898,r2l23,विभूतिदं विश्वसृजं विराजं राजेन्द्रमीशं र-,1527,128,42
sriramastavarajah1898__10__r2l1.png,sriramastavarajah1898__10,sriramastavarajah1898,r2l1,१०,96,153,2
sriramastavarajah1898__10__r2l2.png,sriramastavarajah1898__10,sriramastavarajah1898,r2l2,श्रीरामस्तवराजः ।,586,157,17
sriramastavarajah1898__10__r2l3.png,sriramastavarajah1898__10,sriramastavarajah1898,r2l3,घुवंशनाथम् ।।अचिन्त्यमव्यक्तमनन्तमूर्तिं,1448,156,40
sriramastavarajah1898__10__line_1517235189785_198.png,sriramastavarajah1898__10,sriramastavarajah1898,line_1517235189785_198,ज्योतिर्मयं राममहं भजामि ।। ६६ ।। अशे-,1535,135,38
sriramastavarajah1898__10__r2l6.png,sriramastavarajah1898__10,sriramastavarajah1898,r2l6,षसंसारविकारहीनमादित्यगं पूर्णसुखाभि-,1525,142,36
sriramastavarajah1898__10__line_1517235210213_200.png,sriramastavarajah1898__10,sriramastavarajah1898,line_1517235210213_200,रामम् ।। समस्तसाक्षिं तमसः परस्तान्ना-,1540,101,38
sriramastavarajah1898__10__r2l12.png,sriramastavarajah1898__10,sriramastavarajah1898,r2l12,रायणं विष्णुमहं भजामि ।। ६७ ।। मुनी-,1480,145,36
sriramastavarajah1898__10__r2l13.png,sriramastavarajah1898__10,sriramastavarajah1898,r2l13,न्द्रगुह्यं परिपूर्णकामं कलानिधिं कल्मषना-,1512,132,42
sriramastavarajah1898__10__r2l14.png,sriramastavarajah1898__10,sriramastavarajah1898,r2l14,शहेतुम् ।। परात्परं यत्परमं पवित्रं नमामि,1366,135,41
sriramastavarajah1898__10__r2l15.png,sriramastavarajah1898__10,sriramastavarajah1898,r2l15,रामं महतो महान्तम् ।। ६८ ।। ब्रह्मा विष्णु-,1549,132,43
sriramastavarajah1898__10__line_1517235163952_197.png,sriramastavarajah1898__10,sriramastavarajah1898,line_1517235163952_197,श्च रुद्रश्च देवेन्द्रो देवतास्तथा ।। आदि-,1512,132,42
sriramastavarajah1898__10__line_1517235154334_196.png,sriramastavarajah1898__10,sriramastavarajah1898,line_1517235154334_196,त्यादिग्रहाश्चैव त्वमेव रघुनन्दन ।। ६९ ।।,1534,142,41
sriramastavarajah1898__10__r2l21.png,sriramastavarajah1898__10,sriramastavarajah1898,r2l21,तापसा ऋषयःसिद्धाः सध्याश्च मरुतस्त-,1460,124,35
sriramastavarajah1898__10__r2l22.png,sriramastavarajah1898__10,sriramastavarajah1898,r2l22,था ।। विप्रा वेदास्तथा यज्ञाः पुराणं ध-,1531,139,39
sriramastavarajah1898__10__r2l23.png,sriramastavarajah1898__10,sriramastavarajah1898,r2l23,र्मसंहिताः ।। ७० ।। वर्णाश्रमास्तथा धर्मा,1459,131,41
sriramastavarajah1898__10__r2l24.png,sriramastavarajah1898__10,sriramastavarajah1898,r2l24,वर्णधर्मास्तथैवच ।। यक्षराक्षसगन्धर्वा दि-,1518,137,42
sriramastavarajah1898__10__line_1517235204057_199.png,sriramastavarajah1898__10,sriramastavarajah1898,line_1517235204057_199,क्पाला दिग्गजादिभिः ।। ७१ ।। सनकादि,1544,104,35
sriramastavarajah1898__10__line_1517235138248_195.png,sriramastavarajah1898__10,sriramastavarajah1898,line_1517235138248_195,मुनिश्रेष्ठास्त्वमेव रघुपुंगव ।। वसवोष्टौ त्र-,1542,145,46
sriramastavarajah1898__10__r2l29.png,sriramastavarajah1898__10,sriramastavarajah1898,r2l29,यः काला रुद्रा एकादश स्मृताः ।। ७२ ।।,1529,131,37
sriramastavarajah1898__10__r2l30.png,sriramastavarajah1898__10,sriramastavarajah1898,r2l30,तारका दश चैवाशास्त्वमेव रघुनन्दन।। स-,1551,139,37
sriramastavarajah1898__11__r1l1.png,sriramastavarajah1898__11,sriramastavarajah1898,r1l1,श्रीरामस्तवराजः ।,672,180,17
sriramastavarajah1898__11__r1l2.png,sriramastavarajah1898__11,sriramastavarajah1898,r1l2,११,128,167,2
sriramastavarajah1898__11__r1l5.png,sriramastavarajah1898__11,sriramastavarajah1898,r1l5,।। ७३ ।। स्थावरा जङ्गमाश्चैव त्वमेव रघु-,1506,136,40
sriramastavarajah1898__11__r1l7.png,sriramastavarajah1898__11,sriramastavarajah1898,r1l7,नायक ।। देवतिर्यङ्मनुष्याणां दानवानां त-,1446,125,40
sriramastavarajah1898__11__r1l8.png,sriramastavarajah1898__11,sriramastavarajah1898,r1l8,थैवच ।। ७४ ।। माता पिता तथा भ्राता,1545,140,34
sriramastavarajah1898__11__r1l9.png,sriramastavarajah1898__11,sriramastavarajah1898,r1l9,त्वमेव रघुवल्लभ ।। सर्वेषां त्वं परं ब्रह्म त्व-,1512,125,48
sriramastavarajah1898__11__r1l10.png,sriramastavarajah1898__11,sriramastavarajah1898,r1l10,न्मयं सर्वमेव हि ।। ७५ ।। त्वमक्षरं परं ज्यो-,1559,137,45
sriramastavarajah1898__11__r1l11.png,sriramastavarajah1898__11,sriramastavarajah1898,r1l11,तिस्त्वमेव पुरुषोत्तम ।। त्वमेव तारकं ब्रह्म,1541,147,44
sriramastavarajah1898__11__r1l12.png,sriramastavarajah1898__11,sriramastavarajah1898,r1l12,त्वत्तोन्यन्नैव किंचन ।। ७६ ।। शान्तं सर्व-,1487,138,43
sriramastavarajah1898__11__r1l13.png,sriramastavarajah1898__11,sriramastavarajah1898,r1l13,गतं सूक्ष्मं परं ब्रह्म सनातनम् ।। राजीव-,1546,101,41
sriramastavarajah1898__11__r1l15.png,sriramastavarajah1898__11,sriramastavarajah1898,r1l15,लोचनं रामं प्रणमामि जगत्पतिम् ।।७७।।,1534,140,36
sriramastavarajah1898__11__r1l16.png,sriramastavarajah1898__11,sriramastavarajah1898,r1l16,व्यास उवाच ।। ततः प्रसन्नः श्रीरामः प्रो-,1535,133,41
sriramastavarajah1898__11__r1l17.png,sriramastavarajah1898__11,sriramastavarajah1898,r1l17,वाच मुनिपुङ्गवम् ।। तुष्टोस्मि मुनिशार्दूल,1514,132,42
sriramastavarajah1898__11__r1l18.png,sriramastavarajah1898__11,sriramastavarajah1898,r1l18,वृणीष्व वरमुत्तमम् ।। ७८ ।। नारद उवा-,1557,134,37
sriramastavarajah1898__11__r1l19.png,sriramastavarajah1898__11,sriramastavarajah1898,r1l19,च ।। यदि तुष्टोसि सर्वज्ञ श्रीराम करुणा-,1534,130,40
sriramastavarajah1898__11__r1l20.png,sriramastavarajah1898__11,sriramastavarajah1898,r1l20,निधे ।। त्वन्मूर्तिदर्शनेनैव कृतार्थोऽहं च स-,1531,146,45
sriramastavarajah1898__11__r1l21.png,sriramastavarajah1898__11,sriramastavarajah1898,r1l21,र्वदा।।७९।। धन्योहंकृतकृत्योहं पुण्योहं पुरुषो,1542,133,46
sriramastavarajah1898__11__r1l22.png,sriramastavarajah1898__11,sriramastavarajah1898,r1l22,त्तम ।।अद्यमेसफलंजन्म जीवितंसफलंच,1552,126,33
sriramastavarajah1898__11__r1l23.png,sriramastavarajah1898__11,sriramastavarajah1898,r1l23,मे ।। ८० ।। अद्यमे सफलं ज्ञानमद्य मे सफलं,1539,151,41
sriramastavarajah1898__12__r2l1.png,sriramastavarajah1898__12,sriramastavarajah1898,r2l1,श्रीरामस्तवराजः ।,662,178,17
sriramastavarajah1898__12__r2l2.png,sriramastavarajah1898__12,sriramastavarajah1898,r2l2,१२,96,203,2
sriramastavarajah1898__12__r2l3.png,sriramastavarajah1898__12,sriramastavarajah1898,r2l3,तपः ।। अद्य मे सफलं जन्म त्वत्पदाम्भोज-,1505,155,39
sriramastavarajah1898__12__r2l4.png,sriramastavarajah1898__12,sriramastavarajah1898,r2l4,दर्शनात् ।। ८१ ।। अद्य मे सफलं सर्वं त्व-,1224,145,41
sriramastavarajah1898__12__r2l6.png,sriramastavarajah1898__12,sriramastavarajah1898,r2l6,न्नामस्मरणं तथा ।। त्वत्पादाम्भोरुहद्वन्द्वस-,1528,122,45
sriramastavarajah1898__12__line_1517235401215_202.png,sriramastavarajah1898__12,sriramastavarajah1898,line_1517235401215_202,द्भक्तिं देहि राघव ।। ८२ ।। ततः परमसं-,1507,143,38
sriramastavarajah1898__12__r2l9.png,sriramastavarajah1898__12,sriramastavarajah1898,r2l9,प्रीतो रामः प्राह स नारदम् ।। श्रीराम उ-,1524,135,40
sriramastavarajah1898__12__r2l10.png,sriramastavarajah1898__12,sriramastavarajah1898,r2l10,वाच ।। मुनिवर्य महाभाग मुने त्विष्टं ददा-,1536,131,41
sriramastavarajah1898__12__r2l11.png,sriramastavarajah1898__12,sriramastavarajah1898,r2l11,मि ते ।। तत्त्वया चेप्सितं सर्वं मनसा तद्भ-,1511,132,43
sriramastavarajah1898__12__r2l12.png,sriramastavarajah1898__12,sriramastavarajah1898,r2l12,विष्यति ।। ८३ ।। नारद उवाच ।। वरं न,1537,133,35
sriramastavarajah1898__12__r2l13.png,sriramastavarajah1898__12,sriramastavarajah1898,r2l13,याचे रघुनाथ युष्मत्पदाब्जभक्तिःसततं म-,1553,132,38
sriramastavarajah1898__12__r2l14.png,sriramastavarajah1898__12,sriramastavarajah1898,r2l14,मास्तु ।। इदं प्रियं नाथ वरं प्रयाचे पुनः पु-,1538,139,45
sriramastavarajah1898__12__r2l15.png,sriramastavarajah1898__12,sriramastavarajah1898,r2l15,नस्त्वामिदमेव याचे ।। ८४ ।। व्यास उवा-,1536,132,38
sriramastavarajah1898__12__r2l16.png,sriramastavarajah1898__12,sriramastavarajah1898,r2l16,च ।। इत्येवमीडितो रामः प्रादात्तस्मै वरा-,1527,134,41
sriramastavarajah1898__12__r2l17.png,sriramastavarajah1898__12,sriramastavarajah1898,r2l17,न्तरम् ।। विरराम महातेजाः सच्चिदानन्द,1515,134,37
sriramastavarajah1898__12__r2l18.png,sriramastavarajah1898__12,sriramastavarajah1898,r2l18,विग्रहः ।। ८५ ।। अद्वैतममलंज्ञानं त्वन्नाम-,1561,138,43
sriramastavarajah1898__12__r2l19.png,sriramastavarajah1898__12,sriramastavarajah1898,r2l19,स्मरणं तथा ।। अन्तर्धाय जगन्नाथः पुर-,1549,127,37
sriramastavarajah1898__12__r2l21.png,sriramastavarajah1898__12,sriramastavarajah1898,r2l21,तस्तस्य राघवः ।। ८६ ।। इति श्रीरघुना-,1526,136,37
sriramastavarajah1898__12__line_1517235384168_201.png,sriramastavarajah1898__12,sriramastavarajah1898,line_1517235384168_201,थस्य स्तवराजमनुत्तमम् ।।सर्वसौभाग्यसं-,1544,132,38
sriramastavarajah1898__12__r2l24.png,sriramastavarajah1898__12,sriramastavarajah1898,r2l24,पत्तिदायकं मुक्तिदं शुभम् ।। ८७ ।। कथि-,1520,163,39
sriramastavarajah1898__13__r1l1.png,sriramastavarajah1898__13,sriramastavarajah1898,r1l1,श्रीरामस्तवराजः।,590,174,16
sriramastavarajah1898__13__r1l2.png,sriramastavarajah1898__13,sriramastavarajah1898,r1l2,१३,76,164,2
sriramastavarajah1898__13__r1l3.png,sriramastavarajah1898__13,sriramastavarajah1898,r1l3,तं ब्रह्मपुत्रेण वेदानां सारमुत्तमम् ।। गुह्याद्गु,1489,179,50
sriramastavarajah1898__13__r1l4.png,sriramastavarajah1898__13,sriramastavarajah1898,r1l4,ह्यतमंदिव्यं तवस्नेहात्प्रकीर्तितम् ।। ८८ ।।,1520,115,44
sriramastavarajah1898__13__r1l5.png,sriramastavarajah1898__13,sriramastavarajah1898,r1l5,यः पठेच्छणुयाद्वापि त्रिसन्ध्यं श्रद्धयान्वि-,1541,139,45
sriramastavarajah1898__13__r1l6.png,sriramastavarajah1898__13,sriramastavarajah1898,r1l6,तः ।। ब्रह्महत्यादिपापानि तत्समानि बहूनि,1498,134,40
sriramastavarajah1898__13__r1l7.png,sriramastavarajah1898__13,sriramastavarajah1898,r1l7,च ।। ८९ ।। स्वर्णस्तेयसुरापानगुरुतल्पयु-,1538,127,40
sriramastavarajah1898__13__r1l8.png,sriramastavarajah1898__13,sriramastavarajah1898,r1l8,तानि च ।। गोवधाद्युपपापानि ह्यनृतादिभ-,1437,136,38
sriramastavarajah1898__13__r1l11.png,sriramastavarajah1898__13,sriramastavarajah1898,r1l11,वानि च ।। ९० ।। सर्वैः प्रमुच्यते पापैः क-,1551,133,42
sriramastavarajah1898__13__r1l12.png,sriramastavarajah1898__13,sriramastavarajah1898,r1l12,ल्पायुतशतोद्भवैः ।। मानसं वाचिकं पापं क-,1541,137,40
sriramastavarajah1898__13__r1l13.png,sriramastavarajah1898__13,sriramastavarajah1898,r1l13,र्मणा समुपार्जितम् ।। ९१ ।। श्रीरामस्मरणे-,1549,135,42
sriramastavarajah1898__13__r1l14.png,sriramastavarajah1898__13,sriramastavarajah1898,r1l14,नैव तत्क्षणान्नश्यति ध्रुवम् ।। इदं सत्यमिदं,1520,136,44
sriramastavarajah1898__13__r1l15.png,sriramastavarajah1898__13,sriramastavarajah1898,r1l15,सत्यं सत्यमेतदिहोच्यते ।। ९२ ।। रामः स-,1555,128,39
sriramastavarajah1898__13__r1l16.png,sriramastavarajah1898__13,sriramastavarajah1898,r1l16,त्यं परं ब्रह्म रामात्किंचिन्नविद्यते ।। तस्मा-,1536,143,47
sriramastavarajah1898__13__r1l17.png,sriramastavarajah1898__13,sriramastavarajah1898,r1l17,द्रामस्वत्वरूपात् सत्यं सत्यमिदं जगत् ।।,1519,135,40
sriramastavarajah1898__13__r1l18.png,sriramastavarajah1898__13,sriramastavarajah1898,r1l18,।। ९३ ।। श्रीरामचन्द्र रघुपुंगव राजवर्य रा-,1545,126,43
sriramastavarajah1898__13__line_1517235486472_203.png,sriramastavarajah1898__13,sriramastavarajah1898,line_1517235486472_203,जेन्द्र रामरघुनायक राघवेश ।। राजाधि-,1523,138,36
sriramastavarajah1898__13__r1l21.png,sriramastavarajah1898__13,sriramastavarajah1898,r1l21,राज रघुनन्दन रामभद्र दासोहमद्य भवतः,1556,132,35
sriramastavarajah1898__13__r1l22.png,sriramastavarajah1898__13,sriramastavarajah1898,r1l22,शरणागतोऽस्मि ।। ९४ ।। वैदेहीसहितं स-,1562,135,36
sriramastavarajah1898__13__r1l23.png,sriramastavarajah1898__13,sriramastavarajah1898,r1l23,रद्रुमतले हैमे महामण्डपे मध्ये पुष्पकमा-,1560,132,40
sriramastavarajah1898__14__r3l1.png,sriramastavarajah1898__14,sriramastavarajah1898,r3l1,श्रीरामस्तवराजः ।,651,182,17
sriramastavarajah1898__14__r3l2.png,sriramastavarajah1898__14,sriramastavarajah1898,r3l2,१४,132,153,2
sriramastavarajah1898__14__r3l3.png,sriramastavarajah1898__14,sriramastavarajah1898,r3l3,सने भणिमये वीरासने संस्थितम् ।। अग्रे,1547,169,37
sriramastavarajah1898__14__r3l4.png,sriramastavarajah1898__14,sriramastavarajah1898,r3l4,वाचयति प्रभज्जनसुते तत्त्वं मुनीन्द्रैः परं,1536,133,43
sriramastavarajah1898__14__r3l5.png,sriramastavarajah1898__14,sriramastavarajah1898,r3l5,व्याख्यातं भरतादिभिः परिवृतं रामं भजे,1526,133,37
sriramastavarajah1898__14__r3l7.png,sriramastavarajah1898__14,sriramastavarajah1898,r3l7,श्यामलम् ।। ९५ ।। रामं रत्नकिरीटकुण्ड-,1505,136,38
sriramastavarajah1898__14__r3l8.png,sriramastavarajah1898__14,sriramastavarajah1898,r3l8,लयुतं केयूरहारान्वितं सीतालंकृतवामभाग-,1502,74,38
sriramastavarajah1898__14__r3l10.png,sriramastavarajah1898__14,sriramastavarajah1898,r3l10,ममलं सिंहासनस्थं विभुम् ।। सुग्रीवादिह-,1497,151,39
sriramastavarajah1898__14__r3l11.png,sriramastavarajah1898__14,sriramastavarajah1898,r3l11,रीश्वरैःसुरगणैः संसेव्यमानंसदा विश्वामि-,1517,128,40
sriramastavarajah1898__14__line_1517235589829_204.png,sriramastavarajah1898__14,sriramastavarajah1898,line_1517235589829_204,त्रपराशरादिमुनिभिः संस्तूयमानं प्रभुम् ।।,1545,145,41
sriramastavarajah1898__14__r3l16.png,sriramastavarajah1898__14,sriramastavarajah1898,r3l16,।। ९६ ।। सकलगुणनिधानं योगिभिः स्तूयमा-,1536,126,38
sriramastavarajah1898__14__r3l17.png,sriramastavarajah1898__14,sriramastavarajah1898,r3l17,नं भुजविजितसमानं राक्षसेन्द्रादिमानम्।।,1423,140,39
sriramastavarajah1898__14__r3l18.png,sriramastavarajah1898__14,sriramastavarajah1898,r3l18,अहितनृपभयानं सीतया शोभमानं स्मृतहृ-,1513,129,35
sriramastavarajah1898__14__r3l19.png,sriramastavarajah1898__14,sriramastavarajah1898,r3l19,दयविमानं ब्रह्मरामाभिधानम् ।। ९७।। रघु-,1521,136,39
sriramastavarajah1898__14__r3l20.png,sriramastavarajah1898__14,sriramastavarajah1898,r3l20,वर तव मूर्तिर्मामके मानसाब्जे नरकगतिहरं,1536,133,39
sriramastavarajah1898__14__r3l21.png,sriramastavarajah1898__14,sriramastavarajah1898,r3l21,ते नामधेयं मुखे मे ।। अनिशमतुलभक्त्या,1489,131,37
sriramastavarajah1898__14__r3l22.png,sriramastavarajah1898__14,sriramastavarajah1898,r3l22,मस्तकं त्वत्पदाब्जे भवजलनिधिमग्नं रक्ष,1435,133,38
sriramastavarajah1898__14__r3l23.png,sriramastavarajah1898__14,sriramastavarajah1898,r3l23,मामार्तबन्धो ।। ९८ ।। रामरत्नमहं वन्दे चित्र-,1467,133,45
sriramastavarajah1898__14__r3l24.png,sriramastavarajah1898__14,sriramastavarajah1898,r3l24,कूटपतिंहरिम् ।। कौसल्याभक्तिसंभूतं जान-,1562,132,39
sriramastavarajah1898__14__r3l25.png,sriramastavarajah1898__14,sriramastavarajah1898,r3l25,कीकण्ठभूषणम् ।। ९९ ।। इति श्रीसनत्कु-,1533,140,37
sriramastavarajah1898__15__r2l1.png,sriramastavarajah1898__15,sriramastavarajah1898,r2l1,१५,88,65,2
sriramastavarajah1898__15__r2l2.png,sriramastavarajah1898__15,sriramastavarajah1898,r2l2,श्रीरामस्तवराजः ।,646,182,17
sriramastavarajah1898__15__line_1517235739314_207.png,sriramastavarajah1898__15,sriramastavarajah1898,line_1517235739314_207,मारसंहितायां नारदोक्तश्रीरामचन्द्रस्तवरा-,1556,169,41
sriramastavarajah1898__15__r2l7.png,sriramastavarajah1898__15,sriramastavarajah1898,r2l7,जस्तोत्रं सम्पूर्णम् ।। श्रीसीतारामाभ्यांनमः ।।,1495,136,47
sriramastavarajah1898__15__r2l8.png,sriramastavarajah1898__15,sriramastavarajah1898,r2l8,अथ प्रातर्निवेदनकारिकाः ।,1326,183,25
sriramastavarajah1898__15__r2l9.png,sriramastavarajah1898__15,sriramastavarajah1898,r2l9,श्रीमते रामानुजाय नमः ।। ।। श्रीगणे-,1420,164,36
sriramastavarajah1898__15__r2l10.png,sriramastavarajah1898__15,sriramastavarajah1898,r2l10,शाय नमः ।। ।। उत्थाय शयने तस्मिन्ना-,1487,127,36
sriramastavarajah1898__15__r2l12.png,sriramastavarajah1898__15,sriramastavarajah1898,r2l12,सीनो नियतेन्द्रियः ।। त्रस्तनिर्विण्णहृदयो,1281,140,42
sriramastavarajah1898__15__r2l13.png,sriramastavarajah1898__15,sriramastavarajah1898,r2l13,व्यर्थं वीक्ष्य गतं वयः ।। १ ।। तापत्रयेण,1557,133,41
sriramastavarajah1898__15__r2l14.png,sriramastavarajah1898__15,sriramastavarajah1898,r2l14,चाक्रगन्तस्तीव्रेणाध्यात्मिकादिना ।। दाव-,1532,137,41
sriramastavarajah1898__15__r2l15.png,sriramastavarajah1898__15,sriramastavarajah1898,r2l15,जेनाग्निनालीढो भ्राम्यन्निववनेमृगः ।। २ ।।,1518,139,42
sriramastavarajah1898__15__r2l16.png,sriramastavarajah1898__15,sriramastavarajah1898,r2l16,संसारवागुरान्तस्थो लूनपक्ष इवाण्डजः ।।,1497,127,38
sriramastavarajah1898__15__r2l17.png,sriramastavarajah1898__15,sriramastavarajah1898,r2l17,अपश्यन्निर्गमोपायमागामिष्वपि जन्मसु ।।,1378,134,38
sriramastavarajah1898__15__r2l18.png,sriramastavarajah1898__15,sriramastavarajah1898,r2l18,।। ३ ।। अकार्यैरतिबीभत्सैः क्रियमाणैः कृतै-,1451,132,43
sriramastavarajah1898__15__r2l19.png,sriramastavarajah1898__15,sriramastavarajah1898,r2l19,रपि ।। लज्जितश्च विषण्णश्च स्मर्यमाणैः,1548,131,38
sriramastavarajah1898__15__r2l20.png,sriramastavarajah1898__15,sriramastavarajah1898,r2l20,स्वकर्मभिः ।। ४ ।। अविनीतमशिक्षार्हमस-,1528,132,38
sriramastavarajah1898__15__line_1517235718590_206.png,sriramastavarajah1898__15,sriramastavarajah1898,line_1517235718590_206,द्रुणगणाकरम्।। अवधार्य स्वमात्मानमचि-,1485,136,37
sriramastavarajah1898__15__line_1517235710683_205.png,sriramastavarajah1898__15,sriramastavarajah1898,line_1517235710683_205,कित्स्याशुभाश्रयम् ।। ५ ।। दह्यमानेन्धना,1414,134,40
sriramastavarajah1898__15__r2l25.png,sriramastavarajah1898__15,sriramastavarajah1898,r2l25,न्तस्थो विस्फुरन्निव कीटकः ।। अलब्धनि-,1364,142,38
sriramastavarajah1898__16__r2l1.png,sriramastavarajah1898__16,sriramastavarajah1898,r2l1,प्रातर्निवेदनकारिकाः ।,813,189,22
sriramastavarajah1898__16__r2l2.png,sriramastavarajah1898__16,sriramastavarajah1898,r2l2,१६,126,167,2
sriramastavarajah1898__16__r2l3.png,sriramastavarajah1898__16,sriramastavarajah1898,r2l3,र्गमस्तिष्ठन्मध्ये मरणजन्मनोः ।। ६ ।। विह्व-,1539,175,44
sriramastavarajah1898__16__r2l4.png,sriramastavarajah1898__16,sriramastavarajah1898,r2l4,लश्च विषण्णश्च विमृशन्स्वामिमां दशाम् ।।,1550,132,40
sriramastavarajah1898__16__r2l5.png,sriramastavarajah1898__16,sriramastavarajah1898,r2l5,चिन्तयेत्प्रथमं चैवमाचरन्प्रियमात्मनः।। ७ ।।,1520,136,44
sriramastavarajah1898__16__r2l6.png,sriramastavarajah1898__16,sriramastavarajah1898,r2l6,संसारचक्रमारोप्य बलिभिः कर्मरज्जुभिः ।।,1525,133,39
sriramastavarajah1898__16__r2l7.png,sriramastavarajah1898__16,sriramastavarajah1898,r2l7,कालेनाकृष्यमाणस्य जङ्गमस्थावरात्मनः ।।,1549,136,38
sriramastavarajah1898__16__r2l8.png,sriramastavarajah1898__16,sriramastavarajah1898,r2l8,।। ८ ।। अहो मे महती याता निष्कला ज-,1546,125,35
sriramastavarajah1898__16__r2l9.png,sriramastavarajah1898__16,sriramastavarajah1898,r2l9,न्मसंततिः ।। अनाराधितगोविन्दचरणाम्भो-,1562,139,37
sriramastavarajah1898__16__r2l11.png,sriramastavarajah1898__16,sriramastavarajah1898,r2l11,रुहद्वया ।। ९ ।। अनास्वादितसत्कर्मज्ञानभ-,1564,141,41
sriramastavarajah1898__16__r2l12.png,sriramastavarajah1898__16,sriramastavarajah1898,r2l12,क्तिसुधारसा।। अदृष्टानन्तसंसारसागरोत्ता-,1521,86,40
sriramastavarajah1898__16__r2l14.png,sriramastavarajah1898__16,sriramastavarajah1898,r2l14,रणप्लवा ।। १० ।। श्रुतिस्मृत्युदिताशेष-,1564,137,39
sriramastavarajah1898__16__line_1517235861600_208.png,sriramastavarajah1898__16,sriramastavarajah1898,line_1517235861600_208,सदाचारपराङ्मुखी ।। त्यक्तवर्णसमाचारा,1524,141,36
sriramastavarajah1898__16__r2l17.png,sriramastavarajah1898__16,sriramastavarajah1898,r2l17,भ्रष्टा वैदिकवर्त्मनः ।। ११ ।। अनुपासित-,1532,134,40
sriramastavarajah1898__16__r2l18.png,sriramastavarajah1898__16,sriramastavarajah1898,r2l18,सद्वृद्धा स्वीकृतासत्समागमा ।। असम्पादि-,1549,132,40
sriramastavarajah1898__16__r2l20.png,sriramastavarajah1898__16,sriramastavarajah1898,r2l20,तशुश्रूषा गुर्वाचार्यपितृष्वपि ।। १२ ।। नि-,1395,132,43
sriramastavarajah1898__16__r2l21.png,sriramastavarajah1898__16,sriramastavarajah1898,r2l21,जकर्मजदेवादिदेहाध्यस्तात्मभावना ।। तद्भा-,1546,139,41
sriramastavarajah1898__16__r2l22.png,sriramastavarajah1898__16,sriramastavarajah1898,r2l22,वनानुगोद्भूतसुखटुःखव्यवस्थितिः ।। १३ ।।,1468,132,39
sriramastavarajah1898__16__r2l23.png,sriramastavarajah1898__16,sriramastavarajah1898,r2l23,असंभूतस्वयाथात्म्यज्ञानजोत्तमनिर्तृतिः ।।,1488,136,41
sriramastavarajah1898__16__r2l25.png,sriramastavarajah1898__16,sriramastavarajah1898,r2l25,पशुवत्प्राकृतैरेव गुणैरधिकनिर्वृता ।। १४ ।।,1443,153,43
sriramastavarajah1898__17__r2l1.png,sriramastavarajah1898__17,sriramastavarajah1898,r2l1,प्रातर्निवेदनकारिकाः ।,789,147,22
sriramastavarajah1898__17__r2l2.png,sriramastavarajah1898__17,sriramastavarajah1898,r2l2,१७,104,153,2
sriramastavarajah1898__17__r2l3.png,sriramastavarajah1898__17,sriramastavarajah1898,r2l3,न कर्मनिष्ठा नात्मज्ञानापि भक्तियुता हरौ ।।,1484,173,43
sriramastavarajah1898__17__r2l4.png,sriramastavarajah1898__17,sriramastavarajah1898,r2l4,नोद्युक्ता भक्तिहीनत्वात्तत्क्रियास्वर्चनादिषु।।,1507,145,48
sriramastavarajah1898__17__r2l5.png,sriramastavarajah1898__17,sriramastavarajah1898,r2l5,१५ ।। कर्मभिः पुण्यपापाख्यैरविद्यापरनाम,1488,125,39
sriramastavarajah1898__17__r2l6.png,sriramastavarajah1898__17,sriramastavarajah1898,r2l6,भिः ।। धूमैरिवार्चिराग्नेयं ज्ञानमावृत्यदेहि-,1487,140,45
sriramastavarajah1898__17__r2l8.png,sriramastavarajah1898__17,sriramastavarajah1898,r2l8,नः ।। १६ ।। भूषयित्वा स्वकं देहं शब्दा-,1224,137,39
sriramastavarajah1898__17__r2l11.png,sriramastavarajah1898__17,sriramastavarajah1898,r2l11,द्यैः स्वार्जितैर्गुणैः ।। दर्शयित्वा स्वसौन्दर्य-,1520,81,50
sriramastavarajah1898__17__r2l13.png,sriramastavarajah1898__17,sriramastavarajah1898,r2l13,मात्मने तिष्ठमानया ।। १७ ।। निरस्ताति-,1541,81,38
sriramastavarajah1898__17__r2l14.png,sriramastavarajah1898__17,sriramastavarajah1898,r2l14,शयाह्लादसुखभावैकलक्षणम् ।। संच्छाद्यस्व-,1532,135,40
sriramastavarajah1898__17__r2l15.png,sriramastavarajah1898__17,sriramastavarajah1898,r2l15,गुणै एवं स्वरूपं परमात्मनः ।। १८ ।। गुण-,1514,134,40
sriramastavarajah1898__17__r2l16.png,sriramastavarajah1898__17,sriramastavarajah1898,r2l16,मुय्या प्रकृत्याख्यभगवन्माययानया ।। स्व-,1534,135,40
sriramastavarajah1898__17__r2l17.png,sriramastavarajah1898__17,sriramastavarajah1898,r2l17,सँल्लीनानन्तजीवकृतकर्मानुरूपया।। १९ ।।,1481,139,38
sriramastavarajah1898__17__r2l18.png,sriramastavarajah1898__17,sriramastavarajah1898,r2l18,गुणत्रयाश्रयानन्तविचित्रपरिणामया ।। अ-,1534,126,38
sriramastavarajah1898__17__r2l19.png,sriramastavarajah1898__17,sriramastavarajah1898,r2l19,तिदुस्तरयादेव प्रपत्तिरहितात्मभिः ।। २० ।।,1490,128,42
sriramastavarajah1898__17__r2l20.png,sriramastavarajah1898__17,sriramastavarajah1898,r2l20,प्रलोभ्यमाना सततं तयैवात्यन्तनिर्वृता ।।,1514,143,40
sriramastavarajah1898__17__r2l21.png,sriramastavarajah1898__17,sriramastavarajah1898,r2l21,अजानतीव स्वहितं मूकस्वप्नानुकारिणी ।।,1503,133,37
sriramastavarajah1898__17__r2l22.png,sriramastavarajah1898__17,sriramastavarajah1898,r2l22,।। २१ ।। निष्पानीये निरालम्बे निच्छाये,1521,136,38
sriramastavarajah1898__17__r2l23.png,sriramastavarajah1898__17,sriramastavarajah1898,r2l23,निरुपाश्रये ।। द्राघीयस्यशुभेमार्गे यमस्य,1509,126,41
sriramastavarajah1898__17__line_1517235981531_209.png,sriramastavarajah1898__17,sriramastavarajah1898,line_1517235981531_209,सदनं प्रति ।। २२ ।। गच्छतो मेसहायस्य,1509,140,36
sriramastavarajah1898__18__r2l1.png,sriramastavarajah1898__18,sriramastavarajah1898,r2l1,प्रातर्निवेदनकारिकाः ।,793,182,22
sriramastavarajah1898__18__r2l2.png,sriramastavarajah1898__18,sriramastavarajah1898,r2l2,१८,94,178,2
sriramastavarajah1898__18__r2l3.png,sriramastavarajah1898__18,sriramastavarajah1898,r2l3,वर्द्धयन्ती भयं महत् ।। अतीतापि सदैवैषा,1532,161,39
sriramastavarajah1898__18__line_1517236135494_213.png,sriramastavarajah1898__18,sriramastavarajah1898,line_1517236135494_213,तिष्ठतीव पुरो मम ।। २३ ।। गतायास्त्वी-,1530,142,38
sriramastavarajah1898__18__r2l6.png,sriramastavarajah1898__18,sriramastavarajah1898,r2l6,दृशं रूपं वर्त्तमानेपि जन्मनि ।। तथैव सुम-,1518,136,42
sriramastavarajah1898__18__line_1517236127712_212.png,sriramastavarajah1898__18,sriramastavarajah1898,line_1517236127712_212,हान्कालो गतक्षण इवाल्पकः ।। २४ ।। अ-,1511,137,36
sriramastavarajah1898__18__r2l9.png,sriramastavarajah1898__18,sriramastavarajah1898,r2l9,लब्धसुखसंस्पर्शमकृताघौघनिष्कृतिः ।। वि-,1556,131,39
sriramastavarajah1898__18__r2l10.png,sriramastavarajah1898__18,sriramastavarajah1898,r2l10,नैव हरिपादार्चामहो पश्यत एव मे ।। २५।।,1527,141,38
sriramastavarajah1898__18__r2l11.png,sriramastavarajah1898__18,sriramastavarajah1898,r2l11,किं करिष्यामि पदयोर्निपतिष्यामि कस्य,1525,133,36
sriramastavarajah1898__18__r2l12.png,sriramastavarajah1898__18,sriramastavarajah1898,r2l12,वा ।। २६ ।। इत ऊर्ध्वमहं तावद्यावज्जीवं,1542,136,39
sriramastavarajah1898__18__r2l13.png,sriramastavarajah1898__18,sriramastavarajah1898,r2l13,श्रियः श्रियः ।। पदयोरर्चनं कर्तुं यतमानः,1518,137,41
sriramastavarajah1898__18__r2l14.png,sriramastavarajah1898__18,sriramastavarajah1898,r2l14,समाहितः ।। २७।। अभिगच्छन्हरिंप्राप्तः प-,1552,136,40
sriramastavarajah1898__18__line_1517236116611_211.png,sriramastavarajah1898__18,sriramastavarajah1898,line_1517236116611_211,श्चाद् द्रव्याणि चार्जयन् ।। अर्चयंश्च ततो,1527,134,42
sriramastavarajah1898__18__r2l17.png,sriramastavarajah1898__18,sriramastavarajah1898,r2l17,देवं ततो मन्त्राज्जपन्नपि ।। २८ ।। ध्यायन्न-,1523,135,44
sriramastavarajah1898__18__r2l18.png,sriramastavarajah1898__18,sriramastavarajah1898,r2l18,पि परं देवं कालेषुक्रेषु पञ्चसु ।। वर्त्तमानः,1512,151,45
sriramastavarajah1898__18__r2l20.png,sriramastavarajah1898__18,sriramastavarajah1898,r2l20,सदा चैव पाश्चकालिकवर्त्मना ।। २९ ।। स्वा-,1468,92,41
sriramastavarajah1898__18__r2l21.png,sriramastavarajah1898__18,sriramastavarajah1898,r2l21,र्जितैर्गन्धपुष्पाद्यैः शुभैः शक्त्यनुरूपतः ।।,1534,145,46
sriramastavarajah1898__18__line_1517236101963_210.png,sriramastavarajah1898__18,sriramastavarajah1898,line_1517236101963_210,आराधयन्हरिं भक्त्या गमयिष्यामि वास-,1558,138,35
sriramastavarajah1898__18__r2l25.png,sriramastavarajah1898__18,sriramastavarajah1898,r2l25,रान् ।। ३० ।। इति वेदान्ताचार्यवि० प्रात-,1536,139,41
sriramastavarajah1898__18__r2l27.png,sriramastavarajah1898__18,sriramastavarajah1898,r2l27,नि० कारिकाः समाप्ताः ।। ।। ।। ।।,1249,149,32
trisuli1890__00c__line_1517229948264_107.png,trisuli1890__00c,trisuli1890,line_1517229948264_107,पीयूषलहरी,873,90,9
trisuli1890__00c__line_1517229952801_108.png,trisuli1890__00c,trisuli1890,line_1517229952801_108,अर्त्थात् गङ्गालहरी,991,104,19
trisuli1890__00c__line_1517229957298_109.png,trisuli1890__00c,trisuli1890,line_1517229957298_109,पण्डितवर जगन्नाथत्रिशूलि कृत,1815,106,28
trisuli1890__00c__line_1517229962303_110.png,trisuli1890__00c,trisuli1890,line_1517229962303_110,जिसमें,255,104,6
trisuli1890__00c__line_1517229967473_111.png,trisuli1890__00c,trisuli1890,line_1517229967473_111,श्रीमहाराणी गंगाजीका चरित्र उत्तमरीतिसे वर्णितहै,2216,98,48
trisuli1890__00c__line_1517229971180_112.png,trisuli1890__00c,trisuli1890,line_1517229971180_112,जिसे,206,104,4
trisuli1890__00c__line_1517229977514_113.png,trisuli1890__00c,trisuli1890,line_1517229977514_113,अत्यन्त कठिन पाण्डित्यपूरित विचारिकर श्रीमहारा-,2298,104,47
trisuli1890__00c__line_1517229986544_114.png,trisuli1890__00c,trisuli1890,line_1517229986544_114,जाधिराज राजेन्द्र महाराज परमधर्म्मज्ञ प्रजापालन,2298,90,47
trisuli1890__00c__line_1517229994763_115.png,trisuli1890__00c,trisuli1890,line_1517229994763_115,तत्पर भूलोक पुरन्दर बैकुण्ठागार वालीय भरतपुर,2311,104,44
trisuli1890__00c__line_1517230003073_116.png,trisuli1890__00c,trisuli1890,line_1517230003073_116,श्रीमद्बलवन्तसिंह बहादुर बहादुरजंगकी आज्ञा,2069,104,42
trisuli1890__00c__line_1517230008338_117.png,trisuli1890__00c,trisuli1890,line_1517230008338_117,पाय बलदेवसिंहने अत्युत्तम कवित्तोंमें प्रति,1840,114,43
trisuli1890__00c__line_1517230014399_118.png,trisuli1890__00c,trisuli1890,line_1517230014399_118,श्लोक अनुवाद कियाथा ॥,1164,114,21
trisuli1890__00c__line_1517230022367_119.png,trisuli1890__00c,trisuli1890,line_1517230022367_119,उक्त श्रीमहाराज बहादुर भरतपुरके चरणसेवक,1988,104,39
trisuli1890__00c__line_1517230028565_120.png,trisuli1890__00c,trisuli1890,line_1517230028565_120,बलदेवसिंह वैश्य खण्डेलवाल पेशकारात्मज,1922,104,37
trisuli1890__00c__line_1517230034911_121.png,trisuli1890__00c,trisuli1890,line_1517230034911_121,गोपालसिंहके उद्योगसे ॥,1110,112,22
trisuli1890__00c__line_1517230038970_122.png,trisuli1890__00c,trisuli1890,line_1517230038970_122,दूसरीबार,376,135,8
trisuli1890__00c__line_1517230078504_127.png,trisuli1890__00c,trisuli1890,line_1517230078504_127,41,149,106,2
trisuli1890__00c__line_1517230042471_123.png,trisuli1890__00c,trisuli1890,line_1517230042471_123,लखनऊ,508,90,4
trisuli1890__00c__line_1517230049746_124.png,trisuli1890__00c,trisuli1890,line_1517230049746_124,"मुन्शीनवलकिशोर (सी, आई, ई) के यंत्रालयमें छापीगई",2139,118,48
trisuli1890__00c__line_1517230058371_125.png,trisuli1890__00c,trisuli1890,line_1517230058371_125,नवम्वर सन् १८५० ई० ॥,893,143,20
trisuli1890__01__r1l1.png,trisuli1890__01,trisuli1890,r1l1,भूमिका ॥,570,196,8
trisuli1890__01__r1l2.png,trisuli1890__01,trisuli1890,r1l2,विदितहो कि श्रीमन्महाराजाधिराज राजेन्द्र श्रीब्रजेन्द्रमहा-,2484,225,59
trisuli1890__01__r1l3.png,trisuli1890__01,trisuli1890,r1l3,राज परम धर्मज्ञ प्रजापालन तत्पर भूलोक पुरन्दर परमउदार,2690,154,53
trisuli1890__01__r1l4.png,trisuli1890__01,trisuli1890,r1l4,बैकुणठागारवालीय भरतपुर श्रीमत्बलवंतसिंह बहादुर बहादुर-,2674,158,54
trisuli1890__01__r1l5.png,trisuli1890__01,trisuli1890,r1l5,जंगने अपनी कृपातिशय प्रकटकरनेके हेतु मेरेपिताजीको आज्ञा,2680,165,55
trisuli1890__01__r1l6.png,trisuli1890__01,trisuli1890,r1l6,दीथी कि आजकल संस्कृत विद्याका प्रचार न्यूनहोता जाता है,2682,156,54
trisuli1890__01__r1l7.png,trisuli1890__01,trisuli1890,r1l7,लोगोंकी बुद्धि अतिकुण्ठितहै इस्से कोई पुस्तक भाषानिबन्धसे,2698,167,57
trisuli1890__01__r1l8.png,trisuli1890__01,trisuli1890,r1l8,"उल्थाकीजाय, इसआज्ञानुसार पिताजीते पण्डित राजजगन्नाथ",2674,157,51
trisuli1890__01__r1l9.png,trisuli1890__01,trisuli1890,r1l9,त्रिशूलीकृत पियूषलहरीको उल्था प्रतिश्लोकसंस्कृतसे भाषामें,2684,159,57
trisuli1890__01__r1l10.png,trisuli1890__01,trisuli1890,r1l10,"किया, श्रीमहाराजने उसउल्थाकोदेख अतिप्रसन्न मनहोकर एक",2714,159,52
trisuli1890__01__r1l11.png,trisuli1890__01,trisuli1890,r1l11,लेखक गिरिधरनामीको नौकरकरके केवलइसकीप्रति लिखानेको,2674,152,49
trisuli1890__01__r1l13.png,trisuli1890__01,trisuli1890,r1l13,नियतकरदिया कि यत्रतत्र इसकीप्रति प्रचलितहुंई परंतु यन्त्रा-,2678,155,59
trisuli1890__01__r1l14.png,trisuli1890__01,trisuli1890,r1l14,लयकाप्रचार ऐसाअधिक न था देशीरीतिपर पुस्तकैं लिखीगंई,2650,159,51
trisuli1890__01__r1l15.png,trisuli1890__01,trisuli1890,r1l15,इससेप्रचार अधिक न हुआ और इसउल्थाके उपरान्त हनुमा-,2672,165,49
trisuli1890__01__r1l16.png,trisuli1890__01,trisuli1890,r1l16,न्नाटक संस्कृत ग्रन्थकाउल्था विचित्र रामायणनामसे विख्यात,2682,159,56
trisuli1890__01__r1l17.png,trisuli1890__01,trisuli1890,r1l17,उक्तश्रीमन्महाराजकी आज्ञानुसार कियागयाथा कि वहउक्तरीति,2688,157,54
trisuli1890__01__r1l18.png,trisuli1890__01,trisuli1890,r1l18,अनुसार लिखलिखकर प्रचलितहुआपरंतु जैसाशीघ्र और सार्ब-,2680,164,51
trisuli1890__01__r1l19.png,trisuli1890__01,trisuli1890,r1l19,जनीन बिदित अबयंत्रालयद्वारा पस्तकोंका प्रचारहोताहै वहकहां,2690,158,57
trisuli1890__01__r1l20.png,trisuli1890__01,trisuli1890,r1l20,इसलिये जोउल्थाप्रथम आज्ञानुसार बनायागयाथा उसकासार्व-,2670,158,52
trisuli1890__01__r1l21.png,trisuli1890__01,trisuli1890,r1l21,जनीनप्रचार होनेके हेतु श्रीमन्महाराजाधिराज बैकुण्ठागारकी,2690,159,56
trisuli1890__01__r1l22.png,trisuli1890__01,trisuli1890,r1l22,कीर्त्ति और परलोकनिवासी पिताजीकीकृति प्रकट करनेको यह,2686,158,52
trisuli1890__01__r1l23.png,trisuli1890__01,trisuli1890,r1l23,उल्था पीयूषलहरीका छपवायागयाहै शब्द अर्थका संस्कृतकेअनु-,2648,157,55
trisuli1890__01__line_1517230134248_128.png,trisuli1890__01,trisuli1890,line_1517230134248_128,सारहोना और रीतिविरुद्ध नहोना इसउल्यासे प्रकटहै परम्परासे,2682,163,56
trisuli1890__01__r1l26.png,trisuli1890__01,trisuli1890,r1l26,श्री मत्ब्रजेनद्र वालीय भरतपुरके चरणसेवक बलदेवसिंह वैश्य,2682,158,56
trisuli1890__01__r1l27.png,trisuli1890__01,trisuli1890,r1l27,"खंडेलवाल, पेशकारनकम, तत्पुत्र गोपालसिंहकी यहप्रार्थना है",2652,177,56
trisuli1890__02__line_1517230237645_129.png,trisuli1890__02,trisuli1890,line_1517230237645_129,(२),375,117,3
trisuli1890__02__r2l2.png,trisuli1890__02,trisuli1890,r2l2,कि इसपुस्तकमें जोकुछ लेखक प्रमाद आदिकसे भूलचूक देखैं,2714,161,52
trisuli1890__02__r2l4.png,trisuli1890__02,trisuli1890,r2l4,वहक्षमाकरैं और बनादें और इसश्लोकके आशयको यादकरैं ॥,2664,164,50
trisuli1890__02__r2l5.png,trisuli1890__02,trisuli1890,r2l5,श्लोक ॥,404,140,7
trisuli1890__02__r2l7.png,trisuli1890__02,trisuli1890,r2l7,गुणायन्तेदोषास्सुजनवदनेदुर्ज्जनमुखे,1600,122,35
trisuli1890__02__r2l8.png,trisuli1890__02,trisuli1890,r2l8,गुणादोषायन्तेतदिदमितिनोविस्मयपदम् ॥,1872,184,35
trisuli1890__02__r2l9.png,trisuli1890__02,trisuli1890,r2l9,यथाजीमूतास्येलवणजलधेर्वारिमधुरं,1560,145,31
trisuli1890__02__r2l10.png,trisuli1890__02,trisuli1890,r2l10,फणिःपीत्वाक्षीरंवमतिगरलंदुस्सहतरम् १ ॥,1936,172,38
trisuli1890__02__r2l11.png,trisuli1890__02,trisuli1890,r2l11,सत्सङ्गाद्भवतिहिसाधुताखलानां,1428,152,28
trisuli1890__02__r2l12.png,trisuli1890__02,trisuli1890,r2l12,साधूनांनचखलसंगमात्खलत्वम् ॥,1518,163,27
trisuli1890__02__r2l13.png,trisuli1890__02,trisuli1890,r2l13,आमोदंकुसुमभवंमृदेवधत्ते,1094,153,23
trisuli1890__02__r2l14.png,trisuli1890__02,trisuli1890,r2l14,मृद्गन्धंनहिकुसुमानिधारयंति २ ॥,1458,183,31
trisuli1890__04__r1l3.png,trisuli1890__04,trisuli1890,r1l3,पीयूषलहरी,662,223,9
trisuli1890__04__line_1517230360066_130.png,trisuli1890__04,trisuli1890,line_1517230360066_130,अर्थात् गङ्गालहरी ॥,1138,242,19
trisuli1890__04__r1l6.png,trisuli1890__04,trisuli1890,r1l6,क० ॥ सकल मही को परिपूरण सौभाग्य यही वेद,2538,252,39
trisuli1890__04__r1l7.png,trisuli1890__04,trisuli1890,r1l7,औ पुराणनको सरबससारहै । लीलाही करिकै जिन,2702,174,39
trisuli1890__04__r1l8.png,trisuli1890__04,trisuli1890,r1l8,अखिलरच्यो है जग ऐसेत्रिपुरारिजूको बैभवउदारहै ॥,2678,197,46
trisuli1890__04__r1l11.png,trisuli1890__04,trisuli1890,r1l11,देवनकोसुकृत अमोघप्रकट्योहैसही सुधातैंसरिससुतौ,2692,112,45
trisuli1890__04__r1l12.png,trisuli1890__04,trisuli1890,r1l12,शोभाको अगारहै । सलिलतुम्हारो गंग मंगलहमारो,2676,196,42
trisuli1890__04__line_1517230472180_133.png,trisuli1890__04,trisuli1890,line_1517230472180_133,नित पादपअमंगलको काटन कुठारहै १ दारिदजनित,2644,184,40
trisuli1890__04__line_1517230414757_132.png,trisuli1890__04,trisuli1890,line_1517230414757_132,दीनताईकेबिदारनके कारणहै जिनको ते दृष्टि तैं निहारै,2646,188,50
trisuli1890__04__line_1517230519440_134.png,trisuli1890__04,trisuli1890,line_1517230519440_134,हैं । जिनकेहृदय दुरबासनानहूतैं युक्त ऐसे पावरनहूँ के,2703,121,52
trisuli1890__04__r1l21.png,trisuli1890__04,trisuli1890,r1l21,पापनको हारै हैं ॥ मनकी अविद्यादीह द्रुमताहि काटन,2658,183,48
trisuli1890__04__line_1517230395490_131.png,trisuli1890__04,trisuli1890,line_1517230395490_131,को शिक्षाके करनहार तिनहि उचारै हैं । दायक हैं श्री,2686,194,50
trisuli1890__04__r1l24.png,trisuli1890__04,trisuli1890,r1l24,के हमैंनीके मात गंगतेरे वारिके प्रवाह चाह सकल सु-,2638,174,49
trisuli1890__04__r1l26.png,trisuli1890__04,trisuli1890,r1l26,धारै हैं २ उदयमत्सर तातैं प्रकट्यो कपट जाके जननी,2658,168,48
trisuli1890__04__r1l27.png,trisuli1890__04,trisuli1890,r1l27,बिनायककी कोपके कटाक्ष संग । बारबार तिनको चला-,2668,189,45
trisuli1890__04__r1l30.png,trisuli1890__04,trisuli1890,r1l30,इकै निहारैं तुम्हैं यातेई विदित कढ़ैंक्षोभके भरेतरंग ॥,2700,185,54
trisuli1890__04__r1l31.png,trisuli1890__04,trisuli1890,r1l31,तेईवे अपारसब सुखके भँडार सदा करत बिहार ईश,2656,188,41
trisuli1890__05__r1l1.png,trisuli1890__05,trisuli1890,r1l1,पीयूषलहरी ।,556,256,11
trisuli1890__05__line_1517230554193_135.png,trisuli1890__05,trisuli1890,line_1517230554193_135,५,108,99,1
trisuli1890__05__r1l3.png,trisuli1890__05,trisuli1890,r1l3,शीशपै लिये उमंग । सकलहमारेते दुरित भरभंगकरो,2698,170,43
trisuli1890__05__r1l5.png,trisuli1890__05,trisuli1890,r1l5,निकसे तो अंगते तरंगजे उतंगगंग ३ कबहूंही सुकृत न,2684,138,47
trisuli1890__05__r1l6.png,trisuli1890__05,trisuli1890,r1l6,कीनो जिनतेऊतुम्हैं सुमिरैं त्यों तिनहूँकी तंद्राको हरत,2710,197,54
trisuli1890__05__r1l7.png,trisuli1890__05,trisuli1890,r1l7,हाल । जैसे मारतंडकी प्रचंडने मयूष सदा सबै अंधकार,2708,180,48
trisuli1890__05__r1l8.png,trisuli1890__05,trisuli1890,r1l8,को बिदारतहैं ततकाल॥सेवत सकल सुरनिशिदिन जल,2676,187,41
trisuli1890__05__r1l9.png,trisuli1890__05,trisuli1890,r1l9,जाको ऐसी तेरी मूरतिसोचूरति अघबिशाल । सोई त्रय,2698,178,45
trisuli1890__05__r1l10.png,trisuli1890__05,trisuli1890,r1l10,ताप मेरीब्याधि व्यथा अंतरकी एहोमातगंग तिन्हैं भंग,2690,183,49
trisuli1890__05__r1l12.png,trisuli1890__05,trisuli1890,r1l12,करो ह्वै दयाल ४ तेरे आसरेते बलपायकै बिशाल गंग,2714,188,45
trisuli1890__05__r1l14.png,trisuli1890__05,trisuli1890,r1l14,बढ़योगर्वजाकूँ सोमैं तुमसों कहतसब । याही तैं वृंदारक,2692,181,52
trisuli1890__05__r1l15.png,trisuli1890__05,trisuli1890,r1l15,वृन्दनकी अवज्ञाकरी काहूकी न अबलगिमानी कछू,2696,200,41
trisuli1890__05__r1l16.png,trisuli1890__05,trisuli1890,r1l16,दाहदब ॥ जोपै कहूँ यासमै उदासता गहौगी अंब तो,2674,167,43
trisuli1890__05__r1l17.png,trisuli1890__05,trisuli1890,r1l17,मैं निराधारनाहिं दूसरो अधार भव । मुख बिलखाय,2692,187,43
trisuli1890__05__r1l18.png,trisuli1890__05,trisuli1890,r1l18,अति दीनता दिखाय कहौ कौनके अगारी जाइ रुदन,2658,183,40
trisuli1890__05__r1l19.png,trisuli1890__05,trisuli1890,r1l19,करूंगो अब ५ तृण ज्यों तुरंत निजराज त्यागितेईनृप,2698,191,47
trisuli1890__05__r1l20.png,trisuli1890__05,trisuli1890,r1l20,तेरे तीरहीको आय आसरो चितैधरैं । बैतकीलताबि-,2610,170,43
trisuli1890__05__r1l21.png,trisuli1890__05,trisuli1890,r1l21,लोल चैत चांदनीसे गंग तेरे वे तरंगनकी शोभाजे मनै,2654,190,47
trisuli1890__05__r1l22.png,trisuli1890__05,trisuli1890,r1l22,हरैं ॥ तिनको दरसकरैं सरस पियूषहू ते स्वादित तु-,2636,183,47
trisuli1890__05__r1l23.png,trisuli1890__05,trisuli1890,r1l23,म्हारो जल पेट तृप्ति ह्वै भरैं । ऐसेजे सदाईजन आनँद,2648,180,50
trisuli1890__05__r1l24.png,trisuli1890__05,trisuli1890,r1l24,उमंगभरे तुच्छ जाति मुक्तिकीहू हाँसीते कस्यो करैं ६,2676,177,50
trisuli1890__05__r1l26.png,trisuli1890__05,trisuli1890,r1l26,तेरे वे प्रवाह में प्रभात काल न्हात आय रमणीनरेशन,2684,181,48
trisuli1890__05__r1l27.png,trisuli1890__05,trisuli1890,r1l27,की आनँदको छायकै । तिनहीं के कुच लपटानो हुतो,2700,197,43
trisuli1890__05__r1l28.png,trisuli1890__05,trisuli1890,r1l28,मृगमद सोवह पखरिपस्यो तेरेजलआइकै ॥ जिनजिन,2674,182,40
trisuli1890__05__r1l29.png,trisuli1890__05,trisuli1890,r1l29,कौ हुतौ सुतेई वे कुरंगयूथ अतिही अनूप दिव्यरूप,2676,176,45
trisuli1890__05__r1l30.png,trisuli1890__05,trisuli1890,r1l30,को बनायकै । सेवितहैं वृंदारक वृंदनसों चहूंओर की-,2636,186,48
trisuli1890__05__r1l31.png,trisuli1890__05,trisuli1890,r1l31,नो तिननंदन उद्यानबास जाइकै ७ एकबार सुमिरण,2656,194,41
trisuli1890__06__r1l1.png,trisuli1890__06,trisuli1890,r1l1,पीयूषलहरी ।,528,199,11
trisuli1890__06__line_1517230892181_142.png,trisuli1890__06,trisuli1890,line_1517230892181_142,६,135,90,1
trisuli1890__06__r1l2.png,trisuli1890__06,trisuli1890,r1l2,करतजो नेक तुम्हैं तिनके पबित्र उरअंतर करतज्यों ।,2646,184,48
trisuli1890__06__r1l3.png,trisuli1890__06,trisuli1890,r1l3,काननकोप्यारो यहनाम जो तुम्हारो अंब मुखतैं उचा-,2700,164,46
trisuli1890__06__r1l5.png,trisuli1890__06,trisuli1890,r1l5,रतही पातकहरतन्यों ॥ औरेंयाजगत की जो दारूण,2694,121,41
trisuli1890__06__r1l8.png,trisuli1890__06,trisuli1890,r1l8,त्रिविधिताप तिनके बिदारन में बारनधरतत्यों । प्राण,2682,173,49
trisuli1890__06__r1l10.png,trisuli1890__06,trisuli1890,r1l10,के पयानसमै सोई तुमनामगंग गंगकरो मेरेमुखकंजमें,2702,126,45
trisuli1890__06__r1l13.png,trisuli1890__06,trisuli1890,r1l13,विलासयों ८ मंदाकिनि तेरे तीर तिनके निवासी जन,2704,99,44
trisuli1890__06__r1l15.png,trisuli1890__06,trisuli1890,r1l15,जिनके जनममृत्यु दुखको करैंनिपात । परमसंतोषभरे,2684,104,45
trisuli1890__06__r1l19.png,trisuli1890__06,trisuli1890,r1l19,क्रीड़ातहांकरैं काक तिनहूंकी महिमा बिशाल सो कही,2658,126,47
trisuli1890__06__r1l21.png,trisuli1890__06,trisuli1890,r1l21,न जात ॥ बासी चिरकालनके सबसुखराशीतेई बासव,2678,172,40
trisuli1890__06__r1l24.png,trisuli1890__06,trisuli1890,r1l24,के बैभवको तुच्छि गिनैं सबै भाँत । सोईतीर तेरे भव,2698,144,48
trisuli1890__06__r1l26.png,trisuli1890__06,trisuli1890,r1l26,भीरके हरनहार होउधीर मेरेश्रमकाटन को गंगमात ९,2682,133,44
trisuli1890__06__line_1517230812544_141.png,trisuli1890__06,trisuli1890,line_1517230812544_141,तेरोशुद्धतत्त्व जो अकथ्यमात गंगतामें जीवनकी मन,2626,178,46
trisuli1890__06__line_1517230796100_140.png,trisuli1890__06,trisuli1890,line_1517230796100_140,बुद्धि बानीहूं नजावै है । जातरह्यो भेद जिन बेदनको,2654,170,49
trisuli1890__06__line_1517230789896_139.png,trisuli1890__06,trisuli1890,line_1517230789896_139,तिनहूंते ताकोभेद कैसेहू जुकहतनआवै है ॥ याही तैं,2690,195,47
trisuli1890__06__line_1517230904025_144.png,trisuli1890__06,trisuli1890,line_1517230904025_144,अखंड निराकार नित्य एकरस निजतेज तिमिर अ-,2723,108,39
trisuli1890__06__line_1517230753964_138.png,trisuli1890__06,trisuli1890,line_1517230753964_138,ज्ञानको नशावै है । खोजि खोजिहारे हैं विरंचि विष्णु,2640,186,50
trisuli1890__06__line_1517230898762_143.png,trisuli1890__06,trisuli1890,line_1517230898762_143,वामदेव मेरीजड़बुद्धि ताहि कैसेकारिपावैहै १० बड़ेबड़े,2693,99,52
trisuli1890__06__r1l46.png,trisuli1890__06,trisuli1890,r1l46,दानयज्ञ करतबिधाननकेनिहचल लायध्यान आलस,2670,94,37
trisuli1890__06__r1l48.png,trisuli1890__06,trisuli1890,r1l48,को लावैना । करैं तपघोर जेसमूह चिरकालतऊ अति-,2654,179,43
trisuli1890__06__r1l49.png,trisuli1890__06,trisuli1890,r1l49,हीअगम हरिपद ताहि पावैना ॥ एहोमात याते तेरी,2652,164,42
trisuli1890__06__r1l50.png,trisuli1890__06,trisuli1890,r1l50,महिमा अतुलसुतो काहूबिधि कैसेहू जुमोपै तुलिआवै,2718,154,45
trisuli1890__06__r1l52.png,trisuli1890__06,trisuli1890,r1l52,ना । सोई पद सहज अखिल जगजीवनको देतै मात,2666,174,38
trisuli1890__06__r1l53.png,trisuli1890__06,trisuli1890,r1l53,गंगनेकबारहिलगावैना ११ क्रोधसों मलिनमुख ऐसी,2698,163,42
trisuli1890__06__line_1517230707012_137.png,trisuli1890__06,trisuli1890,line_1517230707012_137,उमाबारबार बरजै परमहठ करि पशुपतिकौं । तिनहूं,2666,213,43
trisuli1890__06__line_1517230689731_136.png,trisuli1890__06,trisuli1890,line_1517230689731_136,को हठतजि सादरसमेत तुम्हैं धारैंनिज शीशपै प्रमोद,2696,175,47
trisuli1890__07__r1l1.png,trisuli1890__07,trisuli1890,r1l1,पीयूषलहरी ।,676,189,11
trisuli1890__07__line_1517231052001_145.png,trisuli1890__07,trisuli1890,line_1517231052001_145,७,122,99,1
trisuli1890__07__r1l3.png,trisuli1890__07,trisuli1890,r1l3,मानि चितकौं ॥ मंगल करनवारी मूरतितुम्हारीताकी,2660,171,44
trisuli1890__07__r1l6.png,trisuli1890__07,trisuli1890,r1l6,बरनैको लोकमाहिं महिमाकीगतिकौं । जाकेनेक दर-,2660,104,43
trisuli1890__07__r1l11.png,trisuli1890__07,trisuli1890,r1l11,शन करतेही जीवनके दूरिहोत भवभय पावैंशुभमति,2698,130,41
trisuli1890__07__r1l15.png,trisuli1890__07,trisuli1890,r1l15,कौं १२ निंदित जेकीने हैं उन्नत उनमत्तनिहू संसकार,2686,133,48
trisuli1890__07__line_1517231060357_146.png,trisuli1890__07,trisuli1890,line_1517231060357_146,हीननिहूँ नेकनाहिं आदरे । जिनके सुनेतैं हिंसक निहू,2703,106,49
trisuli1890__07__line_1517231155360_150.png,trisuli1890__07,trisuli1890,line_1517231155360_150,के रोमहोत हेमके हरैया आदि तेऊतिनतैं डरे ॥ जिन,2692,153,45
trisuli1890__07__line_1517231145899_149.png,trisuli1890__07,trisuli1890,line_1517231145899_149,हूँकेतारन मैं आलस न लावतहौ पातकीनहूँतैं महापा-,2664,115,46
trisuli1890__07__line_1517231126194_148.png,trisuli1890__07,trisuli1890,line_1517231126194_148,पनके आगरे । अधिक सबहीते तो महिमाकहांलौकहौं,2682,191,42
trisuli1890__07__r1l32.png,trisuli1890__07,trisuli1890,r1l32,तैंने गंगलोकनके पातक परैंकरे १३ सकल महीतल,2650,166,41
trisuli1890__07__r1l35.png,trisuli1890__07,trisuli1890,r1l35,को शोकदूरिकरिबेको आओ सुरलोकतैं बिचारिकैदया,2528,128,42
trisuli1890__07__r1l37.png,trisuli1890__07,trisuli1890,r1l37,हिये । बांधी जटाधरने जटाकेजूट ग्रंथमाहिं यतैंहीरहैं,2620,174,51
trisuli1890__07__r1l38.png,trisuli1890__07,trisuli1890,r1l38,हमउरमैं बिचार किये ॥ करैनिरलोभनके मनकोसदाई,2560,177,42
trisuli1890__07__r1l39.png,trisuli1890__07,trisuli1890,r1l39,लोभ सो तौ याप्रकारके तुम्हारे गुण मानिये । तिनही,2656,188,48
trisuli1890__07__r1l40.png,trisuli1890__07,trisuli1890,r1l40,गुननको सकलभांतिही सों यह एहो मात मंदाकिनि,2706,171,41
trisuli1890__07__r1l41.png,trisuli1890__07,trisuli1890,r1l41,फैल्यो दोष जानिये १४ नैननतैं अंध और पावनतैं,2646,174,43
trisuli1890__07__r1l42.png,trisuli1890__07,trisuli1890,r1l42,पंगुजे सुभावकरि बहैरे जिनकी जड़मति है । उक्तिनतैं,2698,178,49
trisuli1890__07__r1l43.png,trisuli1890__07,trisuli1890,r1l43,बिकल ग्रसेजेभूतप्रेतनिहूँ त्यागे देवतानि तिनपाई नर्क,2676,170,52
trisuli1890__07__r1l44.png,trisuli1890__07,trisuli1890,r1l44,गतिहै ॥ अस्तभये जिनके सुकृत पापमोचन जे सबै,2698,157,42
trisuli1890__07__r1l45.png,trisuli1890__07,trisuli1890,r1l45,आधि ब्याधिनतैं पीड़ित पतितहै । ऐसे मानवनहूको,2672,195,44
trisuli1890__07__r1l46.png,trisuli1890__07,trisuli1890,r1l46,रक्षाकरिबेको गंग औषध प्रसिद्ध तोसी तूही दरशति,2694,171,45
trisuli1890__07__r1l48.png,trisuli1890__07,trisuli1890,r1l48,है १५ सहजही शीतल सुभाव करि निरमल ऐसेगंग,1818,159,39
trisuli1890__07__r1l50.png,trisuli1890__07,trisuli1890,r1l50,तेरेजल तिनकी महिमाअपार । बानीमनकरिकैहूँ कह,2392,147,42
trisuli1890__07__r1l53.png,trisuli1890__07,trisuli1890,r1l53,तैं बनत नाहिं फैलिरही अवनीपै सबहिन तैं उदार ॥,2600,189,45
trisuli1890__07__r1l54.png,trisuli1890__07,trisuli1890,r1l54,ताही महिमाको सुत सगर महीपति के उज्ज्वलअनूप,2642,153,42
trisuli1890__07__r1l55.png,trisuli1890__07,trisuli1890,r1l55,द्युति दिव्यरूप धारिधार । अंग अंग पुलकैं ते आनँद,2680,183,48
trisuli1890__08__r1l2.png,trisuli1890__08,trisuli1890,r1l2,पीयूषलहरी ।,620,104,11
trisuli1890__08__line_1517231336680_156.png,trisuli1890__08,trisuli1890,line_1517231336680_156,८,122,99,1
trisuli1890__08__r1l3.png,trisuli1890__08,trisuli1890,r1l3,उमंगन सों अजौं दिवलोकमाहिं गावतहैं बारबार १६,2652,183,44
trisuli1890__08__r1l4.png,trisuli1890__08,trisuli1890,r1l4,किये क्षुद्रपापन की तापनतप्योहै मन ऐसे मानवनको,2676,175,46
trisuli1890__08__r1l5.png,trisuli1890__08,trisuli1890,r1l5,ना कठिन बिचारहै । जिनके उधारनको एहोमातमंदा-,2654,172,43
trisuli1890__08__r1l6.png,trisuli1890__08,trisuli1890,r1l6,किनि सुतौ तिहूँलोकमाहिं तीरथअपार है ॥ पापनके,2688,170,44
trisuli1890__08__r1l7.png,trisuli1890__08,trisuli1890,r1l7,रूप पापकरत न मानैंशंक पापनको कबहूंना कीनोनि-,2674,166,44
trisuli1890__08__r1l8.png,trisuli1890__08,trisuli1890,r1l8,स्तारहै । काऊ नैनतारे अपनाइते उधार यातैं सबते,2678,163,45
trisuli1890__08__r1l9.png,trisuli1890__08,trisuli1890,r1l9,अधिक तेरी करनीउदार है १७ धर्मको निदान अरु,2658,183,41
trisuli1890__08__r1l10.png,trisuli1890__08,trisuli1890,r1l10,आनँदनवीननको कहतनआवे ऐसोसुंदर बिधान हैं ।,2594,176,40
trisuli1890__08__r1l11.png,trisuli1890__08,trisuli1890,r1l11,अमलअनूप तिहूँ लोकनको वस्त्ररूप तीरथ समूहन,2554,188,41
trisuli1890__08__r1l12.png,trisuli1890__08,trisuli1890,r1l12,के मध्य में प्रधान हैं ॥ सकल कुबुद्धिन की बुद्धिन को,2686,181,52
trisuli1890__08__line_1517231290327_155.png,trisuli1890__08,trisuli1890,line_1517231290327_155,शुद्ध कहै इन्दिरा अपारको उदार असथानहैं । हरौ सो,2652,182,47
trisuli1890__08__r1l17.png,trisuli1890__08,trisuli1890,r1l17,हमारो भवतापको समूह गंग जननी तुम्हारो बपु क-,2656,175,43
trisuli1890__08__r1l18.png,trisuli1890__08,trisuli1890,r1l18,रुणा निधान हैं १८ धनमदिरातैं छके राते अतिमाते,2670,170,45
trisuli1890__08__line_1517231275348_154.png,trisuli1890__08,trisuli1890,line_1517231275348_154,दृग घूमत हैं बारबार भरे अभिमान हैं । ऐसेज महीप,2670,204,46
trisuli1890__08__r1l22.png,trisuli1890__08,trisuli1890,r1l22,तिनहींके आगे दौरिदौरि बड़ों खेदजाकू ऐसो भ्रम्यो,2646,140,47
trisuli1890__08__r1l24.png,trisuli1890__08,trisuli1890,r1l24,बिनामान हैं ॥ औरै सब सुकृत समूहनको नाशक में,2666,165,43
trisuli1890__08__line_1517231259785_153.png,trisuli1890__08,trisuli1890,line_1517231259785_153,बड़ी जड़ बुद्धि जाकी अबिधि अजान हैं । मोकूंजो या,2654,200,48
trisuli1890__08__r1l28.png,trisuli1890__08,trisuli1890,r1l28,लोकमें तुम्हारो है वियोग गंग सोई यह मेरे अपराध,2028,154,46
trisuli1890__08__r1l30.png,trisuli1890__08,trisuli1890,r1l30,को निदान हैं १९ पौनकी झकोरसंग चंचल तरंग तेरी,2662,108,44
trisuli1890__08__r1l32.png,trisuli1890__08,trisuli1890,r1l32,तिनतैं चलायमान पंकज कतारहै । ताही तैं परागको,2626,178,44
trisuli1890__08__line_1517231221563_152.png,trisuli1890__08,trisuli1890,line_1517231221563_152,समूह रेणु पस्यो अम्बु केसरिके रंगजाकी उपमाउदार,2688,197,46
trisuli1890__08__line_1517231212318_151.png,trisuli1890__08,trisuli1890,line_1517231212318_151,है ॥ औरै देवनारिनके कुच जिनहीतें गिस्यो अगरको,2644,174,45
trisuli1890__08__r1l37.png,trisuli1890__08,trisuli1890,r1l37,कीच मिल्यो तेरी जल धार है । सोई वह मेरो जगजाल,2678,182,45
trisuli1890__08__r1l38.png,trisuli1890__08,trisuli1890,r1l38,ताहि दूरिकरौ जंघापरियंत वारिशोभाको अगारहै २०,2570,182,44
trisuli1890__08__r1l39.png,trisuli1890__08,trisuli1890,r1l39,प्रथम रमापतिके चरण युगल कंज निर्मल नखन तैं,2666,186,42
trisuli1890__09__r1l1.png,trisuli1890__09,trisuli1890,r1l1,पीयूषलहरी ।,592,230,11
trisuli1890__09__line_1517231517431_157.png,trisuli1890__09,trisuli1890,line_1517231517431_157,९,141,117,1
trisuli1890__09__r1l2.png,trisuli1890__09,trisuli1890,r1l2,तुम्हारीउतपति है । दूजेईशशीशजटाजूटको भवनकिये,2664,178,44
trisuli1890__09__r1l3.png,trisuli1890__09,trisuli1890,r1l3,करत निवास तू बिनोद सरसति है ॥ तीजे नष्टजीव,2694,172,42
trisuli1890__09__r1l5.png,trisuli1890__09,trisuli1890,r1l5,पातकीनहूंके तारणकी बिधि है जे तिनमें तुम्हारी आ-,2668,115,48
trisuli1890__09__r1l6.png,trisuli1890__09,trisuli1890,r1l6,सकति है । देखि न सकतदुःख दीननको एहोगंग कौन,2698,188,42
trisuli1890__09__r1l7.png,trisuli1890__09,trisuli1890,r1l7,हेतु ते प्रभाव तेरोना जगतहै २१ शैलनके शिखर स-,2686,179,45
trisuli1890__09__r1l8.png,trisuli1890__09,trisuli1890,r1l8,मूहन ते स्वच्छअति सरिता अनेक चली आवतहैं धा-,2662,184,43
trisuli1890__09__r1l10.png,trisuli1890__09,trisuli1890,r1l10,इकै । तिनहींके मध्य ऐसी और कौनसीहै जो महेश,2612,169,42
trisuli1890__09__r1l11.png,trisuli1890__09,trisuli1890,r1l11,जटाजूट चढ़ी अतिसुखपाइकै ॥ धोयेकहो कौने पद,2678,180,41
trisuli1890__09__r1l12.png,trisuli1890__09,trisuli1890,r1l12,कमल रमापतिके अपने जलन सों मुदित मनभाइकै ।,2634,184,41
trisuli1890__09__r1l13.png,trisuli1890__09,trisuli1890,r1l13,सुरधुनी याते तेरे लेशके समान सरि और दूजी नाहिं,2678,189,46
trisuli1890__09__r1l15.png,trisuli1890__09,trisuli1890,r1l15,ताहि कहैं कबिगाइकै २२ होइकै निशंक विधि जैसेहोय,2670,180,46
trisuli1890__09__r1l16.png,trisuli1890__09,trisuli1890,r1l16,तैसे सुतौ कस्योकरो ध्यानको समाधिहि लगायकै । सो-,2620,167,47
trisuli1890__09__r1l17.png,trisuli1890__09,trisuli1890,r1l17,योकरो सुखसेज शेषकी रमानिवास निरंतर नाच्योकरो,2662,185,44
trisuli1890__09__r1l18.png,trisuli1890__09,trisuli1890,r1l18,शम्भु मन लायकै ॥ सबै पापमोचनके सकृत समूहन,2574,144,41
trisuli1890__09__r1l20.png,trisuli1890__09,trisuli1890,r1l20,ते हूजिये हमहिं परिपूरण सुभायकै । औरै तप दान के,2676,178,47
trisuli1890__09__r1l21.png,trisuli1890__09,trisuli1890,r1l21,प्रयाससों न काम कछू जो पै जगजागौ तुम गंग सुख,2678,175,44
trisuli1890__09__r1l22.png,trisuli1890__09,trisuli1890,r1l22,पायकै २३ मैंतो हूं अनाथ तुमनेह करियुक्त मात नष्ट,2682,185,48
trisuli1890__09__r1l23.png,trisuli1890__09,trisuli1890,r1l23,गतिमेरी तुम शुद्ध गति दानीहौ । डूब्यो भवसागर में,2698,178,48
trisuli1890__09__r1l24.png,trisuli1890__09,trisuli1890,r1l24,तुम विश्वतारणि हौ मैं रोग पीड़ित तुम सिद्धि वैद्य,2678,182,49
trisuli1890__09__r1l25.png,trisuli1890__09,trisuli1890,r1l25,मानीहौ ॥ मेरो तो हृदयमात तृष्णाकरि ब्याकुलहै सु-,2680,181,48
trisuli1890__09__r1l26.png,trisuli1890__09,trisuli1890,r1l26,धाको समुद्र आपवेदन बखानीहौ । याते शिशुशरणि,2656,173,42
trisuli1890__09__r1l27.png,trisuli1890__09,trisuli1890,r1l27,तुम्हारी तकि आयो अब उचित बिधान सोई कीजै तुम,2642,185,43
trisuli1890__09__r1l29.png,trisuli1890__09,trisuli1890,r1l29,स्यानीहौ २४ जादिनसों तेरी महि मंडल कल्यानी कथा,2626,190,46
trisuli1890__09__r1l30.png,trisuli1890__09,trisuli1890,r1l30,प्रकटीहै तादिनसों कौतुकयोंछायोहै । यमके नगरमाहिं,2674,181,48
trisuli1890__09__r1l31.png,trisuli1890__09,trisuli1890,r1l31,पातकी पुकारतहैं तिनको जो कोलाहल दुसह बिला-,2668,169,42
trisuli1890__09__r1l32.png,trisuli1890__09,trisuli1890,r1l32,२,48,143,1
trisuli1890__10__r1l1.png,trisuli1890__10,trisuli1890,r1l1,पीयूषलहरी ।,546,190,11
trisuli1890__10__line_1517231676078_159.png,trisuli1890__10,trisuli1890,line_1517231676078_159,१०,223,90,2
trisuli1890__10__r1l2.png,trisuli1890__10,trisuli1890,r1l2,योहै ॥ याते यमदूतदुरिदुरि जाय जहां तहां ढूंढ़िबे को,2692,158,51
trisuli1890__10__r1l3.png,trisuli1890__10,trisuli1890,r1l3,प्रेतनको यतन उपायो है । औरै देवतानके बिमाननके,2690,155,45
trisuli1890__10__r1l4.png,trisuli1890__10,trisuli1890,r1l4,यूथ मिलि दिवकी गलीन दलि धूमसों मचायोहै २५,2702,175,41
trisuli1890__10__r1l6.png,trisuli1890__10,trisuli1890,r1l6,काम और क्रोध दोनोंदीपित दवागनि ज्यों तिनहीं ते,2674,126,46
trisuli1890__10__r1l8.png,trisuli1890__10,trisuli1890,r1l8,प्रकटी प्रबल जटाझरहै । ऐसो जो प्रचंड ज्वरताको जो,2666,90,48
trisuli1890__10__r1l9.png,trisuli1890__10,trisuli1890,r1l9,समूहतातेबसभयोपजरतमेरौबपुबरहै॥पौनकेसकाशते,2678,151,40
trisuli1890__10__r1l13.png,trisuli1890__10,trisuli1890,r1l13,प्रकाशमान गंगतेरेजलकेतरंगनको कणिका निकरहै ।,2576,90,43
trisuli1890__10__r1l17.png,trisuli1890__10,trisuli1890,r1l17,तेई वे हमारे दिन दिन प्रतिदूरि करौ एहो मात दिव्य,2594,108,48
trisuli1890__10__r1l18.png,trisuli1890__10,trisuli1890,r1l18,नदी तापन के भर है २६ जाके मध्य चर थिर जीव,2670,162,41
trisuli1890__10__r1l19.png,trisuli1890__10,trisuli1890,r1l19,सब बास करैं जोई तिहुँलोकनको एकओकहै उदार ।,2660,161,41
trisuli1890__10__r1l22.png,trisuli1890__10,trisuli1890,r1l22,सोई ब्रह्मण्ड ताकी तरल तरंगनसों तिंदुकके फलसम,2660,101,45
trisuli1890__10__r1l23.png,trisuli1890__10,trisuli1890,r1l23,तामें चलै बारबार ॥ औरै त्रिपुरारिके अपार जटाजूटन,2644,175,48
trisuli1890__10__r1l24.png,trisuli1890__10,trisuli1890,r1l24,में जिटिरह्यो जोई शोभा सुखको सकल सार । सोईयह,2654,174,44
trisuli1890__10__r1l25.png,trisuli1890__10,trisuli1890,r1l25,मात तेरे जलनको ब्रात अबहरौ सो हमारौ तन ताप,2660,159,42
trisuli1890__10__r1l26.png,trisuli1890__10,trisuli1890,r1l26,को अखिल भार २७ जाके तारिबेकीविधि तामें तत-,2654,154,42
trisuli1890__10__r1l27.png,trisuli1890__10,trisuli1890,r1l27,काल इहां तीरथ समूह सुनि लाजन मरत हैं । औरै,2656,165,42
trisuli1890__10__r1l29.png,trisuli1890__10,trisuli1890,r1l29,त्रिपुरारि आदि देवता सकल जाके पातक विचारिकर,2634,155,43
trisuli1890__10__r1l30.png,trisuli1890__10,trisuli1890,r1l30,कानन धरत हैं ॥ दयाकरि कोमल हृदय जाको ऐसी,2628,155,40
trisuli1890__10__r1l32.png,trisuli1890__10,trisuli1890,r1l32,तुम पापी जुमैंऐसो ताहि पावनकरतहैं । याही ते तुम्हारे,2622,121,52
trisuli1890__10__r1l34.png,trisuli1890__10,trisuli1890,r1l34,गुण तीरथ सुदेवनको पातक मथन गर्व खंडन करतहैं,2646,181,43
trisuli1890__10__r1l35.png,trisuli1890__10,trisuli1890,r1l35,२८ पापनकी अमितचिकित्सानहूते मनतिनके चलाय,2638,153,40
trisuli1890__10__r1l37.png,trisuli1890__10,trisuli1890,r1l37,मान ह्वै रहै निडर है । ऐसे श्वपचनके समूह तिनहूंन,2632,133,48
trisuli1890__10__r1l38.png,trisuli1890__10,trisuli1890,r1l38,तजी तिनहींकी मलिन सभानको निकर है ॥ जिनही,2616,173,40
trisuli1890__10__r1l39.png,trisuli1890__10,trisuli1890,r1l39,सभानको सदन ऐसो पातकी मैं ताहू के उधारन को,2634,150,41
trisuli1890__10__line_1517231573795_158.png,trisuli1890__10,trisuli1890,line_1517231573795_158,बांधौ परिकर है । ऐसी तुम ए हो मात तिनकी बड़ाई,2655,98,45
trisuli1890__11__r1l1.png,trisuli1890__11,trisuli1890,r1l1,पीयूषलहरी ।,674,193,11
trisuli1890__11__r1l2.png,trisuli1890__11,trisuli1890,r1l2,११,176,174,2
trisuli1890__11__r1l3.png,trisuli1890__11,trisuli1890,r1l3,ताहि करिबेको समरथ ऐसो कौननर है २९ यह चिर-,2596,157,41
trisuli1890__11__r1l4.png,trisuli1890__11,trisuli1890,r1l4,कालसों तुम्हारे अभिलाषहौ कि ऐसोमोहिं अबलगि,2674,161,42
trisuli1890__11__r1l5.png,trisuli1890__11,trisuli1890,r1l5,पातकी मिल्योनही । जाके तारिबे ते यह सकल जगत,2650,165,43
trisuli1890__11__r1l6.png,trisuli1890__11,trisuli1890,r1l6,मध्य बिस्मय अपार सबहिनकै भस्योसही ॥ सोई यह,2654,199,42
trisuli1890__11__r1l7.png,trisuli1890__11,trisuli1890,r1l7,मैंतौ सुर तटिनी तुम्हारे तट अतिही सनेहकरि चाह-,2570,156,46
trisuli1890__11__r1l8.png,trisuli1890__11,trisuli1890,r1l8,ना चितै यही । आयोसोई कीजिये सफल ताहि एहो,2386,176,40
trisuli1890__11__line_1517231844181_162.png,trisuli1890__11,trisuli1890,line_1517231844181_162,गंग जोई अभिलाष माततुम्हारे मनैरही ३० निशि,2674,191,41
trisuli1890__11__r1l11.png,trisuli1890__11,trisuli1890,r1l11,दिन मेरी नीचसेवनमें आसकति त्योंहीं वृथाबचनको,2646,157,44
trisuli1890__11__r1l13.png,trisuli1890__11,trisuli1890,r1l13,करिबोहै बारबार । औरै ज्यों कुतर्कन में कीनोहै प्रचार,2680,144,52
trisuli1890__11__r1l16.png,trisuli1890__11,trisuli1890,r1l16,मैंने झूठीपर चुगलीको मननकरनहार ॥ मेरे या प्रकार,2682,95,47
trisuli1890__11__line_1517231825350_161.png,trisuli1890__11,trisuli1890,line_1517231825350_161,के अपार गुण तिन्हैं सुनि सुनिकरिएहो मात तुमहीं,2618,210,46
trisuli1890__11__r1l20.png,trisuli1890__11,trisuli1890,r1l20,करो बिचार । छिनहूं जो मोसे पातकीको मुखदेखै ऐसो,1556,151,46
trisuli1890__11__r1l22.png,trisuli1890__11,trisuli1890,r1l22,तुम बिना और कौन जगमें अतिउदार ३१ एहो मात,2654,170,40
trisuli1890__11__r1l24.png,trisuli1890__11,trisuli1890,r1l24,गंग या जगतमाहिं जिनहीके हुये जो बिशाल नैन तोपै,2660,176,46
trisuli1890__11__r1l25.png,trisuli1890__11,trisuli1890,r1l25,कहा काम हैं । जिनसों न कबहूं परम रमणीक अति,2694,177,42
trisuli1890__11__line_1517231803668_160.png,trisuli1890__11,trisuli1890,line_1517231803668_160,मूरति तुम्हारी ना निहारी अभिरामहैं॥औरैजिन प्राणि,2680,181,48
trisuli1890__11__r1l29.png,trisuli1890__11,trisuli1890,r1l29,नके श्रवण उदारमात बारबार तिनकोधिकार परिनाम,2656,162,42
trisuli1890__11__line_1517231928716_163.png,trisuli1890__11,trisuli1890,line_1517231928716_163,हैं । जिनसोंन कबहूंतुम्हारी जेतरंगनको कलकलशब्द,2673,117,46
trisuli1890__11__r1l35.png,trisuli1890__11,trisuli1890,r1l35,जोसुन्योन सुखधामहैं ३२ सुकृतीपुमान तौस्वइच्छाते,2644,192,47
trisuli1890__11__r1l37.png,trisuli1890__11,trisuli1890,r1l37,बिमानबैठि जातसुरपुरको प्रमोद उरलाइकै । औरैपर-,2658,157,45
trisuli1890__11__r1l38.png,trisuli1890__11,trisuli1890,r1l38,बशहोइ पातकी अपारतहां नरकनभीतर परतदुखपा-,2656,171,39
trisuli1890__11__r1l42.png,trisuli1890__11,trisuli1890,r1l42,इकै ॥ अशुभमयमूरति जादेशकीतादेशहूमेंरहतबिभा-,2594,122,43
trisuli1890__11__r1l43.png,trisuli1890__11,trisuli1890,r1l43,ग यहऐसोनितछाइकै । लीलाकरिकेई जिनपातकबि-,2620,168,39
trisuli1890__11__r1l44.png,trisuli1890__11,trisuli1890,r1l44,नाशकीने ऐसीजहां तुमनाबिराजो मातआइकै ३३ मा-,2670,175,42
trisuli1890__11__r1l46.png,trisuli1890__11,trisuli1890,r1l46,रतदुजनहीको गुरुत्रियइच्छाकरै हरैंजेकनकअरुकरैं,2632,164,45
vyasa1896__01__line_1517224627924_3.png,vyasa1896__01,vyasa1896,line_1517224627924_3,वेदास्तुतिसाटीक,704,108,15
vyasa1896__01__line_1517224620263_2.png,vyasa1896__01,vyasa1896,line_1517224620263_2,जिसमें,128,90,6
vyasa1896__01__r10l23.png,vyasa1896__01,vyasa1896,r10l23,श्रमिद्भागवत के दशमस्कन्ध के सत्तासी,1085,88,36
vyasa1896__01__line_1517224660227_4.png,vyasa1896__01,vyasa1896,line_1517224660227_4,अध्यायकी वेदोंकी कीहुई श्रीभगवान् की,1089,99,36
vyasa1896__01__r10l35.png,vyasa1896__01,vyasa1896,r10l35,स्तुति वर्णन कीगई है ।।,662,92,23
vyasa1896__01__r10l39.png,vyasa1896__01,vyasa1896,r10l39,जिसको,161,69,5
vyasa1896__01__r10l43.png,vyasa1896__01,vyasa1896,r10l43,महात्मावेदव्यासजीने ललितश्लोकों में,1099,78,35
vyasa1896__01__r10l46.png,vyasa1896__01,vyasa1896,r10l46,रचना किया था ।।,502,96,15
vyasa1896__01__r10l49.png,vyasa1896__01,vyasa1896,r10l49,वही,66,65,3
vyasa1896__01__line_1517224689537_5.png,vyasa1896__01,vyasa1896,line_1517224689537_5,उत्तम संस्कृतटीकासहित अत्यन्तशुद्धहोकर,1182,90,38
vyasa1896__01__r10l56.png,vyasa1896__01,vyasa1896,r10l56,पहलीबार,265,63,7
vyasa1896__01__r10l58.png,vyasa1896__01,vyasa1896,r10l58,लखनऊ,263,79,4
vyasa1896__01__r10l59.png,vyasa1896__01,vyasa1896,r10l59,181,136,92,3
vyasa1896__01__r10l63.png,vyasa1896__01,vyasa1896,r10l63,"मुंशी नवलकिशोर (सी, आई, ई) के छापेख़ने छपी",1013,67,42
vyasa1896__01__r10l67.png,vyasa1896__01,vyasa1896,r10l67,जनवरी सन् १८९६ ई०,424,70,17
vyasa1896__02__line_1517224790030_6.png,vyasa1896__02,vyasa1896,line_1517224790030_6,श्रीगणेशायनमः ।।,532,153,16
vyasa1896__02__line_1517224802600_7.png,vyasa1896__02,vyasa1896,line_1517224802600_7,वेदस्तुतिसटीक,698,167,13
vyasa1896__02__r1l8.png,vyasa1896__02,vyasa1896,r1l8,जयजयजह्यजामजितदोष,1283,206,17
vyasa1896__02__line_1517224840698_8.png,vyasa1896__02,vyasa1896,line_1517224840698_8,गृभीतगुणांत्वमसियदात्मना स,1492,152,26
vyasa1896__02__r1l19.png,vyasa1896__02,vyasa1896,r1l19,मवरुद्धसमस्तभगः ।। अगजगदो,1419,172,25
vyasa1896__02__line_1517224922268_9.png,vyasa1896__02,vyasa1896,line_1517224922268_9,कसामखिलशक्त्यवबोधकते क्व,1483,159,24
vyasa1896__02__r1l29.png,vyasa1896__02,vyasa1896,r1l29,चिदजयात्मना च चरतोऽनुचरे,1465,177,24
vyasa1896__02__r1l31.png,vyasa1896__02,vyasa1896,r1l31,न्निगमः ।। १ ।।,721,130,15
vyasa1896__02__r1l32.png,vyasa1896__02,vyasa1896,r1l32,श्रमिथुरेशोजयति ।। हे अजितनकेनाऽपिजितस्त्वंज,1381,146,44
vyasa1896__02__r1l36.png,vyasa1896__02,vyasa1896,r1l36,यजयसर्वोत्कर्षेणविराजमानोभव अथ च अजांनिद्रांज,1476,117,45
vyasa1896__02__r1l39.png,vyasa1896__02,vyasa1896,r1l39,हित्यज अथवा अगजगदोकसांजीवानांअजांमायांजहि,1476,110,41
vyasa1896__02__r1l43.png,vyasa1896__02,vyasa1896,r1l43,कथंभूतां दोषगृभीतगुणांअगजगदोकसांजीवानांस्वरूपा,1495,120,46
vyasa1896__02__r1l45.png,vyasa1896__02,vyasa1896,r1l45,ज्ञानांर्थगृहीतागुणाः सत्वरजस्तमोरूपाययातं कथंभूत,1482,115,49
vyasa1896__02__r1l47.png,vyasa1896__02,vyasa1896,r1l47,स्त्वं यद्यस्मात्कारणात्त्वंआत्मनैवस्वरूपेणैवसमवरुद्धाः,1472,142,55
vyasa1896__03__line_1517225010712_10.png,vyasa1896__03,vyasa1896,line_1517225010712_10,३,46,94,1
vyasa1896__03__r2l1.png,vyasa1896__03,vyasa1896,r2l1,वेदस्तुति स०,411,83,12
vyasa1896__03__r2l2.png,vyasa1896__03,vyasa1896,r2l2,समस्ताऐश्वर्यादयोभगायेन एतादृशोऽसि अगजगदोक,1474,69,42
vyasa1896__03__r2l8.png,vyasa1896__03,vyasa1896,r2l8,सांहेअखिलशक्त्यवबोधकस्थावरंजगमजीवानांअखिला,1492,70,42
vyasa1896__03__r2l12.png,vyasa1896__03,vyasa1896,r2l12,निइंद्रियाणितेषांशक्त्यवबोधकशक्तिप्रकाशकइत्यर्थः आ,1460,58,50
vyasa1896__03__line_1517225065780_11.png,vyasa1896__03,vyasa1896,line_1517225065780_11,त्मनाचरतःस्वरूपेणैवक्रीडतस्तेतवनिगमःअनुचरेत् से,1370,75,47
vyasa1896__03__r2l22.png,vyasa1896__03,vyasa1896,r2l22,वनंकरोतीत्यर्थः कयंभूतस्यतवक्वचिदजयाचचरतः ।। १ ।।,1477,79,49
vyasa1896__03__line_1517225262350_13.png,vyasa1896__03,vyasa1896,line_1517225262350_13,बृहदुपलब्धमेतदवयंत्यवशे,1316,94,23
vyasa1896__03__line_1517225271039_14.png,vyasa1896__03,vyasa1896,line_1517225271039_14,षतयायतउदयास्तमयौ विकृतेर्मृ,1477,114,27
vyasa1896__03__line_1517225284360_15.png,vyasa1896__03,vyasa1896,line_1517225284360_15,दिवाविकृतात् ।। अतऋषयोदधु,1481,122,25
vyasa1896__03__line_1517225294497_16.png,vyasa1896__03,vyasa1896,line_1517225294497_16,स्त्वयिमनो वचनाचरितं कथम,1478,104,24
vyasa1896__03__line_1517225302441_17.png,vyasa1896__03,vyasa1896,line_1517225302441_17,यथाभवंति भुवि दत्तपदानि नृ,1483,114,26
vyasa1896__03__line_1517225316135_18.png,vyasa1896__03,vyasa1896,line_1517225316135_18,णाम् ।। २ ।।,609,99,12
vyasa1896__03__r2l85.png,vyasa1896__03,vyasa1896,r2l85,अवशेषतयाउपलब्यंप्राप्तंएतत्चराचरं जगत्ब्रह्मवि,1370,85,46
vyasa1896__03__r2l92.png,vyasa1896__03,vyasa1896,r2l92,दःवेदाश्चबृहदित्येवअवयंतिअक्षरब्रह्मत्वेन जानंतीत्य,1491,85,51
vyasa1896__03__line_1517225232106_12.png,vyasa1896__03,vyasa1896,line_1517225232106_12,र्थः यतः ब्रह्मणःसकाशादुदयास्तमयौजगतउत्पत्तिप्रल,1483,94,48
vyasa1896__03__r2l103.png,vyasa1896__03,vyasa1896,r2l103,यौभवतःतत्रदृष्टांतःविकृतेर्मृदिवाविकृतात् घटशरावादे,1473,86,51
vyasa1896__03__r2l106.png,vyasa1896__03,vyasa1896,r2l106,र्थदाप्रलयस्तदाअविकृतात्हेतोः मृदेवाऽवशिष्यते अव,1464,74,48
vyasa1896__03__r2l107.png,vyasa1896__03,vyasa1896,r2l107,*सत्योहरिःसमस्तेषुभ्रमभातेष्वपिस्थिरः ।। अतःअंतःसमस्तार्थेकृष्णमेवविजानते २,1423,63,75
vyasa1896__04__r1l1.png,vyasa1896__04,vyasa1896,r1l1,४,42,104,1
vyasa1896__04__r1l2.png,vyasa1896__04,vyasa1896,r1l2,वेदस्तुति स० ।,408,141,14
vyasa1896__04__r1l3.png,vyasa1896__04,vyasa1896,r1l3,शेषतयातिष्ठतीत्यर्थः अतःकारणादृषयोवेदद्रष्टारःवेदावा,1498,144,52
vyasa1896__04__r1l4.png,vyasa1896__04,vyasa1896,r1l4,मनोवचनाचरितंयत्किंचिन्मनसाविभाव्यं यत्किंचिद्वा,1506,131,47
vyasa1896__04__r1l7.png,vyasa1896__04,vyasa1896,r1l7,चाअनूद्यंतत्सर्वंत्वय्येवदधुर्धारयंतीत्यर्थः यथानृणांभुवि,1457,106,57
vyasa1896__04__r1l8.png,vyasa1896__04,vyasa1896,r1l8,दत्तपदानिअयथाअन्यथाकथंभवंतिनभवंतीत्यर्थः भूमावे,1489,114,47
vyasa1896__04__r1l9.png,vyasa1896__04,vyasa1896,r1l9,वपतंति ।। २ ।।,424,108,14
vyasa1896__04__line_1517225625225_19.png,vyasa1896__04,vyasa1896,line_1517225625225_19,इतितव सूरयस्यधिपतेखि,1212,137,20
vyasa1896__04__r1l15.png,vyasa1896__04,vyasa1896,r1l15,ललोकमलक्षपणकथामृतावधि,1474,165,21
vyasa1896__04__r1l16.png,vyasa1896__04,vyasa1896,r1l16,मवगाह्यतपांसिजहुः ।। किमुतपु,1280,146,28
vyasa1896__04__r1l21.png,vyasa1896__04,vyasa1896,r1l21,न: स्वधामविधुताशयकालगु,1417,112,22
vyasa1896__04__r1l24.png,vyasa1896__04,vyasa1896,r1l24,णाः परमभजंतिये पदमजस्रसु,1425,144,24
vyasa1896__04__r1l25.png,vyasa1896__04,vyasa1896,r1l25,खानुभवम् ।। ३ ।।,818,158,16
vyasa1896__04__r1l26.png,vyasa1896__04,vyasa1896,r1l26,हे त्र्यधिपते इति एवं निश्चित्य सूरयः तव अखिल,1360,140,45
vyasa1896__04__r1l27.png,vyasa1896__04,vyasa1896,r1l27,लोकमलक्षपणकथामृताब्धिं अवगाह्य तपांसिसाधन,1494,116,41
vyasa1896__04__r1l28.png,vyasa1896__04,vyasa1896,r1l28,क्लेशान् जहुः हे परम येअजस्रसुखानुभवं पदं तव चर,1468,121,47
vyasa1896__04__r1l29.png,vyasa1896__04,vyasa1896,r1l29,णारविंदं भजंति ते पुनः किमुत कथंभूतास्ते स्वधामवि,1494,109,49
vyasa1896__04__r1l31.png,vyasa1896__04,vyasa1896,r1l31,धुताशयकालगुणाः स्वस्यधामस्फूर्त्तिः तेनैव विधुताः दू,1491,128,52
vyasa1896__05__r3l1.png,vyasa1896__05,vyasa1896,r3l1,वेदस्तुति स० ।,412,137,14
vyasa1896__05__r3l2.png,vyasa1896__05,vyasa1896,r3l2,५,48,114,1
vyasa1896__05__r3l3.png,vyasa1896__05,vyasa1896,r3l3,रीकृताः आशयगुणाः अन्तःकरणगुणाः कामादयः काल,1491,129,42
vyasa1896__05__line_1517225836872_21.png,vyasa1896__05,vyasa1896,line_1517225836872_21,गुणाजरादयोयैस्ते ।। ३ ।।,700,99,24
vyasa1896__05__line_1517225842625_22.png,vyasa1896__05,vyasa1896,line_1517225842625_22,* दृतयइवश्वसंत्यसुभृतोयदि,1333,136,25
vyasa1896__05__line_1517225850667_23.png,vyasa1896__05,vyasa1896,line_1517225850667_23,तेनुविधामहदहमादयोण्डमसृज,1498,161,24
vyasa1896__05__r3l16.png,vyasa1896__05,vyasa1896,r3l16,न्यदनुग्रहतः ।। पुरुषविधोन्वयो,1439,146,30
vyasa1896__05__line_1517225873271_24.png,vyasa1896__05,vyasa1896,line_1517225873271_24,त्रचरमोन्नमयादिषुयःसदसतःप,1489,122,25
vyasa1896__05__r3l23.png,vyasa1896__05,vyasa1896,r3l23,रंत्वमथयदेष्ववशेषमृत ।। ४ ।।,1388,141,28
vyasa1896__05__r3l24.png,vyasa1896__05,vyasa1896,r3l24,यदि ये जीवाः तेनुविधास्त्वदनुविधास्त्वत्सेवायां स,1385,124,49
vyasa1896__05__r3l25.png,vyasa1896__05,vyasa1896,r3l25,न्मुखास्तदा ते एव असुभृतः सफलप्राणाः अन्यथा दृत,1481,122,47
vyasa1896__05__r3l26.png,vyasa1896__05,vyasa1896,r3l26,यइव भस्त्राइव श्वसंति परोपद्रवार्थमेवजीवंतीत्यर्थः य,1493,114,52
vyasa1896__05__r3l27.png,vyasa1896__05,vyasa1896,r3l27,दनुग्रहतः महदहमादयः ब्रह्माण्डमसृजन् अन्नमयादि,1485,129,46
vyasa1896__05__r3l29.png,vyasa1896__05,vyasa1896,r3l29,षुयश्चरमः अन्त्यः आनन्दमयः सः अत्र देहेषुपुरुषविधः,1474,96,50
vyasa1896__05__r3l30.png,vyasa1896__05,vyasa1896,r3l30,अन्वयश्च सदसतः परं कार्यकारणतः परं यत् तत्त्वमेव,1491,122,48
vyasa1896__05__r3l31.png,vyasa1896__05,vyasa1896,r3l31,अथ यत् एषु कार्यकारणात्मकसर्ववस्तुषु अवशेषं ऋतंस,1478,120,48
vyasa1896__05__r3l32.png,vyasa1896__05,vyasa1896,r3l32,त्यंतत्त्वमेवेत्यर्थः ।। ४ ।।,706,104,29
vyasa1896__05__line_1517225772057_20.png,vyasa1896__05,vyasa1896,line_1517225772057_20,+ उदरमुपासतेयऋषिवर्त्मसुकू,1349,141,26
vyasa1896__05__r3l40.png,vyasa1896__05,vyasa1896,r3l40,* कृष्णएवसदासेव्योनिर्णीतःपंचधावुधैः ।। शरीरदःप्रेरकश्चसुखदःशेषसत्पदः ४ ।।,1437,129,74
vyasa1896__06__line_1517226225474_25.png,vyasa1896__06,vyasa1896,line_1517226225474_25,६,42,90,1
vyasa1896__06__r2l1.png,vyasa1896__06,vyasa1896,r2l1,वेदस्तुति स० ।,404,112,14
vyasa1896__06__r2l3.png,vyasa1896__06,vyasa1896,r2l3,र्पदृशः परिसरपद्धतिंत्दृदयमारुण,1453,114,31
vyasa1896__06__line_1517226243060_26.png,vyasa1896__06,vyasa1896,line_1517226243060_26,योदहरम् ।। तत उदगादनंततवधा,1503,146,26
vyasa1896__06__line_1517226247959_27.png,vyasa1896__06,vyasa1896,line_1517226247959_27,मशिरःपरमं पुनरिहयत्समेत्य न,1493,145,27
vyasa1896__06__r2l22.png,vyasa1896__06,vyasa1896,r2l22,पतंतिकृतांतमुखे ।। ५ ।।,1072,165,23
vyasa1896__06__r2l24.png,vyasa1896__06,vyasa1896,r2l24,ये ऋषिवर्त्मसु वेदोक्तमार्गेषु उदरं कर्मउपासते ते कू,1382,143,52
vyasa1896__06__r2l27.png,vyasa1896__06,vyasa1896,r2l27,र्पदृशः रजोपिहितदृष्टयः ये दहरं त्दृदयं उपासते ते आ,1473,98,51
vyasa1896__06__r2l29.png,vyasa1896__06,vyasa1896,r2l29,रुणयः अरुणवंशजाः अल्पप्रकाशयुक्ताः कथंभूतं त्दृदयं,1493,116,50
vyasa1896__06__r2l30.png,vyasa1896__06,vyasa1896,r2l30,परिसरपद्धतिंपरितः सरंतीतिपरिसरानाड्यः तासांपद्ध,1489,126,47
vyasa1896__06__r2l31.png,vyasa1896__06,vyasa1896,r2l31,तिर्मार्गोयत्रतं हे अनन्त परमं तव धाम ततस्त्रैलोक्या,1495,104,52
vyasa1896__06__r2l33.png,vyasa1896__06,vyasa1896,r2l33,त्कालादपि शिरः ऊर्ध्वमेवोदगात् यत्समेत्य यद्भगवत्स्व,1476,113,52
vyasa1896__06__r2l36.png,vyasa1896__06,vyasa1896,r2l36,रूपंप्राप्यप्राणिनः इह संसारेकृतान्तमुखे न पतन्ति ।। ५ ।।,1500,111,57
vyasa1896__06__line_1517226322228_29.png,vyasa1896__06,vyasa1896,line_1517226322228_29,* स्वकृतविचित्रयोनिषु विश,1304,135,25
vyasa1896__06__line_1517226329361_30.png,vyasa1896__06,vyasa1896,line_1517226329361_30,न्निवहेतुतया तरतमतश्चकास्य,1493,150,26
vyasa1896__06__line_1517226291953_28.png,vyasa1896__06,vyasa1896,line_1517226291953_28,नलवत्स्वकृतानुकृतिः ।। अथवित,1426,160,28
vyasa1896__06__r2l63.png,vyasa1896__06,vyasa1896,r2l63,थास्वमूष्ववितथंतवधामसमंविर,1424,141,26
vyasa1896__06__r2l64.png,vyasa1896__06,vyasa1896,r2l64,* सर्वत्रभगवांस्तुल्यःसर्वदोषविवर्जितः ।। क्रीडार्थमनुकुर्वन्हिसर्वत्रैवविराजते ६ ।।,1433,108,84
vyasa1896__07__line_1517226524946_31.png,vyasa1896__07,vyasa1896,line_1517226524946_31,७,70,90,1
vyasa1896__07__r2l2.png,vyasa1896__07,vyasa1896,r2l2,वेदस्तुति स० ।,410,75,14
vyasa1896__07__line_1517226531476_32.png,vyasa1896__07,vyasa1896,line_1517226531476_32,जधियोऽन्वयंत्यभिविपण्यव ए,1482,104,25
vyasa1896__07__r2l10.png,vyasa1896__07,vyasa1896,r2l10,करसम् ।। ६ ।।,637,117,13
vyasa1896__07__r2l11.png,vyasa1896__07,vyasa1896,r2l11,स्वकृतविचित्रयोनिषु स्वेनैव कृतासु देवमनुष्यादि,1377,78,47
vyasa1896__07__r2l12.png,vyasa1896__07,vyasa1896,r2l12,शरीररूपविचित्रयोनिषु हेतुतया कारणरूपतयातत्र स्थि,1486,79,48
vyasa1896__07__r2l16.png,vyasa1896__07,vyasa1896,r2l16,तएवत्वं विशन्निव प्रवेशं कुंर्वन्निव तरतमतः देवतिर्यङ्मनु,1488,83,57
vyasa1896__07__r2l18.png,vyasa1896__07,vyasa1896,r2l18,ष्यादिभावेन राजादिभावेनचचकासि दीप्यसे अत्रदृष्टां,1463,78,49
vyasa1896__07__r2l21.png,vyasa1896__07,vyasa1896,r2l21,तः अनलोग्निस्तद्वत् यथाग्निः सर्वत्रकाष्ठेषुस्थित एव,1494,59,52
vyasa1896__07__r2l22.png,vyasa1896__07,vyasa1896,r2l22,पुनस्तत्रप्रविशन् वर्णभेदं दीर्घवक्रादिकं च तनुते तथा,1498,81,53
vyasa1896__07__r2l27.png,vyasa1896__07,vyasa1896,r2l27,भगवानपि स्वकृतानुकृतिस्वकृतमनुकरोति अथ वितथा,1489,66,44
vyasa1896__07__r2l28.png,vyasa1896__07,vyasa1896,r2l28,सु मिथ्याभूतासु अमूषुयोनिषु तव अवितथं सत्यं धाम वि,1456,81,50
vyasa1896__07__r2l32.png,vyasa1896__07,vyasa1896,r2l32,रजधियः अन्वयंति जानंतीत्यर्थः कथंभूतं धाम समं ए,1485,66,47
vyasa1896__07__line_1517226576613_33.png,vyasa1896__07,vyasa1896,line_1517226576613_33,करसंच कथंभूताः विरजधियः अभिविपण्यवः अभितः,1483,86,41
vyasa1896__07__r2l37.png,vyasa1896__07,vyasa1896,r2l37,सर्वतः इहलोकेपरलोकेच विशेषेणगताः पणवोव्यवहा,1461,70,43
vyasa1896__07__r2l38.png,vyasa1896__07,vyasa1896,r2l38,रायेषांते ।। ६ ।।,430,95,17
vyasa1896__07__line_1517226607761_34.png,vyasa1896__07,vyasa1896,line_1517226607761_34,* स्वकृतपुरेष्वमीष्वबहिरंतरसं,1304,108,29
vyasa1896__07__r2l45.png,vyasa1896__07,vyasa1896,r2l45,वरणं तवपुरुषं वदंत्यखिलशक्ति,1449,86,28
vyasa1896__07__line_1517226624760_35.png,vyasa1896__07,vyasa1896,line_1517226624760_35,धृतोंशकृतम् ।। इतिनृगतिंविविच्य,1464,90,31
vyasa1896__07__r2l52.png,vyasa1896__07,vyasa1896,r2l52,* गुप्तानंदायतोजीवानिरानंदंजगद्यतः ।। पूर्णानंदोहरिस्तस्माज्जीवैःसेव्यःसुखार्थिभिः७,1444,85,83
vyasa1896__08__line_1517226756086_36.png,vyasa1896__08,vyasa1896,line_1517226756086_36,८,76,90,1
vyasa1896__08__r1l2.png,vyasa1896__08,vyasa1896,r1l2,वेदस्तुति स० ।,400,141,14
vyasa1896__08__r1l4.png,vyasa1896__08,vyasa1896,r1l4,क वयोनिगमावपनंभवतउपासतें,1429,157,24
vyasa1896__08__r1l7.png,vyasa1896__08,vyasa1896,r1l7,घ्रिमभवंभुविविश्वासिताः ।। ७ ।।,1422,157,31
vyasa1896__08__r1l8.png,vyasa1896__08,vyasa1896,r1l8,स्वकृतपुरेषु भगवत्कृतपुरेषु एषु देवतिर्यङ्मनुष्यादि,1395,135,51
vyasa1896__08__r1l9.png,vyasa1896__08,vyasa1896,r1l9,शरीरेषु अखिलशक्तिधृतस्तवपुरुषंजीवं अंशकृतं अंशेन,1506,121,48
vyasa1896__08__r1l10.png,vyasa1896__08,vyasa1896,r1l10,कृतं अंशकृतं त्वदंशं ये वदंति कथंभूतं बहिरंतरसंवरणं,1476,117,51
vyasa1896__08__r1l11.png,vyasa1896__08,vyasa1896,r1l11,न विद्यते बाह्माभ्यंतरभेदेन संवरणमावरणं यस्यतं इति,1504,124,50
vyasa1896__08__r1l12.png,vyasa1896__08,vyasa1896,r1l12,नृगतिंविविच्यएवंप्रकारेण जीवगतिंज्ञात्वा कवयः निपु,1477,115,50
vyasa1896__08__r1l13.png,vyasa1896__08,vyasa1896,r1l13,णः भवतः अंघ्रिचरणं अभवं जन्मादिरहितं उपासते,1499,120,43
vyasa1896__08__r1l14.png,vyasa1896__08,vyasa1896,r1l14,कथंभूतंअंघ्रिं निगमावपनं निगमावेदा आसमंतात्उप्य,1500,120,47
vyasa1896__08__r1l15.png,vyasa1896__08,vyasa1896,r1l15,ते अस्मिन्तं यथा सकल बीजानां आवपनस्थानं क्षेत्रं,1467,121,48
vyasa1896__08__r1l16.png,vyasa1896__08,vyasa1896,r1l16,तथा सकलवेदोक्तकर्मफलानां सफलत्वमत्रैवेत्यर्थः क,1508,119,47
vyasa1896__08__r1l17.png,vyasa1896__08,vyasa1896,r1l17,थंभूताः कवयः भुविविश्वसिताः भूमावेव भगवतिविश्वा,1490,109,47
vyasa1896__08__r1l19.png,vyasa1896__08,vyasa1896,r1l19,संकुर्वंति ।। ७ ।।,481,105,18
vyasa1896__08__r1l21.png,vyasa1896__08,vyasa1896,r1l21,* दुरवगमात्मतत्वनिगमायत,1281,173,23
vyasa1896__08__line_1517226852238_38.png,vyasa1896__08,vyasa1896,line_1517226852238_38,वात्ततनोश्चरितमहामृताऽब्धिप,1522,140,27
vyasa1896__08__line_1517226827978_37.png,vyasa1896__08,vyasa1896,line_1517226827978_37,रिवर्त्तपरिश्रमणाः ।। नपरिलषंति,1417,151,31
vyasa1896__09__r2l1.png,vyasa1896__09,vyasa1896,r2l1,वेदस्तुति स० ।,413,160,14
vyasa1896__09__line_1517226990922_39.png,vyasa1896__09,vyasa1896,line_1517226990922_39,९,84,99,1
vyasa1896__09__line_1517227003827_40.png,vyasa1896__09,vyasa1896,line_1517227003827_40,केचिदपवर्गमपीश्वरते चरणसरो,1421,150,26
vyasa1896__09__r2l6.png,vyasa1896__09,vyasa1896,r2l6,जहंसकुलसंगविसृष्टगृहाः ।। ८ ।।,1461,161,30
vyasa1896__09__r2l7.png,vyasa1896__09,vyasa1896,r2l7,दुरवगमात्मतत्वनिगमाय दुःखेनापि अवगतः गमो,1359,147,40
vyasa1896__09__r2l8.png,vyasa1896__09,vyasa1896,r2l8,ज्ञानंयस्यस आत्माकेनापिज्ञातुमशक्यः तस्यच तत्वम,1502,116,47
vyasa1896__09__r2l9.png,vyasa1896__09,vyasa1896,r2l9,पिदुर्ज्ञेयं तस्य निगमाय ज्ञानाय आत्ततनोः स्वीकृतदेह,1488,120,52
vyasa1896__09__r2l10.png,vyasa1896__09,vyasa1896,r2l10,स्य तव चरित्ररूपोयो महामृतसमुद्रस्तत्रपरिवर्त्तः परि,1488,113,52
vyasa1896__09__r2l11.png,vyasa1896__09,vyasa1896,r2l11,वर्त्तनं बहुधा आलोडनं तदर्थंपरिश्रमणाः परितः श्रमोये,1490,121,52
vyasa1896__09__r2l12.png,vyasa1896__09,vyasa1896,r2l12,षां हेईश्वर एतादृशाः केचिद्विरलाभक्ताः अपवर्गमपिमो,1465,118,50
vyasa1896__09__r2l13.png,vyasa1896__09,vyasa1896,r2l13,क्षसुखमपितेनपरिलषंति न वांछंतीत्यर्थः कथंभूताभक्ताः,1500,134,51
vyasa1896__09__r2l15.png,vyasa1896__09,vyasa1896,r2l15,ते तव चरणसरोजैकाश्रयाः येहंसास्तेषांकुलः समूहस्ते,1481,95,49
vyasa1896__09__line_1517227081949_42.png,vyasa1896__09,vyasa1896,line_1517227081949_42,षां सङ्गार्थं विसृष्टंगृहंयैस्ते ।। ८ ।।,933,117,40
vyasa1896__09__r2l21.png,vyasa1896__09,vyasa1896,r2l21,* त्वदनुपथंकुलायमिदमात्म,1285,118,24
vyasa1896__09__r2l30.png,vyasa1896__09,vyasa1896,r2l30,सुत्दृत्प्रियवच्चरतितथोन्मुखेत्वयि,1445,81,34
vyasa1896__09__r2l32.png,vyasa1896__09,vyasa1896,r2l32,हितेप्रियआत्मनिच ।। नबतरमं,1401,142,26
vyasa1896__09__line_1517227075175_41.png,vyasa1896__09,vyasa1896,line_1517227075175_41,त्यहो असदुपासनयात्महनोयद,1475,135,24
vyasa1896__10__r1l1.png,vyasa1896__10,vyasa1896,r1l1,१०,72,106,2
vyasa1896__10__r1l2.png,vyasa1896__10,vyasa1896,r1l2,वेदस्तुति स० ।,398,115,14
vyasa1896__10__line_1517227239295_43.png,vyasa1896__10,vyasa1896,line_1517227239295_43,नुशया भ्रमंत्युरुभये कुशरीरभृ,1474,114,29
vyasa1896__10__r1l13.png,vyasa1896__10,vyasa1896,r1l13,तः ।। ९ ।।,421,121,10
vyasa1896__10__r1l14.png,vyasa1896__10,vyasa1896,r1l14,कुलायं पक्षिणां नीडं तथा जीवस्यनीडं शरीरं इदं,1392,142,45
vyasa1896__10__r1l15.png,vyasa1896__10,vyasa1896,r1l15,कुलायं नीडरूपं शरीरं त्वदनुपथं अनुगुणसेवकरूपं आ,1501,112,47
vyasa1896__10__r1l16.png,vyasa1896__10,vyasa1896,r1l16,त्मवत्सुत्दृदवत् प्रियवच्चरति जीवस्य हितमेव करोति त,1486,116,51
vyasa1896__10__r1l17.png,vyasa1896__10,vyasa1896,r1l17,था उन्मुखे त्वयि स्वसेवार्थं ब्राह्मणादिदेहदानेन सन्मुखे,1473,117,56
vyasa1896__10__r1l18.png,vyasa1896__10,vyasa1896,r1l18,सति अथ च प्रिये आत्मनिआत्मरूपे च असद उपासनया,1471,114,44
vyasa1896__10__r1l20.png,vyasa1896__10,vyasa1896,r1l20,क्षुद्रदेवतोपासनया इन्द्रियाणांवाउपासनया ये यदनुश,1497,92,49
vyasa1896__10__r1l22.png,vyasa1896__10,vyasa1896,r1l22,याः सन्तः यस्मिन्नसत्सङ्गे अनुशयः अन्तःकरणंयेषां ते,1463,115,51
vyasa1896__10__r1l23.png,vyasa1896__10,vyasa1896,r1l23,आत्महन आत्मघातिनः अहो आश्चर्येबतेतिखेदे सकले,1490,109,44
vyasa1896__10__r1l27.png,vyasa1896__10,vyasa1896,r1l27,न्द्रियसामर्थ्ययुक्तं भगवद्वैदिकधर्मोपयिकं सर्वानुगुणंशरी,1340,95,57
vyasa1896__10__r1l29.png,vyasa1896__10,vyasa1896,r1l29,रं प्राप्य अथच सर्वात्मना उन्मुखेसति त्वयि न रमन्ति,1445,118,51
vyasa1896__10__r1l31.png,vyasa1896__10,vyasa1896,r1l31,सेवाद्याशक्तिं न कुर्वन्ति ते कुशरीरं मोक्षानुपयोगि मुहुर्मु,1455,101,60
vyasa1896__10__r1l33.png,vyasa1896__10,vyasa1896,r1l33,हुर्जन्ममरणादिरूपं प्राप्य उरुभये महद्भययुक्ते संसारेपरि,1477,90,56
vyasa1896__10__r1l34.png,vyasa1896__10,vyasa1896,r1l34,भ्रमंतीत्यर्थः ।। ९ ।।,575,110,22
vyasa1896__10__r1l37.png,vyasa1896__10,vyasa1896,r1l37,* निभृतमरुन्मनोक्षदृढयोग,1284,122,24
vyasa1896__10__line_1517227313868_44.png,vyasa1896__10,vyasa1896,line_1517227313868_44,युजोत्दृदि यन्मुनयउपासतेतदर,1449,151,27
vyasa1896__11__r2l1.png,vyasa1896__11,vyasa1896,r2l1,वेदस्तुति स० ।,394,141,14
vyasa1896__11__r2l2.png,vyasa1896__11,vyasa1896,r2l2,११,70,126,2
vyasa1896__11__r2l3.png,vyasa1896__11,vyasa1896,r2l3,योपिययुःस्मरणात् ।। स्त्रियउरगे,1465,182,31
vyasa1896__11__line_1517227440793_45.png,vyasa1896__11,vyasa1896,line_1517227440793_45,न्द्रभोगभुजदंडविशक्तधियो वय,1491,141,27
vyasa1896__11__line_1517227462960_46.png,vyasa1896__11,vyasa1896,line_1517227462960_46,मपितेसमाः समदृशोंघ्रिसरोजसु,1460,181,27
vyasa1896__11__r2l10.png,vyasa1896__11,vyasa1896,r2l10,धाः ।। १० ।।,609,161,12
vyasa1896__11__r2l13.png,vyasa1896__11,vyasa1896,r2l13,मुनयः यत् भगवंतं त्दृदिमानसपूजादिनाउपासते,1382,124,41
vyasa1896__11__r2l14.png,vyasa1896__11,vyasa1896,r2l14,देव भगवत्स्वरूपं तदरयोपि शिशुपालादयोपि स्मरणात्,1460,123,47
vyasa1896__11__r2l15.png,vyasa1896__11,vyasa1896,r2l15,ययुः कथंभूतामुनयः नितरांभृतः मस्द्वायुःमनः अक्षाणि,1488,121,50
vyasa1896__11__r2l16.png,vyasa1896__11,vyasa1896,r2l16,इंद्रियाणिचतैः कृत्वा ये दृढं योगं युंजंति ते अथच स्त्रियः,1480,111,58
vyasa1896__11__r2l17.png,vyasa1896__11,vyasa1896,r2l17,गोप्योपि तदेव भगवंतं ययुः कथंभूताः स्त्रियः उरगेंद्रस्य,1483,122,55
vyasa1896__11__r2l18.png,vyasa1896__11,vyasa1896,r2l18,शेषस्य भोगइव कायइव यौबाहू तत्र विशक्ता धीर्यासां,1448,119,48
vyasa1896__11__r2l19.png,vyasa1896__11,vyasa1896,r2l19,तादृश्यः वयंचश्रुतयः सर्वादरणीयाः तदेवत्वांप्रापुः एवं,1489,115,54
vyasa1896__11__r2l20.png,vyasa1896__11,vyasa1896,r2l20,स्त्रियः पुरुषाश्च सर्वएवतेतवसमाः यतो भगवान् सम,1497,132,47
vyasa1896__11__r2l22.png,vyasa1896__11,vyasa1896,r2l22,दृक् सर्वानेवस्वकीयान्समत्वेनमन्यते कथंभूताः सर्वे अं,1482,93,53
vyasa1896__11__r2l24.png,vyasa1896__11,vyasa1896,r2l24,घ्रिसरोजसुधा: अंघ्रिसरोजं सुष्टु धारयंतीति तथा १० ।।,1467,109,52
vyasa1896__11__line_1517227504201_47.png,vyasa1896__11,vyasa1896,line_1517227504201_47,* कइहनुवेदबतावरजन्मलयो,1354,150,22
vyasa1896__11__line_1517227526889_48.png,vyasa1896__11,vyasa1896,line_1517227526889_48,ग्रसरं यतउदगादृषिर्यमनु देवग,1490,149,28
vyasa1896__12__r2l1.png,vyasa1896__12,vyasa1896,r2l1,१२,74,142,2
vyasa1896__12__r2l2.png,vyasa1896__12,vyasa1896,r2l2,वेदस्तुति स० ।,385,170,14
vyasa1896__12__line_1517227689250_51.png,vyasa1896__12,vyasa1896,line_1517227689250_51,णाउभये ।। तर्हिनसन्नचासदुभ,1491,150,26
vyasa1896__12__r2l6.png,vyasa1896__12,vyasa1896,r2l6,यं न च कालजवः किमपि न तत्र,1438,189,26
vyasa1896__12__r2l7.png,vyasa1896__12,vyasa1896,r2l7,शास्त्रमवकृष्यशयीतयदा ।। ११ ।।,1437,174,30
vyasa1896__12__r2l8.png,vyasa1896__12,vyasa1896,r2l8,इह संसारेबतेति खेदे अग्रसरं सर्वप्रमाणात्पूर्वमेव,1377,116,49
vyasa1896__12__r2l9.png,vyasa1896__12,vyasa1896,r2l9,सिद्वंत्वां नु इति वितर्के अवरजन्मलयः पश्चाज्जन्मल,1469,118,50
vyasa1896__12__r2l10.png,vyasa1896__12,vyasa1896,r2l10,यश्च यस्य तादृशः को वेदजानाति नकोपीत्यर्थः यतः,1488,118,46
vyasa1896__12__r2l11.png,vyasa1896__12,vyasa1896,r2l11,सकाशादृषिर्ब्रह्मा उदगात् उत्पन्नोजात इत्यर्थः यमनु,1467,121,51
vyasa1896__12__r2l12.png,vyasa1896__12,vyasa1896,r2l12,ब्रह्माणमनु पश्चादुभये देवगणा आध्यात्मिकाधिदौवक,1480,120,47
vyasa1896__12__r2l13.png,vyasa1896__12,vyasa1896,r2l13,इन्द्रियदेवगणाः उत्पन्नाः यर्हिभगवान् सर्वमेवाकृष्य श,1464,113,53
vyasa1896__12__r2l14.png,vyasa1896__12,vyasa1896,r2l14,यीत शयनं करोति तर्हि नसत्कार्यं न चासत् कारणं,1484,119,45
vyasa1896__12__r2l15.png,vyasa1896__12,vyasa1896,r2l15,नच उभयं मनःकालवेगोपि न नवातत्र तस्मिन्समये,1486,117,42
vyasa1896__12__r2l16.png,vyasa1896__12,vyasa1896,r2l16,किमपि शास्त्रंवेदपुराणादि ११ ।।,898,134,31
vyasa1896__12__line_1517227654938_49.png,vyasa1896__12,vyasa1896,line_1517227654938_49,जनिमसतःसतोमृतिमुतात्म,1330,149,21
vyasa1896__12__line_1517227667786_50.png,vyasa1896__12,vyasa1896,line_1517227667786_50,नियेचभिदां विपणमृतंस्मरंत्युप,1341,169,29
vyasa1896__12__r2l26.png,vyasa1896__12,vyasa1896,r2l26,दिशंतितआरुपितैः ।। त्रिगुणम,1406,110,27
vyasa1896__12__r2l27.png,vyasa1896__12,vyasa1896,r2l27,यः पुमानितिभिदा यदबोधकृता,1471,167,25
vyasa1896__13__r1l1.png,vyasa1896__13,vyasa1896,r1l1,वेदस्तुति स० ।,413,94,14
vyasa1896__13__r1l2.png,vyasa1896__13,vyasa1896,r1l2,१३,79,101,2
vyasa1896__13__line_1517227822577_52.png,vyasa1896__13,vyasa1896,line_1517227822577_52,त्वयिनततः परत्र सभवेदवबोधर,1474,101,26
vyasa1896__13__r1l12.png,vyasa1896__13,vyasa1896,r1l12,से ।। १२ ।।,472,110,11
vyasa1896__13__r1l13.png,vyasa1896__13,vyasa1896,r1l13,नैयायकाः असतः घटादेः जनिं उत्पत्तिं वदन्ति वै,1384,99,45
vyasa1896__13__r1l14.png,vyasa1896__13,vyasa1896,r1l14,शेषिकादयस्तुसतः आत्मनः मृतिंमरणं आहुः तथामी,1479,92,43
vyasa1896__13__r1l15.png,vyasa1896__13,vyasa1896,r1l15,मांसकादयस्तु आत्मनि भिदां जीवानां भेदमंगीकुर्वन्ति,1481,90,50
vyasa1896__13__r1l16.png,vyasa1896__13,vyasa1896,r1l16,अन्येपुनः सांख्यैकदेशिनः योगिनश्च विपणमृतं कर्मफ,1477,83,48
vyasa1896__13__r1l20.png,vyasa1896__13,vyasa1896,r1l20,लं सत्यंमन्यंते ते सर्वे आरुपितैः आरोपितभ्रमैः कृत्वा,1489,66,53
vyasa1896__13__r1l22.png,vyasa1896__13,vyasa1896,r1l22,स्मरन्ति निरूपयन्ति अथच शिष्येभ्य उपदिशन्ति त्रिगु,1476,74,50
vyasa1896__13__r1l23.png,vyasa1896__13,vyasa1896,r1l23,णमयः पुमानिति भिदाभेदः यद्यस्मादबोधकृता अज्ञा,1489,81,45
vyasa1896__13__r1l24.png,vyasa1896__13,vyasa1896,r1l24,नकृता भगवत्स्वरूपाज्ञानादेव जायते तदेवाह ततः,1490,85,44
vyasa1896__13__r1l25.png,vyasa1896__13,vyasa1896,r1l25,परत्र त्रिगुणरूपात्परेत्वयि अवबोधरसे ज्ञानैकघने स न,1478,92,51
vyasa1896__13__r1l26.png,vyasa1896__13,vyasa1896,r1l26,भवेत् अबोधो न भवेत् १२ ।।,782,72,25
vyasa1896__13__line_1517227873032_55.png,vyasa1896__13,vyasa1896,line_1517227873032_55,सदिवमनस्त्रिवृत्त्वयिविभा,1256,126,25
vyasa1896__13__line_1517227828724_53.png,vyasa1896__13,vyasa1896,line_1517227828724_53,त्यसदा मनुजात्सदभिमृशंत्यशे,1490,99,27
vyasa1896__13__r1l44.png,vyasa1896__13,vyasa1896,r1l44,षमिदमात्मतयात्मविदः ।। नहि,1261,88,26
vyasa1896__13__line_1517227834061_54.png,vyasa1896__13,vyasa1896,line_1517227834061_54,विकृतिं त्यजंति कनकस्य तदा,1487,99,26
vyasa1896__13__r1l51.png,vyasa1896__13,vyasa1896,r1l51,जीवानांब्रह्मरूपत्वाद्दोषाअपिचमानसाः ।। जगच्चसकलंब्रह्मततोदोषःकथंहरौ १३ ।।,1419,90,74
vyasa1896__14__line_1517228031014_56.png,vyasa1896__14,vyasa1896,line_1517228031014_56,१४,103,99,2
vyasa1896__14__line_1517228035376_57.png,vyasa1896__14,vyasa1896,line_1517228035376_57,वेदस्तुति स० ।,445,94,14
vyasa1896__14__line_1517228043888_58.png,vyasa1896__14,vyasa1896,line_1517228043888_58,त्मतया स्वकृतमनुप्रविष्टमिदमा,1476,150,29
vyasa1896__14__line_1517228051034_59.png,vyasa1896__14,vyasa1896,line_1517228051034_59,त्मतयावसितम् ।। १३ ।।,1129,141,21
vyasa1896__14__line_1517228057583_60.png,vyasa1896__14,vyasa1896,line_1517228057583_60,आमनुजात् ब्रह्मतृणस्तंभमारभ्य मनुष्यपर्यंतात् अ,1379,141,47
vyasa1896__14__line_1517228063678_61.png,vyasa1896__14,vyasa1896,line_1517228063678_61,सत्मनः त्वयिसदिव विभाति कथंभूतं मनः त्रिवृत् गु,1490,111,47
vyasa1896__14__line_1517228070679_62.png,vyasa1896__14,vyasa1896,line_1517228070679_62,णत्रयवेष्टितं आत्मविदः ज्ञानिनः इदं जगत् अशेषं,1473,111,46
vyasa1896__14__line_1517228074614_63.png,vyasa1896__14,vyasa1896,line_1517228074614_63,संपूर्ण आत्मतया ब्रह्मतया सदभिमृशंति सर्वं ब्रह्म इत्ये,1480,104,55
vyasa1896__14__line_1517228079561_64.png,vyasa1896__14,vyasa1896,line_1517228079561_64,वं जानंति यथा कनकार्थिनो वणिजः कनकात्मतया क,1482,108,43
vyasa1896__14__line_1517228087191_65.png,vyasa1896__14,vyasa1896,line_1517228087191_65,नकस्य विकृतिं कुण्डलादिकं न त्यजंति तथा स्वकृतं,1478,116,47
vyasa1896__14__line_1517228092741_66.png,vyasa1896__14,vyasa1896,line_1517228092741_66,भगवताकृतं अनुप्रविष्टं भगवतः सृजनानंतरं प्रवेशो य,1486,110,49
vyasa1896__14__line_1517228099605_67.png,vyasa1896__14,vyasa1896,line_1517228099605_67,स्मिन् तदिदं जगत् आत्मतया ब्रह्मतया आत्मविद्भिः,1482,107,47
vyasa1896__14__line_1517228104999_68.png,vyasa1896__14,vyasa1896,line_1517228104999_68,अवसितं निश्चितं निर्द्धारितमित्यर्थः १३ ।।,1167,106,42
vyasa1896__14__line_1517228120653_69.png,vyasa1896__14,vyasa1896,line_1517228120653_69,तवपयेरिचरंत्यखिलसत्वनि,1300,131,22
vyasa1896__14__line_1517228124765_70.png,vyasa1896__14,vyasa1896,line_1517228124765_70,केततया तउतपदाक्रमंत विगण,1484,114,24
vyasa1896__14__line_1517228130684_71.png,vyasa1896__14,vyasa1896,line_1517228130684_71,य्यशिरोनिऋतेः ।। परिवयसेपशू,1483,141,27
vyasa1896__14__line_1517228135175_72.png,vyasa1896__14,vyasa1896,line_1517228135175_72,निवगिरा विबुधानपि तांस्त्वाय,1477,114,28
vyasa1896__14__line_1517228146110_73.png,vyasa1896__14,vyasa1896,line_1517228146110_73,* सर्वथासर्वतःशुद्धाभक्ताएवनचापरे ।। अतःशुद्धिमभीप्सद्भिव्याभक्तानचापरे १४,1400,117,74
vyasa1896__15__r3l1.png,vyasa1896__15,vyasa1896,r3l1,वेदस्तुति स० ।,399,104,14
vyasa1896__15__r3l2.png,vyasa1896__15,vyasa1896,r3l2,१५,101,90,2
vyasa1896__15__line_1517228297141_75.png,vyasa1896__15,vyasa1896,line_1517228297141_75,कृतसौत्दृदाः खलुपुनंति नयेविमु,1476,155,30
vyasa1896__15__line_1517228300876_76.png,vyasa1896__15,vyasa1896,line_1517228300876_76,खाः ।। १४ ।।,615,136,12
vyasa1896__15__line_1517228307511_77.png,vyasa1896__15,vyasa1896,line_1517228307511_77,ये तवत्वां अखिलसत्वनिकेततया अखिलसत्वेषु प्रा,1391,130,44
vyasa1896__15__line_1517228316243_78.png,vyasa1896__15,vyasa1896,line_1517228316243_78,णिमात्रेषु निकेतः स्थानंयस्य तस्य भावस्तत्तातया परि,1509,111,51
vyasa1896__15__line_1517228325853_79.png,vyasa1896__15,vyasa1896,line_1517228325853_79,चरंति सेवांकुर्वंति उतएव निऋतेर्मृत्योः शिरः अविगण,1492,105,50
vyasa1896__15__line_1517228331759_80.png,vyasa1896__15,vyasa1896,line_1517228331759_80,य्य अवगणनांकृत्वा पदाआक्रमन्ति तान्प्रसिद्धान्मृत्यो,1490,130,52
vyasa1896__15__line_1517228336721_81.png,vyasa1896__15,vyasa1896,line_1517228336721_81,रपि उत्कृष्टान्विबुधानपि देवानपि त्वं पशूनिव गिरावा,1491,112,51
vyasa1896__15__line_1517228341518_82.png,vyasa1896__15,vyasa1896,line_1517228341518_82,ण्या परिवयसेबध्नासि त्वयि कृतसौत्दृदास्ते खलु निश्च,1496,114,51
vyasa1896__15__line_1517228345695_83.png,vyasa1896__15,vyasa1896,line_1517228345695_83,येन पुनन्ति अर्थाज्जगत्पुनंतीत्यर्थः न ये विमुखाः नतु,1486,123,53
vyasa1896__15__line_1517228349432_84.png,vyasa1896__15,vyasa1896,line_1517228349432_84,तपस्विनो वा धार्मिकाः यतस्त्वयि विमुखाः ।। १४ ।।,1445,131,48
vyasa1896__15__line_1517228354883_85.png,vyasa1896__15,vyasa1896,line_1517228354883_85,त्वमकरणःस्वराडखिलकार,1306,152,20
vyasa1896__15__line_1517228358871_86.png,vyasa1896__15,vyasa1896,line_1517228358871_86,कशक्लिधरस्तव बलिमुद्वहंति स,1471,160,27
vyasa1896__15__line_1517228365525_87.png,vyasa1896__15,vyasa1896,line_1517228365525_87,मदंत्यजयानिमिषाः ।। वर्षभु जो,1478,151,29
vyasa1896__15__line_1517228369710_88.png,vyasa1896__15,vyasa1896,line_1517228369710_88,खिलक्षितिपतेरिव विश्वसृजोवि,1499,151,27
vyasa1896__15__line_1517228262539_74.png,vyasa1896__15,vyasa1896,line_1517228262539_74,दधतियत्रये त्वधिकृताभवतश्च,1449,150,26
vyasa1896__15__r3l68.png,vyasa1896__15,vyasa1896,r3l68,किताः ।। १५ ।।,695,124,14
vyasa1896__16__r1l1.png,vyasa1896__16,vyasa1896,r1l1,वेदस्तुति स० ।,410,98,14
vyasa1896__16__r1l2.png,vyasa1896__16,vyasa1896,r1l2,१६,70,95,2
vyasa1896__16__r1l3.png,vyasa1896__16,vyasa1896,r1l3,त्वंअकरणः करणं इन्द्रियं तद्रहितः पुनः स्वराट्,1369,86,46
vyasa1896__16__r1l4.png,vyasa1896__16,vyasa1896,r1l4,स्वेनैवरूपेणराजते अथच अखिलकारकशक्तिधरः सक,1486,79,41
vyasa1896__16__r1l5.png,vyasa1896__16,vyasa1896,r1l5,लक्रियाकलापानां शक्ति सामर्थ्यंधरतीति तथा अतः अ,1482,85,47
vyasa1896__16__r1l7.png,vyasa1896__16,vyasa1896,r1l7,निमिषादेवाः अजया मायया तव बलिंउद्वहंति समद,1485,65,42
vyasa1896__16__r1l8.png,vyasa1896__16,vyasa1896,r1l8,न्तिच भगवते बलिंदत्वा तच्छेषं स्वयं गृह्णन्ति यथा अ,1491,79,51
vyasa1896__16__r1l9.png,vyasa1896__16,vyasa1896,r1l9,खिलक्षितिपतेः सार्वभौमस्यराज्ञः वर्षभुजः नववर्षाद्य,1481,83,51
vyasa1896__16__r1l10.png,vyasa1896__16,vyasa1896,r1l10,धिपतयः खण्डमण्डलाधिपतयः बलिकरंवहन्ति किञ्च,1491,90,42
vyasa1896__16__r1l13.png,vyasa1896__16,vyasa1896,r1l13,येतुविश्वसृजः यत्र यस्मिन्कार्ये त्वयाअधिकृताः स्थापि,1482,59,53
vyasa1896__16__r1l14.png,vyasa1896__16,vyasa1896,r1l14,ताः भवतः त्वत्तः चकिताः भीताः सन्तः तत्तत् विदध,1479,81,47
vyasa1896__16__r1l16.png,vyasa1896__16,vyasa1896,r1l16,ति तत्तत् कांर्यकुर्वन्तीत्यर्थः ।। १५ ।।,984,79,41
vyasa1896__16__line_1517228530923_89.png,vyasa1896__16,vyasa1896,line_1517228530923_89,स्थिरचरजातयः स्युरजयो,1297,117,21
vyasa1896__16__line_1517228534443_90.png,vyasa1896__16,vyasa1896,line_1517228534443_90,त्थितनिमित्तयुजो विहरउदीक्ष,1461,104,27
vyasa1896__16__line_1517228537760_91.png,vyasa1896__16,vyasa1896,line_1517228537760_91,यायदिपरस्यविमुक्तततः ।। नहि,1488,99,27
vyasa1896__16__line_1517228542159_92.png,vyasa1896__16,vyasa1896,line_1517228542159_92,परमस्यकश्चिदपरोनपरश्चभवे,1456,114,24
vyasa1896__16__line_1517228546606_93.png,vyasa1896__16,vyasa1896,line_1517228546606_93,द्वियतइवापदस्य तवशून्यतुलांद,1462,95,28
vyasa1896__16__line_1517228554303_94.png,vyasa1896__16,vyasa1896,line_1517228554303_94,धतः ।। १६ ।।,621,99,12
vyasa1896__16__r1l59.png,vyasa1896__16,vyasa1896,r1l59,* सर्वभावविनिर्मुक्तःपूर्णःक्रीडार्थमुद्गतः।।निमित्तंतंसमाश्रित्यजायंतेजीवराशयः १६,1418,85,82
vyasa1896__17__r2l1.png,vyasa1896__17,vyasa1896,r2l1,१७,54,150,2
vyasa1896__17__r2l2.png,vyasa1896__17,vyasa1896,r2l2,वेदस्तुति स० ।,428,170,14
vyasa1896__17__r2l3.png,vyasa1896__17,vyasa1896,r2l3,हेततः बिमुक्तमायासम्बन्धरहित यदि परस्य तव,1388,140,41
vyasa1896__17__r2l4.png,vyasa1896__17,vyasa1896,r2l4,उदीक्षया उद्गता ईक्षा इच्छातया विहरः विहारः क्रीडा,1470,119,50
vyasa1896__17__r2l5.png,vyasa1896__17,vyasa1896,r2l5,तदा स्थिरचरजातयः स्थावरजङ्गमभेदाः स्वयमेवोत्य,1474,120,45
vyasa1896__17__r2l6.png,vyasa1896__17,vyasa1896,r2l6,द्यन्ते कथम्भूता जातयः अजयोत्थनिमित्तयुजः अजया,1481,72,46
vyasa1896__17__r2l8.png,vyasa1896__17,vyasa1896,r2l8,प्रकृत्या जातयः उत्थिताः सत्यः तयैव उत्थितं निमित्तं,1478,118,52
vyasa1896__17__r2l9.png,vyasa1896__17,vyasa1896,r2l9,कर्मापि युञ्जते इति तथा नहि परमस्य अक्षरादपि अग्रे,1473,122,50
vyasa1896__17__r2l10.png,vyasa1896__17,vyasa1896,r2l10,स्थितस्य तव परश्चापरश्च भवेत् वियतइव आकाशस्यवे,1469,113,46
vyasa1896__17__r2l11.png,vyasa1896__17,vyasa1896,r2l11,कथम्भूतस्य अपदस्य स्थानरहितस्य अथ शून्यतुलांदध,1481,122,46
vyasa1896__17__r2l12.png,vyasa1896__17,vyasa1896,r2l12,तः तुलांसमताम् ।। १६ ।।,752,132,23
vyasa1896__17__line_1517228681679_96.png,vyasa1896__17,vyasa1896,line_1517228681679_96,अपरिमिताध्रुवास्तनुभृतोय,1302,122,24
vyasa1896__17__r2l21.png,vyasa1896__17,vyasa1896,r2l21,दिसर्वगतास्तर्हि न शास्यतेतिनि,1449,146,30
vyasa1896__17__r2l23.png,vyasa1896__17,vyasa1896,r2l23,यमोध्रुवनेतरथा ।। अजनिचयन्म,1423,131,27
vyasa1896__17__line_1517228610649_95.png,vyasa1896__17,vyasa1896,line_1517228610649_95,यंतदविमुच्यनियंतृभवेत्सममनु,1421,201,27
vyasa1896__17__r2l26.png,vyasa1896__17,vyasa1896,r2l26,जानतांयदमतंमतदुष्टतया १७।।,1458,146,26
vyasa1896__17__r2l27.png,vyasa1896__17,vyasa1896,r2l27,अप रिमिता असंख्याताः ध्रुवा निश्चलास्तनुभृतो,1355,135,44
vyasa1896__17__r2l28.png,vyasa1896__17,vyasa1896,r2l28,जीवाः हेध्रुव यदि सर्वगता व्यापकाभवेयुस्तर्हिनशास्य,1451,139,51
vyasa1896__17__r2l29.png,vyasa1896__17,vyasa1896,r2l29,नियंताजीवखोकस्य हरिस्तेनाणवोमताः ।। जीवानव्यापकाःक्वापि चिन्मयाज्ञानि,1418,126,69
vyasa1896__17__r2l30.png,vyasa1896__17,vyasa1896,r2l30,नोमताः १७ ।।,254,124,12
vyasa1896__18__r1l1.png,vyasa1896__18,vyasa1896,r1l1,१८,60,61,2
vyasa1896__18__r1l3.png,vyasa1896__18,vyasa1896,r1l3,वेदस्तुति स०।,394,95,13
vyasa1896__18__r1l4.png,vyasa1896__18,vyasa1896,r1l4,ताइति कृत्वा त्वया नियमनंनियमः न सिद्ध्येत् इतरथा,1478,115,49
vyasa1896__18__r1l5.png,vyasa1896__18,vyasa1896,r1l5,जीवस्याव्यापकत्वे नियम्य नियामकभावो भवेदित्यर्थः,1473,104,48
vyasa1896__18__r1l6.png,vyasa1896__18,vyasa1896,r1l6,जीवस्य व्यापकत्वेभगवतः अणुत्वे नियम्य नियामक,1461,111,44
vyasa1896__18__r1l7.png,vyasa1896__18,vyasa1896,r1l7,भावो नोपपद्यत इतिभावः अजनिचयन्मयंच पुनः जी,1469,114,42
vyasa1896__18__r1l8.png,vyasa1896__18,vyasa1896,r1l8,वाख्यं ब्रह्ममयं ब्रह्मात्मकमजनि जातं तदविमुच्य ब्र,1480,110,51
vyasa1896__18__r1l10.png,vyasa1896__18,vyasa1896,r1l10,ह्मात्मकमपरित्यज्य भगवान्नियंतृभ्रवेत् जीवस्य नियं,1488,94,50
vyasa1896__18__r1l11.png,vyasa1896__18,vyasa1896,r1l11,ताभवतीत्यर्थः समं सर्व समं ब्रह्मैव मनुजानतां ज्ञानि,1490,110,52
vyasa1896__18__line_1517228786441_97.png,vyasa1896__18,vyasa1896,line_1517228786441_97,नांमतं दुष्टतया यद्यस्मादमतमननुमतं न सम्मतमि,1479,113,44
vyasa1896__18__r1l14.png,vyasa1896__18,vyasa1896,r1l14,त्यर्थः ।। १७ ।।,407,97,16
vyasa1896__18__line_1517228844120_98.png,vyasa1896__18,vyasa1896,line_1517228844120_98,* नघटतउद्भवःप्रकृतिपुरुषयो,1310,155,26
vyasa1896__18__line_1517228852133_99.png,vyasa1896__18,vyasa1896,line_1517228852133_99,रजयोरुभययुजा भवंत्यसुभृतो,1478,162,25
vyasa1896__18__line_1517228861720_100.png,vyasa1896__18,vyasa1896,line_1517228861720_100,जलबुद्बुदवत् ।। त्वयितइमेततो,1473,144,28
vyasa1896__18__line_1517228868284_101.png,vyasa1896__18,vyasa1896,line_1517228868284_101,विविधनामगुणैः परमसारतइवा,1475,157,24
vyasa1896__18__line_1517228873865_102.png,vyasa1896__18,vyasa1896,line_1517228873865_102,र्णवेमधुनिलिल्युरशेषरसाः १८।।,1492,173,29
vyasa1896__18__r1l59.png,vyasa1896__18,vyasa1896,r1l59,अजयो: प्रकृतिपुरुषयोः सकाशात् उद्भवः उत्पत्ति,1378,133,45
vyasa1896__18__r1l60.png,vyasa1896__18,vyasa1896,r1l60,र्नघटते उभययुजा प्रकृतिपुरुषसंयोगेन असुभृतो जीवा,1464,121,48
vyasa1896__18__r1l61.png,vyasa1896__18,vyasa1896,r1l61,भवंति यथा जलवायुसंबंधेन बुद्बुदा भवंति तद्वत् यतः,1470,114,49
vyasa1896__18__r1l62.png,vyasa1896__18,vyasa1896,r1l62,* नामरूपंप्रपंचंहिदेवतिर्यङ्नरात्मकम् ।। कृष्णादेवसमुदभूतलीनंतत्रैवतन्मयम् १८,1420,105,77
vyasa1906__00c__line_1516802545582_8.png,vyasa1906__00c,vyasa1906,line_1516802545582_8,काशीमाहात्म्य,975,98,13
vyasa1906__00c__line_1516802550174_9.png,vyasa1906__00c,vyasa1906,line_1516802550174_9,जिसमें,290,98,6
vyasa1906__00c__r7l30.png,vyasa1906__00c,vyasa1906,r7l30,श्रीमहादेवजीकी पुरी श्रीकाशीजीका उत्तमो-,1508,106,40
vyasa1906__00c__r7l31.png,vyasa1906__00c,vyasa1906,r7l31,त्तम माहात्म्य वर्णन कियागया है ॥,1254,142,33
vyasa1906__00c__line_1516802556424_10.png,vyasa1906__00c,vyasa1906,line_1516802556424_10,जिसको,229,98,5
vyasa1906__00c__r7l36.png,vyasa1906__00c,vyasa1906,r7l36,महात्मा श्रीव्यासजी ने मनोहर श्लोकों में,1457,121,40
vyasa1906__00c__r7l37.png,vyasa1906__00c,vyasa1906,r7l37,रचना किया था,595,144,12
vyasa1906__00c__line_1516802562132_11.png,vyasa1906__00c,vyasa1906,line_1516802562132_11,दूसरीबार,316,90,8
vyasa1906__00c__line_1516802570798_12.png,vyasa1906__00c,vyasa1906,line_1516802570798_12,लखनऊ,451,90,4
vyasa1906__00c__r7l47.png,vyasa1906__00c,vyasa1906,r7l47,"मुंशीनवलकिशोर (सी, आई, ई) के छापेख़ाने में छपा",1552,131,46
vyasa1906__00c__r7l48.png,vyasa1906__00c,vyasa1906,r7l48,जौलाई सन् १९०६ ई० ॥,675,111,19
vyasa1906__01__line_1516802660151_22.png,vyasa1906__01,vyasa1906,line_1516802660151_22,काशीमाहात्म्य ॥,1116,141,15
vyasa1906__01__r1l3.png,vyasa1906__01,vyasa1906,r1l3,सूतउवाच ॥ एकदासुखमासीनं रेवायाः,1818,213,31
vyasa1906__01__line_1516803596890_56.png,vyasa1906__01,vyasa1906,line_1516803596890_56,पुलिनेभृगुम् ॥ मुनयोविनयोपेताःपप्रच्छुर्लो,2063,164,42
vyasa1906__01__line_1516803611182_57.png,vyasa1906__01,vyasa1906,line_1516803611182_57,मशादयः १ मुनयऊचुः ॥ भगवन् सर्व्वध,2025,165,33
vyasa1906__01__line_1516803641819_58.png,vyasa1906__01,vyasa1906,line_1516803641819_58,र्म्मज्ञ तत्त्वंयत्तवनिश्चितम् ॥ निर्वाणोपरिनि,2040,122,46
vyasa1906__01__r1l19.png,vyasa1906__01,vyasa1906,r1l19,र्माणकारणं मुक्तिकाङ्क्षिणाम् २ यद्रहस्यञ्च,2021,188,43
vyasa1906__01__r1l23.png,vyasa1906__01,vyasa1906,r1l23,वेदानां तन्निःकृष्यविविच्यच ॥ ब्रूहिनः श्रद्ध,2044,176,45
vyasa1906__01__r1l24.png,vyasa1906__01,vyasa1906,r1l24,योपेतान् करुणालयतत्त्वतः ॥ वयंहिमायया,2007,168,37
vyasa1906__01__r1l26.png,vyasa1906__01,vyasa1906,r1l26,मुग्धा निश्चयंनलभामहे ३ सूतउवाच ॥ एवं,2027,168,37
vyasa1906__01__r1l28.png,vyasa1906__01,vyasa1906,r1l28,पृष्टःसभगवान् भृगुस्तत्त्वार्थदर्शनः ॥ य,1978,186,40
vyasa1906__01__r1l30.png,vyasa1906__01,vyasa1906,r1l30,दुवाचतदाख्यामि तच्छृणुघ्वंसमाहिताः ४,1827,179,36
vyasa1906__01__r1l31.png,vyasa1906__01,vyasa1906,r1l31,भृगुरुवाच ॥ साधुसाधुमहाभागाः साधु,2013,167,33
vyasa1906__01__r1l32.png,vyasa1906__01,vyasa1906,r1l32,साधुतपोधनाः ॥ भवद्भिर्यदहंपृष्टस्तत्त्वंतत्त्व,1896,193,46
vyasa1906__01__r1l33.png,vyasa1906__01,vyasa1906,r1l33,विवित्सया ५ तत्त्वंज्ञातुं कथयितुंयाथातथ्ये,1992,171,43
vyasa1906__02__line_1516802706602_24.png,vyasa1906__02,vyasa1906,line_1516802706602_24,काशीमाहात्म्य ।,659,186,15
vyasa1906__02__line_1516803846925_63.png,vyasa1906__02,vyasa1906,line_1516803846925_63,२,108,102,1
vyasa1906__02__r1l2.png,vyasa1906__02,vyasa1906,r1l2,नपद्मजः ॥ भूयसासमयेनापि नालंभवतित,2039,180,33
vyasa1906__02__r1l3.png,vyasa1906__02,vyasa1906,r1l3,त्त्वतः ६ तदहंचयथापूर्वंश्रुतवानस्मियत्नतः॥,1970,173,43
vyasa1906__02__r1l4.png,vyasa1906__02,vyasa1906,r1l4,तथाकिञ्चित्प्रवक्ष्यामि नमस्कृत्यस्वयम्भु,2023,188,41
vyasa1906__02__line_1516803705541_59.png,vyasa1906__02,vyasa1906,line_1516803705541_59,वे ७ उपक्रमोयंसुमहानुत्तरस्यतपोधनाः ॥,2029,163,37
vyasa1906__02__r1l7.png,vyasa1906__02,vyasa1906,r1l7,शम्भोःस्मरणमेवैकं सहायंप्राप्यचारभे ८,2020,179,37
vyasa1906__02__r1l8.png,vyasa1906__02,vyasa1906,r1l8,अत्रेतिहासंसुमहान्तमद्भुतं मनोमलक्षालन,2007,191,38
vyasa1906__02__r1l9.png,vyasa1906__02,vyasa1906,r1l9,शीलमादिमम् ॥ शृणुध्वमन्तःकरणादि,2033,179,31
vyasa1906__02__line_1516802726922_25.png,vyasa1906__02,vyasa1906,line_1516802726922_25,निश्चलं विधायमेधाभिविवृद्धिसाधनम् ९,2009,182,35
vyasa1906__02__line_1516803738430_60.png,vyasa1906__02,vyasa1906,line_1516803738430_60,कल्पान्तेसूर्य्यचन्द्रादिविनाशेसमुपस्थिते ॥,2048,150,43
vyasa1906__02__line_1516803757498_61.png,vyasa1906__02,vyasa1906,line_1516803757498_61,पृथिव्यादिमहाभूते नष्टेचसतिसर्वशः १०,2033,159,36
vyasa1906__02__r1l20.png,vyasa1906__02,vyasa1906,r1l20,गुणसाम्येसमापन्ने माययाश्रीपतेःपुनः ॥,1736,185,37
vyasa1906__02__r1l22.png,vyasa1906__02,vyasa1906,r1l22,गतेबहुतिथेकाले सर्गोन्मुखतयाविभोः ११,2021,161,36
vyasa1906__02__line_1516803781168_62.png,vyasa1906__02,vyasa1906,line_1516803781168_62,पचेलिमायांप्रकृतौ साशयायांतदात्मनः ॥,2005,188,36
vyasa1906__02__line_1516802770037_26.png,vyasa1906__02,vyasa1906,line_1516802770037_26,व्योमाभवत्ततोवायुस्ततस्तेजोजलंततः १२,1975,195,36
vyasa1906__02__r1l27.png,vyasa1906__02,vyasa1906,r1l27,जलाद्भूरभवत्तानि क्रमेणाधिगतामियुः ॥,1829,181,36
vyasa1906__03__r1l1.png,vyasa1906__03,vyasa1906,r1l1,काशीमाहात्म्य ।,604,142,15
vyasa1906__03__line_1516803924608_64.png,vyasa1906__03,vyasa1906,line_1516803924608_64,३,67,98,1
vyasa1906__03__r1l2.png,vyasa1906__03,vyasa1906,r1l2,एवंक्रमेणभूतानि सृष्ट्वासर्वेश्वरःप्रभुः १३,2021,192,43
vyasa1906__03__r1l3.png,vyasa1906__03,vyasa1906,r1l3,भक्तानुग्रहमात्रार्थं लीलादेहमधारयत् ॥,1835,176,38
vyasa1906__03__line_1516803398869_54.png,vyasa1906__03,vyasa1906,line_1516803398869_54,इन्दीवरदलश्यामं चतुर्बाहुंस्वलंकृतम् १४,2022,170,39
vyasa1906__03__line_1516803413567_55.png,vyasa1906__03,vyasa1906,line_1516803413567_55,पद्मनेत्रं पद्मनाभं पद्मारिदरधारिणम् ॥,2002,200,38
vyasa1906__03__r1l15.png,vyasa1906__03,vyasa1906,r1l15,जलान्तर्गतमुद्भासिपीताम्बरसमावृतम् १५,2026,167,37
vyasa1906__03__r1l16.png,vyasa1906__03,vyasa1906,r1l16,तस्यनाभ्यांसरसिजं ततोजायतपद्मजः ॥,1997,177,33
vyasa1906__03__line_1516802829285_29.png,vyasa1906__03,vyasa1906,line_1516802829285_29,चतुर्मुखश्चतुर्द्दिक्षु न ददर्श च कञ्चन १६,1954,182,42
vyasa1906__03__r1l20.png,vyasa1906__03,vyasa1906,r1l20,तदामेनेस्वमात्मानं भूतेशंविश्वभावनम् ॥,2001,181,38
vyasa1906__03__r1l21.png,vyasa1906__03,vyasa1906,r1l21,अहङ्कारगृहीतात्माविष्णुनाभिसरोजजः १७,2047,170,36
vyasa1906__03__r1l23.png,vyasa1906__03,vyasa1906,r1l23,एवमज्ञानसम्भूतंविज्ञायभगवान्हरिः ॥स्वंरू,2054,184,40
vyasa1906__03__r1l25.png,vyasa1906__03,vyasa1906,r1l25,पंदर्शयामास कोसीतिद्रुहिणंब्रुवन् १८ ब्रह्मो,1978,174,44
vyasa1906__03__r1l28.png,vyasa1906__03,vyasa1906,r1l28,वाच ॥ अहम्भूतेश्वरःसाक्षाद्भवताकारणम्प,1975,155,38
vyasa1906__03__r1l31.png,vyasa1906__03,vyasa1906,r1l31,रम्॥ सर्वमेतन्मयासृष्टङ्किंमांवेत्सिनतत्त्वतः,2039,184,45
vyasa1906__03__r1l33.png,vyasa1906__03,vyasa1906,r1l33,१९ नारायणउवाच ॥ अहोअविद्यामाहा,1975,196,30
vyasa1906__03__r1l34.png,vyasa1906__03,vyasa1906,r1l34,१ कामलचक्रशङ्खधारिणम्॥,877,183,22
vyasa1906__04__r1l1.png,vyasa1906__04,vyasa1906,r1l1,४,87,124,1
vyasa1906__04__r1l2.png,vyasa1906__04,vyasa1906,r1l2,काशीमाहात्म्य ।,647,158,15
vyasa1906__04__r1l3.png,vyasa1906__04,vyasa1906,r1l3,त्म्यमयमत्राभिपद्मजः ॥ ईश्वरम्मान्नजाना,2002,165,39
vyasa1906__04__line_1516802868998_30.png,vyasa1906__04,vyasa1906,line_1516802868998_30,ति विरञ्चिर्मन्दमूढधीः २० पद्मयोनेपश्य,2024,161,38
vyasa1906__04__r1l12.png,vyasa1906__04,vyasa1906,r1l12,हेतुं स्वीयम्मन्नाभिपङ्कजम् ॥ दृष्ट्वापश्चान्नि,2049,74,47
vyasa1906__04__r1l14.png,vyasa1906__04,vyasa1906,r1l14,जगुरुंमामेवशरणंव्रज २१ भृगुरुवाच ॥ ए,2035,112,36
vyasa1906__04__r1l17.png,vyasa1906__04,vyasa1906,r1l17,वन्तौविवदन्तौहि परस्परममर्षणौ ॥ अह,2054,146,34
vyasa1906__04__r1l19.png,vyasa1906__04,vyasa1906,r1l19,म्पूर्व्वमहम्पूर्व्वमितिवाग्युद्धमीयतुः २२ सं,1823,131,45
vyasa1906__04__line_1516802907423_31.png,vyasa1906__04,vyasa1906,line_1516802907423_31,रब्धावयवान्योन्यौ स्वानुभावसमुत्थितैः ॥,1860,174,39
vyasa1906__04__r1l24.png,vyasa1906__04,vyasa1906,r1l24,अस्त्रैःशस्त्रैस्ततःख्यातैः क्षतजोक्षितमुद्गलौ,1838,112,46
vyasa1906__04__line_1516802940639_33.png,vyasa1906__04,vyasa1906,line_1516802940639_33,२३ हरिद्रुहिणयोरेवं युध्यतोःशतवत्सराः ॥,1929,168,39
vyasa1906__04__line_1516802956058_34.png,vyasa1906__04,vyasa1906,line_1516802956058_34,अतीतानानयोर्मध्ये पराजीयतकश्चन २४,2048,168,33
vyasa1906__04__line_1516802968974_35.png,vyasa1906__04,vyasa1906,line_1516802968974_35,अपश्यतामथाभ्याशेलिङ्गन्तेजोमयम्परम्॥,2007,147,36
vyasa1906__04__line_1516802976102_36.png,vyasa1906__04,vyasa1906,line_1516802976102_36,शरच्चन्द्रायुतसमम्प्रभाभासुरमैश्वरम् २५,2053,190,39
vyasa1906__04__r1l46.png,vyasa1906__04,vyasa1906,r1l46,वीक्ष्यतद्व्यापकञ्ज्योतिर्न्निःप्रभौ विस्मितौ,1966,117,45
vyasa1906__04__line_1516803004027_37.png,vyasa1906__04,vyasa1906,line_1516803004027_37,चतौ ॥ कर्त्तव्यन्नान्वपद्येतामीषदागतसा,2054,195,38
vyasa1906__04__line_1516803021414_38.png,vyasa1906__04,vyasa1906,line_1516803021414_38,ध्वसौ २६ किंस्विदग्रेमहाज्योतिःकश्चिदग्ने,2035,158,41
vyasa1906__05__line_1516803066221_39.png,vyasa1906__05,vyasa1906,line_1516803066221_39,काशीमाहात्म्य । ५,1330,158,17
vyasa1906__05__line_1516803095240_41.png,vyasa1906__05,vyasa1906,line_1516803095240_41,स्थितःकुतः ॥तर्कयन्तौविधिहरी ददृशातेत,2042,169,37
vyasa1906__05__line_1516803107190_42.png,vyasa1906__05,vyasa1906,line_1516803107190_42,दन्तरा २७ पुरुषंपिङ्गलजटं दिग्वाससमलङ्कृ,1978,186,40
vyasa1906__05__line_1516803123877_43.png,vyasa1906__05,vyasa1906,line_1516803123877_43,तम् ॥ भुजङ्गैर्नृकपालैश्च कुन्देन्दुविमलद्यु,2032,187,44
vyasa1906__05__line_1516803147212_44.png,vyasa1906__05,vyasa1906,line_1516803147212_44,तिम् २८ तंदृष्ट्वाथतयोरासीदयमेवपरःपु,2045,168,36
vyasa1906__05__line_1516803163009_45.png,vyasa1906__05,vyasa1906,line_1516803163009_45,मान् ॥ इतिबुद्धिस्ततस्ताभ्यां संस्तुतोवैदि,2018,192,42
vyasa1906__05__line_1516803182016_46.png,vyasa1906__05,vyasa1906,line_1516803182016_46,कैःस्तवैः २९ महादेवउवाच॥ भवद्भ्यामि,2031,167,35
vyasa1906__05__line_1516803204319_47.png,vyasa1906__05,vyasa1906,line_1516803204319_47,दमुद्भासि मल्लिङ्गंदृष्टमद्भुतम् ॥ स्तुतञ्चतेन,2049,170,46
vyasa1906__05__r1l46.png,vyasa1906__05,vyasa1906,r1l46,प्रीतोहंवृणीतांवरमादिजौ ३० तावूचतुः ॥,1831,204,37
vyasa1906__05__r1l48.png,vyasa1906__05,vyasa1906,r1l48,सदाशिवप्रसन्नश्चेत्त्वयिनौनिश्चलामतिः ॥,2006,157,39
vyasa1906__05__line_1516803231606_48.png,vyasa1906__05,vyasa1906,line_1516803231606_48,सदाभवतुभूतेश वरन्नान्यंवृणीमहे ३१ ए,2025,175,35
vyasa1906__05__line_1516803246270_49.png,vyasa1906__05,vyasa1906,line_1516803246270_49,कम्पराकुरुविभो संशयन्नौहृदिस्थितम् ॥,2038,174,36
vyasa1906__05__line_1516803253604_50.png,vyasa1906__05,vyasa1906,line_1516803253604_50,यद्भवांस्तैजसंलिङ्गमधितिष्ठतिनित्यशः ३२,1981,196,39
vyasa1906__05__line_1516803277424_51.png,vyasa1906__05,vyasa1906,line_1516803277424_51,तत्किंसमाख्यङ्किंरूपं किम्प्रभावङ्किमाश्रय,2015,171,42
vyasa1906__05__line_1516803290098_52.png,vyasa1906__05,vyasa1906,line_1516803290098_52,म् ॥ एतत्सर्वम्महेशान वक्तुमर्हस्यशेषतः,2014,177,39
vyasa1906__05__line_1516803304885_53.png,vyasa1906__05,vyasa1906,line_1516803304885_53,३३ महादेव उवाच ॥यदेतत्परमं लिङ्गं प,2006,206,35
vyasa1906__06__r1l1.png,vyasa1906__06,vyasa1906,r1l1,काशीमाहात्म्य ।,564,150,15
vyasa1906__06__line_1516804052337_65.png,vyasa1906__06,vyasa1906,line_1516804052337_65,६,94,90,1
vyasa1906__06__r1l2.png,vyasa1906__06,vyasa1906,r1l2,श्यतम्पुरतःस्फुरन् ॥ तद्विश्वेरसंज्ञंहि स,1987,178,41
vyasa1906__06__r1l3.png,vyasa1906__06,vyasa1906,r1l3,च्चिदानन्दविग्रहम् ३४ लयंलिङ्गशरीरस्य,2020,169,37
vyasa1906__06__r1l4.png,vyasa1906__06,vyasa1906,r1l4,विश्लेषङ्गमयेत्परम् ॥ तेनलिङ्गमितिख्यात,2021,165,39
vyasa1906__06__r1l7.png,vyasa1906__06,vyasa1906,r1l7,मपवर्गैकसाधनम् ३५ व्यापकत्वेपिचैतस्य,1517,98,36
vyasa1906__06__r1l8.png,vyasa1906__06,vyasa1906,r1l8,निराकारस्यतत्त्वतः ॥ परिच्छिन्नप्रभावर्द्धि,1963,179,43
vyasa1906__06__r1l9.png,vyasa1906__06,vyasa1906,r1l9,र्नमयानचविष्णुना ३६ यथाव्योमापरि,1993,158,32
vyasa1906__06__r1l10.png,vyasa1906__06,vyasa1906,r1l10,च्छिन्नंशब्दहेतुतयासमम् ॥ स्वयमेवपरि,1967,184,36
vyasa1906__06__r1l13.png,vyasa1906__06,vyasa1906,r1l13,च्छिन्नम्प्राप्नोतीदमपीदृशम् ३७ प्रभावः,1297,173,39
vyasa1906__06__r1l14.png,vyasa1906__06,vyasa1906,r1l14,श्रूयतामस्य नित्यानन्दस्वरूपिण: ॥ अत्र,2001,102,38
vyasa1906__06__r1l16.png,vyasa1906__06,vyasa1906,r1l16,त्यक्त्वाप्यसून् सन्तःसच्चिदानन्दरूपताम ३८,1999,156,42
vyasa1906__06__r1l17.png,vyasa1906__06,vyasa1906,r1l17,यथायोग्यंलभन्तेहि नात्रकार्याविचारणा ॥,2006,170,38
vyasa1906__06__r1l18.png,vyasa1906__06,vyasa1906,r1l18,अत्रप्रविष्टमात्रस्य जन्तोः पापम्पुरार्जित,2113,99,42
vyasa1906__06__line_1516804141459_66.png,vyasa1906__06,vyasa1906,line_1516804141459_66,म् ३९ विनाशमाप्नोतिपरं पुण्यराशिश्चव,2000,186,36
vyasa1906__06__r1l22.png,vyasa1906__06,vyasa1906,r1l22,र्द्धते॥ निर्वाणपदमेवैतदधितिष्ठामिनित्यशः,1905,174,41
vyasa1906__06__r1l23.png,vyasa1906__06,vyasa1906,r1l23,४० म्रियमाणस्यजन्तोर्हि वाक्यङ्कर्णेसमुच्च,1897,131,42
vyasa1906__07__r1l1.png,vyasa1906__07,vyasa1906,r1l1,७,52,207,1
vyasa1906__07__r1l2.png,vyasa1906__07,vyasa1906,r1l2,काशीमाहात्म्य ।,598,230,15
vyasa1906__07__r1l3.png,vyasa1906__07,vyasa1906,r1l3,रन् ॥ विनावाक्योपदेशेनब्रह्मात्मैक्यं न,1996,187,39
vyasa1906__07__r1l4.png,vyasa1906__07,vyasa1906,r1l4,भासते ४१ ब्रह्मात्मैकत्वविज्ञानादृतेमुक्ति,2054,186,42
vyasa1906__07__r1l5.png,vyasa1906__07,vyasa1906,r1l5,र्नजायते ॥ नियमेनेहकथये तदहंयस्य,1994,184,32
vyasa1906__07__r1l6.png,vyasa1906__07,vyasa1906,r1l6,कस्यचित् ४२ स्वे स्वे कर्मणि निष्णातानु,2039,198,39
vyasa1906__07__r1l7.png,vyasa1906__07,vyasa1906,r1l7,त्तमानथमध्यमान् ॥ अधमानथमार्गस्था,1952,173,33
vyasa1906__07__r1l8.png,vyasa1906__07,vyasa1906,r1l8,न्नयामीहपराङ्गतिम् ४३ पण्डितोवापि मू,2035,196,36
vyasa1906__07__r1l9.png,vyasa1906__07,vyasa1906,r1l9,र्खोवामुखजोवातथान्त्यजः ॥ अस्मिँल्लि,2011,188,36
vyasa1906__07__r1l10.png,vyasa1906__07,vyasa1906,r1l10,ङ्गेत्याजान्प्राणान् धर्मकृन्मोक्षमाप्नुयात्४४,1939,178,46
vyasa1906__07__r1l11.png,vyasa1906__07,vyasa1906,r1l11,निराश्रयमिदंलिङ्गं विश्वेशमाश्रयःपरम्॥,2050,183,38
vyasa1906__07__r1l12.png,vyasa1906__07,vyasa1906,r1l12,भवन्तावपिलिङ्गेस्मिन्स्थित्वातत्त्वमवाप्स्य,2012,178,43
vyasa1906__07__line_1516804225192_67.png,vyasa1906__07,vyasa1906,line_1516804225192_67,थ ४५ भृगुरुवाच ॥ एवमुक्त्वासभगवान्विश्वे,1988,204,40
vyasa1906__07__line_1516804245986_68.png,vyasa1906__07,vyasa1906,line_1516804245986_68,शोन्तर्हितोभवत् ॥ माधवःपद्मजश्चैव गतरो,2043,117,38
vyasa1906__07__r1l17.png,vyasa1906__07,vyasa1906,r1l17,षौविचेरतुः ४६ भवद्भिर्यदहम्पृष्टो मोक्षहे,1794,189,41
vyasa1906__07__r1l18.png,vyasa1906__07,vyasa1906,r1l18,तुंप्रतिद्विजाः ॥ तदुक्तंविश्वनाथस्य कथां,2005,184,41
vyasa1906__07__r1l19.png,vyasa1906__07,vyasa1906,r1l19,कथयतामया ४७ यल्लिङ्गंदृष्टवान्तौहिनाराय,1990,196,39
vyasa1906__08__r1l1.png,vyasa1906__08,vyasa1906,r1l1,काशीमाहात्म्य ।,565,131,15
vyasa1906__08__line_1516804287888_69.png,vyasa1906__08,vyasa1906,line_1516804287888_69,८,124,90,1
vyasa1906__08__line_1516804315853_70.png,vyasa1906__08,vyasa1906,line_1516804315853_70,णपितामहौ ॥ तदेवेलोकेवेच काशीतिप,2039,95,31
vyasa1906__08__line_1516804331102_71.png,vyasa1906__08,vyasa1906,line_1516804331102_71,रिगीयते ४८ अत्रमुक्तिस्तुसुलभापाणौफल,2054,104,36
vyasa1906__08__r1l14.png,vyasa1906__08,vyasa1906,r1l14,मिवाहितम् ॥ तस्यादर्शनमात्रेण पापंयाति,2020,126,38
vyasa1906__08__line_1516804356558_72.png,vyasa1906__08,vyasa1906,line_1516804356558_72,सहस्रधा ४९ इत्येतत्सर्वमाख्यातं भूयः,2051,102,36
vyasa1906__08__r1l27.png,vyasa1906__08,vyasa1906,r1l27,किंनिगदामिवः ५० ऋषयऊचुः ॥ भृगोसर्व,1990,118,34
vyasa1906__08__r1l28.png,vyasa1906__08,vyasa1906,r1l28,मुनिश्रेष्ठ अस्माभिस्तपसःफलम् ॥ लब्धम,2018,171,37
vyasa1906__08__line_1516804402084_73.png,vyasa1906__08,vyasa1906,line_1516804402084_73,द्यैव यत्काशीप्रभावस्त्वन्मुखाच्छुतः ५१,2059,117,39
vyasa1906__08__line_1516804409459_74.png,vyasa1906__08,vyasa1906,line_1516804409459_74,काश्याएवमहाबाहोभूयः कथयसत्कथाः ॥,2041,147,32
vyasa1906__08__line_1516804445943_75.png,vyasa1906__08,vyasa1906,line_1516804445943_75,विस्तरेणसमासेन सर्वेषांहितकाम्यया ५२,2058,112,36
vyasa1906__08__line_1516804449676_76.png,vyasa1906__08,vyasa1906,line_1516804449676_76,किंमाहात्म्यंकथंवेद्यं सेव्याकैश्चद्विजोत्तमा ।,2077,122,47
vyasa1906__08__line_1516804466610_77.png,vyasa1906__08,vyasa1906,line_1516804466610_77,परिणामंचतस्याःकिं केनोपायेनलभ्यते ५३,2055,90,36
vyasa1906__08__line_1516804497152_78.png,vyasa1906__08,vyasa1906,line_1516804497152_78,एतत्सर्वंसुनिश्चित्य कथयाथविशेषतः ॥,2081,90,35
vyasa1906__08__line_1516804503493_79.png,vyasa1906__08,vyasa1906,line_1516804503493_79,श्रोत्रपात्राणिचास्माकं काङ्क्षन्तित्वद्वचोमृत,2054,117,46
vyasa1906__08__line_1516804530848_80.png,vyasa1906__08,vyasa1906,line_1516804530848_80,म् ५४ भृगुरुवाच ॥ सावधानाः शृणुध्वंमे,2043,104,37
vyasa1906__08__line_1516804536122_81.png,vyasa1906__08,vyasa1906,line_1516804536122_81,वचःकाशीगुणार्थकम् ॥ यच्छ्रुत्वासर्वपापे,2058,98,39
vyasa1906__09__line_1516804550049_82.png,vyasa1906__09,vyasa1906,line_1516804550049_82,९,88,104,1
vyasa1906__09__r1l1.png,vyasa1906__09,vyasa1906,r1l1,काशीमाहात्म्य ।,643,141,15
vyasa1906__09__line_1516804573359_83.png,vyasa1906__09,vyasa1906,line_1516804573359_83,भ्यो मुच्यन्तेसर्वशोजनाः ५५ आसीत्कृत,2032,104,36
vyasa1906__09__line_1516804583868_84.png,vyasa1906__09,vyasa1906,line_1516804583868_84,युगेश्रीमान् समृद्धबलवाहनः ॥ भूरिद्युम्नो,1501,160,41
vyasa1906__09__r1l14.png,vyasa1906__09,vyasa1906,r1l14,महाराजः क्षमामण्डलपालकः ५६ तस्या,2010,130,32
vyasa1906__09__r1l18.png,vyasa1906__09,vyasa1906,r1l18,सञ्छतसाहस्राःप्रमदाःकमलेक्षणा ॥ तासां,2015,124,37
vyasa1906__09__line_1516804627354_85.png,vyasa1906__09,vyasa1906,line_1516804627354_85,विभावरीश्रेष्ठा बभूवतनुमध्यमा ५७ तस्या,2028,90,38
vyasa1906__09__line_1516804648885_86.png,vyasa1906__09,vyasa1906,line_1516804648885_86,मेवाहितमतिर्भूरिद्युम्नोनिरन्तरम् ॥ चिक्री,2025,130,42
vyasa1906__09__line_1521639702382_1.png,vyasa1906__09,vyasa1906,line_1521639702382_1,ड वनखण्डेषु पौलोम्या इव देवराट् ५८,2010,108,34
vyasa1906__09__line_1516804682083_88.png,vyasa1906__09,vyasa1906,line_1516804682083_88,तस्यैवं क्रीडतः कालो गतोबहुतिथोद्विजाः ॥,1997,150,40
vyasa1906__09__r1l47.png,vyasa1906__09,vyasa1906,r1l47,नसराज्येमतिंचक्रेमन्मथाक्रान्तचेतनः ५९,1988,108,38
vyasa1906__09__line_1516804726524_89.png,vyasa1906__09,vyasa1906,line_1516804726524_89,इत्थंविलासासक्तस्यराज्यंकोशोबलंस्त्रियः ॥,2020,146,41
vyasa1906__09__r1l55.png,vyasa1906__09,vyasa1906,r1l55,शत्रुणामित्रवृन्देन हृतं नातिप्रयत्नतः ६०,1990,166,41
vyasa1906__09__r1l58.png,vyasa1906__09,vyasa1906,r1l58,तच्छुत्वा शोकसंतप्तो नीत्वा नारीं विभाव,1991,108,39
vyasa1906__09__line_1516804766855_90.png,vyasa1906__09,vyasa1906,line_1516804766855_90,रीम् ॥ जगामविन्ध्यकान्तारंखड्गमात्रायुधो,2039,98,40
vyasa1906__09__line_1516804780924_91.png,vyasa1906__09,vyasa1906,line_1516804780924_91,भवत् ६१ क्षुत्क्षामश्चपिपासार्त्तः स्त्रीद्वितीयः,2017,166,49
vyasa1906__09__line_1516804797314_92.png,vyasa1906__09,vyasa1906,line_1516804797314_92,सभूपतिः ॥ बहुभिर्दिवसैःप्रापविन्ध्यकान्ता,1962,146,41
vyasa1906__10__r1l1.png,vyasa1906__10,vyasa1906,r1l1,१०,129,186,2
vyasa1906__10__r1l2.png,vyasa1906__10,vyasa1906,r1l2,काशीमाहात्म्य ।,631,184,15
vyasa1906__10__line_1516804843893_93.png,vyasa1906__10,vyasa1906,line_1516804843893_93,रमुल्बणम् ६२ शार्दूलशावयूथेन मृगयूथ,1907,191,35
vyasa1906__10__r1l5.png,vyasa1906__10,vyasa1906,r1l5,विमर्द्दिना ॥ सेवितंरोषचलितंक्षिप्तलाङ्मूलसे,1834,162,44
vyasa1906__10__r1l6.png,vyasa1906__10,vyasa1906,r1l6,विना ६३ क्वचिन्मातङ्गनिनदैः क्वचित्पञ्चा,1970,167,40
vyasa1906__10__r1l7.png,vyasa1906__10,vyasa1906,r1l7,स्यगर्जितैः ॥ क्वचिन्महिषहुङ्कारैराकुलंविश्व,2009,177,44
vyasa1906__10__r1l8.png,vyasa1906__10,vyasa1906,r1l8,भीषणम् ६४ तंदृष्ट्वाविन्ध्यकान्तारंकान्तारा,2014,179,43
vyasa1906__10__r1l9.png,vyasa1906__10,vyasa1906,r1l9,जानमब्रवीत् ॥ विभावर्य्युवाच ॥ राजन्केय,2032,174,39
vyasa1906__10__r1l10.png,vyasa1906__10,vyasa1906,r1l10,मवस्थाते मत्सहायस्यचागता ॥ यदत्रश्वाप,1982,177,37
vyasa1906__10__r1l11.png,vyasa1906__10,vyasa1906,r1l11,दाकीर्णं कान्तारंप्रतिपद्यसे ६५ कथंवनेस्मिन्,1999,139,44
vyasa1906__10__line_1516804905517_94.png,vyasa1906__10,vyasa1906,line_1516804905517_94,राजेन्द्रस्थातव्यंभवतामया ॥ निर्मानुषेनिर,2047,104,41
vyasa1906__10__r1l17.png,vyasa1906__10,vyasa1906,r1l17,न्नेचप्रायस्तोयविवर्जिते ६६ इदानीमेवबाध,2009,183,39
vyasa1906__10__r1l18.png,vyasa1906__10,vyasa1906,r1l18,न्तेक्षुत्पिपासादयोग्रहाः ॥ मुखंचतेतिविम्ल,1991,169,42
vyasa1906__10__r1l19.png,vyasa1906__10,vyasa1906,r1l19,नंनतथामेस्तिभूपते ६७ प्राप्यापिमहतीमृ,2022,195,37
vyasa1906__10__line_1516804933905_95.png,vyasa1906__10,vyasa1906,line_1516804933905_95,द्धिंनत्वयासुकृतंकृतम्॥नीतःकालोवृथाराज,2019,130,38
vyasa1906__10__r1l23.png,vyasa1906__10,vyasa1906,r1l23,न् काममात्रोपसेवया ६८ धर्मार्थौयःपरित्य,1970,165,39
vyasa1906__10__r1l24.png,vyasa1906__10,vyasa1906,r1l24,ज्य काममात्रोपसेवते ॥ भवानिवसदुःखार्त्तः,1981,190,40
vyasa1906__11__r1l1.png,vyasa1906__11,vyasa1906,r1l1,११,94,158,2
vyasa1906__11__r1l2.png,vyasa1906__11,vyasa1906,r1l2,काशीमाहात्म्य ।,652,167,15
vyasa1906__11__r1l3.png,vyasa1906__11,vyasa1906,r1l3,परिभ्रमतिसङ्कुले६९भृगुरुवाच ॥ इत्यङ्गना,1947,167,39
vyasa1906__11__r1l4.png,vyasa1906__11,vyasa1906,r1l4,वचःशृण्वन्क्षुधितःसपिपासितः ॥ नकिञ्चि,1993,164,37
vyasa1906__11__r1l5.png,vyasa1906__11,vyasa1906,r1l5,त्प्रत्युवाचैनां स्वापराधंविचिन्तयन् ७० दम्प,1996,183,44
vyasa1906__11__r1l6.png,vyasa1906__11,vyasa1906,r1l6,तीतौवनेभीमेभ्रमन्तौक्षुत्तृषार्द्दितौ ॥ पञ्चमि,2016,189,46
vyasa1906__11__line_1516805010144_96.png,vyasa1906__11,vyasa1906,line_1516805010144_96,र्दिवसैःप्राप्तःशालङ्कायनमाश्रमम् ७१ पूजित,2038,171,42
vyasa1906__11__r1l10.png,vyasa1906__11,vyasa1906,r1l10,स्तेनविधिवत्फलमूलजलादिभिः । उवासत,2013,171,33
vyasa1906__11__r1l11.png,vyasa1906__11,vyasa1906,r1l11,त्रनिःशङ्कः कथितःस्वार्त्तिसाधनः७२एकरा,2010,167,38
vyasa1906__11__r1l12.png,vyasa1906__11,vyasa1906,r1l12,त्रिंतत्रनीत्वा पुनर्बभ्रामतद्वने ॥ तथामृगदृ,1993,160,44
vyasa1906__11__line_1516805055115_97.png,vyasa1906__11,vyasa1906,line_1516805055115_97,शासार्द्धं दिनानिसुबहून्यपि ७३ इत्येवंपरित,2063,146,42
vyasa1906__11__r1l19.png,vyasa1906__11,vyasa1906,r1l19,प्तस्तु नैवप्रापफलादिकम् ॥ विशुष्यद्वदनोरा,2016,171,42
vyasa1906__11__r1l21.png,vyasa1906__11,vyasa1906,r1l21,ज्ञासहितोविन्ध्यकानने७४तदातस्याभवद्,2033,173,35
vyasa1906__11__r1l23.png,vyasa1906__11,vyasa1906,r1l23,बुद्धिःकूरापापस्यराक्षसी ॥ भक्षणायविभाव,1867,180,39
vyasa1906__11__r1l24.png,vyasa1906__11,vyasa1906,r1l24,र्य्यास्तदासातद्व्यजानत७५विभावर्युवाच ॥,2023,173,39
vyasa1906__11__line_1516805095868_98.png,vyasa1906__11,vyasa1906,line_1516805095868_98,राजेन्द्रक्षुधयातेद्य पीडाप्राणविनाशिनी ॥,2051,117,41
vyasa1906__11__r1l28.png,vyasa1906__11,vyasa1906,r1l28,लक्ष्यतेतेनमृद्गात्रान्मांसमुत्कृत्यभुंक्ष्वच ७६॥,1214,92,49
vyasa1906__12__line_1516805209740_99.png,vyasa1906__12,vyasa1906,line_1516805209740_99,१२,136,98,2
vyasa1906__12__r1l1.png,vyasa1906__12,vyasa1906,r1l1,काशीमाहात्म्य ।,601,74,15
vyasa1906__12__line_1516805219863_100.png,vyasa1906__12,vyasa1906,line_1516805219863_100,माविलम्बंकुरुविभोनमेदुःखंभविष्यति॥स्त्री,2011,141,40
vyasa1906__12__r1l7.png,vyasa1906__12,vyasa1906,r1l7,णामतःपरोधर्मोनास्त्येवपृथिवीपते ७७ सू,2030,146,37
vyasa1906__12__line_1516805252972_101.png,vyasa1906__12,vyasa1906,line_1516805252972_101,र्येनैवोपचारंस्यात्तत्कार्यमविशङ्कया॥ अत्रा,2035,118,43
vyasa1906__12__line_1516805259406_102.png,vyasa1906__12,vyasa1906,line_1516805259406_102,पिगाथांगायन्तियेपुराणविदोजनाः७८ आ,1999,118,33
vyasa1906__12__line_1516805274032_103.png,vyasa1906__12,vyasa1906,line_1516805274032_103,पदर्थेधनंरक्षेद्दारान्रक्षेद्धनैरपि॥आत्मानंसत,2035,130,45
vyasa1906__12__line_1516805296380_104.png,vyasa1906__12,vyasa1906,line_1516805296380_104,तंरक्षेद्दारैरपिधनैरपि ७९ भृगुरुवाच ॥ इत्ये,2058,122,43
vyasa1906__12__line_1516805304324_105.png,vyasa1906__12,vyasa1906,line_1516805304324_105,वंवादिनींतान्तुजघानतरसाबली॥हत्वाभक्षि,2016,117,37
vyasa1906__12__line_1516805336180_106.png,vyasa1906__12,vyasa1906,line_1516805336180_106,तुमारेभे प्रियामांसंसपापभाक् ८० तदैवसिं,2043,124,39
vyasa1906__12__line_1516805408199_107.png,vyasa1906__12,vyasa1906,line_1516805408199_107,हाःखेलन्तस्तत्राजग्मुरितस्ततः॥ तान्दृष्ट्वा,2056,149,43
vyasa1906__12__line_1516805414142_108.png,vyasa1906__12,vyasa1906,line_1516805414142_108,तद्विहायसः प्रायात्प्राणपरिप्सया ८१ पलाय,2011,141,40
vyasa1906__12__r1l57.png,vyasa1906__12,vyasa1906,r1l57,मानःसहसायोजनानन्तरंद्विजान् ॥ चतुरोप,1726,104,36
vyasa1906__12__line_1516805428328_109.png,vyasa1906__12,vyasa1906,line_1516805428328_109,श्यदलग्नान्नीदारान्गृह्यगच्छतः ८२,1721,146,33
vyasa1906__12__line_1516805446952_110.png,vyasa1906__12,vyasa1906,line_1516805446952_110,दाङ्गसम्पन्नान् ब्रह्मचारिव्रतेस्थितान् ॥ दृष्ट्वैव,2062,117,51
vyasa1906__12__line_1516805461595_111.png,vyasa1906__12,vyasa1906,line_1516805461595_111,खद्गमुद्यम्य न्यवधीत्तान्सकिल्बि,1671,138,32
vyasa1906__12__line_1516805476901_112.png,vyasa1906__12,vyasa1906,line_1516805476901_112,हत्वानीवारकान्भोक्तुमुपविष्टः सकानने ॥,2074,143,38
vyasa1906__13__r1l1.png,vyasa1906__13,vyasa1906,r1l1,काशीमाहात्म्य ।,635,146,15
vyasa1906__13__r1l2.png,vyasa1906__13,vyasa1906,r1l2,१३,115,157,2
vyasa1906__13__r1l3.png,vyasa1906__13,vyasa1906,r1l3,उपवीतानिददृशे तेषांसाजिनकानिच ८४,1175,128,32
vyasa1906__13__line_1516805511580_113.png,vyasa1906__13,vyasa1906,line_1516805511580_113,दृष्ट्वाब्राह्मण्यसंपन्नान्ब्रह्महत्याभयार्दितः ॥,1925,171,49
vyasa1906__13__line_1516805658865_119.png,vyasa1906__13,vyasa1906,line_1516805658865_119,पर्यतप्यतदुःखेनकिंकृतंमेनिनिन्दितम,1877,141,34
vyasa1906__13__r1l9.png,vyasa1906__13,vyasa1906,r1l9,८५,193,70,2
vyasa1906__13__r1l12.png,vyasa1906__13,vyasa1906,r1l12,विशस्ताब्राह्मणाह्येते हताभार्यापतिव्रता ॥,1833,114,42
vyasa1906__13__r1l15.png,vyasa1906__13,vyasa1906,r1l15,प्राणलोभेनमहताकृतंनिष्कृतिवर्जितम् ८६,2036,130,37
vyasa1906__13__line_1516805640822_118.png,vyasa1906__13,vyasa1906,line_1516805640822_118,एकब्राह्मणविच्छेदोनरकान्प्रापयेत्परान् ॥,2041,182,40
vyasa1906__13__r1l22.png,vyasa1906__13,vyasa1906,r1l22,यावत्कल्पशतंपूर्णंस्त्रीघातश्चतदर्द्धकम् ८७,2011,137,43
vyasa1906__13__r1l23.png,vyasa1906__13,vyasa1906,r1l23,चत्वारोब्राह्मणाःशस्ताएकास्त्रीचपतिक्ता ॥,1717,150,41
vyasa1906__13__line_1516805611266_117.png,vyasa1906__13,vyasa1906,line_1516805611266_117,एकाधिकशतंपूर्वे मया सह यमालये ८८,2015,159,32
vyasa1906__13__line_1516805604965_116.png,vyasa1906__13,vyasa1906,line_1516805604965_116,निरयेषुपतिष्यन्ति पतिताएवतेथवा ॥ अतः,2014,167,36
vyasa1906__13__r1l35.png,vyasa1906__13,vyasa1906,r1l35,परंमयाकिञ्चिततथाकार्यंविजानता ८९ तथै,2011,162,36
vyasa1906__13__r1l40.png,vyasa1906__13,vyasa1906,r1l40,तत्पापमतुलं तूलवद्भस्मसाद्भवेत् ॥ भृगुरु,2031,108,40
vyasa1906__13__line_1516805552566_114.png,vyasa1906__13,vyasa1906,line_1516805552566_114,वाच ॥ भूरिद्युम्नोविचार्यैवं भ्रमंस्तत्रैव,2014,171,42
vyasa1906__13__r1l45.png,vyasa1906__13,vyasa1906,r1l45,कानने ॥ शालङ्कायनजंविप्रमपश्यत्स्वा,1895,181,35
vyasa1906__13__line_1516805574253_115.png,vyasa1906__13,vyasa1906,line_1516805574253_115,श्रमस्थितम् ९० दूरेस्थित्वाभिवाद्यैनं कथया,1984,187,42
vyasa1906__14__r1l1.png,vyasa1906__14,vyasa1906,r1l1,१४,100,229,2
vyasa1906__14__r1l2.png,vyasa1906__14,vyasa1906,r1l2,काशीमाहात्मय ।,605,223,14
vyasa1906__14__r1l3.png,vyasa1906__14,vyasa1906,r1l3,मासदुःखितः॥ यद्वृत्तंतत्समाकर्ण्यंसमुनि,1985,185,39
vyasa1906__14__r1l4.png,vyasa1906__14,vyasa1906,r1l4,र्दुःखितोभवत् ९१ गच्छ्रेतःपापबुद्धेत्वं नात्र,1986,194,45
vyasa1906__14__r1l5.png,vyasa1906__14,vyasa1906,r1l5,स्थेयंकथञ्चन ॥ इत्युक्त्वासमुनिस्तस्मात,2008,171,39
vyasa1906__14__line_1516805714461_120.png,vyasa1906__14,vyasa1906,line_1516805714461_120,परागास्योभवत्पुनः ९२ भूरिद्युम्नोपितमृषिं,2079,193,41
vyasa1906__14__line_1516805720236_121.png,vyasa1906__14,vyasa1906,line_1516805720236_121,पुनःपुनरपृच्छत ॥ स्वयंकृतस्यपापस्य नि,1996,189,37
vyasa1906__14__r1l11.png,vyasa1906__14,vyasa1906,r1l11,ष्कृतिंविलपन्बहु ९३ तस्यैवंपृच्छ्रतःश्रुत्वा,1995,190,44
vyasa1906__14__r1l12.png,vyasa1906__14,vyasa1906,r1l12,दीनवाक्यंदयानिधिः ॥ विमृश्योवाचराजा,2016,191,35
vyasa1906__14__r1l13.png,vyasa1906__14,vyasa1906,r1l13,नंशालङ्कायनजोमुनिः ९४ शालङ्कायनउ,2031,184,32
vyasa1906__14__r1l14.png,vyasa1906__14,vyasa1906,r1l14,वाच ॥ काशींगच्छमहाराज सर्वपापापनो,1999,177,33
vyasa1906__14__r1l15.png,vyasa1906__14,vyasa1906,r1l15,दिनीम् ॥ तांप्राप्यसकलंपापं क्षपयिष्यसि,2008,189,39
vyasa1906__14__r1l16.png,vyasa1906__14,vyasa1906,r1l16,सर्वथा ९५ प्रत्ययार्थंचराजेन्द्र नीलीनिचय,2016,180,41
vyasa1906__14__line_1516805756059_122.png,vyasa1906__14,vyasa1906,line_1516805756059_122,संभवान् ॥ कञ्चुकान्पञ्चमनिशं परिधत्स्वपरं,1957,194,41
vyasa1906__14__r1l19.png,vyasa1906__14,vyasa1906,r1l19,तप ९६ आकाशीदर्शनात्तेहि दृष्टाःस्यु,1986,184,35
vyasa1906__14__r1l20.png,vyasa1906__14,vyasa1906,r1l20,श्चन्द्रसन्निभाः ॥ कञ्चुकाहियदानैल्यंजघ्नु,1948,182,42
vyasa1906__14__r1l21.png,vyasa1906__14,vyasa1906,r1l21,काशीविलोकनात् ॥ तदात्वंतत्स्वकलुषं,1931,195,34
vyasa1906__15__r1l1.png,vyasa1906__15,vyasa1906,r1l1,काशीमाहात्म्य ।,549,174,15
vyasa1906__15__r1l2.png,vyasa1906__15,vyasa1906,r1l2,१५,127,176,2
vyasa1906__15__r1l3.png,vyasa1906__15,vyasa1906,r1l3,क्षपितंवेत्सितत्त्वतः ९७ भृगुरुवाच ॥ इति,2012,174,40
vyasa1906__15__r1l4.png,vyasa1906__15,vyasa1906,r1l4,श्रुत्वावचस्तस्यभूरिद्युम्नोविधायतत् ॥ जगा,2014,195,42
vyasa1906__15__r1l5.png,vyasa1906__15,vyasa1906,r1l5,मकाशींविप्रेन्द्रन्नत्वातम्मुनिपुङ्गवम् ॥ सस,2011,194,44
vyasa1906__15__r1l6.png,vyasa1906__15,vyasa1906,r1l6,प्तदिवसैः काशीमपश्यद्दुष्टमानसः ९८ सुरु,2017,172,39
vyasa1906__15__r1l7.png,vyasa1906__15,vyasa1906,r1l7,चिरभवनेन विश्वभर्तुर्मणिमयकुट्टिमचञ्चदं,2011,196,39
vyasa1906__15__r1l8.png,vyasa1906__15,vyasa1906,r1l8,शुजालैः ॥ रविकरनिकरप्रभाभिभूतिंविर,2017,188,34
vyasa1906__15__r1l9.png,vyasa1906__15,vyasa1906,r1l9,चयतानिचितान्नितान्तरम्याम् ९९ कलिम,2012,183,34
vyasa1906__15__r1l10.png,vyasa1906__15,vyasa1906,r1l10,लकुलकालकालराजक्षपितनिवासिजनान्त,2000,184,31
vyasa1906__15__line_1516805828823_123.png,vyasa1906__15,vyasa1906,line_1516805828823_123,रायरम्याम् ॥ हरवृषभपिनद्धकिङ्किणीनां,1997,192,36
vyasa1906__15__r1l14.png,vyasa1906__15,vyasa1906,r1l14,क्वणमुखरीकृतदिव्यदिग्विभागाम् १०० भ,2027,151,35
vyasa1906__15__r1l16.png,vyasa1906__15,vyasa1906,r1l16,वभयपरिभीतिनाशहेतुः सुरनरकिन्नरसेवि,2011,212,34
vyasa1906__15__line_1516805868863_124.png,vyasa1906__15,vyasa1906,line_1516805868863_124,तांसमन्तात् ॥ विविधलिङ्गसमर्चनतत्परैः,1954,178,37
vyasa1906__15__r1l21.png,vyasa1906__15,vyasa1906,r1l21,शिवशिवेतिमुहुः प्रतिजल्पनैः १०१ वदन,1964,161,35
vyasa1906__15__r1l22.png,vyasa1906__15,vyasa1906,r1l22,वाद्यविधानविचक्षणैर्म्मुनिगणैरभितोरुचिरा,1927,214,40
vyasa1906__15__r1l23.png,vyasa1906__15,vyasa1906,r1l23,चिरम् ॥ शुकपिककुलकूजितस्वनद्भिःपनस,1868,172,34
vyasa1906__16__line_1516805920662_125.png,vyasa1906__16,vyasa1906,line_1516805920662_125,काशीमाहात्म्य ।,640,98,15
vyasa1906__16__r1l1.png,vyasa1906__16,vyasa1906,r1l1,१६,94,99,2
vyasa1906__16__line_1516805980379_126.png,vyasa1906__16,vyasa1906,line_1516805980379_126,रसालकदम्बकोटिवृक्षैः कुसुमनिचर्यभा,2044,117,34
vyasa1906__16__line_1516805986736_127.png,vyasa1906__16,vyasa1906,line_1516805986736_127,रनम्रशाखैरधिकतरं सुतरां विराजयन्तीम्,2023,138,36
vyasa1906__16__line_1516805990452_128.png,vyasa1906__16,vyasa1906,line_1516805990452_128,१०२ दुरिताविलोपिगतपापगणो भवति क्ष,1969,131,33
vyasa1906__16__r1l17.png,vyasa1906__16,vyasa1906,r1l17,णंसमवलोकयतः ॥ सददर्शतांहरपुरींपरि,1973,102,33
vyasa1906__16__r1l21.png,vyasa1906__16,vyasa1906,r1l21,तःपरिवारिताऽघनिकरांप्रमथैः १०३ शृणु,2008,138,35
vyasa1906__16__r1l23.png,vyasa1906__16,vyasa1906,r1l23,रुवाच ॥ अहो काशीमहिमानं पश्यत,1969,94,29
vyasa1906__16__line_1516806012529_129.png,vyasa1906__16,vyasa1906,line_1516806012529_129,द्विजसत्तमाः ॥ भूरिद्युम्नोपियांदृष्ट्वा शर,1999,141,43
vyasa1906__16__line_1516806026241_130.png,vyasa1906__16,vyasa1906,line_1516806026241_130,च्चन्द्राम्बरोभवत १०४ विवेशकाशींनिष्पापः,2033,98,40
vyasa1906__16__line_1516806074328_131.png,vyasa1906__16,vyasa1906,line_1516806074328_131,पूजयामासचेश्वरम् ॥ महादेवंविधानेन प्र,2039,90,37
vyasa1906__16__r1l45.png,vyasa1906__16,vyasa1906,r1l45,तीतोनैल्यनाशनात् १०५ वसंस्तत्रमहाभा,1907,124,35
vyasa1906__16__line_1516806087025_132.png,vyasa1906__16,vyasa1906,line_1516806087025_132,गःकालेकालमुपेयिवान् ॥ शिवोपदिष्टवाक्यः,1987,114,38
vyasa1906__16__r1l54.png,vyasa1906__16,vyasa1906,r1l54,सल्लेँभेब्रह्मैकतांद्विजाः १०६ एवमन्येपिब,1963,142,41
vyasa1906__16__r1l58.png,vyasa1906__16,vyasa1906,r1l58,हवो मुक्ताः काशीनिषेवणात् ॥ काश्यांपरि,1880,130,38
vyasa1906__16__r1l61.png,vyasa1906__16,vyasa1906,r1l61,त्यजन्प्राणान् परित्यजतिसंसृतिम् १०७,2007,166,36
vyasa1906__16__r1l63.png,vyasa1906__16,vyasa1906,r1l63,पापकृन्म्रियतेकाश्यां यदिप्राक्पुण्यगौरवा,1936,86,41
